bundle_id,timestamp,timestamp_server_text,year,cohort,family,pair,usd_role,anchor_event_id,anchor_event_name,anchor_present,same_time_bundle_event_ids,coincident_collision_ids,has_cad_employment_collision,has_us_trade_balance_collision,has_us_jobless_claims_collision,actual,forecast,previous,revised_previous,signal_af,signal_ap,signal_af_state,signal_ap_state,usd_currency_direction_af,pair_direction_af,usd_currency_direction_ap,pair_direction_ap,has_entry,entry_timestamp,entry_server_text,entry_delay_seconds,has_valid_entry_delay,has_atr_warmup,pre_release_atr,has_h60_bars,has_h60_path_gap_free,has_h120_bars,has_h120_path_gap_free,has_h240_bars,has_h240_path_gap_free,is_candidate_eligible_h60_af,is_candidate_eligible_h120_af,is_candidate_eligible_h240_af,is_candidate_eligible_h60_ap,is_candidate_eligible_h120_ap,is_candidate_eligible_h240_ap,primary_exclusion_reason_h60_af,primary_exclusion_reason_h120_af,primary_exclusion_reason_h240_af,primary_exclusion_reason_h60_ap,primary_exclusion_reason_h120_ap,primary_exclusion_reason_h240_ap
USD_NFP_1420821000,1420821000,2015.01.09 16:30:00,2015,CORE_2015_2025,NFP,AUDUSD,QUOTE,840030016,Nonfarm Payrolls,True,"840030015,840030016,840030018,840030019",USD_840030017:Participation Rate|USD_840030020:Average Weekly Hours|USD_840030022:Government Payrolls|USD_840030023:Private Nonfarm Payrolls|USD_840030024:U6 Unemployment Rate|USD_840030032:Manufacturing Payrolls|CAD_124010001:Building Permits m/m|CAD_124010011:Employment Change|CAD_124010012:Full-Time Employment Change|CAD_124010013:Part-Time Employment Change|CAD_124010014:Unemployment Rate|CAD_124010015:Participation Rate,True,False,False,329.0,,353.0,321.0,,-24.0,MISSING,NEGATIVE,,,-1,1,True,1420822800,2015.01.09 17:00:00,1800,True,True,0.001582,True,True,True,True,True,True,False,False,False,True,True,True,excluded_missing_forecast,excluded_missing_forecast,excluded_missing_forecast,,,
USD_NFP_1420821000,1420821000,2015.01.09 16:30:00,2015,CORE_2015_2025,NFP,EURUSD,QUOTE,840030016,Nonfarm Payrolls,True,"840030015,840030016,840030018,840030019",USD_840030017:Participation Rate|USD_840030020:Average Weekly Hours|USD_840030022:Government Payrolls|USD_840030023:Private Nonfarm Payrolls|USD_840030024:U6 Unemployment Rate|USD_840030032:Manufacturing Payrolls|CAD_124010001:Building Permits m/m|CAD_124010011:Employment Change|CAD_124010012:Full-Time Employment Change|CAD_124010013:Part-Time Employment Change|CAD_124010014:Unemployment Rate|CAD_124010015:Participation Rate,True,False,False,329.0,,353.0,321.0,,-24.0,MISSING,NEGATIVE,,,-1,1,True,1420822800,2015.01.09 17:00:00,1800,True,True,0.001827,True,True,True,True,True,True,False,False,False,True,True,True,excluded_missing_forecast,excluded_missing_forecast,excluded_missing_forecast,,,
USD_NFP_1420821000,1420821000,2015.01.09 16:30:00,2015,CORE_2015_2025,NFP,GBPUSD,QUOTE,840030016,Nonfarm Payrolls,True,"840030015,840030016,840030018,840030019",USD_840030017:Participation Rate|USD_840030020:Average Weekly Hours|USD_840030022:Government Payrolls|USD_840030023:Private Nonfarm Payrolls|USD_840030024:U6 Unemployment Rate|USD_840030032:Manufacturing Payrolls|CAD_124010001:Building Permits m/m|CAD_124010011:Employment Change|CAD_124010012:Full-Time Employment Change|CAD_124010013:Part-Time Employment Change|CAD_124010014:Unemployment Rate|CAD_124010015:Participation Rate,True,False,False,329.0,,353.0,321.0,,-24.0,MISSING,NEGATIVE,,,-1,1,True,1420822800,2015.01.09 17:00:00,1800,True,True,0.002258,True,True,True,True,True,True,False,False,False,True,True,True,excluded_missing_forecast,excluded_missing_forecast,excluded_missing_forecast,,,
USD_NFP_1420821000,1420821000,2015.01.09 16:30:00,2015,CORE_2015_2025,NFP,NZDUSD,QUOTE,840030016,Nonfarm Payrolls,True,"840030015,840030016,840030018,840030019",USD_840030017:Participation Rate|USD_840030020:Average Weekly Hours|USD_840030022:Government Payrolls|USD_840030023:Private Nonfarm Payrolls|USD_840030024:U6 Unemployment Rate|USD_840030032:Manufacturing Payrolls|CAD_124010001:Building Permits m/m|CAD_124010011:Employment Change|CAD_124010012:Full-Time Employment Change|CAD_124010013:Part-Time Employment Change|CAD_124010014:Unemployment Rate|CAD_124010015:Participation Rate,True,False,False,329.0,,353.0,321.0,,-24.0,MISSING,NEGATIVE,,,-1,1,True,1420822800,2015.01.09 17:00:00,1800,True,True,0.001648,True,True,True,True,True,True,False,False,False,True,True,True,excluded_missing_forecast,excluded_missing_forecast,excluded_missing_forecast,,,
USD_NFP_1420821000,1420821000,2015.01.09 16:30:00,2015,CORE_2015_2025,NFP,USDCAD,BASE,840030016,Nonfarm Payrolls,True,"840030015,840030016,840030018,840030019",USD_840030017:Participation Rate|USD_840030020:Average Weekly Hours|USD_840030022:Government Payrolls|USD_840030023:Private Nonfarm Payrolls|USD_840030024:U6 Unemployment Rate|USD_840030032:Manufacturing Payrolls|CAD_124010001:Building Permits m/m|CAD_124010011:Employment Change|CAD_124010012:Full-Time Employment Change|CAD_124010013:Part-Time Employment Change|CAD_124010014:Unemployment Rate|CAD_124010015:Participation Rate,True,False,False,329.0,,353.0,321.0,,-24.0,MISSING,NEGATIVE,,,-1,-1,True,1420822800,2015.01.09 17:00:00,1800,True,True,0.001873,True,True,True,True,True,True,False,False,False,True,True,True,excluded_missing_forecast,excluded_missing_forecast,excluded_missing_forecast,,,
USD_NFP_1420821000,1420821000,2015.01.09 16:30:00,2015,CORE_2015_2025,NFP,USDCHF,BASE,840030016,Nonfarm Payrolls,True,"840030015,840030016,840030018,840030019",USD_840030017:Participation Rate|USD_840030020:Average Weekly Hours|USD_840030022:Government Payrolls|USD_840030023:Private Nonfarm Payrolls|USD_840030024:U6 Unemployment Rate|USD_840030032:Manufacturing Payrolls|CAD_124010001:Building Permits m/m|CAD_124010011:Employment Change|CAD_124010012:Full-Time Employment Change|CAD_124010013:Part-Time Employment Change|CAD_124010014:Unemployment Rate|CAD_124010015:Participation Rate,True,False,False,329.0,,353.0,321.0,,-24.0,MISSING,NEGATIVE,,,-1,-1,True,1420822800,2015.01.09 17:00:00,1800,True,True,0.001564,True,True,True,False,True,False,False,False,False,True,False,False,excluded_missing_forecast,excluded_missing_forecast,excluded_missing_forecast,,excluded_path_gap_exceeded,excluded_path_gap_exceeded
USD_NFP_1420821000,1420821000,2015.01.09 16:30:00,2015,CORE_2015_2025,NFP,USDJPY,BASE,840030016,Nonfarm Payrolls,True,"840030015,840030016,840030018,840030019",USD_840030017:Participation Rate|USD_840030020:Average Weekly Hours|USD_840030022:Government Payrolls|USD_840030023:Private Nonfarm Payrolls|USD_840030024:U6 Unemployment Rate|USD_840030032:Manufacturing Payrolls|CAD_124010001:Building Permits m/m|CAD_124010011:Employment Change|CAD_124010012:Full-Time Employment Change|CAD_124010013:Part-Time Employment Change|CAD_124010014:Unemployment Rate|CAD_124010015:Participation Rate,True,False,False,329.0,,353.0,321.0,,-24.0,MISSING,NEGATIVE,,,-1,-1,True,1420822800,2015.01.09 17:00:00,1800,True,True,0.235373,True,True,True,True,True,True,False,False,False,True,True,True,excluded_missing_forecast,excluded_missing_forecast,excluded_missing_forecast,,,
USD_NFP_1423240200,1423240200,2015.02.06 16:30:00,2015,CORE_2015_2025,NFP,AUDUSD,QUOTE,840030016,Nonfarm Payrolls,True,"840030015,840030016,840030018,840030019",USD_840030017:Participation Rate|USD_840030020:Average Weekly Hours|USD_840030022:Government Payrolls|USD_840030023:Private Nonfarm Payrolls|USD_840030024:U6 Unemployment Rate|USD_840030032:Manufacturing Payrolls|CAD_124010001:Building Permits m/m|CAD_124010011:Employment Change|CAD_124010012:Full-Time Employment Change|CAD_124010013:Part-Time Employment Change|CAD_124010014:Unemployment Rate|CAD_124010015:Participation Rate,True,False,False,201.0,,329.0,252.0,,-128.0,MISSING,NEGATIVE,,,-1,1,True,1423242000,2015.02.06 17:00:00,1800,True,True,0.002454,True,True,True,True,True,True,False,False,False,True,True,True,excluded_missing_forecast,excluded_missing_forecast,excluded_missing_forecast,,,
USD_NFP_1423240200,1423240200,2015.02.06 16:30:00,2015,CORE_2015_2025,NFP,EURUSD,QUOTE,840030016,Nonfarm Payrolls,True,"840030015,840030016,840030018,840030019",USD_840030017:Participation Rate|USD_840030020:Average Weekly Hours|USD_840030022:Government Payrolls|USD_840030023:Private Nonfarm Payrolls|USD_840030024:U6 Unemployment Rate|USD_840030032:Manufacturing Payrolls|CAD_124010001:Building Permits m/m|CAD_124010011:Employment Change|CAD_124010012:Full-Time Employment Change|CAD_124010013:Part-Time Employment Change|CAD_124010014:Unemployment Rate|CAD_124010015:Participation Rate,True,False,False,201.0,,329.0,252.0,,-128.0,MISSING,NEGATIVE,,,-1,1,True,1423242000,2015.02.06 17:00:00,1800,True,True,0.002645,True,True,True,True,True,True,False,False,False,True,True,True,excluded_missing_forecast,excluded_missing_forecast,excluded_missing_forecast,,,
USD_NFP_1423240200,1423240200,2015.02.06 16:30:00,2015,CORE_2015_2025,NFP,GBPUSD,QUOTE,840030016,Nonfarm Payrolls,True,"840030015,840030016,840030018,840030019",USD_840030017:Participation Rate|USD_840030020:Average Weekly Hours|USD_840030022:Government Payrolls|USD_840030023:Private Nonfarm Payrolls|USD_840030024:U6 Unemployment Rate|USD_840030032:Manufacturing Payrolls|CAD_124010001:Building Permits m/m|CAD_124010011:Employment Change|CAD_124010012:Full-Time Employment Change|CAD_124010013:Part-Time Employment Change|CAD_124010014:Unemployment Rate|CAD_124010015:Participation Rate,True,False,False,201.0,,329.0,252.0,,-128.0,MISSING,NEGATIVE,,,-1,1,True,1423242000,2015.02.06 17:00:00,1800,True,True,0.002334,True,True,True,True,True,True,False,False,False,True,True,True,excluded_missing_forecast,excluded_missing_forecast,excluded_missing_forecast,,,
USD_NFP_1423240200,1423240200,2015.02.06 16:30:00,2015,CORE_2015_2025,NFP,NZDUSD,QUOTE,840030016,Nonfarm Payrolls,True,"840030015,840030016,840030018,840030019",USD_840030017:Participation Rate|USD_840030020:Average Weekly Hours|USD_840030022:Government Payrolls|USD_840030023:Private Nonfarm Payrolls|USD_840030024:U6 Unemployment Rate|USD_840030032:Manufacturing Payrolls|CAD_124010001:Building Permits m/m|CAD_124010011:Employment Change|CAD_124010012:Full-Time Employment Change|CAD_124010013:Part-Time Employment Change|CAD_124010014:Unemployment Rate|CAD_124010015:Participation Rate,True,False,False,201.0,,329.0,252.0,,-128.0,MISSING,NEGATIVE,,,-1,1,True,1423242000,2015.02.06 17:00:00,1800,True,True,0.002449,True,True,True,True,True,True,False,False,False,True,True,True,excluded_missing_forecast,excluded_missing_forecast,excluded_missing_forecast,,,
USD_NFP_1423240200,1423240200,2015.02.06 16:30:00,2015,CORE_2015_2025,NFP,USDCAD,BASE,840030016,Nonfarm Payrolls,True,"840030015,840030016,840030018,840030019",USD_840030017:Participation Rate|USD_840030020:Average Weekly Hours|USD_840030022:Government Payrolls|USD_840030023:Private Nonfarm Payrolls|USD_840030024:U6 Unemployment Rate|USD_840030032:Manufacturing Payrolls|CAD_124010001:Building Permits m/m|CAD_124010011:Employment Change|CAD_124010012:Full-Time Employment Change|CAD_124010013:Part-Time Employment Change|CAD_124010014:Unemployment Rate|CAD_124010015:Participation Rate,True,False,False,201.0,,329.0,252.0,,-128.0,MISSING,NEGATIVE,,,-1,-1,True,1423242000,2015.02.06 17:00:00,1800,True,True,0.002883,True,True,True,True,True,True,False,False,False,True,True,True,excluded_missing_forecast,excluded_missing_forecast,excluded_missing_forecast,,,
USD_NFP_1423240200,1423240200,2015.02.06 16:30:00,2015,CORE_2015_2025,NFP,USDCHF,BASE,840030016,Nonfarm Payrolls,True,"840030015,840030016,840030018,840030019",USD_840030017:Participation Rate|USD_840030020:Average Weekly Hours|USD_840030022:Government Payrolls|USD_840030023:Private Nonfarm Payrolls|USD_840030024:U6 Unemployment Rate|USD_840030032:Manufacturing Payrolls|CAD_124010001:Building Permits m/m|CAD_124010011:Employment Change|CAD_124010012:Full-Time Employment Change|CAD_124010013:Part-Time Employment Change|CAD_124010014:Unemployment Rate|CAD_124010015:Participation Rate,True,False,False,201.0,,329.0,252.0,,-128.0,MISSING,NEGATIVE,,,-1,-1,True,1423242000,2015.02.06 17:00:00,1800,True,True,0.002926,True,True,True,True,True,True,False,False,False,True,True,True,excluded_missing_forecast,excluded_missing_forecast,excluded_missing_forecast,,,
USD_NFP_1423240200,1423240200,2015.02.06 16:30:00,2015,CORE_2015_2025,NFP,USDJPY,BASE,840030016,Nonfarm Payrolls,True,"840030015,840030016,840030018,840030019",USD_840030017:Participation Rate|USD_840030020:Average Weekly Hours|USD_840030022:Government Payrolls|USD_840030023:Private Nonfarm Payrolls|USD_840030024:U6 Unemployment Rate|USD_840030032:Manufacturing Payrolls|CAD_124010001:Building Permits m/m|CAD_124010011:Employment Change|CAD_124010012:Full-Time Employment Change|CAD_124010013:Part-Time Employment Change|CAD_124010014:Unemployment Rate|CAD_124010015:Participation Rate,True,False,False,201.0,,329.0,252.0,,-128.0,MISSING,NEGATIVE,,,-1,-1,True,1423242000,2015.02.06 17:00:00,1800,True,True,0.219937,True,True,True,True,True,True,False,False,False,True,True,True,excluded_missing_forecast,excluded_missing_forecast,excluded_missing_forecast,,,
USD_NFP_1425659400,1425659400,2015.03.06 16:30:00,2015,CORE_2015_2025,NFP,AUDUSD,QUOTE,840030016,Nonfarm Payrolls,True,"840030015,840030016,840030018,840030019",USD_840020001:Trade Balance|USD_840030017:Participation Rate|USD_840030020:Average Weekly Hours|USD_840030022:Government Payrolls|USD_840030023:Private Nonfarm Payrolls|USD_840030024:U6 Unemployment Rate|USD_840030032:Manufacturing Payrolls|CAD_124010001:Building Permits m/m|CAD_124010016:Imports|CAD_124010017:Exports|CAD_124010018:Trade Balance|CAD_124010028:Labor Productivity q/q,False,True,False,264.0,,201.0,239.0,,63.0,MISSING,POSITIVE,,,1,-1,True,1425661200,2015.03.06 17:00:00,1800,True,True,0.001858,True,True,True,True,True,True,False,False,False,True,True,True,excluded_missing_forecast,excluded_missing_forecast,excluded_missing_forecast,,,
USD_NFP_1425659400,1425659400,2015.03.06 16:30:00,2015,CORE_2015_2025,NFP,EURUSD,QUOTE,840030016,Nonfarm Payrolls,True,"840030015,840030016,840030018,840030019",USD_840020001:Trade Balance|USD_840030017:Participation Rate|USD_840030020:Average Weekly Hours|USD_840030022:Government Payrolls|USD_840030023:Private Nonfarm Payrolls|USD_840030024:U6 Unemployment Rate|USD_840030032:Manufacturing Payrolls|CAD_124010001:Building Permits m/m|CAD_124010016:Imports|CAD_124010017:Exports|CAD_124010018:Trade Balance|CAD_124010028:Labor Productivity q/q,False,True,False,264.0,,201.0,239.0,,63.0,MISSING,POSITIVE,,,1,-1,True,1425661200,2015.03.06 17:00:00,1800,True,True,0.002579,True,True,True,True,True,True,False,False,False,True,True,True,excluded_missing_forecast,excluded_missing_forecast,excluded_missing_forecast,,,
USD_NFP_1425659400,1425659400,2015.03.06 16:30:00,2015,CORE_2015_2025,NFP,GBPUSD,QUOTE,840030016,Nonfarm Payrolls,True,"840030015,840030016,840030018,840030019",USD_840020001:Trade Balance|USD_840030017:Participation Rate|USD_840030020:Average Weekly Hours|USD_840030022:Government Payrolls|USD_840030023:Private Nonfarm Payrolls|USD_840030024:U6 Unemployment Rate|USD_840030032:Manufacturing Payrolls|CAD_124010001:Building Permits m/m|CAD_124010016:Imports|CAD_124010017:Exports|CAD_124010018:Trade Balance|CAD_124010028:Labor Productivity q/q,False,True,False,264.0,,201.0,239.0,,63.0,MISSING,POSITIVE,,,1,-1,True,1425661200,2015.03.06 17:00:00,1800,True,True,0.002262,True,True,True,True,True,True,False,False,False,True,True,True,excluded_missing_forecast,excluded_missing_forecast,excluded_missing_forecast,,,
USD_NFP_1425659400,1425659400,2015.03.06 16:30:00,2015,CORE_2015_2025,NFP,NZDUSD,QUOTE,840030016,Nonfarm Payrolls,True,"840030015,840030016,840030018,840030019",USD_840020001:Trade Balance|USD_840030017:Participation Rate|USD_840030020:Average Weekly Hours|USD_840030022:Government Payrolls|USD_840030023:Private Nonfarm Payrolls|USD_840030024:U6 Unemployment Rate|USD_840030032:Manufacturing Payrolls|CAD_124010001:Building Permits m/m|CAD_124010016:Imports|CAD_124010017:Exports|CAD_124010018:Trade Balance|CAD_124010028:Labor Productivity q/q,False,True,False,264.0,,201.0,239.0,,63.0,MISSING,POSITIVE,,,1,-1,True,1425661200,2015.03.06 17:00:00,1800,True,True,0.002109,True,True,True,True,True,True,False,False,False,True,True,True,excluded_missing_forecast,excluded_missing_forecast,excluded_missing_forecast,,,
USD_NFP_1425659400,1425659400,2015.03.06 16:30:00,2015,CORE_2015_2025,NFP,USDCAD,BASE,840030016,Nonfarm Payrolls,True,"840030015,840030016,840030018,840030019",USD_840020001:Trade Balance|USD_840030017:Participation Rate|USD_840030020:Average Weekly Hours|USD_840030022:Government Payrolls|USD_840030023:Private Nonfarm Payrolls|USD_840030024:U6 Unemployment Rate|USD_840030032:Manufacturing Payrolls|CAD_124010001:Building Permits m/m|CAD_124010016:Imports|CAD_124010017:Exports|CAD_124010018:Trade Balance|CAD_124010028:Labor Productivity q/q,False,True,False,264.0,,201.0,239.0,,63.0,MISSING,POSITIVE,,,1,1,True,1425661200,2015.03.06 17:00:00,1800,True,True,0.002362,True,True,True,True,True,True,False,False,False,True,True,True,excluded_missing_forecast,excluded_missing_forecast,excluded_missing_forecast,,,
USD_NFP_1425659400,1425659400,2015.03.06 16:30:00,2015,CORE_2015_2025,NFP,USDCHF,BASE,840030016,Nonfarm Payrolls,True,"840030015,840030016,840030018,840030019",USD_840020001:Trade Balance|USD_840030017:Participation Rate|USD_840030020:Average Weekly Hours|USD_840030022:Government Payrolls|USD_840030023:Private Nonfarm Payrolls|USD_840030024:U6 Unemployment Rate|USD_840030032:Manufacturing Payrolls|CAD_124010001:Building Permits m/m|CAD_124010016:Imports|CAD_124010017:Exports|CAD_124010018:Trade Balance|CAD_124010028:Labor Productivity q/q,False,True,False,264.0,,201.0,239.0,,63.0,MISSING,POSITIVE,,,1,1,True,1425661200,2015.03.06 17:00:00,1800,True,True,0.002205,True,True,True,True,True,True,False,False,False,True,True,True,excluded_missing_forecast,excluded_missing_forecast,excluded_missing_forecast,,,
USD_NFP_1425659400,1425659400,2015.03.06 16:30:00,2015,CORE_2015_2025,NFP,USDJPY,BASE,840030016,Nonfarm Payrolls,True,"840030015,840030016,840030018,840030019",USD_840020001:Trade Balance|USD_840030017:Participation Rate|USD_840030020:Average Weekly Hours|USD_840030022:Government Payrolls|USD_840030023:Private Nonfarm Payrolls|USD_840030024:U6 Unemployment Rate|USD_840030032:Manufacturing Payrolls|CAD_124010001:Building Permits m/m|CAD_124010016:Imports|CAD_124010017:Exports|CAD_124010018:Trade Balance|CAD_124010028:Labor Productivity q/q,False,True,False,264.0,,201.0,239.0,,63.0,MISSING,POSITIVE,,,1,1,True,1425661200,2015.03.06 17:00:00,1800,True,True,0.170714,True,True,True,True,True,True,False,False,False,True,True,True,excluded_missing_forecast,excluded_missing_forecast,excluded_missing_forecast,,,
USD_NFP_1428075000,1428075000,2015.04.03 15:30:00,2015,CORE_2015_2025,NFP,AUDUSD,QUOTE,840030016,Nonfarm Payrolls,True,"840030015,840030016,840030018,840030019",USD_840030017:Participation Rate|USD_840030020:Average Weekly Hours|USD_840030022:Government Payrolls|USD_840030023:Private Nonfarm Payrolls|USD_840030024:U6 Unemployment Rate|USD_840030032:Manufacturing Payrolls,False,False,False,126.0,,264.0,295.0,,-138.0,MISSING,NEGATIVE,,,-1,1,True,1428076800,2015.04.03 16:00:00,1800,True,True,0.001391,True,True,True,True,True,True,False,False,False,True,True,True,excluded_missing_forecast,excluded_missing_forecast,excluded_missing_forecast,,,
USD_NFP_1428075000,1428075000,2015.04.03 15:30:00,2015,CORE_2015_2025,NFP,EURUSD,QUOTE,840030016,Nonfarm Payrolls,True,"840030015,840030016,840030018,840030019",USD_840030017:Participation Rate|USD_840030020:Average Weekly Hours|USD_840030022:Government Payrolls|USD_840030023:Private Nonfarm Payrolls|USD_840030024:U6 Unemployment Rate|USD_840030032:Manufacturing Payrolls,False,False,False,126.0,,264.0,295.0,,-138.0,MISSING,NEGATIVE,,,-1,1,True,1428076800,2015.04.03 16:00:00,1800,True,True,0.001725,True,True,True,True,True,True,False,False,False,True,True,True,excluded_missing_forecast,excluded_missing_forecast,excluded_missing_forecast,,,
USD_NFP_1428075000,1428075000,2015.04.03 15:30:00,2015,CORE_2015_2025,NFP,GBPUSD,QUOTE,840030016,Nonfarm Payrolls,True,"840030015,840030016,840030018,840030019",USD_840030017:Participation Rate|USD_840030020:Average Weekly Hours|USD_840030022:Government Payrolls|USD_840030023:Private Nonfarm Payrolls|USD_840030024:U6 Unemployment Rate|USD_840030032:Manufacturing Payrolls,False,False,False,126.0,,264.0,295.0,,-138.0,MISSING,NEGATIVE,,,-1,1,True,1428076800,2015.04.03 16:00:00,1800,True,True,0.001860,True,True,True,True,True,True,False,False,False,True,True,True,excluded_missing_forecast,excluded_missing_forecast,excluded_missing_forecast,,,
USD_NFP_1428075000,1428075000,2015.04.03 15:30:00,2015,CORE_2015_2025,NFP,NZDUSD,QUOTE,840030016,Nonfarm Payrolls,True,"840030015,840030016,840030018,840030019",USD_840030017:Participation Rate|USD_840030020:Average Weekly Hours|USD_840030022:Government Payrolls|USD_840030023:Private Nonfarm Payrolls|USD_840030024:U6 Unemployment Rate|USD_840030032:Manufacturing Payrolls,False,False,False,126.0,,264.0,295.0,,-138.0,MISSING,NEGATIVE,,,-1,1,True,1428076800,2015.04.03 16:00:00,1800,True,True,0.001442,True,True,True,True,True,True,False,False,False,True,True,True,excluded_missing_forecast,excluded_missing_forecast,excluded_missing_forecast,,,
USD_NFP_1428075000,1428075000,2015.04.03 15:30:00,2015,CORE_2015_2025,NFP,USDCAD,BASE,840030016,Nonfarm Payrolls,True,"840030015,840030016,840030018,840030019",USD_840030017:Participation Rate|USD_840030020:Average Weekly Hours|USD_840030022:Government Payrolls|USD_840030023:Private Nonfarm Payrolls|USD_840030024:U6 Unemployment Rate|USD_840030032:Manufacturing Payrolls,False,False,False,126.0,,264.0,295.0,,-138.0,MISSING,NEGATIVE,,,-1,-1,True,1428076800,2015.04.03 16:00:00,1800,True,True,0.001637,True,True,True,True,True,True,False,False,False,True,True,True,excluded_missing_forecast,excluded_missing_forecast,excluded_missing_forecast,,,
USD_NFP_1428075000,1428075000,2015.04.03 15:30:00,2015,CORE_2015_2025,NFP,USDCHF,BASE,840030016,Nonfarm Payrolls,True,"840030015,840030016,840030018,840030019",USD_840030017:Participation Rate|USD_840030020:Average Weekly Hours|USD_840030022:Government Payrolls|USD_840030023:Private Nonfarm Payrolls|USD_840030024:U6 Unemployment Rate|USD_840030032:Manufacturing Payrolls,False,False,False,126.0,,264.0,295.0,,-138.0,MISSING,NEGATIVE,,,-1,-1,True,1428076800,2015.04.03 16:00:00,1800,True,True,0.001655,True,True,True,True,True,True,False,False,False,True,True,True,excluded_missing_forecast,excluded_missing_forecast,excluded_missing_forecast,,,
USD_NFP_1428075000,1428075000,2015.04.03 15:30:00,2015,CORE_2015_2025,NFP,USDJPY,BASE,840030016,Nonfarm Payrolls,True,"840030015,840030016,840030018,840030019",USD_840030017:Participation Rate|USD_840030020:Average Weekly Hours|USD_840030022:Government Payrolls|USD_840030023:Private Nonfarm Payrolls|USD_840030024:U6 Unemployment Rate|USD_840030032:Manufacturing Payrolls,False,False,False,126.0,,264.0,295.0,,-138.0,MISSING,NEGATIVE,,,-1,-1,True,1428076800,2015.04.03 16:00:00,1800,True,True,0.097992,True,True,True,True,True,True,False,False,False,True,True,True,excluded_missing_forecast,excluded_missing_forecast,excluded_missing_forecast,,,
USD_NFP_1431099000,1431099000,2015.05.08 15:30:00,2015,CORE_2015_2025,NFP,AUDUSD,QUOTE,840030016,Nonfarm Payrolls,True,"840030015,840030016,840030018,840030019",USD_840030017:Participation Rate|USD_840030020:Average Weekly Hours|USD_840030022:Government Payrolls|USD_840030023:Private Nonfarm Payrolls|USD_840030024:U6 Unemployment Rate|USD_840030032:Manufacturing Payrolls|CAD_124010011:Employment Change|CAD_124010012:Full-Time Employment Change|CAD_124010013:Part-Time Employment Change|CAD_124010014:Unemployment Rate|CAD_124010015:Participation Rate,True,False,False,223.0,,126.0,85.0,,97.0,MISSING,POSITIVE,,,1,-1,True,1431100800,2015.05.08 16:00:00,1800,True,True,0.001973,True,True,True,True,True,True,False,False,False,True,True,True,excluded_missing_forecast,excluded_missing_forecast,excluded_missing_forecast,,,
USD_NFP_1431099000,1431099000,2015.05.08 15:30:00,2015,CORE_2015_2025,NFP,EURUSD,QUOTE,840030016,Nonfarm Payrolls,True,"840030015,840030016,840030018,840030019",USD_840030017:Participation Rate|USD_840030020:Average Weekly Hours|USD_840030022:Government Payrolls|USD_840030023:Private Nonfarm Payrolls|USD_840030024:U6 Unemployment Rate|USD_840030032:Manufacturing Payrolls|CAD_124010011:Employment Change|CAD_124010012:Full-Time Employment Change|CAD_124010013:Part-Time Employment Change|CAD_124010014:Unemployment Rate|CAD_124010015:Participation Rate,True,False,False,223.0,,126.0,85.0,,97.0,MISSING,POSITIVE,,,1,-1,True,1431100800,2015.05.08 16:00:00,1800,True,True,0.002484,True,True,True,True,True,True,False,False,False,True,True,True,excluded_missing_forecast,excluded_missing_forecast,excluded_missing_forecast,,,
USD_NFP_1431099000,1431099000,2015.05.08 15:30:00,2015,CORE_2015_2025,NFP,GBPUSD,QUOTE,840030016,Nonfarm Payrolls,True,"840030015,840030016,840030018,840030019",USD_840030017:Participation Rate|USD_840030020:Average Weekly Hours|USD_840030022:Government Payrolls|USD_840030023:Private Nonfarm Payrolls|USD_840030024:U6 Unemployment Rate|USD_840030032:Manufacturing Payrolls|CAD_124010011:Employment Change|CAD_124010012:Full-Time Employment Change|CAD_124010013:Part-Time Employment Change|CAD_124010014:Unemployment Rate|CAD_124010015:Participation Rate,True,False,False,223.0,,126.0,85.0,,97.0,MISSING,POSITIVE,,,1,-1,True,1431100800,2015.05.08 16:00:00,1800,True,True,0.004370,True,True,True,True,True,True,False,False,False,True,True,True,excluded_missing_forecast,excluded_missing_forecast,excluded_missing_forecast,,,
USD_NFP_1431099000,1431099000,2015.05.08 15:30:00,2015,CORE_2015_2025,NFP,NZDUSD,QUOTE,840030016,Nonfarm Payrolls,True,"840030015,840030016,840030018,840030019",USD_840030017:Participation Rate|USD_840030020:Average Weekly Hours|USD_840030022:Government Payrolls|USD_840030023:Private Nonfarm Payrolls|USD_840030024:U6 Unemployment Rate|USD_840030032:Manufacturing Payrolls|CAD_124010011:Employment Change|CAD_124010012:Full-Time Employment Change|CAD_124010013:Part-Time Employment Change|CAD_124010014:Unemployment Rate|CAD_124010015:Participation Rate,True,False,False,223.0,,126.0,85.0,,97.0,MISSING,POSITIVE,,,1,-1,True,1431100800,2015.05.08 16:00:00,1800,True,True,0.001775,True,True,True,True,True,True,False,False,False,True,True,True,excluded_missing_forecast,excluded_missing_forecast,excluded_missing_forecast,,,
USD_NFP_1431099000,1431099000,2015.05.08 15:30:00,2015,CORE_2015_2025,NFP,USDCAD,BASE,840030016,Nonfarm Payrolls,True,"840030015,840030016,840030018,840030019",USD_840030017:Participation Rate|USD_840030020:Average Weekly Hours|USD_840030022:Government Payrolls|USD_840030023:Private Nonfarm Payrolls|USD_840030024:U6 Unemployment Rate|USD_840030032:Manufacturing Payrolls|CAD_124010011:Employment Change|CAD_124010012:Full-Time Employment Change|CAD_124010013:Part-Time Employment Change|CAD_124010014:Unemployment Rate|CAD_124010015:Participation Rate,True,False,False,223.0,,126.0,85.0,,97.0,MISSING,POSITIVE,,,1,1,True,1431100800,2015.05.08 16:00:00,1800,True,True,0.001816,True,True,True,True,True,True,False,False,False,True,True,True,excluded_missing_forecast,excluded_missing_forecast,excluded_missing_forecast,,,
USD_NFP_1431099000,1431099000,2015.05.08 15:30:00,2015,CORE_2015_2025,NFP,USDCHF,BASE,840030016,Nonfarm Payrolls,True,"840030015,840030016,840030018,840030019",USD_840030017:Participation Rate|USD_840030020:Average Weekly Hours|USD_840030022:Government Payrolls|USD_840030023:Private Nonfarm Payrolls|USD_840030024:U6 Unemployment Rate|USD_840030032:Manufacturing Payrolls|CAD_124010011:Employment Change|CAD_124010012:Full-Time Employment Change|CAD_124010013:Part-Time Employment Change|CAD_124010014:Unemployment Rate|CAD_124010015:Participation Rate,True,False,False,223.0,,126.0,85.0,,97.0,MISSING,POSITIVE,,,1,1,True,1431100800,2015.05.08 16:00:00,1800,True,True,0.001986,True,True,True,True,True,True,False,False,False,True,True,True,excluded_missing_forecast,excluded_missing_forecast,excluded_missing_forecast,,,
USD_NFP_1431099000,1431099000,2015.05.08 15:30:00,2015,CORE_2015_2025,NFP,USDJPY,BASE,840030016,Nonfarm Payrolls,True,"840030015,840030016,840030018,840030019",USD_840030017:Participation Rate|USD_840030020:Average Weekly Hours|USD_840030022:Government Payrolls|USD_840030023:Private Nonfarm Payrolls|USD_840030024:U6 Unemployment Rate|USD_840030032:Manufacturing Payrolls|CAD_124010011:Employment Change|CAD_124010012:Full-Time Employment Change|CAD_124010013:Part-Time Employment Change|CAD_124010014:Unemployment Rate|CAD_124010015:Participation Rate,True,False,False,223.0,,126.0,85.0,,97.0,MISSING,POSITIVE,,,1,1,True,1431100800,2015.05.08 16:00:00,1800,True,True,0.123464,True,True,True,True,True,True,False,False,False,True,True,True,excluded_missing_forecast,excluded_missing_forecast,excluded_missing_forecast,,,
USD_NFP_1433518200,1433518200,2015.06.05 15:30:00,2015,CORE_2015_2025,NFP,AUDUSD,QUOTE,840030016,Nonfarm Payrolls,True,"840030015,840030016,840030018,840030019",USD_840030017:Participation Rate|USD_840030020:Average Weekly Hours|USD_840030022:Government Payrolls|USD_840030023:Private Nonfarm Payrolls|USD_840030024:U6 Unemployment Rate|USD_840030032:Manufacturing Payrolls|CAD_124010011:Employment Change|CAD_124010012:Full-Time Employment Change|CAD_124010013:Part-Time Employment Change|CAD_124010014:Unemployment Rate|CAD_124010015:Participation Rate|CAD_124010028:Labor Productivity q/q,True,False,False,280.0,,223.0,221.0,,57.0,MISSING,POSITIVE,,,1,-1,True,1433520000,2015.06.05 16:00:00,1800,True,True,0.001525,True,True,True,True,True,True,False,False,False,True,True,True,excluded_missing_forecast,excluded_missing_forecast,excluded_missing_forecast,,,
USD_NFP_1433518200,1433518200,2015.06.05 15:30:00,2015,CORE_2015_2025,NFP,EURUSD,QUOTE,840030016,Nonfarm Payrolls,True,"840030015,840030016,840030018,840030019",USD_840030017:Participation Rate|USD_840030020:Average Weekly Hours|USD_840030022:Government Payrolls|USD_840030023:Private Nonfarm Payrolls|USD_840030024:U6 Unemployment Rate|USD_840030032:Manufacturing Payrolls|CAD_124010011:Employment Change|CAD_124010012:Full-Time Employment Change|CAD_124010013:Part-Time Employment Change|CAD_124010014:Unemployment Rate|CAD_124010015:Participation Rate|CAD_124010028:Labor Productivity q/q,True,False,False,280.0,,223.0,221.0,,57.0,MISSING,POSITIVE,,,1,-1,True,1433520000,2015.06.05 16:00:00,1800,True,True,0.002712,True,True,True,True,True,True,False,False,False,True,True,True,excluded_missing_forecast,excluded_missing_forecast,excluded_missing_forecast,,,
USD_NFP_1433518200,1433518200,2015.06.05 15:30:00,2015,CORE_2015_2025,NFP,GBPUSD,QUOTE,840030016,Nonfarm Payrolls,True,"840030015,840030016,840030018,840030019",USD_840030017:Participation Rate|USD_840030020:Average Weekly Hours|USD_840030022:Government Payrolls|USD_840030023:Private Nonfarm Payrolls|USD_840030024:U6 Unemployment Rate|USD_840030032:Manufacturing Payrolls|CAD_124010011:Employment Change|CAD_124010012:Full-Time Employment Change|CAD_124010013:Part-Time Employment Change|CAD_124010014:Unemployment Rate|CAD_124010015:Participation Rate|CAD_124010028:Labor Productivity q/q,True,False,False,280.0,,223.0,221.0,,57.0,MISSING,POSITIVE,,,1,-1,True,1433520000,2015.06.05 16:00:00,1800,True,True,0.002326,True,True,True,True,True,True,False,False,False,True,True,True,excluded_missing_forecast,excluded_missing_forecast,excluded_missing_forecast,,,
USD_NFP_1433518200,1433518200,2015.06.05 15:30:00,2015,CORE_2015_2025,NFP,NZDUSD,QUOTE,840030016,Nonfarm Payrolls,True,"840030015,840030016,840030018,840030019",USD_840030017:Participation Rate|USD_840030020:Average Weekly Hours|USD_840030022:Government Payrolls|USD_840030023:Private Nonfarm Payrolls|USD_840030024:U6 Unemployment Rate|USD_840030032:Manufacturing Payrolls|CAD_124010011:Employment Change|CAD_124010012:Full-Time Employment Change|CAD_124010013:Part-Time Employment Change|CAD_124010014:Unemployment Rate|CAD_124010015:Participation Rate|CAD_124010028:Labor Productivity q/q,True,False,False,280.0,,223.0,221.0,,57.0,MISSING,POSITIVE,,,1,-1,True,1433520000,2015.06.05 16:00:00,1800,True,True,0.001393,True,True,True,True,True,True,False,False,False,True,True,True,excluded_missing_forecast,excluded_missing_forecast,excluded_missing_forecast,,,
USD_NFP_1433518200,1433518200,2015.06.05 15:30:00,2015,CORE_2015_2025,NFP,USDCAD,BASE,840030016,Nonfarm Payrolls,True,"840030015,840030016,840030018,840030019",USD_840030017:Participation Rate|USD_840030020:Average Weekly Hours|USD_840030022:Government Payrolls|USD_840030023:Private Nonfarm Payrolls|USD_840030024:U6 Unemployment Rate|USD_840030032:Manufacturing Payrolls|CAD_124010011:Employment Change|CAD_124010012:Full-Time Employment Change|CAD_124010013:Part-Time Employment Change|CAD_124010014:Unemployment Rate|CAD_124010015:Participation Rate|CAD_124010028:Labor Productivity q/q,True,False,False,280.0,,223.0,221.0,,57.0,MISSING,POSITIVE,,,1,1,True,1433520000,2015.06.05 16:00:00,1800,True,True,0.001684,True,True,True,True,True,True,False,False,False,True,True,True,excluded_missing_forecast,excluded_missing_forecast,excluded_missing_forecast,,,
USD_NFP_1433518200,1433518200,2015.06.05 15:30:00,2015,CORE_2015_2025,NFP,USDCHF,BASE,840030016,Nonfarm Payrolls,True,"840030015,840030016,840030018,840030019",USD_840030017:Participation Rate|USD_840030020:Average Weekly Hours|USD_840030022:Government Payrolls|USD_840030023:Private Nonfarm Payrolls|USD_840030024:U6 Unemployment Rate|USD_840030032:Manufacturing Payrolls|CAD_124010011:Employment Change|CAD_124010012:Full-Time Employment Change|CAD_124010013:Part-Time Employment Change|CAD_124010014:Unemployment Rate|CAD_124010015:Participation Rate|CAD_124010028:Labor Productivity q/q,True,False,False,280.0,,223.0,221.0,,57.0,MISSING,POSITIVE,,,1,1,True,1433520000,2015.06.05 16:00:00,1800,True,True,0.001935,True,True,True,True,True,True,False,False,False,True,True,True,excluded_missing_forecast,excluded_missing_forecast,excluded_missing_forecast,,,
USD_NFP_1433518200,1433518200,2015.06.05 15:30:00,2015,CORE_2015_2025,NFP,USDJPY,BASE,840030016,Nonfarm Payrolls,True,"840030015,840030016,840030018,840030019",USD_840030017:Participation Rate|USD_840030020:Average Weekly Hours|USD_840030022:Government Payrolls|USD_840030023:Private Nonfarm Payrolls|USD_840030024:U6 Unemployment Rate|USD_840030032:Manufacturing Payrolls|CAD_124010011:Employment Change|CAD_124010012:Full-Time Employment Change|CAD_124010013:Part-Time Employment Change|CAD_124010014:Unemployment Rate|CAD_124010015:Participation Rate|CAD_124010028:Labor Productivity q/q,True,False,False,280.0,,223.0,221.0,,57.0,MISSING,POSITIVE,,,1,1,True,1433520000,2015.06.05 16:00:00,1800,True,True,0.138224,True,True,True,True,True,True,False,False,False,True,True,True,excluded_missing_forecast,excluded_missing_forecast,excluded_missing_forecast,,,
USD_NFP_1435851000,1435851000,2015.07.02 15:30:00,2015,CORE_2015_2025,NFP,AUDUSD,QUOTE,840030016,Nonfarm Payrolls,True,"840030015,840030016,840030018,840030019",USD_840030017:Participation Rate|USD_840030020:Average Weekly Hours|USD_840030022:Government Payrolls|USD_840030023:Private Nonfarm Payrolls|USD_840030024:U6 Unemployment Rate|USD_840030032:Manufacturing Payrolls|USD_840140001:Initial Jobless Claims|USD_840140002:Continuing Jobless Claims|USD_840140003:Initial Jobless Claims 4-Week Average,False,False,False,223.0,,280.0,254.0,,-57.0,MISSING,NEGATIVE,,,-1,1,True,1435852800,2015.07.02 16:00:00,1800,True,True,0.001553,True,True,True,True,True,True,False,False,False,True,True,True,excluded_missing_forecast,excluded_missing_forecast,excluded_missing_forecast,,,
USD_NFP_1435851000,1435851000,2015.07.02 15:30:00,2015,CORE_2015_2025,NFP,EURUSD,QUOTE,840030016,Nonfarm Payrolls,True,"840030015,840030016,840030018,840030019",USD_840030017:Participation Rate|USD_840030020:Average Weekly Hours|USD_840030022:Government Payrolls|USD_840030023:Private Nonfarm Payrolls|USD_840030024:U6 Unemployment Rate|USD_840030032:Manufacturing Payrolls|USD_840140001:Initial Jobless Claims|USD_840140002:Continuing Jobless Claims|USD_840140003:Initial Jobless Claims 4-Week Average,False,False,False,223.0,,280.0,254.0,,-57.0,MISSING,NEGATIVE,,,-1,1,True,1435852800,2015.07.02 16:00:00,1800,True,True,0.002035,True,True,True,True,True,True,False,False,False,True,True,True,excluded_missing_forecast,excluded_missing_forecast,excluded_missing_forecast,,,
USD_NFP_1435851000,1435851000,2015.07.02 15:30:00,2015,CORE_2015_2025,NFP,GBPUSD,QUOTE,840030016,Nonfarm Payrolls,True,"840030015,840030016,840030018,840030019",USD_840030017:Participation Rate|USD_840030020:Average Weekly Hours|USD_840030022:Government Payrolls|USD_840030023:Private Nonfarm Payrolls|USD_840030024:U6 Unemployment Rate|USD_840030032:Manufacturing Payrolls|USD_840140001:Initial Jobless Claims|USD_840140002:Continuing Jobless Claims|USD_840140003:Initial Jobless Claims 4-Week Average,False,False,False,223.0,,280.0,254.0,,-57.0,MISSING,NEGATIVE,,,-1,1,True,1435852800,2015.07.02 16:00:00,1800,True,True,0.001918,True,True,True,True,True,True,False,False,False,True,True,True,excluded_missing_forecast,excluded_missing_forecast,excluded_missing_forecast,,,
USD_NFP_1435851000,1435851000,2015.07.02 15:30:00,2015,CORE_2015_2025,NFP,NZDUSD,QUOTE,840030016,Nonfarm Payrolls,True,"840030015,840030016,840030018,840030019",USD_840030017:Participation Rate|USD_840030020:Average Weekly Hours|USD_840030022:Government Payrolls|USD_840030023:Private Nonfarm Payrolls|USD_840030024:U6 Unemployment Rate|USD_840030032:Manufacturing Payrolls|USD_840140001:Initial Jobless Claims|USD_840140002:Continuing Jobless Claims|USD_840140003:Initial Jobless Claims 4-Week Average,False,False,False,223.0,,280.0,254.0,,-57.0,MISSING,NEGATIVE,,,-1,1,True,1435852800,2015.07.02 16:00:00,1800,True,True,0.001351,True,True,True,True,True,True,False,False,False,True,True,True,excluded_missing_forecast,excluded_missing_forecast,excluded_missing_forecast,,,
USD_NFP_1435851000,1435851000,2015.07.02 15:30:00,2015,CORE_2015_2025,NFP,USDCAD,BASE,840030016,Nonfarm Payrolls,True,"840030015,840030016,840030018,840030019",USD_840030017:Participation Rate|USD_840030020:Average Weekly Hours|USD_840030022:Government Payrolls|USD_840030023:Private Nonfarm Payrolls|USD_840030024:U6 Unemployment Rate|USD_840030032:Manufacturing Payrolls|USD_840140001:Initial Jobless Claims|USD_840140002:Continuing Jobless Claims|USD_840140003:Initial Jobless Claims 4-Week Average,False,False,False,223.0,,280.0,254.0,,-57.0,MISSING,NEGATIVE,,,-1,-1,True,1435852800,2015.07.02 16:00:00,1800,True,True,0.001597,True,True,True,True,True,True,False,False,False,True,True,True,excluded_missing_forecast,excluded_missing_forecast,excluded_missing_forecast,,,
USD_NFP_1435851000,1435851000,2015.07.02 15:30:00,2015,CORE_2015_2025,NFP,USDCHF,BASE,840030016,Nonfarm Payrolls,True,"840030015,840030016,840030018,840030019",USD_840030017:Participation Rate|USD_840030020:Average Weekly Hours|USD_840030022:Government Payrolls|USD_840030023:Private Nonfarm Payrolls|USD_840030024:U6 Unemployment Rate|USD_840030032:Manufacturing Payrolls|USD_840140001:Initial Jobless Claims|USD_840140002:Continuing Jobless Claims|USD_840140003:Initial Jobless Claims 4-Week Average,False,False,False,223.0,,280.0,254.0,,-57.0,MISSING,NEGATIVE,,,-1,-1,True,1435852800,2015.07.02 16:00:00,1800,True,True,0.001863,True,True,True,True,True,True,False,False,False,True,True,True,excluded_missing_forecast,excluded_missing_forecast,excluded_missing_forecast,,,
USD_NFP_1435851000,1435851000,2015.07.02 15:30:00,2015,CORE_2015_2025,NFP,USDJPY,BASE,840030016,Nonfarm Payrolls,True,"840030015,840030016,840030018,840030019",USD_840030017:Participation Rate|USD_840030020:Average Weekly Hours|USD_840030022:Government Payrolls|USD_840030023:Private Nonfarm Payrolls|USD_840030024:U6 Unemployment Rate|USD_840030032:Manufacturing Payrolls|USD_840140001:Initial Jobless Claims|USD_840140002:Continuing Jobless Claims|USD_840140003:Initial Jobless Claims 4-Week Average,False,False,False,223.0,,280.0,254.0,,-57.0,MISSING,NEGATIVE,,,-1,-1,True,1435852800,2015.07.02 16:00:00,1800,True,True,0.121143,True,True,True,True,True,True,False,False,False,True,True,True,excluded_missing_forecast,excluded_missing_forecast,excluded_missing_forecast,,,
USD_NFP_1438961400,1438961400,2015.08.07 15:30:00,2015,CORE_2015_2025,NFP,AUDUSD,QUOTE,840030016,Nonfarm Payrolls,True,"840030015,840030016,840030018,840030019",USD_840030017:Participation Rate|USD_840030020:Average Weekly Hours|USD_840030022:Government Payrolls|USD_840030023:Private Nonfarm Payrolls|USD_840030024:U6 Unemployment Rate|USD_840030032:Manufacturing Payrolls|CAD_124010001:Building Permits m/m|CAD_124010011:Employment Change|CAD_124010012:Full-Time Employment Change|CAD_124010013:Part-Time Employment Change|CAD_124010014:Unemployment Rate|CAD_124010015:Participation Rate,True,False,False,215.0,,223.0,231.0,,-8.0,MISSING,NEGATIVE,,,-1,1,True,1438963200,2015.08.07 16:00:00,1800,True,True,0.001185,True,True,True,True,True,True,False,False,False,True,True,True,excluded_missing_forecast,excluded_missing_forecast,excluded_missing_forecast,,,
USD_NFP_1438961400,1438961400,2015.08.07 15:30:00,2015,CORE_2015_2025,NFP,EURUSD,QUOTE,840030016,Nonfarm Payrolls,True,"840030015,840030016,840030018,840030019",USD_840030017:Participation Rate|USD_840030020:Average Weekly Hours|USD_840030022:Government Payrolls|USD_840030023:Private Nonfarm Payrolls|USD_840030024:U6 Unemployment Rate|USD_840030032:Manufacturing Payrolls|CAD_124010001:Building Permits m/m|CAD_124010011:Employment Change|CAD_124010012:Full-Time Employment Change|CAD_124010013:Part-Time Employment Change|CAD_124010014:Unemployment Rate|CAD_124010015:Participation Rate,True,False,False,215.0,,223.0,231.0,,-8.0,MISSING,NEGATIVE,,,-1,1,True,1438963200,2015.08.07 16:00:00,1800,True,True,0.001543,True,True,True,True,True,True,False,False,False,True,True,True,excluded_missing_forecast,excluded_missing_forecast,excluded_missing_forecast,,,
USD_NFP_1438961400,1438961400,2015.08.07 15:30:00,2015,CORE_2015_2025,NFP,GBPUSD,QUOTE,840030016,Nonfarm Payrolls,True,"840030015,840030016,840030018,840030019",USD_840030017:Participation Rate|USD_840030020:Average Weekly Hours|USD_840030022:Government Payrolls|USD_840030023:Private Nonfarm Payrolls|USD_840030024:U6 Unemployment Rate|USD_840030032:Manufacturing Payrolls|CAD_124010001:Building Permits m/m|CAD_124010011:Employment Change|CAD_124010012:Full-Time Employment Change|CAD_124010013:Part-Time Employment Change|CAD_124010014:Unemployment Rate|CAD_124010015:Participation Rate,True,False,False,215.0,,223.0,231.0,,-8.0,MISSING,NEGATIVE,,,-1,1,True,1438963200,2015.08.07 16:00:00,1800,True,True,0.001814,True,True,True,True,True,True,False,False,False,True,True,True,excluded_missing_forecast,excluded_missing_forecast,excluded_missing_forecast,,,
USD_NFP_1438961400,1438961400,2015.08.07 15:30:00,2015,CORE_2015_2025,NFP,NZDUSD,QUOTE,840030016,Nonfarm Payrolls,True,"840030015,840030016,840030018,840030019",USD_840030017:Participation Rate|USD_840030020:Average Weekly Hours|USD_840030022:Government Payrolls|USD_840030023:Private Nonfarm Payrolls|USD_840030024:U6 Unemployment Rate|USD_840030032:Manufacturing Payrolls|CAD_124010001:Building Permits m/m|CAD_124010011:Employment Change|CAD_124010012:Full-Time Employment Change|CAD_124010013:Part-Time Employment Change|CAD_124010014:Unemployment Rate|CAD_124010015:Participation Rate,True,False,False,215.0,,223.0,231.0,,-8.0,MISSING,NEGATIVE,,,-1,1,True,1438963200,2015.08.07 16:00:00,1800,True,True,0.001272,True,True,True,True,True,True,False,False,False,True,True,True,excluded_missing_forecast,excluded_missing_forecast,excluded_missing_forecast,,,
USD_NFP_1438961400,1438961400,2015.08.07 15:30:00,2015,CORE_2015_2025,NFP,USDCAD,BASE,840030016,Nonfarm Payrolls,True,"840030015,840030016,840030018,840030019",USD_840030017:Participation Rate|USD_840030020:Average Weekly Hours|USD_840030022:Government Payrolls|USD_840030023:Private Nonfarm Payrolls|USD_840030024:U6 Unemployment Rate|USD_840030032:Manufacturing Payrolls|CAD_124010001:Building Permits m/m|CAD_124010011:Employment Change|CAD_124010012:Full-Time Employment Change|CAD_124010013:Part-Time Employment Change|CAD_124010014:Unemployment Rate|CAD_124010015:Participation Rate,True,False,False,215.0,,223.0,231.0,,-8.0,MISSING,NEGATIVE,,,-1,-1,True,1438963200,2015.08.07 16:00:00,1800,True,True,0.001449,True,True,True,True,True,True,False,False,False,True,True,True,excluded_missing_forecast,excluded_missing_forecast,excluded_missing_forecast,,,
USD_NFP_1438961400,1438961400,2015.08.07 15:30:00,2015,CORE_2015_2025,NFP,USDCHF,BASE,840030016,Nonfarm Payrolls,True,"840030015,840030016,840030018,840030019",USD_840030017:Participation Rate|USD_840030020:Average Weekly Hours|USD_840030022:Government Payrolls|USD_840030023:Private Nonfarm Payrolls|USD_840030024:U6 Unemployment Rate|USD_840030032:Manufacturing Payrolls|CAD_124010001:Building Permits m/m|CAD_124010011:Employment Change|CAD_124010012:Full-Time Employment Change|CAD_124010013:Part-Time Employment Change|CAD_124010014:Unemployment Rate|CAD_124010015:Participation Rate,True,False,False,215.0,,223.0,231.0,,-8.0,MISSING,NEGATIVE,,,-1,-1,True,1438963200,2015.08.07 16:00:00,1800,True,True,0.001368,True,True,True,True,True,True,False,False,False,True,True,True,excluded_missing_forecast,excluded_missing_forecast,excluded_missing_forecast,,,
USD_NFP_1438961400,1438961400,2015.08.07 15:30:00,2015,CORE_2015_2025,NFP,USDJPY,BASE,840030016,Nonfarm Payrolls,True,"840030015,840030016,840030018,840030019",USD_840030017:Participation Rate|USD_840030020:Average Weekly Hours|USD_840030022:Government Payrolls|USD_840030023:Private Nonfarm Payrolls|USD_840030024:U6 Unemployment Rate|USD_840030032:Manufacturing Payrolls|CAD_124010001:Building Permits m/m|CAD_124010011:Employment Change|CAD_124010012:Full-Time Employment Change|CAD_124010013:Part-Time Employment Change|CAD_124010014:Unemployment Rate|CAD_124010015:Participation Rate,True,False,False,215.0,,223.0,231.0,,-8.0,MISSING,NEGATIVE,,,-1,-1,True,1438963200,2015.08.07 16:00:00,1800,True,True,0.082863,True,True,True,True,True,True,False,False,False,True,True,True,excluded_missing_forecast,excluded_missing_forecast,excluded_missing_forecast,,,
USD_NFP_1441380600,1441380600,2015.09.04 15:30:00,2015,CORE_2015_2025,NFP,AUDUSD,QUOTE,840030016,Nonfarm Payrolls,True,"840030015,840030016,840030018,840030019",USD_840030017:Participation Rate|USD_840030020:Average Weekly Hours|USD_840030022:Government Payrolls|USD_840030023:Private Nonfarm Payrolls|USD_840030024:U6 Unemployment Rate|USD_840030032:Manufacturing Payrolls|CAD_124010011:Employment Change|CAD_124010012:Full-Time Employment Change|CAD_124010013:Part-Time Employment Change|CAD_124010014:Unemployment Rate|CAD_124010015:Participation Rate|CAD_124010028:Labor Productivity q/q,True,False,False,173.0,,215.0,245.0,,-42.0,MISSING,NEGATIVE,,,-1,1,True,1441382400,2015.09.04 16:00:00,1800,True,True,0.001582,True,True,True,True,True,True,False,False,False,True,True,True,excluded_missing_forecast,excluded_missing_forecast,excluded_missing_forecast,,,
USD_NFP_1441380600,1441380600,2015.09.04 15:30:00,2015,CORE_2015_2025,NFP,EURUSD,QUOTE,840030016,Nonfarm Payrolls,True,"840030015,840030016,840030018,840030019",USD_840030017:Participation Rate|USD_840030020:Average Weekly Hours|USD_840030022:Government Payrolls|USD_840030023:Private Nonfarm Payrolls|USD_840030024:U6 Unemployment Rate|USD_840030032:Manufacturing Payrolls|CAD_124010011:Employment Change|CAD_124010012:Full-Time Employment Change|CAD_124010013:Part-Time Employment Change|CAD_124010014:Unemployment Rate|CAD_124010015:Participation Rate|CAD_124010028:Labor Productivity q/q,True,False,False,173.0,,215.0,245.0,,-42.0,MISSING,NEGATIVE,,,-1,1,True,1441382400,2015.09.04 16:00:00,1800,True,True,0.001720,True,True,True,True,True,True,False,False,False,True,True,True,excluded_missing_forecast,excluded_missing_forecast,excluded_missing_forecast,,,
USD_NFP_1441380600,1441380600,2015.09.04 15:30:00,2015,CORE_2015_2025,NFP,GBPUSD,QUOTE,840030016,Nonfarm Payrolls,True,"840030015,840030016,840030018,840030019",USD_840030017:Participation Rate|USD_840030020:Average Weekly Hours|USD_840030022:Government Payrolls|USD_840030023:Private Nonfarm Payrolls|USD_840030024:U6 Unemployment Rate|USD_840030032:Manufacturing Payrolls|CAD_124010011:Employment Change|CAD_124010012:Full-Time Employment Change|CAD_124010013:Part-Time Employment Change|CAD_124010014:Unemployment Rate|CAD_124010015:Participation Rate|CAD_124010028:Labor Productivity q/q,True,False,False,173.0,,215.0,245.0,,-42.0,MISSING,NEGATIVE,,,-1,1,True,1441382400,2015.09.04 16:00:00,1800,True,True,0.001641,True,True,True,True,True,True,False,False,False,True,True,True,excluded_missing_forecast,excluded_missing_forecast,excluded_missing_forecast,,,
USD_NFP_1441380600,1441380600,2015.09.04 15:30:00,2015,CORE_2015_2025,NFP,NZDUSD,QUOTE,840030016,Nonfarm Payrolls,True,"840030015,840030016,840030018,840030019",USD_840030017:Participation Rate|USD_840030020:Average Weekly Hours|USD_840030022:Government Payrolls|USD_840030023:Private Nonfarm Payrolls|USD_840030024:U6 Unemployment Rate|USD_840030032:Manufacturing Payrolls|CAD_124010011:Employment Change|CAD_124010012:Full-Time Employment Change|CAD_124010013:Part-Time Employment Change|CAD_124010014:Unemployment Rate|CAD_124010015:Participation Rate|CAD_124010028:Labor Productivity q/q,True,False,False,173.0,,215.0,245.0,,-42.0,MISSING,NEGATIVE,,,-1,1,True,1441382400,2015.09.04 16:00:00,1800,True,True,0.001378,True,True,True,True,True,True,False,False,False,True,True,True,excluded_missing_forecast,excluded_missing_forecast,excluded_missing_forecast,,,
USD_NFP_1441380600,1441380600,2015.09.04 15:30:00,2015,CORE_2015_2025,NFP,USDCAD,BASE,840030016,Nonfarm Payrolls,True,"840030015,840030016,840030018,840030019",USD_840030017:Participation Rate|USD_840030020:Average Weekly Hours|USD_840030022:Government Payrolls|USD_840030023:Private Nonfarm Payrolls|USD_840030024:U6 Unemployment Rate|USD_840030032:Manufacturing Payrolls|CAD_124010011:Employment Change|CAD_124010012:Full-Time Employment Change|CAD_124010013:Part-Time Employment Change|CAD_124010014:Unemployment Rate|CAD_124010015:Participation Rate|CAD_124010028:Labor Productivity q/q,True,False,False,173.0,,215.0,245.0,,-42.0,MISSING,NEGATIVE,,,-1,-1,True,1441382400,2015.09.04 16:00:00,1800,True,True,0.001893,True,True,True,True,True,True,False,False,False,True,True,True,excluded_missing_forecast,excluded_missing_forecast,excluded_missing_forecast,,,
USD_NFP_1441380600,1441380600,2015.09.04 15:30:00,2015,CORE_2015_2025,NFP,USDCHF,BASE,840030016,Nonfarm Payrolls,True,"840030015,840030016,840030018,840030019",USD_840030017:Participation Rate|USD_840030020:Average Weekly Hours|USD_840030022:Government Payrolls|USD_840030023:Private Nonfarm Payrolls|USD_840030024:U6 Unemployment Rate|USD_840030032:Manufacturing Payrolls|CAD_124010011:Employment Change|CAD_124010012:Full-Time Employment Change|CAD_124010013:Part-Time Employment Change|CAD_124010014:Unemployment Rate|CAD_124010015:Participation Rate|CAD_124010028:Labor Productivity q/q,True,False,False,173.0,,215.0,245.0,,-42.0,MISSING,NEGATIVE,,,-1,-1,True,1441382400,2015.09.04 16:00:00,1800,True,True,0.001759,True,True,True,True,True,True,False,False,False,True,True,True,excluded_missing_forecast,excluded_missing_forecast,excluded_missing_forecast,,,
USD_NFP_1441380600,1441380600,2015.09.04 15:30:00,2015,CORE_2015_2025,NFP,USDJPY,BASE,840030016,Nonfarm Payrolls,True,"840030015,840030016,840030018,840030019",USD_840030017:Participation Rate|USD_840030020:Average Weekly Hours|USD_840030022:Government Payrolls|USD_840030023:Private Nonfarm Payrolls|USD_840030024:U6 Unemployment Rate|USD_840030032:Manufacturing Payrolls|CAD_124010011:Employment Change|CAD_124010012:Full-Time Employment Change|CAD_124010013:Part-Time Employment Change|CAD_124010014:Unemployment Rate|CAD_124010015:Participation Rate|CAD_124010028:Labor Productivity q/q,True,False,False,173.0,,215.0,245.0,,-42.0,MISSING,NEGATIVE,,,-1,-1,True,1441382400,2015.09.04 16:00:00,1800,True,True,0.253248,True,True,True,True,True,True,False,False,False,True,True,True,excluded_missing_forecast,excluded_missing_forecast,excluded_missing_forecast,,,
USD_NFP_1443799800,1443799800,2015.10.02 15:30:00,2015,CORE_2015_2025,NFP,AUDUSD,QUOTE,840030016,Nonfarm Payrolls,True,"840030015,840030016,840030018,840030019",USD_840030017:Participation Rate|USD_840030020:Average Weekly Hours|USD_840030022:Government Payrolls|USD_840030023:Private Nonfarm Payrolls|USD_840030024:U6 Unemployment Rate|USD_840030032:Manufacturing Payrolls,False,False,False,142.0,,173.0,136.0,,-31.0,MISSING,NEGATIVE,,,-1,1,True,1443801600,2015.10.02 16:00:00,1800,True,True,0.001350,True,True,True,True,True,True,False,False,False,True,True,True,excluded_missing_forecast,excluded_missing_forecast,excluded_missing_forecast,,,
USD_NFP_1443799800,1443799800,2015.10.02 15:30:00,2015,CORE_2015_2025,NFP,EURUSD,QUOTE,840030016,Nonfarm Payrolls,True,"840030015,840030016,840030018,840030019",USD_840030017:Participation Rate|USD_840030020:Average Weekly Hours|USD_840030022:Government Payrolls|USD_840030023:Private Nonfarm Payrolls|USD_840030024:U6 Unemployment Rate|USD_840030032:Manufacturing Payrolls,False,False,False,142.0,,173.0,136.0,,-31.0,MISSING,NEGATIVE,,,-1,1,True,1443801600,2015.10.02 16:00:00,1800,True,True,0.001314,True,True,True,True,True,True,False,False,False,True,True,True,excluded_missing_forecast,excluded_missing_forecast,excluded_missing_forecast,,,
USD_NFP_1443799800,1443799800,2015.10.02 15:30:00,2015,CORE_2015_2025,NFP,GBPUSD,QUOTE,840030016,Nonfarm Payrolls,True,"840030015,840030016,840030018,840030019",USD_840030017:Participation Rate|USD_840030020:Average Weekly Hours|USD_840030022:Government Payrolls|USD_840030023:Private Nonfarm Payrolls|USD_840030024:U6 Unemployment Rate|USD_840030032:Manufacturing Payrolls,False,False,False,142.0,,173.0,136.0,,-31.0,MISSING,NEGATIVE,,,-1,1,True,1443801600,2015.10.02 16:00:00,1800,True,True,0.001504,True,True,True,True,True,True,False,False,False,True,True,True,excluded_missing_forecast,excluded_missing_forecast,excluded_missing_forecast,,,
USD_NFP_1443799800,1443799800,2015.10.02 15:30:00,2015,CORE_2015_2025,NFP,NZDUSD,QUOTE,840030016,Nonfarm Payrolls,True,"840030015,840030016,840030018,840030019",USD_840030017:Participation Rate|USD_840030020:Average Weekly Hours|USD_840030022:Government Payrolls|USD_840030023:Private Nonfarm Payrolls|USD_840030024:U6 Unemployment Rate|USD_840030032:Manufacturing Payrolls,False,False,False,142.0,,173.0,136.0,,-31.0,MISSING,NEGATIVE,,,-1,1,True,1443801600,2015.10.02 16:00:00,1800,True,True,0.001287,True,True,True,True,True,True,False,False,False,True,True,True,excluded_missing_forecast,excluded_missing_forecast,excluded_missing_forecast,,,
USD_NFP_1443799800,1443799800,2015.10.02 15:30:00,2015,CORE_2015_2025,NFP,USDCAD,BASE,840030016,Nonfarm Payrolls,True,"840030015,840030016,840030018,840030019",USD_840030017:Participation Rate|USD_840030020:Average Weekly Hours|USD_840030022:Government Payrolls|USD_840030023:Private Nonfarm Payrolls|USD_840030024:U6 Unemployment Rate|USD_840030032:Manufacturing Payrolls,False,False,False,142.0,,173.0,136.0,,-31.0,MISSING,NEGATIVE,,,-1,-1,True,1443801600,2015.10.02 16:00:00,1800,True,True,0.001363,True,True,True,True,True,True,False,False,False,True,True,True,excluded_missing_forecast,excluded_missing_forecast,excluded_missing_forecast,,,
USD_NFP_1443799800,1443799800,2015.10.02 15:30:00,2015,CORE_2015_2025,NFP,USDCHF,BASE,840030016,Nonfarm Payrolls,True,"840030015,840030016,840030018,840030019",USD_840030017:Participation Rate|USD_840030020:Average Weekly Hours|USD_840030022:Government Payrolls|USD_840030023:Private Nonfarm Payrolls|USD_840030024:U6 Unemployment Rate|USD_840030032:Manufacturing Payrolls,False,False,False,142.0,,173.0,136.0,,-31.0,MISSING,NEGATIVE,,,-1,-1,True,1443801600,2015.10.02 16:00:00,1800,True,True,0.001162,True,True,True,True,True,True,False,False,False,True,True,True,excluded_missing_forecast,excluded_missing_forecast,excluded_missing_forecast,,,
USD_NFP_1443799800,1443799800,2015.10.02 15:30:00,2015,CORE_2015_2025,NFP,USDJPY,BASE,840030016,Nonfarm Payrolls,True,"840030015,840030016,840030018,840030019",USD_840030017:Participation Rate|USD_840030020:Average Weekly Hours|USD_840030022:Government Payrolls|USD_840030023:Private Nonfarm Payrolls|USD_840030024:U6 Unemployment Rate|USD_840030032:Manufacturing Payrolls,False,False,False,142.0,,173.0,136.0,,-31.0,MISSING,NEGATIVE,,,-1,-1,True,1443801600,2015.10.02 16:00:00,1800,True,True,0.131484,True,True,True,True,True,True,False,False,False,True,True,True,excluded_missing_forecast,excluded_missing_forecast,excluded_missing_forecast,,,
USD_NFP_1446827400,1446827400,2015.11.06 16:30:00,2015,CORE_2015_2025,NFP,AUDUSD,QUOTE,840030016,Nonfarm Payrolls,True,"840030015,840030016,840030018,840030019",USD_840030017:Participation Rate|USD_840030020:Average Weekly Hours|USD_840030022:Government Payrolls|USD_840030023:Private Nonfarm Payrolls|USD_840030024:U6 Unemployment Rate|USD_840030032:Manufacturing Payrolls|CAD_124010001:Building Permits m/m|CAD_124010011:Employment Change|CAD_124010012:Full-Time Employment Change|CAD_124010013:Part-Time Employment Change|CAD_124010014:Unemployment Rate|CAD_124010015:Participation Rate,True,False,False,271.0,,142.0,137.0,,129.0,MISSING,POSITIVE,,,1,-1,True,1446829200,2015.11.06 17:00:00,1800,True,True,0.001650,True,True,True,True,True,True,False,False,False,True,True,True,excluded_missing_forecast,excluded_missing_forecast,excluded_missing_forecast,,,
USD_NFP_1446827400,1446827400,2015.11.06 16:30:00,2015,CORE_2015_2025,NFP,EURUSD,QUOTE,840030016,Nonfarm Payrolls,True,"840030015,840030016,840030018,840030019",USD_840030017:Participation Rate|USD_840030020:Average Weekly Hours|USD_840030022:Government Payrolls|USD_840030023:Private Nonfarm Payrolls|USD_840030024:U6 Unemployment Rate|USD_840030032:Manufacturing Payrolls|CAD_124010001:Building Permits m/m|CAD_124010011:Employment Change|CAD_124010012:Full-Time Employment Change|CAD_124010013:Part-Time Employment Change|CAD_124010014:Unemployment Rate|CAD_124010015:Participation Rate,True,False,False,271.0,,142.0,137.0,,129.0,MISSING,POSITIVE,,,1,-1,True,1446829200,2015.11.06 17:00:00,1800,True,True,0.002510,True,True,True,True,True,True,False,False,False,True,True,True,excluded_missing_forecast,excluded_missing_forecast,excluded_missing_forecast,,,
USD_NFP_1446827400,1446827400,2015.11.06 16:30:00,2015,CORE_2015_2025,NFP,GBPUSD,QUOTE,840030016,Nonfarm Payrolls,True,"840030015,840030016,840030018,840030019",USD_840030017:Participation Rate|USD_840030020:Average Weekly Hours|USD_840030022:Government Payrolls|USD_840030023:Private Nonfarm Payrolls|USD_840030024:U6 Unemployment Rate|USD_840030032:Manufacturing Payrolls|CAD_124010001:Building Permits m/m|CAD_124010011:Employment Change|CAD_124010012:Full-Time Employment Change|CAD_124010013:Part-Time Employment Change|CAD_124010014:Unemployment Rate|CAD_124010015:Participation Rate,True,False,False,271.0,,142.0,137.0,,129.0,MISSING,POSITIVE,,,1,-1,True,1446829200,2015.11.06 17:00:00,1800,True,True,0.002545,True,True,True,True,True,True,False,False,False,True,True,True,excluded_missing_forecast,excluded_missing_forecast,excluded_missing_forecast,,,
USD_NFP_1446827400,1446827400,2015.11.06 16:30:00,2015,CORE_2015_2025,NFP,NZDUSD,QUOTE,840030016,Nonfarm Payrolls,True,"840030015,840030016,840030018,840030019",USD_840030017:Participation Rate|USD_840030020:Average Weekly Hours|USD_840030022:Government Payrolls|USD_840030023:Private Nonfarm Payrolls|USD_840030024:U6 Unemployment Rate|USD_840030032:Manufacturing Payrolls|CAD_124010001:Building Permits m/m|CAD_124010011:Employment Change|CAD_124010012:Full-Time Employment Change|CAD_124010013:Part-Time Employment Change|CAD_124010014:Unemployment Rate|CAD_124010015:Participation Rate,True,False,False,271.0,,142.0,137.0,,129.0,MISSING,POSITIVE,,,1,-1,True,1446829200,2015.11.06 17:00:00,1800,True,True,0.001959,True,True,True,True,True,True,False,False,False,True,True,True,excluded_missing_forecast,excluded_missing_forecast,excluded_missing_forecast,,,
USD_NFP_1446827400,1446827400,2015.11.06 16:30:00,2015,CORE_2015_2025,NFP,USDCAD,BASE,840030016,Nonfarm Payrolls,True,"840030015,840030016,840030018,840030019",USD_840030017:Participation Rate|USD_840030020:Average Weekly Hours|USD_840030022:Government Payrolls|USD_840030023:Private Nonfarm Payrolls|USD_840030024:U6 Unemployment Rate|USD_840030032:Manufacturing Payrolls|CAD_124010001:Building Permits m/m|CAD_124010011:Employment Change|CAD_124010012:Full-Time Employment Change|CAD_124010013:Part-Time Employment Change|CAD_124010014:Unemployment Rate|CAD_124010015:Participation Rate,True,False,False,271.0,,142.0,137.0,,129.0,MISSING,POSITIVE,,,1,1,True,1446829200,2015.11.06 17:00:00,1800,True,True,0.001931,True,True,True,True,True,True,False,False,False,True,True,True,excluded_missing_forecast,excluded_missing_forecast,excluded_missing_forecast,,,
USD_NFP_1446827400,1446827400,2015.11.06 16:30:00,2015,CORE_2015_2025,NFP,USDCHF,BASE,840030016,Nonfarm Payrolls,True,"840030015,840030016,840030018,840030019",USD_840030017:Participation Rate|USD_840030020:Average Weekly Hours|USD_840030022:Government Payrolls|USD_840030023:Private Nonfarm Payrolls|USD_840030024:U6 Unemployment Rate|USD_840030032:Manufacturing Payrolls|CAD_124010001:Building Permits m/m|CAD_124010011:Employment Change|CAD_124010012:Full-Time Employment Change|CAD_124010013:Part-Time Employment Change|CAD_124010014:Unemployment Rate|CAD_124010015:Participation Rate,True,False,False,271.0,,142.0,137.0,,129.0,MISSING,POSITIVE,,,1,1,True,1446829200,2015.11.06 17:00:00,1800,True,True,0.001764,True,True,True,True,True,True,False,False,False,True,True,True,excluded_missing_forecast,excluded_missing_forecast,excluded_missing_forecast,,,
USD_NFP_1446827400,1446827400,2015.11.06 16:30:00,2015,CORE_2015_2025,NFP,USDJPY,BASE,840030016,Nonfarm Payrolls,True,"840030015,840030016,840030018,840030019",USD_840030017:Participation Rate|USD_840030020:Average Weekly Hours|USD_840030022:Government Payrolls|USD_840030023:Private Nonfarm Payrolls|USD_840030024:U6 Unemployment Rate|USD_840030032:Manufacturing Payrolls|CAD_124010001:Building Permits m/m|CAD_124010011:Employment Change|CAD_124010012:Full-Time Employment Change|CAD_124010013:Part-Time Employment Change|CAD_124010014:Unemployment Rate|CAD_124010015:Participation Rate,True,False,False,271.0,,142.0,137.0,,129.0,MISSING,POSITIVE,,,1,1,True,1446829200,2015.11.06 17:00:00,1800,True,True,0.181553,True,True,True,True,True,True,False,False,False,True,True,True,excluded_missing_forecast,excluded_missing_forecast,excluded_missing_forecast,,,
USD_NFP_1449246600,1449246600,2015.12.04 16:30:00,2015,CORE_2015_2025,NFP,AUDUSD,QUOTE,840030016,Nonfarm Payrolls,True,"840030015,840030016,840030018,840030019",USD_840020001:Trade Balance|USD_840030017:Participation Rate|USD_840030020:Average Weekly Hours|USD_840030022:Government Payrolls|USD_840030023:Private Nonfarm Payrolls|USD_840030024:U6 Unemployment Rate|USD_840030032:Manufacturing Payrolls|CAD_124010011:Employment Change|CAD_124010012:Full-Time Employment Change|CAD_124010013:Part-Time Employment Change|CAD_124010014:Unemployment Rate|CAD_124010015:Participation Rate|CAD_124010016:Imports|CAD_124010017:Exports|CAD_124010018:Trade Balance|CAD_124010028:Labor Productivity q/q,True,True,False,211.0,,271.0,298.0,,-60.0,MISSING,NEGATIVE,,,-1,1,True,1449248400,2015.12.04 17:00:00,1800,True,True,0.001763,True,True,True,True,True,True,False,False,False,True,True,True,excluded_missing_forecast,excluded_missing_forecast,excluded_missing_forecast,,,
USD_NFP_1449246600,1449246600,2015.12.04 16:30:00,2015,CORE_2015_2025,NFP,EURUSD,QUOTE,840030016,Nonfarm Payrolls,True,"840030015,840030016,840030018,840030019",USD_840020001:Trade Balance|USD_840030017:Participation Rate|USD_840030020:Average Weekly Hours|USD_840030022:Government Payrolls|USD_840030023:Private Nonfarm Payrolls|USD_840030024:U6 Unemployment Rate|USD_840030032:Manufacturing Payrolls|CAD_124010011:Employment Change|CAD_124010012:Full-Time Employment Change|CAD_124010013:Part-Time Employment Change|CAD_124010014:Unemployment Rate|CAD_124010015:Participation Rate|CAD_124010016:Imports|CAD_124010017:Exports|CAD_124010018:Trade Balance|CAD_124010028:Labor Productivity q/q,True,True,False,211.0,,271.0,298.0,,-60.0,MISSING,NEGATIVE,,,-1,1,True,1449248400,2015.12.04 17:00:00,1800,True,True,0.003621,True,True,True,True,True,True,False,False,False,True,True,True,excluded_missing_forecast,excluded_missing_forecast,excluded_missing_forecast,,,
USD_NFP_1449246600,1449246600,2015.12.04 16:30:00,2015,CORE_2015_2025,NFP,GBPUSD,QUOTE,840030016,Nonfarm Payrolls,True,"840030015,840030016,840030018,840030019",USD_840020001:Trade Balance|USD_840030017:Participation Rate|USD_840030020:Average Weekly Hours|USD_840030022:Government Payrolls|USD_840030023:Private Nonfarm Payrolls|USD_840030024:U6 Unemployment Rate|USD_840030032:Manufacturing Payrolls|CAD_124010011:Employment Change|CAD_124010012:Full-Time Employment Change|CAD_124010013:Part-Time Employment Change|CAD_124010014:Unemployment Rate|CAD_124010015:Participation Rate|CAD_124010016:Imports|CAD_124010017:Exports|CAD_124010018:Trade Balance|CAD_124010028:Labor Productivity q/q,True,True,False,211.0,,271.0,298.0,,-60.0,MISSING,NEGATIVE,,,-1,1,True,1449248400,2015.12.04 17:00:00,1800,True,True,0.002782,True,True,True,True,True,True,False,False,False,True,True,True,excluded_missing_forecast,excluded_missing_forecast,excluded_missing_forecast,,,
USD_NFP_1449246600,1449246600,2015.12.04 16:30:00,2015,CORE_2015_2025,NFP,NZDUSD,QUOTE,840030016,Nonfarm Payrolls,True,"840030015,840030016,840030018,840030019",USD_840020001:Trade Balance|USD_840030017:Participation Rate|USD_840030020:Average Weekly Hours|USD_840030022:Government Payrolls|USD_840030023:Private Nonfarm Payrolls|USD_840030024:U6 Unemployment Rate|USD_840030032:Manufacturing Payrolls|CAD_124010011:Employment Change|CAD_124010012:Full-Time Employment Change|CAD_124010013:Part-Time Employment Change|CAD_124010014:Unemployment Rate|CAD_124010015:Participation Rate|CAD_124010016:Imports|CAD_124010017:Exports|CAD_124010018:Trade Balance|CAD_124010028:Labor Productivity q/q,True,True,False,211.0,,271.0,298.0,,-60.0,MISSING,NEGATIVE,,,-1,1,True,1449248400,2015.12.04 17:00:00,1800,True,True,0.001971,True,True,True,True,True,True,False,False,False,True,True,True,excluded_missing_forecast,excluded_missing_forecast,excluded_missing_forecast,,,
USD_NFP_1449246600,1449246600,2015.12.04 16:30:00,2015,CORE_2015_2025,NFP,USDCAD,BASE,840030016,Nonfarm Payrolls,True,"840030015,840030016,840030018,840030019",USD_840020001:Trade Balance|USD_840030017:Participation Rate|USD_840030020:Average Weekly Hours|USD_840030022:Government Payrolls|USD_840030023:Private Nonfarm Payrolls|USD_840030024:U6 Unemployment Rate|USD_840030032:Manufacturing Payrolls|CAD_124010011:Employment Change|CAD_124010012:Full-Time Employment Change|CAD_124010013:Part-Time Employment Change|CAD_124010014:Unemployment Rate|CAD_124010015:Participation Rate|CAD_124010016:Imports|CAD_124010017:Exports|CAD_124010018:Trade Balance|CAD_124010028:Labor Productivity q/q,True,True,False,211.0,,271.0,298.0,,-60.0,MISSING,NEGATIVE,,,-1,-1,True,1449248400,2015.12.04 17:00:00,1800,True,True,0.002154,True,True,True,True,True,True,False,False,False,True,True,True,excluded_missing_forecast,excluded_missing_forecast,excluded_missing_forecast,,,
USD_NFP_1449246600,1449246600,2015.12.04 16:30:00,2015,CORE_2015_2025,NFP,USDCHF,BASE,840030016,Nonfarm Payrolls,True,"840030015,840030016,840030018,840030019",USD_840020001:Trade Balance|USD_840030017:Participation Rate|USD_840030020:Average Weekly Hours|USD_840030022:Government Payrolls|USD_840030023:Private Nonfarm Payrolls|USD_840030024:U6 Unemployment Rate|USD_840030032:Manufacturing Payrolls|CAD_124010011:Employment Change|CAD_124010012:Full-Time Employment Change|CAD_124010013:Part-Time Employment Change|CAD_124010014:Unemployment Rate|CAD_124010015:Participation Rate|CAD_124010016:Imports|CAD_124010017:Exports|CAD_124010018:Trade Balance|CAD_124010028:Labor Productivity q/q,True,True,False,211.0,,271.0,298.0,,-60.0,MISSING,NEGATIVE,,,-1,-1,True,1449248400,2015.12.04 17:00:00,1800,True,True,0.003152,True,True,True,True,True,True,False,False,False,True,True,True,excluded_missing_forecast,excluded_missing_forecast,excluded_missing_forecast,,,
USD_NFP_1449246600,1449246600,2015.12.04 16:30:00,2015,CORE_2015_2025,NFP,USDJPY,BASE,840030016,Nonfarm Payrolls,True,"840030015,840030016,840030018,840030019",USD_840020001:Trade Balance|USD_840030017:Participation Rate|USD_840030020:Average Weekly Hours|USD_840030022:Government Payrolls|USD_840030023:Private Nonfarm Payrolls|USD_840030024:U6 Unemployment Rate|USD_840030032:Manufacturing Payrolls|CAD_124010011:Employment Change|CAD_124010012:Full-Time Employment Change|CAD_124010013:Part-Time Employment Change|CAD_124010014:Unemployment Rate|CAD_124010015:Participation Rate|CAD_124010016:Imports|CAD_124010017:Exports|CAD_124010018:Trade Balance|CAD_124010028:Labor Productivity q/q,True,True,False,211.0,,271.0,298.0,,-60.0,MISSING,NEGATIVE,,,-1,-1,True,1449248400,2015.12.04 17:00:00,1800,True,True,0.206203,True,True,True,True,True,True,False,False,False,True,True,True,excluded_missing_forecast,excluded_missing_forecast,excluded_missing_forecast,,,
USD_NFP_1452270600,1452270600,2016.01.08 16:30:00,2016,CORE_2015_2025,NFP,AUDUSD,QUOTE,840030016,Nonfarm Payrolls,True,"840030015,840030016,840030018,840030019",USD_840030017:Participation Rate|USD_840030020:Average Weekly Hours|USD_840030022:Government Payrolls|USD_840030023:Private Nonfarm Payrolls|USD_840030024:U6 Unemployment Rate|USD_840030032:Manufacturing Payrolls|CAD_124010001:Building Permits m/m|CAD_124010011:Employment Change|CAD_124010012:Full-Time Employment Change|CAD_124010013:Part-Time Employment Change|CAD_124010014:Unemployment Rate|CAD_124010015:Participation Rate,True,False,False,292.0,,211.0,252.0,,81.0,MISSING,POSITIVE,,,1,-1,True,1452272400,2016.01.08 17:00:00,1800,True,True,0.002096,True,True,True,True,True,True,False,False,False,True,True,True,excluded_missing_forecast,excluded_missing_forecast,excluded_missing_forecast,,,
USD_NFP_1452270600,1452270600,2016.01.08 16:30:00,2016,CORE_2015_2025,NFP,EURUSD,QUOTE,840030016,Nonfarm Payrolls,True,"840030015,840030016,840030018,840030019",USD_840030017:Participation Rate|USD_840030020:Average Weekly Hours|USD_840030022:Government Payrolls|USD_840030023:Private Nonfarm Payrolls|USD_840030024:U6 Unemployment Rate|USD_840030032:Manufacturing Payrolls|CAD_124010001:Building Permits m/m|CAD_124010011:Employment Change|CAD_124010012:Full-Time Employment Change|CAD_124010013:Part-Time Employment Change|CAD_124010014:Unemployment Rate|CAD_124010015:Participation Rate,True,False,False,292.0,,211.0,252.0,,81.0,MISSING,POSITIVE,,,1,-1,True,1452272400,2016.01.08 17:00:00,1800,True,True,0.002509,True,True,True,True,True,True,False,False,False,True,True,True,excluded_missing_forecast,excluded_missing_forecast,excluded_missing_forecast,,,
USD_NFP_1452270600,1452270600,2016.01.08 16:30:00,2016,CORE_2015_2025,NFP,GBPUSD,QUOTE,840030016,Nonfarm Payrolls,True,"840030015,840030016,840030018,840030019",USD_840030017:Participation Rate|USD_840030020:Average Weekly Hours|USD_840030022:Government Payrolls|USD_840030023:Private Nonfarm Payrolls|USD_840030024:U6 Unemployment Rate|USD_840030032:Manufacturing Payrolls|CAD_124010001:Building Permits m/m|CAD_124010011:Employment Change|CAD_124010012:Full-Time Employment Change|CAD_124010013:Part-Time Employment Change|CAD_124010014:Unemployment Rate|CAD_124010015:Participation Rate,True,False,False,292.0,,211.0,252.0,,81.0,MISSING,POSITIVE,,,1,-1,True,1452272400,2016.01.08 17:00:00,1800,True,True,0.002273,True,True,True,True,True,True,False,False,False,True,True,True,excluded_missing_forecast,excluded_missing_forecast,excluded_missing_forecast,,,
USD_NFP_1452270600,1452270600,2016.01.08 16:30:00,2016,CORE_2015_2025,NFP,NZDUSD,QUOTE,840030016,Nonfarm Payrolls,True,"840030015,840030016,840030018,840030019",USD_840030017:Participation Rate|USD_840030020:Average Weekly Hours|USD_840030022:Government Payrolls|USD_840030023:Private Nonfarm Payrolls|USD_840030024:U6 Unemployment Rate|USD_840030032:Manufacturing Payrolls|CAD_124010001:Building Permits m/m|CAD_124010011:Employment Change|CAD_124010012:Full-Time Employment Change|CAD_124010013:Part-Time Employment Change|CAD_124010014:Unemployment Rate|CAD_124010015:Participation Rate,True,False,False,292.0,,211.0,252.0,,81.0,MISSING,POSITIVE,,,1,-1,True,1452272400,2016.01.08 17:00:00,1800,True,True,0.001994,True,True,True,True,True,True,False,False,False,True,True,True,excluded_missing_forecast,excluded_missing_forecast,excluded_missing_forecast,,,
USD_NFP_1452270600,1452270600,2016.01.08 16:30:00,2016,CORE_2015_2025,NFP,USDCAD,BASE,840030016,Nonfarm Payrolls,True,"840030015,840030016,840030018,840030019",USD_840030017:Participation Rate|USD_840030020:Average Weekly Hours|USD_840030022:Government Payrolls|USD_840030023:Private Nonfarm Payrolls|USD_840030024:U6 Unemployment Rate|USD_840030032:Manufacturing Payrolls|CAD_124010001:Building Permits m/m|CAD_124010011:Employment Change|CAD_124010012:Full-Time Employment Change|CAD_124010013:Part-Time Employment Change|CAD_124010014:Unemployment Rate|CAD_124010015:Participation Rate,True,False,False,292.0,,211.0,252.0,,81.0,MISSING,POSITIVE,,,1,1,True,1452272400,2016.01.08 17:00:00,1800,True,True,0.002435,True,True,True,True,True,True,False,False,False,True,True,True,excluded_missing_forecast,excluded_missing_forecast,excluded_missing_forecast,,,
USD_NFP_1452270600,1452270600,2016.01.08 16:30:00,2016,CORE_2015_2025,NFP,USDCHF,BASE,840030016,Nonfarm Payrolls,True,"840030015,840030016,840030018,840030019",USD_840030017:Participation Rate|USD_840030020:Average Weekly Hours|USD_840030022:Government Payrolls|USD_840030023:Private Nonfarm Payrolls|USD_840030024:U6 Unemployment Rate|USD_840030032:Manufacturing Payrolls|CAD_124010001:Building Permits m/m|CAD_124010011:Employment Change|CAD_124010012:Full-Time Employment Change|CAD_124010013:Part-Time Employment Change|CAD_124010014:Unemployment Rate|CAD_124010015:Participation Rate,True,False,False,292.0,,211.0,252.0,,81.0,MISSING,POSITIVE,,,1,1,True,1452272400,2016.01.08 17:00:00,1800,True,True,0.002463,True,True,True,True,True,True,False,False,False,True,True,True,excluded_missing_forecast,excluded_missing_forecast,excluded_missing_forecast,,,
USD_NFP_1452270600,1452270600,2016.01.08 16:30:00,2016,CORE_2015_2025,NFP,USDJPY,BASE,840030016,Nonfarm Payrolls,True,"840030015,840030016,840030018,840030019",USD_840030017:Participation Rate|USD_840030020:Average Weekly Hours|USD_840030022:Government Payrolls|USD_840030023:Private Nonfarm Payrolls|USD_840030024:U6 Unemployment Rate|USD_840030032:Manufacturing Payrolls|CAD_124010001:Building Permits m/m|CAD_124010011:Employment Change|CAD_124010012:Full-Time Employment Change|CAD_124010013:Part-Time Employment Change|CAD_124010014:Unemployment Rate|CAD_124010015:Participation Rate,True,False,False,292.0,,211.0,252.0,,81.0,MISSING,POSITIVE,,,1,1,True,1452272400,2016.01.08 17:00:00,1800,True,True,0.270321,True,True,True,True,True,True,False,False,False,True,True,True,excluded_missing_forecast,excluded_missing_forecast,excluded_missing_forecast,,,
USD_NFP_1454689800,1454689800,2016.02.05 16:30:00,2016,CORE_2015_2025,NFP,AUDUSD,QUOTE,840030016,Nonfarm Payrolls,True,"840030015,840030016,840030018,840030019",USD_840020001:Trade Balance|USD_840030017:Participation Rate|USD_840030020:Average Weekly Hours|USD_840030022:Government Payrolls|USD_840030023:Private Nonfarm Payrolls|USD_840030024:U6 Unemployment Rate|USD_840030032:Manufacturing Payrolls|CAD_124010011:Employment Change|CAD_124010012:Full-Time Employment Change|CAD_124010013:Part-Time Employment Change|CAD_124010014:Unemployment Rate|CAD_124010015:Participation Rate|CAD_124010016:Imports|CAD_124010017:Exports|CAD_124010018:Trade Balance,True,True,False,151.0,,292.0,262.0,,-141.0,MISSING,NEGATIVE,,,-1,1,True,1454691600,2016.02.05 17:00:00,1800,True,True,0.001955,True,True,True,True,True,True,False,False,False,True,True,True,excluded_missing_forecast,excluded_missing_forecast,excluded_missing_forecast,,,
USD_NFP_1454689800,1454689800,2016.02.05 16:30:00,2016,CORE_2015_2025,NFP,EURUSD,QUOTE,840030016,Nonfarm Payrolls,True,"840030015,840030016,840030018,840030019",USD_840020001:Trade Balance|USD_840030017:Participation Rate|USD_840030020:Average Weekly Hours|USD_840030022:Government Payrolls|USD_840030023:Private Nonfarm Payrolls|USD_840030024:U6 Unemployment Rate|USD_840030032:Manufacturing Payrolls|CAD_124010011:Employment Change|CAD_124010012:Full-Time Employment Change|CAD_124010013:Part-Time Employment Change|CAD_124010014:Unemployment Rate|CAD_124010015:Participation Rate|CAD_124010016:Imports|CAD_124010017:Exports|CAD_124010018:Trade Balance,True,True,False,151.0,,292.0,262.0,,-141.0,MISSING,NEGATIVE,,,-1,1,True,1454691600,2016.02.05 17:00:00,1800,True,True,0.002449,True,True,True,True,True,True,False,False,False,True,True,True,excluded_missing_forecast,excluded_missing_forecast,excluded_missing_forecast,,,
USD_NFP_1454689800,1454689800,2016.02.05 16:30:00,2016,CORE_2015_2025,NFP,GBPUSD,QUOTE,840030016,Nonfarm Payrolls,True,"840030015,840030016,840030018,840030019",USD_840020001:Trade Balance|USD_840030017:Participation Rate|USD_840030020:Average Weekly Hours|USD_840030022:Government Payrolls|USD_840030023:Private Nonfarm Payrolls|USD_840030024:U6 Unemployment Rate|USD_840030032:Manufacturing Payrolls|CAD_124010011:Employment Change|CAD_124010012:Full-Time Employment Change|CAD_124010013:Part-Time Employment Change|CAD_124010014:Unemployment Rate|CAD_124010015:Participation Rate|CAD_124010016:Imports|CAD_124010017:Exports|CAD_124010018:Trade Balance,True,True,False,151.0,,292.0,262.0,,-141.0,MISSING,NEGATIVE,,,-1,1,True,1454691600,2016.02.05 17:00:00,1800,True,True,0.003443,True,True,True,True,True,True,False,False,False,True,True,True,excluded_missing_forecast,excluded_missing_forecast,excluded_missing_forecast,,,
USD_NFP_1454689800,1454689800,2016.02.05 16:30:00,2016,CORE_2015_2025,NFP,NZDUSD,QUOTE,840030016,Nonfarm Payrolls,True,"840030015,840030016,840030018,840030019",USD_840020001:Trade Balance|USD_840030017:Participation Rate|USD_840030020:Average Weekly Hours|USD_840030022:Government Payrolls|USD_840030023:Private Nonfarm Payrolls|USD_840030024:U6 Unemployment Rate|USD_840030032:Manufacturing Payrolls|CAD_124010011:Employment Change|CAD_124010012:Full-Time Employment Change|CAD_124010013:Part-Time Employment Change|CAD_124010014:Unemployment Rate|CAD_124010015:Participation Rate|CAD_124010016:Imports|CAD_124010017:Exports|CAD_124010018:Trade Balance,True,True,False,151.0,,292.0,262.0,,-141.0,MISSING,NEGATIVE,,,-1,1,True,1454691600,2016.02.05 17:00:00,1800,True,True,0.002186,True,True,True,True,True,True,False,False,False,True,True,True,excluded_missing_forecast,excluded_missing_forecast,excluded_missing_forecast,,,
USD_NFP_1454689800,1454689800,2016.02.05 16:30:00,2016,CORE_2015_2025,NFP,USDCAD,BASE,840030016,Nonfarm Payrolls,True,"840030015,840030016,840030018,840030019",USD_840020001:Trade Balance|USD_840030017:Participation Rate|USD_840030020:Average Weekly Hours|USD_840030022:Government Payrolls|USD_840030023:Private Nonfarm Payrolls|USD_840030024:U6 Unemployment Rate|USD_840030032:Manufacturing Payrolls|CAD_124010011:Employment Change|CAD_124010012:Full-Time Employment Change|CAD_124010013:Part-Time Employment Change|CAD_124010014:Unemployment Rate|CAD_124010015:Participation Rate|CAD_124010016:Imports|CAD_124010017:Exports|CAD_124010018:Trade Balance,True,True,False,151.0,,292.0,262.0,,-141.0,MISSING,NEGATIVE,,,-1,-1,True,1454691600,2016.02.05 17:00:00,1800,True,True,0.002784,True,True,True,True,True,True,False,False,False,True,True,True,excluded_missing_forecast,excluded_missing_forecast,excluded_missing_forecast,,,
USD_NFP_1454689800,1454689800,2016.02.05 16:30:00,2016,CORE_2015_2025,NFP,USDCHF,BASE,840030016,Nonfarm Payrolls,True,"840030015,840030016,840030018,840030019",USD_840020001:Trade Balance|USD_840030017:Participation Rate|USD_840030020:Average Weekly Hours|USD_840030022:Government Payrolls|USD_840030023:Private Nonfarm Payrolls|USD_840030024:U6 Unemployment Rate|USD_840030032:Manufacturing Payrolls|CAD_124010011:Employment Change|CAD_124010012:Full-Time Employment Change|CAD_124010013:Part-Time Employment Change|CAD_124010014:Unemployment Rate|CAD_124010015:Participation Rate|CAD_124010016:Imports|CAD_124010017:Exports|CAD_124010018:Trade Balance,True,True,False,151.0,,292.0,262.0,,-141.0,MISSING,NEGATIVE,,,-1,-1,True,1454691600,2016.02.05 17:00:00,1800,True,True,0.002250,True,True,True,True,True,True,False,False,False,True,True,True,excluded_missing_forecast,excluded_missing_forecast,excluded_missing_forecast,,,
USD_NFP_1454689800,1454689800,2016.02.05 16:30:00,2016,CORE_2015_2025,NFP,USDJPY,BASE,840030016,Nonfarm Payrolls,True,"840030015,840030016,840030018,840030019",USD_840020001:Trade Balance|USD_840030017:Participation Rate|USD_840030020:Average Weekly Hours|USD_840030022:Government Payrolls|USD_840030023:Private Nonfarm Payrolls|USD_840030024:U6 Unemployment Rate|USD_840030032:Manufacturing Payrolls|CAD_124010011:Employment Change|CAD_124010012:Full-Time Employment Change|CAD_124010013:Part-Time Employment Change|CAD_124010014:Unemployment Rate|CAD_124010015:Participation Rate|CAD_124010016:Imports|CAD_124010017:Exports|CAD_124010018:Trade Balance,True,True,False,151.0,,292.0,262.0,,-141.0,MISSING,NEGATIVE,,,-1,-1,True,1454691600,2016.02.05 17:00:00,1800,True,True,0.287782,True,True,True,True,True,True,False,False,False,True,True,True,excluded_missing_forecast,excluded_missing_forecast,excluded_missing_forecast,,,
USD_NFP_1457109000,1457109000,2016.03.04 16:30:00,2016,CORE_2015_2025,NFP,AUDUSD,QUOTE,840030016,Nonfarm Payrolls,True,"840030015,840030016,840030018,840030019",USD_840020001:Trade Balance|USD_840030017:Participation Rate|USD_840030020:Average Weekly Hours|USD_840030022:Government Payrolls|USD_840030023:Private Nonfarm Payrolls|USD_840030024:U6 Unemployment Rate|USD_840030032:Manufacturing Payrolls|CAD_124010016:Imports|CAD_124010017:Exports|CAD_124010018:Trade Balance|CAD_124010028:Labor Productivity q/q,False,True,False,242.0,,151.0,172.0,,91.0,MISSING,POSITIVE,,,1,-1,True,1457110800,2016.03.04 17:00:00,1800,True,True,0.001623,True,True,True,True,True,True,False,False,False,True,True,True,excluded_missing_forecast,excluded_missing_forecast,excluded_missing_forecast,,,
USD_NFP_1457109000,1457109000,2016.03.04 16:30:00,2016,CORE_2015_2025,NFP,EURUSD,QUOTE,840030016,Nonfarm Payrolls,True,"840030015,840030016,840030018,840030019",USD_840020001:Trade Balance|USD_840030017:Participation Rate|USD_840030020:Average Weekly Hours|USD_840030022:Government Payrolls|USD_840030023:Private Nonfarm Payrolls|USD_840030024:U6 Unemployment Rate|USD_840030032:Manufacturing Payrolls|CAD_124010016:Imports|CAD_124010017:Exports|CAD_124010018:Trade Balance|CAD_124010028:Labor Productivity q/q,False,True,False,242.0,,151.0,172.0,,91.0,MISSING,POSITIVE,,,1,-1,True,1457110800,2016.03.04 17:00:00,1800,True,True,0.002129,True,True,True,True,True,True,False,False,False,True,True,True,excluded_missing_forecast,excluded_missing_forecast,excluded_missing_forecast,,,
USD_NFP_1457109000,1457109000,2016.03.04 16:30:00,2016,CORE_2015_2025,NFP,GBPUSD,QUOTE,840030016,Nonfarm Payrolls,True,"840030015,840030016,840030018,840030019",USD_840020001:Trade Balance|USD_840030017:Participation Rate|USD_840030020:Average Weekly Hours|USD_840030022:Government Payrolls|USD_840030023:Private Nonfarm Payrolls|USD_840030024:U6 Unemployment Rate|USD_840030032:Manufacturing Payrolls|CAD_124010016:Imports|CAD_124010017:Exports|CAD_124010018:Trade Balance|CAD_124010028:Labor Productivity q/q,False,True,False,242.0,,151.0,172.0,,91.0,MISSING,POSITIVE,,,1,-1,True,1457110800,2016.03.04 17:00:00,1800,True,True,0.002543,True,True,True,True,True,True,False,False,False,True,True,True,excluded_missing_forecast,excluded_missing_forecast,excluded_missing_forecast,,,
USD_NFP_1457109000,1457109000,2016.03.04 16:30:00,2016,CORE_2015_2025,NFP,NZDUSD,QUOTE,840030016,Nonfarm Payrolls,True,"840030015,840030016,840030018,840030019",USD_840020001:Trade Balance|USD_840030017:Participation Rate|USD_840030020:Average Weekly Hours|USD_840030022:Government Payrolls|USD_840030023:Private Nonfarm Payrolls|USD_840030024:U6 Unemployment Rate|USD_840030032:Manufacturing Payrolls|CAD_124010016:Imports|CAD_124010017:Exports|CAD_124010018:Trade Balance|CAD_124010028:Labor Productivity q/q,False,True,False,242.0,,151.0,172.0,,91.0,MISSING,POSITIVE,,,1,-1,True,1457110800,2016.03.04 17:00:00,1800,True,True,0.001601,True,True,True,True,True,True,False,False,False,True,True,True,excluded_missing_forecast,excluded_missing_forecast,excluded_missing_forecast,,,
USD_NFP_1457109000,1457109000,2016.03.04 16:30:00,2016,CORE_2015_2025,NFP,USDCAD,BASE,840030016,Nonfarm Payrolls,True,"840030015,840030016,840030018,840030019",USD_840020001:Trade Balance|USD_840030017:Participation Rate|USD_840030020:Average Weekly Hours|USD_840030022:Government Payrolls|USD_840030023:Private Nonfarm Payrolls|USD_840030024:U6 Unemployment Rate|USD_840030032:Manufacturing Payrolls|CAD_124010016:Imports|CAD_124010017:Exports|CAD_124010018:Trade Balance|CAD_124010028:Labor Productivity q/q,False,True,False,242.0,,151.0,172.0,,91.0,MISSING,POSITIVE,,,1,1,True,1457110800,2016.03.04 17:00:00,1800,True,True,0.002296,True,True,True,True,True,True,False,False,False,True,True,True,excluded_missing_forecast,excluded_missing_forecast,excluded_missing_forecast,,,
USD_NFP_1457109000,1457109000,2016.03.04 16:30:00,2016,CORE_2015_2025,NFP,USDCHF,BASE,840030016,Nonfarm Payrolls,True,"840030015,840030016,840030018,840030019",USD_840020001:Trade Balance|USD_840030017:Participation Rate|USD_840030020:Average Weekly Hours|USD_840030022:Government Payrolls|USD_840030023:Private Nonfarm Payrolls|USD_840030024:U6 Unemployment Rate|USD_840030032:Manufacturing Payrolls|CAD_124010016:Imports|CAD_124010017:Exports|CAD_124010018:Trade Balance|CAD_124010028:Labor Productivity q/q,False,True,False,242.0,,151.0,172.0,,91.0,MISSING,POSITIVE,,,1,1,True,1457110800,2016.03.04 17:00:00,1800,True,True,0.001960,True,True,True,True,True,True,False,False,False,True,True,True,excluded_missing_forecast,excluded_missing_forecast,excluded_missing_forecast,,,
USD_NFP_1457109000,1457109000,2016.03.04 16:30:00,2016,CORE_2015_2025,NFP,USDJPY,BASE,840030016,Nonfarm Payrolls,True,"840030015,840030016,840030018,840030019",USD_840020001:Trade Balance|USD_840030017:Participation Rate|USD_840030020:Average Weekly Hours|USD_840030022:Government Payrolls|USD_840030023:Private Nonfarm Payrolls|USD_840030024:U6 Unemployment Rate|USD_840030032:Manufacturing Payrolls|CAD_124010016:Imports|CAD_124010017:Exports|CAD_124010018:Trade Balance|CAD_124010028:Labor Productivity q/q,False,True,False,242.0,,151.0,172.0,,91.0,MISSING,POSITIVE,,,1,1,True,1457110800,2016.03.04 17:00:00,1800,True,True,0.220425,True,True,True,True,True,True,False,False,False,True,True,True,excluded_missing_forecast,excluded_missing_forecast,excluded_missing_forecast,,,
USD_NFP_1459524600,1459524600,2016.04.01 15:30:00,2016,CORE_2015_2025,NFP,AUDUSD,QUOTE,840030016,Nonfarm Payrolls,True,"840030015,840030016,840030018,840030019",USD_840030017:Participation Rate|USD_840030020:Average Weekly Hours|USD_840030022:Government Payrolls|USD_840030023:Private Nonfarm Payrolls|USD_840030024:U6 Unemployment Rate|USD_840030032:Manufacturing Payrolls,False,False,False,215.0,,242.0,245.0,,-27.0,MISSING,NEGATIVE,,,-1,1,True,1459526400,2016.04.01 16:00:00,1800,True,True,0.001844,True,True,True,True,True,True,False,False,False,True,True,True,excluded_missing_forecast,excluded_missing_forecast,excluded_missing_forecast,,,
USD_NFP_1459524600,1459524600,2016.04.01 15:30:00,2016,CORE_2015_2025,NFP,EURUSD,QUOTE,840030016,Nonfarm Payrolls,True,"840030015,840030016,840030018,840030019",USD_840030017:Participation Rate|USD_840030020:Average Weekly Hours|USD_840030022:Government Payrolls|USD_840030023:Private Nonfarm Payrolls|USD_840030024:U6 Unemployment Rate|USD_840030032:Manufacturing Payrolls,False,False,False,215.0,,242.0,245.0,,-27.0,MISSING,NEGATIVE,,,-1,1,True,1459526400,2016.04.01 16:00:00,1800,True,True,0.001450,True,True,True,True,True,True,False,False,False,True,True,True,excluded_missing_forecast,excluded_missing_forecast,excluded_missing_forecast,,,
USD_NFP_1459524600,1459524600,2016.04.01 15:30:00,2016,CORE_2015_2025,NFP,GBPUSD,QUOTE,840030016,Nonfarm Payrolls,True,"840030015,840030016,840030018,840030019",USD_840030017:Participation Rate|USD_840030020:Average Weekly Hours|USD_840030022:Government Payrolls|USD_840030023:Private Nonfarm Payrolls|USD_840030024:U6 Unemployment Rate|USD_840030032:Manufacturing Payrolls,False,False,False,215.0,,242.0,245.0,,-27.0,MISSING,NEGATIVE,,,-1,1,True,1459526400,2016.04.01 16:00:00,1800,True,True,0.002651,True,True,True,True,True,True,False,False,False,True,True,True,excluded_missing_forecast,excluded_missing_forecast,excluded_missing_forecast,,,
USD_NFP_1459524600,1459524600,2016.04.01 15:30:00,2016,CORE_2015_2025,NFP,NZDUSD,QUOTE,840030016,Nonfarm Payrolls,True,"840030015,840030016,840030018,840030019",USD_840030017:Participation Rate|USD_840030020:Average Weekly Hours|USD_840030022:Government Payrolls|USD_840030023:Private Nonfarm Payrolls|USD_840030024:U6 Unemployment Rate|USD_840030032:Manufacturing Payrolls,False,False,False,215.0,,242.0,245.0,,-27.0,MISSING,NEGATIVE,,,-1,1,True,1459526400,2016.04.01 16:00:00,1800,True,True,0.001642,True,True,True,True,True,True,False,False,False,True,True,True,excluded_missing_forecast,excluded_missing_forecast,excluded_missing_forecast,,,
USD_NFP_1459524600,1459524600,2016.04.01 15:30:00,2016,CORE_2015_2025,NFP,USDCAD,BASE,840030016,Nonfarm Payrolls,True,"840030015,840030016,840030018,840030019",USD_840030017:Participation Rate|USD_840030020:Average Weekly Hours|USD_840030022:Government Payrolls|USD_840030023:Private Nonfarm Payrolls|USD_840030024:U6 Unemployment Rate|USD_840030032:Manufacturing Payrolls,False,False,False,215.0,,242.0,245.0,,-27.0,MISSING,NEGATIVE,,,-1,-1,True,1459526400,2016.04.01 16:00:00,1800,True,True,0.002533,True,True,True,True,True,True,False,False,False,True,True,True,excluded_missing_forecast,excluded_missing_forecast,excluded_missing_forecast,,,
USD_NFP_1459524600,1459524600,2016.04.01 15:30:00,2016,CORE_2015_2025,NFP,USDCHF,BASE,840030016,Nonfarm Payrolls,True,"840030015,840030016,840030018,840030019",USD_840030017:Participation Rate|USD_840030020:Average Weekly Hours|USD_840030022:Government Payrolls|USD_840030023:Private Nonfarm Payrolls|USD_840030024:U6 Unemployment Rate|USD_840030032:Manufacturing Payrolls,False,False,False,215.0,,242.0,245.0,,-27.0,MISSING,NEGATIVE,,,-1,-1,True,1459526400,2016.04.01 16:00:00,1800,True,True,0.001316,True,True,True,True,True,True,False,False,False,True,True,True,excluded_missing_forecast,excluded_missing_forecast,excluded_missing_forecast,,,
USD_NFP_1459524600,1459524600,2016.04.01 15:30:00,2016,CORE_2015_2025,NFP,USDJPY,BASE,840030016,Nonfarm Payrolls,True,"840030015,840030016,840030018,840030019",USD_840030017:Participation Rate|USD_840030020:Average Weekly Hours|USD_840030022:Government Payrolls|USD_840030023:Private Nonfarm Payrolls|USD_840030024:U6 Unemployment Rate|USD_840030032:Manufacturing Payrolls,False,False,False,215.0,,242.0,245.0,,-27.0,MISSING,NEGATIVE,,,-1,-1,True,1459526400,2016.04.01 16:00:00,1800,True,True,0.171975,True,True,True,True,True,True,False,False,False,True,True,True,excluded_missing_forecast,excluded_missing_forecast,excluded_missing_forecast,,,
USD_NFP_1462548600,1462548600,2016.05.06 15:30:00,2016,CORE_2015_2025,NFP,AUDUSD,QUOTE,840030016,Nonfarm Payrolls,True,"840030015,840030016,840030018,840030019",USD_840030017:Participation Rate|USD_840030020:Average Weekly Hours|USD_840030022:Government Payrolls|USD_840030023:Private Nonfarm Payrolls|USD_840030024:U6 Unemployment Rate|USD_840030032:Manufacturing Payrolls|CAD_124010011:Employment Change|CAD_124010012:Full-Time Employment Change|CAD_124010013:Part-Time Employment Change|CAD_124010014:Unemployment Rate|CAD_124010015:Participation Rate,True,False,False,160.0,,215.0,208.0,,-55.0,MISSING,NEGATIVE,,,-1,1,True,1462550400,2016.05.06 16:00:00,1800,True,True,0.001621,True,True,True,True,True,True,False,False,False,True,True,True,excluded_missing_forecast,excluded_missing_forecast,excluded_missing_forecast,,,
USD_NFP_1462548600,1462548600,2016.05.06 15:30:00,2016,CORE_2015_2025,NFP,EURUSD,QUOTE,840030016,Nonfarm Payrolls,True,"840030015,840030016,840030018,840030019",USD_840030017:Participation Rate|USD_840030020:Average Weekly Hours|USD_840030022:Government Payrolls|USD_840030023:Private Nonfarm Payrolls|USD_840030024:U6 Unemployment Rate|USD_840030032:Manufacturing Payrolls|CAD_124010011:Employment Change|CAD_124010012:Full-Time Employment Change|CAD_124010013:Part-Time Employment Change|CAD_124010014:Unemployment Rate|CAD_124010015:Participation Rate,True,False,False,160.0,,215.0,208.0,,-55.0,MISSING,NEGATIVE,,,-1,1,True,1462550400,2016.05.06 16:00:00,1800,True,True,0.001271,True,True,True,True,True,True,False,False,False,True,True,True,excluded_missing_forecast,excluded_missing_forecast,excluded_missing_forecast,,,
USD_NFP_1462548600,1462548600,2016.05.06 15:30:00,2016,CORE_2015_2025,NFP,GBPUSD,QUOTE,840030016,Nonfarm Payrolls,True,"840030015,840030016,840030018,840030019",USD_840030017:Participation Rate|USD_840030020:Average Weekly Hours|USD_840030022:Government Payrolls|USD_840030023:Private Nonfarm Payrolls|USD_840030024:U6 Unemployment Rate|USD_840030032:Manufacturing Payrolls|CAD_124010011:Employment Change|CAD_124010012:Full-Time Employment Change|CAD_124010013:Part-Time Employment Change|CAD_124010014:Unemployment Rate|CAD_124010015:Participation Rate,True,False,False,160.0,,215.0,208.0,,-55.0,MISSING,NEGATIVE,,,-1,1,True,1462550400,2016.05.06 16:00:00,1800,True,True,0.002079,True,True,True,True,True,True,False,False,False,True,True,True,excluded_missing_forecast,excluded_missing_forecast,excluded_missing_forecast,,,
USD_NFP_1462548600,1462548600,2016.05.06 15:30:00,2016,CORE_2015_2025,NFP,NZDUSD,QUOTE,840030016,Nonfarm Payrolls,True,"840030015,840030016,840030018,840030019",USD_840030017:Participation Rate|USD_840030020:Average Weekly Hours|USD_840030022:Government Payrolls|USD_840030023:Private Nonfarm Payrolls|USD_840030024:U6 Unemployment Rate|USD_840030032:Manufacturing Payrolls|CAD_124010011:Employment Change|CAD_124010012:Full-Time Employment Change|CAD_124010013:Part-Time Employment Change|CAD_124010014:Unemployment Rate|CAD_124010015:Participation Rate,True,False,False,160.0,,215.0,208.0,,-55.0,MISSING,NEGATIVE,,,-1,1,True,1462550400,2016.05.06 16:00:00,1800,True,True,0.001302,True,True,True,True,True,True,False,False,False,True,True,True,excluded_missing_forecast,excluded_missing_forecast,excluded_missing_forecast,,,
USD_NFP_1462548600,1462548600,2016.05.06 15:30:00,2016,CORE_2015_2025,NFP,USDCAD,BASE,840030016,Nonfarm Payrolls,True,"840030015,840030016,840030018,840030019",USD_840030017:Participation Rate|USD_840030020:Average Weekly Hours|USD_840030022:Government Payrolls|USD_840030023:Private Nonfarm Payrolls|USD_840030024:U6 Unemployment Rate|USD_840030032:Manufacturing Payrolls|CAD_124010011:Employment Change|CAD_124010012:Full-Time Employment Change|CAD_124010013:Part-Time Employment Change|CAD_124010014:Unemployment Rate|CAD_124010015:Participation Rate,True,False,False,160.0,,215.0,208.0,,-55.0,MISSING,NEGATIVE,,,-1,-1,True,1462550400,2016.05.06 16:00:00,1800,True,True,0.002159,True,True,True,True,True,True,False,False,False,True,True,True,excluded_missing_forecast,excluded_missing_forecast,excluded_missing_forecast,,,
USD_NFP_1462548600,1462548600,2016.05.06 15:30:00,2016,CORE_2015_2025,NFP,USDCHF,BASE,840030016,Nonfarm Payrolls,True,"840030015,840030016,840030018,840030019",USD_840030017:Participation Rate|USD_840030020:Average Weekly Hours|USD_840030022:Government Payrolls|USD_840030023:Private Nonfarm Payrolls|USD_840030024:U6 Unemployment Rate|USD_840030032:Manufacturing Payrolls|CAD_124010011:Employment Change|CAD_124010012:Full-Time Employment Change|CAD_124010013:Part-Time Employment Change|CAD_124010014:Unemployment Rate|CAD_124010015:Participation Rate,True,False,False,160.0,,215.0,208.0,,-55.0,MISSING,NEGATIVE,,,-1,-1,True,1462550400,2016.05.06 16:00:00,1800,True,True,0.001181,True,True,True,True,True,True,False,False,False,True,True,True,excluded_missing_forecast,excluded_missing_forecast,excluded_missing_forecast,,,
USD_NFP_1462548600,1462548600,2016.05.06 15:30:00,2016,CORE_2015_2025,NFP,USDJPY,BASE,840030016,Nonfarm Payrolls,True,"840030015,840030016,840030018,840030019",USD_840030017:Participation Rate|USD_840030020:Average Weekly Hours|USD_840030022:Government Payrolls|USD_840030023:Private Nonfarm Payrolls|USD_840030024:U6 Unemployment Rate|USD_840030032:Manufacturing Payrolls|CAD_124010011:Employment Change|CAD_124010012:Full-Time Employment Change|CAD_124010013:Part-Time Employment Change|CAD_124010014:Unemployment Rate|CAD_124010015:Participation Rate,True,False,False,160.0,,215.0,208.0,,-55.0,MISSING,NEGATIVE,,,-1,-1,True,1462550400,2016.05.06 16:00:00,1800,True,True,0.150163,True,True,True,True,True,True,False,False,False,True,True,True,excluded_missing_forecast,excluded_missing_forecast,excluded_missing_forecast,,,
USD_NFP_1464967800,1464967800,2016.06.03 15:30:00,2016,CORE_2015_2025,NFP,AUDUSD,QUOTE,840030016,Nonfarm Payrolls,True,"840030015,840030016,840030018,840030019",USD_840020001:Trade Balance|USD_840030017:Participation Rate|USD_840030020:Average Weekly Hours|USD_840030022:Government Payrolls|USD_840030023:Private Nonfarm Payrolls|USD_840030024:U6 Unemployment Rate|USD_840030032:Manufacturing Payrolls|CAD_124010016:Imports|CAD_124010017:Exports|CAD_124010018:Trade Balance|CAD_124010028:Labor Productivity q/q,False,True,False,38.0,,160.0,123.0,,-122.0,MISSING,NEGATIVE,,,-1,1,True,1464969600,2016.06.03 16:00:00,1800,True,True,0.001134,True,True,True,True,True,True,False,False,False,True,True,True,excluded_missing_forecast,excluded_missing_forecast,excluded_missing_forecast,,,
USD_NFP_1464967800,1464967800,2016.06.03 15:30:00,2016,CORE_2015_2025,NFP,EURUSD,QUOTE,840030016,Nonfarm Payrolls,True,"840030015,840030016,840030018,840030019",USD_840020001:Trade Balance|USD_840030017:Participation Rate|USD_840030020:Average Weekly Hours|USD_840030022:Government Payrolls|USD_840030023:Private Nonfarm Payrolls|USD_840030024:U6 Unemployment Rate|USD_840030032:Manufacturing Payrolls|CAD_124010016:Imports|CAD_124010017:Exports|CAD_124010018:Trade Balance|CAD_124010028:Labor Productivity q/q,False,True,False,38.0,,160.0,123.0,,-122.0,MISSING,NEGATIVE,,,-1,1,True,1464969600,2016.06.03 16:00:00,1800,True,True,0.001094,True,True,True,True,True,True,False,False,False,True,True,True,excluded_missing_forecast,excluded_missing_forecast,excluded_missing_forecast,,,
USD_NFP_1464967800,1464967800,2016.06.03 15:30:00,2016,CORE_2015_2025,NFP,GBPUSD,QUOTE,840030016,Nonfarm Payrolls,True,"840030015,840030016,840030018,840030019",USD_840020001:Trade Balance|USD_840030017:Participation Rate|USD_840030020:Average Weekly Hours|USD_840030022:Government Payrolls|USD_840030023:Private Nonfarm Payrolls|USD_840030024:U6 Unemployment Rate|USD_840030032:Manufacturing Payrolls|CAD_124010016:Imports|CAD_124010017:Exports|CAD_124010018:Trade Balance|CAD_124010028:Labor Productivity q/q,False,True,False,38.0,,160.0,123.0,,-122.0,MISSING,NEGATIVE,,,-1,1,True,1464969600,2016.06.03 16:00:00,1800,True,True,0.001978,True,True,True,True,True,True,False,False,False,True,True,True,excluded_missing_forecast,excluded_missing_forecast,excluded_missing_forecast,,,
USD_NFP_1464967800,1464967800,2016.06.03 15:30:00,2016,CORE_2015_2025,NFP,NZDUSD,QUOTE,840030016,Nonfarm Payrolls,True,"840030015,840030016,840030018,840030019",USD_840020001:Trade Balance|USD_840030017:Participation Rate|USD_840030020:Average Weekly Hours|USD_840030022:Government Payrolls|USD_840030023:Private Nonfarm Payrolls|USD_840030024:U6 Unemployment Rate|USD_840030032:Manufacturing Payrolls|CAD_124010016:Imports|CAD_124010017:Exports|CAD_124010018:Trade Balance|CAD_124010028:Labor Productivity q/q,False,True,False,38.0,,160.0,123.0,,-122.0,MISSING,NEGATIVE,,,-1,1,True,1464969600,2016.06.03 16:00:00,1800,True,True,0.001308,True,True,True,True,True,True,False,False,False,True,True,True,excluded_missing_forecast,excluded_missing_forecast,excluded_missing_forecast,,,
USD_NFP_1464967800,1464967800,2016.06.03 15:30:00,2016,CORE_2015_2025,NFP,USDCAD,BASE,840030016,Nonfarm Payrolls,True,"840030015,840030016,840030018,840030019",USD_840020001:Trade Balance|USD_840030017:Participation Rate|USD_840030020:Average Weekly Hours|USD_840030022:Government Payrolls|USD_840030023:Private Nonfarm Payrolls|USD_840030024:U6 Unemployment Rate|USD_840030032:Manufacturing Payrolls|CAD_124010016:Imports|CAD_124010017:Exports|CAD_124010018:Trade Balance|CAD_124010028:Labor Productivity q/q,False,True,False,38.0,,160.0,123.0,,-122.0,MISSING,NEGATIVE,,,-1,-1,True,1464969600,2016.06.03 16:00:00,1800,True,True,0.001435,True,True,True,True,True,True,False,False,False,True,True,True,excluded_missing_forecast,excluded_missing_forecast,excluded_missing_forecast,,,
USD_NFP_1464967800,1464967800,2016.06.03 15:30:00,2016,CORE_2015_2025,NFP,USDCHF,BASE,840030016,Nonfarm Payrolls,True,"840030015,840030016,840030018,840030019",USD_840020001:Trade Balance|USD_840030017:Participation Rate|USD_840030020:Average Weekly Hours|USD_840030022:Government Payrolls|USD_840030023:Private Nonfarm Payrolls|USD_840030024:U6 Unemployment Rate|USD_840030032:Manufacturing Payrolls|CAD_124010016:Imports|CAD_124010017:Exports|CAD_124010018:Trade Balance|CAD_124010028:Labor Productivity q/q,False,True,False,38.0,,160.0,123.0,,-122.0,MISSING,NEGATIVE,,,-1,-1,True,1464969600,2016.06.03 16:00:00,1800,True,True,0.000988,True,True,True,True,True,True,False,False,False,True,True,True,excluded_missing_forecast,excluded_missing_forecast,excluded_missing_forecast,,,
USD_NFP_1464967800,1464967800,2016.06.03 15:30:00,2016,CORE_2015_2025,NFP,USDJPY,BASE,840030016,Nonfarm Payrolls,True,"840030015,840030016,840030018,840030019",USD_840020001:Trade Balance|USD_840030017:Participation Rate|USD_840030020:Average Weekly Hours|USD_840030022:Government Payrolls|USD_840030023:Private Nonfarm Payrolls|USD_840030024:U6 Unemployment Rate|USD_840030032:Manufacturing Payrolls|CAD_124010016:Imports|CAD_124010017:Exports|CAD_124010018:Trade Balance|CAD_124010028:Labor Productivity q/q,False,True,False,38.0,,160.0,123.0,,-122.0,MISSING,NEGATIVE,,,-1,-1,True,1464969600,2016.06.03 16:00:00,1800,True,True,0.176010,True,True,True,True,True,True,False,False,False,True,True,True,excluded_missing_forecast,excluded_missing_forecast,excluded_missing_forecast,,,
USD_NFP_1467991800,1467991800,2016.07.08 15:30:00,2016,CORE_2015_2025,NFP,AUDUSD,QUOTE,840030016,Nonfarm Payrolls,True,"840030015,840030016,840030018,840030019",USD_840030017:Participation Rate|USD_840030020:Average Weekly Hours|USD_840030022:Government Payrolls|USD_840030023:Private Nonfarm Payrolls|USD_840030024:U6 Unemployment Rate|USD_840030032:Manufacturing Payrolls|CAD_124010011:Employment Change|CAD_124010012:Full-Time Employment Change|CAD_124010013:Part-Time Employment Change|CAD_124010014:Unemployment Rate|CAD_124010015:Participation Rate,True,False,False,287.0,,38.0,11.0,,249.0,MISSING,POSITIVE,,,1,-1,True,1467993600,2016.07.08 16:00:00,1800,True,True,0.001376,True,True,True,True,True,True,False,False,False,True,True,True,excluded_missing_forecast,excluded_missing_forecast,excluded_missing_forecast,,,
USD_NFP_1467991800,1467991800,2016.07.08 15:30:00,2016,CORE_2015_2025,NFP,EURUSD,QUOTE,840030016,Nonfarm Payrolls,True,"840030015,840030016,840030018,840030019",USD_840030017:Participation Rate|USD_840030020:Average Weekly Hours|USD_840030022:Government Payrolls|USD_840030023:Private Nonfarm Payrolls|USD_840030024:U6 Unemployment Rate|USD_840030032:Manufacturing Payrolls|CAD_124010011:Employment Change|CAD_124010012:Full-Time Employment Change|CAD_124010013:Part-Time Employment Change|CAD_124010014:Unemployment Rate|CAD_124010015:Participation Rate,True,False,False,287.0,,38.0,11.0,,249.0,MISSING,POSITIVE,,,1,-1,True,1467993600,2016.07.08 16:00:00,1800,True,True,0.001244,True,True,True,True,True,True,False,False,False,True,True,True,excluded_missing_forecast,excluded_missing_forecast,excluded_missing_forecast,,,
USD_NFP_1467991800,1467991800,2016.07.08 15:30:00,2016,CORE_2015_2025,NFP,GBPUSD,QUOTE,840030016,Nonfarm Payrolls,True,"840030015,840030016,840030018,840030019",USD_840030017:Participation Rate|USD_840030020:Average Weekly Hours|USD_840030022:Government Payrolls|USD_840030023:Private Nonfarm Payrolls|USD_840030024:U6 Unemployment Rate|USD_840030032:Manufacturing Payrolls|CAD_124010011:Employment Change|CAD_124010012:Full-Time Employment Change|CAD_124010013:Part-Time Employment Change|CAD_124010014:Unemployment Rate|CAD_124010015:Participation Rate,True,False,False,287.0,,38.0,11.0,,249.0,MISSING,POSITIVE,,,1,-1,True,1467993600,2016.07.08 16:00:00,1800,True,True,0.003161,True,True,True,True,True,True,False,False,False,True,True,True,excluded_missing_forecast,excluded_missing_forecast,excluded_missing_forecast,,,
USD_NFP_1467991800,1467991800,2016.07.08 15:30:00,2016,CORE_2015_2025,NFP,NZDUSD,QUOTE,840030016,Nonfarm Payrolls,True,"840030015,840030016,840030018,840030019",USD_840030017:Participation Rate|USD_840030020:Average Weekly Hours|USD_840030022:Government Payrolls|USD_840030023:Private Nonfarm Payrolls|USD_840030024:U6 Unemployment Rate|USD_840030032:Manufacturing Payrolls|CAD_124010011:Employment Change|CAD_124010012:Full-Time Employment Change|CAD_124010013:Part-Time Employment Change|CAD_124010014:Unemployment Rate|CAD_124010015:Participation Rate,True,False,False,287.0,,38.0,11.0,,249.0,MISSING,POSITIVE,,,1,-1,True,1467993600,2016.07.08 16:00:00,1800,True,True,0.001531,True,True,True,True,True,True,False,False,False,True,True,True,excluded_missing_forecast,excluded_missing_forecast,excluded_missing_forecast,,,
USD_NFP_1467991800,1467991800,2016.07.08 15:30:00,2016,CORE_2015_2025,NFP,USDCAD,BASE,840030016,Nonfarm Payrolls,True,"840030015,840030016,840030018,840030019",USD_840030017:Participation Rate|USD_840030020:Average Weekly Hours|USD_840030022:Government Payrolls|USD_840030023:Private Nonfarm Payrolls|USD_840030024:U6 Unemployment Rate|USD_840030032:Manufacturing Payrolls|CAD_124010011:Employment Change|CAD_124010012:Full-Time Employment Change|CAD_124010013:Part-Time Employment Change|CAD_124010014:Unemployment Rate|CAD_124010015:Participation Rate,True,False,False,287.0,,38.0,11.0,,249.0,MISSING,POSITIVE,,,1,1,True,1467993600,2016.07.08 16:00:00,1800,True,True,0.001667,True,True,True,True,True,True,False,False,False,True,True,True,excluded_missing_forecast,excluded_missing_forecast,excluded_missing_forecast,,,
USD_NFP_1467991800,1467991800,2016.07.08 15:30:00,2016,CORE_2015_2025,NFP,USDCHF,BASE,840030016,Nonfarm Payrolls,True,"840030015,840030016,840030018,840030019",USD_840030017:Participation Rate|USD_840030020:Average Weekly Hours|USD_840030022:Government Payrolls|USD_840030023:Private Nonfarm Payrolls|USD_840030024:U6 Unemployment Rate|USD_840030032:Manufacturing Payrolls|CAD_124010011:Employment Change|CAD_124010012:Full-Time Employment Change|CAD_124010013:Part-Time Employment Change|CAD_124010014:Unemployment Rate|CAD_124010015:Participation Rate,True,False,False,287.0,,38.0,11.0,,249.0,MISSING,POSITIVE,,,1,1,True,1467993600,2016.07.08 16:00:00,1800,True,True,0.001026,True,True,True,True,True,True,False,False,False,True,True,True,excluded_missing_forecast,excluded_missing_forecast,excluded_missing_forecast,,,
USD_NFP_1467991800,1467991800,2016.07.08 15:30:00,2016,CORE_2015_2025,NFP,USDJPY,BASE,840030016,Nonfarm Payrolls,True,"840030015,840030016,840030018,840030019",USD_840030017:Participation Rate|USD_840030020:Average Weekly Hours|USD_840030022:Government Payrolls|USD_840030023:Private Nonfarm Payrolls|USD_840030024:U6 Unemployment Rate|USD_840030032:Manufacturing Payrolls|CAD_124010011:Employment Change|CAD_124010012:Full-Time Employment Change|CAD_124010013:Part-Time Employment Change|CAD_124010014:Unemployment Rate|CAD_124010015:Participation Rate,True,False,False,287.0,,38.0,11.0,,249.0,MISSING,POSITIVE,,,1,1,True,1467993600,2016.07.08 16:00:00,1800,True,True,0.194132,True,True,True,True,True,True,False,False,False,True,True,True,excluded_missing_forecast,excluded_missing_forecast,excluded_missing_forecast,,,
USD_NFP_1470411000,1470411000,2016.08.05 15:30:00,2016,CORE_2015_2025,NFP,AUDUSD,QUOTE,840030016,Nonfarm Payrolls,True,"840030015,840030016,840030018,840030019",USD_840020001:Trade Balance|USD_840030017:Participation Rate|USD_840030020:Average Weekly Hours|USD_840030022:Government Payrolls|USD_840030023:Private Nonfarm Payrolls|USD_840030024:U6 Unemployment Rate|USD_840030032:Manufacturing Payrolls|CAD_124010011:Employment Change|CAD_124010012:Full-Time Employment Change|CAD_124010013:Part-Time Employment Change|CAD_124010014:Unemployment Rate|CAD_124010015:Participation Rate|CAD_124010016:Imports|CAD_124010017:Exports|CAD_124010018:Trade Balance,True,True,False,255.0,,287.0,292.0,,-32.0,MISSING,NEGATIVE,,,-1,1,True,1470412800,2016.08.05 16:00:00,1800,True,True,0.001115,True,True,True,True,True,True,False,False,False,True,True,True,excluded_missing_forecast,excluded_missing_forecast,excluded_missing_forecast,,,
USD_NFP_1470411000,1470411000,2016.08.05 15:30:00,2016,CORE_2015_2025,NFP,EURUSD,QUOTE,840030016,Nonfarm Payrolls,True,"840030015,840030016,840030018,840030019",USD_840020001:Trade Balance|USD_840030017:Participation Rate|USD_840030020:Average Weekly Hours|USD_840030022:Government Payrolls|USD_840030023:Private Nonfarm Payrolls|USD_840030024:U6 Unemployment Rate|USD_840030032:Manufacturing Payrolls|CAD_124010011:Employment Change|CAD_124010012:Full-Time Employment Change|CAD_124010013:Part-Time Employment Change|CAD_124010014:Unemployment Rate|CAD_124010015:Participation Rate|CAD_124010016:Imports|CAD_124010017:Exports|CAD_124010018:Trade Balance,True,True,False,255.0,,287.0,292.0,,-32.0,MISSING,NEGATIVE,,,-1,1,True,1470412800,2016.08.05 16:00:00,1800,True,True,0.000932,True,True,True,True,True,True,False,False,False,True,True,True,excluded_missing_forecast,excluded_missing_forecast,excluded_missing_forecast,,,
USD_NFP_1470411000,1470411000,2016.08.05 15:30:00,2016,CORE_2015_2025,NFP,GBPUSD,QUOTE,840030016,Nonfarm Payrolls,True,"840030015,840030016,840030018,840030019",USD_840020001:Trade Balance|USD_840030017:Participation Rate|USD_840030020:Average Weekly Hours|USD_840030022:Government Payrolls|USD_840030023:Private Nonfarm Payrolls|USD_840030024:U6 Unemployment Rate|USD_840030032:Manufacturing Payrolls|CAD_124010011:Employment Change|CAD_124010012:Full-Time Employment Change|CAD_124010013:Part-Time Employment Change|CAD_124010014:Unemployment Rate|CAD_124010015:Participation Rate|CAD_124010016:Imports|CAD_124010017:Exports|CAD_124010018:Trade Balance,True,True,False,255.0,,287.0,292.0,,-32.0,MISSING,NEGATIVE,,,-1,1,True,1470412800,2016.08.05 16:00:00,1800,True,True,0.002181,True,True,True,True,True,True,False,False,False,True,True,True,excluded_missing_forecast,excluded_missing_forecast,excluded_missing_forecast,,,
USD_NFP_1470411000,1470411000,2016.08.05 15:30:00,2016,CORE_2015_2025,NFP,NZDUSD,QUOTE,840030016,Nonfarm Payrolls,True,"840030015,840030016,840030018,840030019",USD_840020001:Trade Balance|USD_840030017:Participation Rate|USD_840030020:Average Weekly Hours|USD_840030022:Government Payrolls|USD_840030023:Private Nonfarm Payrolls|USD_840030024:U6 Unemployment Rate|USD_840030032:Manufacturing Payrolls|CAD_124010011:Employment Change|CAD_124010012:Full-Time Employment Change|CAD_124010013:Part-Time Employment Change|CAD_124010014:Unemployment Rate|CAD_124010015:Participation Rate|CAD_124010016:Imports|CAD_124010017:Exports|CAD_124010018:Trade Balance,True,True,False,255.0,,287.0,292.0,,-32.0,MISSING,NEGATIVE,,,-1,1,True,1470412800,2016.08.05 16:00:00,1800,True,True,0.001123,True,True,True,True,True,True,False,False,False,True,True,True,excluded_missing_forecast,excluded_missing_forecast,excluded_missing_forecast,,,
USD_NFP_1470411000,1470411000,2016.08.05 15:30:00,2016,CORE_2015_2025,NFP,USDCAD,BASE,840030016,Nonfarm Payrolls,True,"840030015,840030016,840030018,840030019",USD_840020001:Trade Balance|USD_840030017:Participation Rate|USD_840030020:Average Weekly Hours|USD_840030022:Government Payrolls|USD_840030023:Private Nonfarm Payrolls|USD_840030024:U6 Unemployment Rate|USD_840030032:Manufacturing Payrolls|CAD_124010011:Employment Change|CAD_124010012:Full-Time Employment Change|CAD_124010013:Part-Time Employment Change|CAD_124010014:Unemployment Rate|CAD_124010015:Participation Rate|CAD_124010016:Imports|CAD_124010017:Exports|CAD_124010018:Trade Balance,True,True,False,255.0,,287.0,292.0,,-32.0,MISSING,NEGATIVE,,,-1,-1,True,1470412800,2016.08.05 16:00:00,1800,True,True,0.001419,True,True,True,True,True,True,False,False,False,True,True,True,excluded_missing_forecast,excluded_missing_forecast,excluded_missing_forecast,,,
USD_NFP_1470411000,1470411000,2016.08.05 15:30:00,2016,CORE_2015_2025,NFP,USDCHF,BASE,840030016,Nonfarm Payrolls,True,"840030015,840030016,840030018,840030019",USD_840020001:Trade Balance|USD_840030017:Participation Rate|USD_840030020:Average Weekly Hours|USD_840030022:Government Payrolls|USD_840030023:Private Nonfarm Payrolls|USD_840030024:U6 Unemployment Rate|USD_840030032:Manufacturing Payrolls|CAD_124010011:Employment Change|CAD_124010012:Full-Time Employment Change|CAD_124010013:Part-Time Employment Change|CAD_124010014:Unemployment Rate|CAD_124010015:Participation Rate|CAD_124010016:Imports|CAD_124010017:Exports|CAD_124010018:Trade Balance,True,True,False,255.0,,287.0,292.0,,-32.0,MISSING,NEGATIVE,,,-1,-1,True,1470412800,2016.08.05 16:00:00,1800,True,True,0.000922,True,True,True,True,True,True,False,False,False,True,True,True,excluded_missing_forecast,excluded_missing_forecast,excluded_missing_forecast,,,
USD_NFP_1470411000,1470411000,2016.08.05 15:30:00,2016,CORE_2015_2025,NFP,USDJPY,BASE,840030016,Nonfarm Payrolls,True,"840030015,840030016,840030018,840030019",USD_840020001:Trade Balance|USD_840030017:Participation Rate|USD_840030020:Average Weekly Hours|USD_840030022:Government Payrolls|USD_840030023:Private Nonfarm Payrolls|USD_840030024:U6 Unemployment Rate|USD_840030032:Manufacturing Payrolls|CAD_124010011:Employment Change|CAD_124010012:Full-Time Employment Change|CAD_124010013:Part-Time Employment Change|CAD_124010014:Unemployment Rate|CAD_124010015:Participation Rate|CAD_124010016:Imports|CAD_124010017:Exports|CAD_124010018:Trade Balance,True,True,False,255.0,,287.0,292.0,,-32.0,MISSING,NEGATIVE,,,-1,-1,True,1470412800,2016.08.05 16:00:00,1800,True,True,0.139311,True,True,True,True,True,True,False,False,False,True,True,True,excluded_missing_forecast,excluded_missing_forecast,excluded_missing_forecast,,,
USD_NFP_1472830200,1472830200,2016.09.02 15:30:00,2016,CORE_2015_2025,NFP,AUDUSD,QUOTE,840030016,Nonfarm Payrolls,True,"840030015,840030016,840030018,840030019",USD_840020001:Trade Balance|USD_840030017:Participation Rate|USD_840030020:Average Weekly Hours|USD_840030022:Government Payrolls|USD_840030023:Private Nonfarm Payrolls|USD_840030024:U6 Unemployment Rate|USD_840030032:Manufacturing Payrolls|CAD_124010016:Imports|CAD_124010017:Exports|CAD_124010018:Trade Balance|CAD_124010028:Labor Productivity q/q,False,True,False,151.0,,255.0,275.0,,-104.0,MISSING,NEGATIVE,,,-1,1,True,1472832000,2016.09.02 16:00:00,1800,True,True,0.001083,True,True,True,True,True,True,False,False,False,True,True,True,excluded_missing_forecast,excluded_missing_forecast,excluded_missing_forecast,,,
USD_NFP_1472830200,1472830200,2016.09.02 15:30:00,2016,CORE_2015_2025,NFP,EURUSD,QUOTE,840030016,Nonfarm Payrolls,True,"840030015,840030016,840030018,840030019",USD_840020001:Trade Balance|USD_840030017:Participation Rate|USD_840030020:Average Weekly Hours|USD_840030022:Government Payrolls|USD_840030023:Private Nonfarm Payrolls|USD_840030024:U6 Unemployment Rate|USD_840030032:Manufacturing Payrolls|CAD_124010016:Imports|CAD_124010017:Exports|CAD_124010018:Trade Balance|CAD_124010028:Labor Productivity q/q,False,True,False,151.0,,255.0,275.0,,-104.0,MISSING,NEGATIVE,,,-1,1,True,1472832000,2016.09.02 16:00:00,1800,True,True,0.001079,True,True,True,True,True,True,False,False,False,True,True,True,excluded_missing_forecast,excluded_missing_forecast,excluded_missing_forecast,,,
USD_NFP_1472830200,1472830200,2016.09.02 15:30:00,2016,CORE_2015_2025,NFP,GBPUSD,QUOTE,840030016,Nonfarm Payrolls,True,"840030015,840030016,840030018,840030019",USD_840020001:Trade Balance|USD_840030017:Participation Rate|USD_840030020:Average Weekly Hours|USD_840030022:Government Payrolls|USD_840030023:Private Nonfarm Payrolls|USD_840030024:U6 Unemployment Rate|USD_840030032:Manufacturing Payrolls|CAD_124010016:Imports|CAD_124010017:Exports|CAD_124010018:Trade Balance|CAD_124010028:Labor Productivity q/q,False,True,False,151.0,,255.0,275.0,,-104.0,MISSING,NEGATIVE,,,-1,1,True,1472832000,2016.09.02 16:00:00,1800,True,True,0.001939,True,True,True,True,True,True,False,False,False,True,True,True,excluded_missing_forecast,excluded_missing_forecast,excluded_missing_forecast,,,
USD_NFP_1472830200,1472830200,2016.09.02 15:30:00,2016,CORE_2015_2025,NFP,NZDUSD,QUOTE,840030016,Nonfarm Payrolls,True,"840030015,840030016,840030018,840030019",USD_840020001:Trade Balance|USD_840030017:Participation Rate|USD_840030020:Average Weekly Hours|USD_840030022:Government Payrolls|USD_840030023:Private Nonfarm Payrolls|USD_840030024:U6 Unemployment Rate|USD_840030032:Manufacturing Payrolls|CAD_124010016:Imports|CAD_124010017:Exports|CAD_124010018:Trade Balance|CAD_124010028:Labor Productivity q/q,False,True,False,151.0,,255.0,275.0,,-104.0,MISSING,NEGATIVE,,,-1,1,True,1472832000,2016.09.02 16:00:00,1800,True,True,0.001267,True,True,True,True,True,True,False,False,False,True,True,True,excluded_missing_forecast,excluded_missing_forecast,excluded_missing_forecast,,,
USD_NFP_1472830200,1472830200,2016.09.02 15:30:00,2016,CORE_2015_2025,NFP,USDCAD,BASE,840030016,Nonfarm Payrolls,True,"840030015,840030016,840030018,840030019",USD_840020001:Trade Balance|USD_840030017:Participation Rate|USD_840030020:Average Weekly Hours|USD_840030022:Government Payrolls|USD_840030023:Private Nonfarm Payrolls|USD_840030024:U6 Unemployment Rate|USD_840030032:Manufacturing Payrolls|CAD_124010016:Imports|CAD_124010017:Exports|CAD_124010018:Trade Balance|CAD_124010028:Labor Productivity q/q,False,True,False,151.0,,255.0,275.0,,-104.0,MISSING,NEGATIVE,,,-1,-1,True,1472832000,2016.09.02 16:00:00,1800,True,True,0.001323,True,True,True,True,True,True,False,False,False,True,True,True,excluded_missing_forecast,excluded_missing_forecast,excluded_missing_forecast,,,
USD_NFP_1472830200,1472830200,2016.09.02 15:30:00,2016,CORE_2015_2025,NFP,USDCHF,BASE,840030016,Nonfarm Payrolls,True,"840030015,840030016,840030018,840030019",USD_840020001:Trade Balance|USD_840030017:Participation Rate|USD_840030020:Average Weekly Hours|USD_840030022:Government Payrolls|USD_840030023:Private Nonfarm Payrolls|USD_840030024:U6 Unemployment Rate|USD_840030032:Manufacturing Payrolls|CAD_124010016:Imports|CAD_124010017:Exports|CAD_124010018:Trade Balance|CAD_124010028:Labor Productivity q/q,False,True,False,151.0,,255.0,275.0,,-104.0,MISSING,NEGATIVE,,,-1,-1,True,1472832000,2016.09.02 16:00:00,1800,True,True,0.001089,True,True,True,True,True,True,False,False,False,True,True,True,excluded_missing_forecast,excluded_missing_forecast,excluded_missing_forecast,,,
USD_NFP_1472830200,1472830200,2016.09.02 15:30:00,2016,CORE_2015_2025,NFP,USDJPY,BASE,840030016,Nonfarm Payrolls,True,"840030015,840030016,840030018,840030019",USD_840020001:Trade Balance|USD_840030017:Participation Rate|USD_840030020:Average Weekly Hours|USD_840030022:Government Payrolls|USD_840030023:Private Nonfarm Payrolls|USD_840030024:U6 Unemployment Rate|USD_840030032:Manufacturing Payrolls|CAD_124010016:Imports|CAD_124010017:Exports|CAD_124010018:Trade Balance|CAD_124010028:Labor Productivity q/q,False,True,False,151.0,,255.0,275.0,,-104.0,MISSING,NEGATIVE,,,-1,-1,True,1472832000,2016.09.02 16:00:00,1800,True,True,0.148613,True,True,True,True,True,True,False,False,False,True,True,True,excluded_missing_forecast,excluded_missing_forecast,excluded_missing_forecast,,,
USD_NFP_1475854200,1475854200,2016.10.07 15:30:00,2016,CORE_2015_2025,NFP,AUDUSD,QUOTE,840030016,Nonfarm Payrolls,True,"840030015,840030016,840030018,840030019",USD_840030017:Participation Rate|USD_840030020:Average Weekly Hours|USD_840030022:Government Payrolls|USD_840030023:Private Nonfarm Payrolls|USD_840030024:U6 Unemployment Rate|USD_840030032:Manufacturing Payrolls|CAD_124010011:Employment Change|CAD_124010012:Full-Time Employment Change|CAD_124010013:Part-Time Employment Change|CAD_124010014:Unemployment Rate|CAD_124010015:Participation Rate,True,False,False,156.0,,151.0,167.0,,5.0,MISSING,POSITIVE,,,1,-1,True,1475856000,2016.10.07 16:00:00,1800,True,True,0.001131,True,True,True,True,True,True,False,False,False,True,True,True,excluded_missing_forecast,excluded_missing_forecast,excluded_missing_forecast,,,
USD_NFP_1475854200,1475854200,2016.10.07 15:30:00,2016,CORE_2015_2025,NFP,EURUSD,QUOTE,840030016,Nonfarm Payrolls,True,"840030015,840030016,840030018,840030019",USD_840030017:Participation Rate|USD_840030020:Average Weekly Hours|USD_840030022:Government Payrolls|USD_840030023:Private Nonfarm Payrolls|USD_840030024:U6 Unemployment Rate|USD_840030032:Manufacturing Payrolls|CAD_124010011:Employment Change|CAD_124010012:Full-Time Employment Change|CAD_124010013:Part-Time Employment Change|CAD_124010014:Unemployment Rate|CAD_124010015:Participation Rate,True,False,False,156.0,,151.0,167.0,,5.0,MISSING,POSITIVE,,,1,-1,True,1475856000,2016.10.07 16:00:00,1800,True,True,0.001352,True,True,True,True,True,True,False,False,False,True,True,True,excluded_missing_forecast,excluded_missing_forecast,excluded_missing_forecast,,,
USD_NFP_1475854200,1475854200,2016.10.07 15:30:00,2016,CORE_2015_2025,NFP,GBPUSD,QUOTE,840030016,Nonfarm Payrolls,True,"840030015,840030016,840030018,840030019",USD_840030017:Participation Rate|USD_840030020:Average Weekly Hours|USD_840030022:Government Payrolls|USD_840030023:Private Nonfarm Payrolls|USD_840030024:U6 Unemployment Rate|USD_840030032:Manufacturing Payrolls|CAD_124010011:Employment Change|CAD_124010012:Full-Time Employment Change|CAD_124010013:Part-Time Employment Change|CAD_124010014:Unemployment Rate|CAD_124010015:Participation Rate,True,False,False,156.0,,151.0,167.0,,5.0,MISSING,POSITIVE,,,1,-1,True,1475856000,2016.10.07 16:00:00,1800,True,True,0.008310,True,True,True,True,True,True,False,False,False,True,True,True,excluded_missing_forecast,excluded_missing_forecast,excluded_missing_forecast,,,
USD_NFP_1475854200,1475854200,2016.10.07 15:30:00,2016,CORE_2015_2025,NFP,NZDUSD,QUOTE,840030016,Nonfarm Payrolls,True,"840030015,840030016,840030018,840030019",USD_840030017:Participation Rate|USD_840030020:Average Weekly Hours|USD_840030022:Government Payrolls|USD_840030023:Private Nonfarm Payrolls|USD_840030024:U6 Unemployment Rate|USD_840030032:Manufacturing Payrolls|CAD_124010011:Employment Change|CAD_124010012:Full-Time Employment Change|CAD_124010013:Part-Time Employment Change|CAD_124010014:Unemployment Rate|CAD_124010015:Participation Rate,True,False,False,156.0,,151.0,167.0,,5.0,MISSING,POSITIVE,,,1,-1,True,1475856000,2016.10.07 16:00:00,1800,True,True,0.001235,True,True,True,True,True,True,False,False,False,True,True,True,excluded_missing_forecast,excluded_missing_forecast,excluded_missing_forecast,,,
USD_NFP_1475854200,1475854200,2016.10.07 15:30:00,2016,CORE_2015_2025,NFP,USDCAD,BASE,840030016,Nonfarm Payrolls,True,"840030015,840030016,840030018,840030019",USD_840030017:Participation Rate|USD_840030020:Average Weekly Hours|USD_840030022:Government Payrolls|USD_840030023:Private Nonfarm Payrolls|USD_840030024:U6 Unemployment Rate|USD_840030032:Manufacturing Payrolls|CAD_124010011:Employment Change|CAD_124010012:Full-Time Employment Change|CAD_124010013:Part-Time Employment Change|CAD_124010014:Unemployment Rate|CAD_124010015:Participation Rate,True,False,False,156.0,,151.0,167.0,,5.0,MISSING,POSITIVE,,,1,1,True,1475856000,2016.10.07 16:00:00,1800,True,True,0.001652,True,True,True,True,True,True,False,False,False,True,True,True,excluded_missing_forecast,excluded_missing_forecast,excluded_missing_forecast,,,
USD_NFP_1475854200,1475854200,2016.10.07 15:30:00,2016,CORE_2015_2025,NFP,USDCHF,BASE,840030016,Nonfarm Payrolls,True,"840030015,840030016,840030018,840030019",USD_840030017:Participation Rate|USD_840030020:Average Weekly Hours|USD_840030022:Government Payrolls|USD_840030023:Private Nonfarm Payrolls|USD_840030024:U6 Unemployment Rate|USD_840030032:Manufacturing Payrolls|CAD_124010011:Employment Change|CAD_124010012:Full-Time Employment Change|CAD_124010013:Part-Time Employment Change|CAD_124010014:Unemployment Rate|CAD_124010015:Participation Rate,True,False,False,156.0,,151.0,167.0,,5.0,MISSING,POSITIVE,,,1,1,True,1475856000,2016.10.07 16:00:00,1800,True,True,0.001193,True,True,True,True,True,True,False,False,False,True,True,True,excluded_missing_forecast,excluded_missing_forecast,excluded_missing_forecast,,,
USD_NFP_1475854200,1475854200,2016.10.07 15:30:00,2016,CORE_2015_2025,NFP,USDJPY,BASE,840030016,Nonfarm Payrolls,True,"840030015,840030016,840030018,840030019",USD_840030017:Participation Rate|USD_840030020:Average Weekly Hours|USD_840030022:Government Payrolls|USD_840030023:Private Nonfarm Payrolls|USD_840030024:U6 Unemployment Rate|USD_840030032:Manufacturing Payrolls|CAD_124010011:Employment Change|CAD_124010012:Full-Time Employment Change|CAD_124010013:Part-Time Employment Change|CAD_124010014:Unemployment Rate|CAD_124010015:Participation Rate,True,False,False,156.0,,151.0,167.0,,5.0,MISSING,POSITIVE,,,1,1,True,1475856000,2016.10.07 16:00:00,1800,True,True,0.152766,True,True,True,True,True,True,False,False,False,True,True,True,excluded_missing_forecast,excluded_missing_forecast,excluded_missing_forecast,,,
USD_NFP_1478273400,1478273400,2016.11.04 15:30:00,2016,CORE_2015_2025,NFP,AUDUSD,QUOTE,840030016,Nonfarm Payrolls,True,"840030015,840030016,840030018,840030019",USD_840020001:Trade Balance|USD_840030017:Participation Rate|USD_840030020:Average Weekly Hours|USD_840030022:Government Payrolls|USD_840030023:Private Nonfarm Payrolls|USD_840030024:U6 Unemployment Rate|USD_840030032:Manufacturing Payrolls|CAD_124010011:Employment Change|CAD_124010012:Full-Time Employment Change|CAD_124010013:Part-Time Employment Change|CAD_124010014:Unemployment Rate|CAD_124010015:Participation Rate|CAD_124010016:Imports|CAD_124010017:Exports|CAD_124010018:Trade Balance,True,True,False,161.0,,156.0,191.0,,5.0,MISSING,POSITIVE,,,1,-1,True,1478275200,2016.11.04 16:00:00,1800,True,True,0.001143,True,True,True,True,True,True,False,False,False,True,True,True,excluded_missing_forecast,excluded_missing_forecast,excluded_missing_forecast,,,
USD_NFP_1478273400,1478273400,2016.11.04 15:30:00,2016,CORE_2015_2025,NFP,EURUSD,QUOTE,840030016,Nonfarm Payrolls,True,"840030015,840030016,840030018,840030019",USD_840020001:Trade Balance|USD_840030017:Participation Rate|USD_840030020:Average Weekly Hours|USD_840030022:Government Payrolls|USD_840030023:Private Nonfarm Payrolls|USD_840030024:U6 Unemployment Rate|USD_840030032:Manufacturing Payrolls|CAD_124010011:Employment Change|CAD_124010012:Full-Time Employment Change|CAD_124010013:Part-Time Employment Change|CAD_124010014:Unemployment Rate|CAD_124010015:Participation Rate|CAD_124010016:Imports|CAD_124010017:Exports|CAD_124010018:Trade Balance,True,True,False,161.0,,156.0,191.0,,5.0,MISSING,POSITIVE,,,1,-1,True,1478275200,2016.11.04 16:00:00,1800,True,True,0.001355,True,True,True,True,True,True,False,False,False,True,True,True,excluded_missing_forecast,excluded_missing_forecast,excluded_missing_forecast,,,
USD_NFP_1478273400,1478273400,2016.11.04 15:30:00,2016,CORE_2015_2025,NFP,GBPUSD,QUOTE,840030016,Nonfarm Payrolls,True,"840030015,840030016,840030018,840030019",USD_840020001:Trade Balance|USD_840030017:Participation Rate|USD_840030020:Average Weekly Hours|USD_840030022:Government Payrolls|USD_840030023:Private Nonfarm Payrolls|USD_840030024:U6 Unemployment Rate|USD_840030032:Manufacturing Payrolls|CAD_124010011:Employment Change|CAD_124010012:Full-Time Employment Change|CAD_124010013:Part-Time Employment Change|CAD_124010014:Unemployment Rate|CAD_124010015:Participation Rate|CAD_124010016:Imports|CAD_124010017:Exports|CAD_124010018:Trade Balance,True,True,False,161.0,,156.0,191.0,,5.0,MISSING,POSITIVE,,,1,-1,True,1478275200,2016.11.04 16:00:00,1800,True,True,0.002079,True,True,True,True,True,True,False,False,False,True,True,True,excluded_missing_forecast,excluded_missing_forecast,excluded_missing_forecast,,,
USD_NFP_1478273400,1478273400,2016.11.04 15:30:00,2016,CORE_2015_2025,NFP,NZDUSD,QUOTE,840030016,Nonfarm Payrolls,True,"840030015,840030016,840030018,840030019",USD_840020001:Trade Balance|USD_840030017:Participation Rate|USD_840030020:Average Weekly Hours|USD_840030022:Government Payrolls|USD_840030023:Private Nonfarm Payrolls|USD_840030024:U6 Unemployment Rate|USD_840030032:Manufacturing Payrolls|CAD_124010011:Employment Change|CAD_124010012:Full-Time Employment Change|CAD_124010013:Part-Time Employment Change|CAD_124010014:Unemployment Rate|CAD_124010015:Participation Rate|CAD_124010016:Imports|CAD_124010017:Exports|CAD_124010018:Trade Balance,True,True,False,161.0,,156.0,191.0,,5.0,MISSING,POSITIVE,,,1,-1,True,1478275200,2016.11.04 16:00:00,1800,True,True,0.001228,True,True,True,True,True,True,False,False,False,True,True,True,excluded_missing_forecast,excluded_missing_forecast,excluded_missing_forecast,,,
USD_NFP_1478273400,1478273400,2016.11.04 15:30:00,2016,CORE_2015_2025,NFP,USDCAD,BASE,840030016,Nonfarm Payrolls,True,"840030015,840030016,840030018,840030019",USD_840020001:Trade Balance|USD_840030017:Participation Rate|USD_840030020:Average Weekly Hours|USD_840030022:Government Payrolls|USD_840030023:Private Nonfarm Payrolls|USD_840030024:U6 Unemployment Rate|USD_840030032:Manufacturing Payrolls|CAD_124010011:Employment Change|CAD_124010012:Full-Time Employment Change|CAD_124010013:Part-Time Employment Change|CAD_124010014:Unemployment Rate|CAD_124010015:Participation Rate|CAD_124010016:Imports|CAD_124010017:Exports|CAD_124010018:Trade Balance,True,True,False,161.0,,156.0,191.0,,5.0,MISSING,POSITIVE,,,1,1,True,1478275200,2016.11.04 16:00:00,1800,True,True,0.001588,True,True,True,True,True,True,False,False,False,True,True,True,excluded_missing_forecast,excluded_missing_forecast,excluded_missing_forecast,,,
USD_NFP_1478273400,1478273400,2016.11.04 15:30:00,2016,CORE_2015_2025,NFP,USDCHF,BASE,840030016,Nonfarm Payrolls,True,"840030015,840030016,840030018,840030019",USD_840020001:Trade Balance|USD_840030017:Participation Rate|USD_840030020:Average Weekly Hours|USD_840030022:Government Payrolls|USD_840030023:Private Nonfarm Payrolls|USD_840030024:U6 Unemployment Rate|USD_840030032:Manufacturing Payrolls|CAD_124010011:Employment Change|CAD_124010012:Full-Time Employment Change|CAD_124010013:Part-Time Employment Change|CAD_124010014:Unemployment Rate|CAD_124010015:Participation Rate|CAD_124010016:Imports|CAD_124010017:Exports|CAD_124010018:Trade Balance,True,True,False,161.0,,156.0,191.0,,5.0,MISSING,POSITIVE,,,1,1,True,1478275200,2016.11.04 16:00:00,1800,True,True,0.001253,True,True,True,True,True,True,False,False,False,True,True,True,excluded_missing_forecast,excluded_missing_forecast,excluded_missing_forecast,,,
USD_NFP_1478273400,1478273400,2016.11.04 15:30:00,2016,CORE_2015_2025,NFP,USDJPY,BASE,840030016,Nonfarm Payrolls,True,"840030015,840030016,840030018,840030019",USD_840020001:Trade Balance|USD_840030017:Participation Rate|USD_840030020:Average Weekly Hours|USD_840030022:Government Payrolls|USD_840030023:Private Nonfarm Payrolls|USD_840030024:U6 Unemployment Rate|USD_840030032:Manufacturing Payrolls|CAD_124010011:Employment Change|CAD_124010012:Full-Time Employment Change|CAD_124010013:Part-Time Employment Change|CAD_124010014:Unemployment Rate|CAD_124010015:Participation Rate|CAD_124010016:Imports|CAD_124010017:Exports|CAD_124010018:Trade Balance,True,True,False,161.0,,156.0,191.0,,5.0,MISSING,POSITIVE,,,1,1,True,1478275200,2016.11.04 16:00:00,1800,True,True,0.184465,True,True,True,True,True,True,False,False,False,True,True,True,excluded_missing_forecast,excluded_missing_forecast,excluded_missing_forecast,,,
USD_NFP_1480696200,1480696200,2016.12.02 16:30:00,2016,CORE_2015_2025,NFP,AUDUSD,QUOTE,840030016,Nonfarm Payrolls,True,"840030015,840030016,840030018,840030019",USD_840030017:Participation Rate|USD_840030020:Average Weekly Hours|USD_840030022:Government Payrolls|USD_840030023:Private Nonfarm Payrolls|USD_840030024:U6 Unemployment Rate|USD_840030032:Manufacturing Payrolls|CAD_124010011:Employment Change|CAD_124010012:Full-Time Employment Change|CAD_124010013:Part-Time Employment Change|CAD_124010014:Unemployment Rate|CAD_124010015:Participation Rate|CAD_124010028:Labor Productivity q/q,True,False,False,178.0,,161.0,142.0,,17.0,MISSING,POSITIVE,,,1,-1,True,1480698000,2016.12.02 17:00:00,1800,True,True,0.001320,True,True,True,True,True,True,False,False,False,True,True,True,excluded_missing_forecast,excluded_missing_forecast,excluded_missing_forecast,,,
USD_NFP_1480696200,1480696200,2016.12.02 16:30:00,2016,CORE_2015_2025,NFP,EURUSD,QUOTE,840030016,Nonfarm Payrolls,True,"840030015,840030016,840030018,840030019",USD_840030017:Participation Rate|USD_840030020:Average Weekly Hours|USD_840030022:Government Payrolls|USD_840030023:Private Nonfarm Payrolls|USD_840030024:U6 Unemployment Rate|USD_840030032:Manufacturing Payrolls|CAD_124010011:Employment Change|CAD_124010012:Full-Time Employment Change|CAD_124010013:Part-Time Employment Change|CAD_124010014:Unemployment Rate|CAD_124010015:Participation Rate|CAD_124010028:Labor Productivity q/q,True,False,False,178.0,,161.0,142.0,,17.0,MISSING,POSITIVE,,,1,-1,True,1480698000,2016.12.02 17:00:00,1800,True,True,0.001834,True,True,True,True,True,True,False,False,False,True,True,True,excluded_missing_forecast,excluded_missing_forecast,excluded_missing_forecast,,,
USD_NFP_1480696200,1480696200,2016.12.02 16:30:00,2016,CORE_2015_2025,NFP,GBPUSD,QUOTE,840030016,Nonfarm Payrolls,True,"840030015,840030016,840030018,840030019",USD_840030017:Participation Rate|USD_840030020:Average Weekly Hours|USD_840030022:Government Payrolls|USD_840030023:Private Nonfarm Payrolls|USD_840030024:U6 Unemployment Rate|USD_840030032:Manufacturing Payrolls|CAD_124010011:Employment Change|CAD_124010012:Full-Time Employment Change|CAD_124010013:Part-Time Employment Change|CAD_124010014:Unemployment Rate|CAD_124010015:Participation Rate|CAD_124010028:Labor Productivity q/q,True,False,False,178.0,,161.0,142.0,,17.0,MISSING,POSITIVE,,,1,-1,True,1480698000,2016.12.02 17:00:00,1800,True,True,0.002496,True,True,True,True,True,True,False,False,False,True,True,True,excluded_missing_forecast,excluded_missing_forecast,excluded_missing_forecast,,,
USD_NFP_1480696200,1480696200,2016.12.02 16:30:00,2016,CORE_2015_2025,NFP,NZDUSD,QUOTE,840030016,Nonfarm Payrolls,True,"840030015,840030016,840030018,840030019",USD_840030017:Participation Rate|USD_840030020:Average Weekly Hours|USD_840030022:Government Payrolls|USD_840030023:Private Nonfarm Payrolls|USD_840030024:U6 Unemployment Rate|USD_840030032:Manufacturing Payrolls|CAD_124010011:Employment Change|CAD_124010012:Full-Time Employment Change|CAD_124010013:Part-Time Employment Change|CAD_124010014:Unemployment Rate|CAD_124010015:Participation Rate|CAD_124010028:Labor Productivity q/q,True,False,False,178.0,,161.0,142.0,,17.0,MISSING,POSITIVE,,,1,-1,True,1480698000,2016.12.02 17:00:00,1800,True,True,0.001332,True,True,True,True,True,True,False,False,False,True,True,True,excluded_missing_forecast,excluded_missing_forecast,excluded_missing_forecast,,,
USD_NFP_1480696200,1480696200,2016.12.02 16:30:00,2016,CORE_2015_2025,NFP,USDCAD,BASE,840030016,Nonfarm Payrolls,True,"840030015,840030016,840030018,840030019",USD_840030017:Participation Rate|USD_840030020:Average Weekly Hours|USD_840030022:Government Payrolls|USD_840030023:Private Nonfarm Payrolls|USD_840030024:U6 Unemployment Rate|USD_840030032:Manufacturing Payrolls|CAD_124010011:Employment Change|CAD_124010012:Full-Time Employment Change|CAD_124010013:Part-Time Employment Change|CAD_124010014:Unemployment Rate|CAD_124010015:Participation Rate|CAD_124010028:Labor Productivity q/q,True,False,False,178.0,,161.0,142.0,,17.0,MISSING,POSITIVE,,,1,1,True,1480698000,2016.12.02 17:00:00,1800,True,True,0.002108,True,True,True,True,True,True,False,False,False,True,True,True,excluded_missing_forecast,excluded_missing_forecast,excluded_missing_forecast,,,
USD_NFP_1480696200,1480696200,2016.12.02 16:30:00,2016,CORE_2015_2025,NFP,USDCHF,BASE,840030016,Nonfarm Payrolls,True,"840030015,840030016,840030018,840030019",USD_840030017:Participation Rate|USD_840030020:Average Weekly Hours|USD_840030022:Government Payrolls|USD_840030023:Private Nonfarm Payrolls|USD_840030024:U6 Unemployment Rate|USD_840030032:Manufacturing Payrolls|CAD_124010011:Employment Change|CAD_124010012:Full-Time Employment Change|CAD_124010013:Part-Time Employment Change|CAD_124010014:Unemployment Rate|CAD_124010015:Participation Rate|CAD_124010028:Labor Productivity q/q,True,False,False,178.0,,161.0,142.0,,17.0,MISSING,POSITIVE,,,1,1,True,1480698000,2016.12.02 17:00:00,1800,True,True,0.001543,True,True,True,True,True,True,False,False,False,True,True,True,excluded_missing_forecast,excluded_missing_forecast,excluded_missing_forecast,,,
USD_NFP_1480696200,1480696200,2016.12.02 16:30:00,2016,CORE_2015_2025,NFP,USDJPY,BASE,840030016,Nonfarm Payrolls,True,"840030015,840030016,840030018,840030019",USD_840030017:Participation Rate|USD_840030020:Average Weekly Hours|USD_840030022:Government Payrolls|USD_840030023:Private Nonfarm Payrolls|USD_840030024:U6 Unemployment Rate|USD_840030032:Manufacturing Payrolls|CAD_124010011:Employment Change|CAD_124010012:Full-Time Employment Change|CAD_124010013:Part-Time Employment Change|CAD_124010014:Unemployment Rate|CAD_124010015:Participation Rate|CAD_124010028:Labor Productivity q/q,True,False,False,178.0,,161.0,142.0,,17.0,MISSING,POSITIVE,,,1,1,True,1480698000,2016.12.02 17:00:00,1800,True,True,0.267888,True,True,True,True,True,True,False,False,False,True,True,True,excluded_missing_forecast,excluded_missing_forecast,excluded_missing_forecast,,,
USD_NFP_1483720200,1483720200,2017.01.06 16:30:00,2017,CORE_2015_2025,NFP,AUDUSD,QUOTE,840030016,Nonfarm Payrolls,True,"840030015,840030016,840030018,840030019",USD_840020001:Trade Balance|USD_840030017:Participation Rate|USD_840030020:Average Weekly Hours|USD_840030022:Government Payrolls|USD_840030023:Private Nonfarm Payrolls|USD_840030024:U6 Unemployment Rate|USD_840030032:Manufacturing Payrolls|CAD_124010011:Employment Change|CAD_124010012:Full-Time Employment Change|CAD_124010013:Part-Time Employment Change|CAD_124010014:Unemployment Rate|CAD_124010015:Participation Rate|CAD_124010016:Imports|CAD_124010017:Exports|CAD_124010018:Trade Balance,True,True,False,156.0,,178.0,204.0,,-22.0,MISSING,NEGATIVE,,,-1,1,True,1483722000,2017.01.06 17:00:00,1800,True,True,0.001676,True,True,True,True,True,True,False,False,False,True,True,True,excluded_missing_forecast,excluded_missing_forecast,excluded_missing_forecast,,,
USD_NFP_1483720200,1483720200,2017.01.06 16:30:00,2017,CORE_2015_2025,NFP,EURUSD,QUOTE,840030016,Nonfarm Payrolls,True,"840030015,840030016,840030018,840030019",USD_840020001:Trade Balance|USD_840030017:Participation Rate|USD_840030020:Average Weekly Hours|USD_840030022:Government Payrolls|USD_840030023:Private Nonfarm Payrolls|USD_840030024:U6 Unemployment Rate|USD_840030032:Manufacturing Payrolls|CAD_124010011:Employment Change|CAD_124010012:Full-Time Employment Change|CAD_124010013:Part-Time Employment Change|CAD_124010014:Unemployment Rate|CAD_124010015:Participation Rate|CAD_124010016:Imports|CAD_124010017:Exports|CAD_124010018:Trade Balance,True,True,False,156.0,,178.0,204.0,,-22.0,MISSING,NEGATIVE,,,-1,1,True,1483722000,2017.01.06 17:00:00,1800,True,True,0.002329,True,True,True,True,True,True,False,False,False,True,True,True,excluded_missing_forecast,excluded_missing_forecast,excluded_missing_forecast,,,
USD_NFP_1483720200,1483720200,2017.01.06 16:30:00,2017,CORE_2015_2025,NFP,GBPUSD,QUOTE,840030016,Nonfarm Payrolls,True,"840030015,840030016,840030018,840030019",USD_840020001:Trade Balance|USD_840030017:Participation Rate|USD_840030020:Average Weekly Hours|USD_840030022:Government Payrolls|USD_840030023:Private Nonfarm Payrolls|USD_840030024:U6 Unemployment Rate|USD_840030032:Manufacturing Payrolls|CAD_124010011:Employment Change|CAD_124010012:Full-Time Employment Change|CAD_124010013:Part-Time Employment Change|CAD_124010014:Unemployment Rate|CAD_124010015:Participation Rate|CAD_124010016:Imports|CAD_124010017:Exports|CAD_124010018:Trade Balance,True,True,False,156.0,,178.0,204.0,,-22.0,MISSING,NEGATIVE,,,-1,1,True,1483722000,2017.01.06 17:00:00,1800,True,True,0.002311,True,True,True,True,True,True,False,False,False,True,True,True,excluded_missing_forecast,excluded_missing_forecast,excluded_missing_forecast,,,
USD_NFP_1483720200,1483720200,2017.01.06 16:30:00,2017,CORE_2015_2025,NFP,NZDUSD,QUOTE,840030016,Nonfarm Payrolls,True,"840030015,840030016,840030018,840030019",USD_840020001:Trade Balance|USD_840030017:Participation Rate|USD_840030020:Average Weekly Hours|USD_840030022:Government Payrolls|USD_840030023:Private Nonfarm Payrolls|USD_840030024:U6 Unemployment Rate|USD_840030032:Manufacturing Payrolls|CAD_124010011:Employment Change|CAD_124010012:Full-Time Employment Change|CAD_124010013:Part-Time Employment Change|CAD_124010014:Unemployment Rate|CAD_124010015:Participation Rate|CAD_124010016:Imports|CAD_124010017:Exports|CAD_124010018:Trade Balance,True,True,False,156.0,,178.0,204.0,,-22.0,MISSING,NEGATIVE,,,-1,1,True,1483722000,2017.01.06 17:00:00,1800,True,True,0.001879,True,True,True,True,True,True,False,False,False,True,True,True,excluded_missing_forecast,excluded_missing_forecast,excluded_missing_forecast,,,
USD_NFP_1483720200,1483720200,2017.01.06 16:30:00,2017,CORE_2015_2025,NFP,USDCAD,BASE,840030016,Nonfarm Payrolls,True,"840030015,840030016,840030018,840030019",USD_840020001:Trade Balance|USD_840030017:Participation Rate|USD_840030020:Average Weekly Hours|USD_840030022:Government Payrolls|USD_840030023:Private Nonfarm Payrolls|USD_840030024:U6 Unemployment Rate|USD_840030032:Manufacturing Payrolls|CAD_124010011:Employment Change|CAD_124010012:Full-Time Employment Change|CAD_124010013:Part-Time Employment Change|CAD_124010014:Unemployment Rate|CAD_124010015:Participation Rate|CAD_124010016:Imports|CAD_124010017:Exports|CAD_124010018:Trade Balance,True,True,False,156.0,,178.0,204.0,,-22.0,MISSING,NEGATIVE,,,-1,-1,True,1483722000,2017.01.06 17:00:00,1800,True,True,0.002155,True,True,True,True,True,True,False,False,False,True,True,True,excluded_missing_forecast,excluded_missing_forecast,excluded_missing_forecast,,,
USD_NFP_1483720200,1483720200,2017.01.06 16:30:00,2017,CORE_2015_2025,NFP,USDCHF,BASE,840030016,Nonfarm Payrolls,True,"840030015,840030016,840030018,840030019",USD_840020001:Trade Balance|USD_840030017:Participation Rate|USD_840030020:Average Weekly Hours|USD_840030022:Government Payrolls|USD_840030023:Private Nonfarm Payrolls|USD_840030024:U6 Unemployment Rate|USD_840030032:Manufacturing Payrolls|CAD_124010011:Employment Change|CAD_124010012:Full-Time Employment Change|CAD_124010013:Part-Time Employment Change|CAD_124010014:Unemployment Rate|CAD_124010015:Participation Rate|CAD_124010016:Imports|CAD_124010017:Exports|CAD_124010018:Trade Balance,True,True,False,156.0,,178.0,204.0,,-22.0,MISSING,NEGATIVE,,,-1,-1,True,1483722000,2017.01.06 17:00:00,1800,True,True,0.001902,True,True,True,True,True,True,False,False,False,True,True,True,excluded_missing_forecast,excluded_missing_forecast,excluded_missing_forecast,,,
USD_NFP_1483720200,1483720200,2017.01.06 16:30:00,2017,CORE_2015_2025,NFP,USDJPY,BASE,840030016,Nonfarm Payrolls,True,"840030015,840030016,840030018,840030019",USD_840020001:Trade Balance|USD_840030017:Participation Rate|USD_840030020:Average Weekly Hours|USD_840030022:Government Payrolls|USD_840030023:Private Nonfarm Payrolls|USD_840030024:U6 Unemployment Rate|USD_840030032:Manufacturing Payrolls|CAD_124010011:Employment Change|CAD_124010012:Full-Time Employment Change|CAD_124010013:Part-Time Employment Change|CAD_124010014:Unemployment Rate|CAD_124010015:Participation Rate|CAD_124010016:Imports|CAD_124010017:Exports|CAD_124010018:Trade Balance,True,True,False,156.0,,178.0,204.0,,-22.0,MISSING,NEGATIVE,,,-1,-1,True,1483722000,2017.01.06 17:00:00,1800,True,True,0.351665,True,True,True,True,True,True,False,False,False,True,True,True,excluded_missing_forecast,excluded_missing_forecast,excluded_missing_forecast,,,
USD_NFP_1486139400,1486139400,2017.02.03 16:30:00,2017,CORE_2015_2025,NFP,AUDUSD,QUOTE,840030016,Nonfarm Payrolls,True,"840030015,840030016,840030018,840030019",USD_840030017:Participation Rate|USD_840030020:Average Weekly Hours|USD_840030022:Government Payrolls|USD_840030023:Private Nonfarm Payrolls|USD_840030024:U6 Unemployment Rate|USD_840030032:Manufacturing Payrolls,False,False,False,227.0,,156.0,157.0,,71.0,MISSING,POSITIVE,,,1,-1,True,1486141200,2017.02.03 17:00:00,1800,True,True,0.001442,True,True,True,True,True,True,False,False,False,True,True,True,excluded_missing_forecast,excluded_missing_forecast,excluded_missing_forecast,,,
USD_NFP_1486139400,1486139400,2017.02.03 16:30:00,2017,CORE_2015_2025,NFP,EURUSD,QUOTE,840030016,Nonfarm Payrolls,True,"840030015,840030016,840030018,840030019",USD_840030017:Participation Rate|USD_840030020:Average Weekly Hours|USD_840030022:Government Payrolls|USD_840030023:Private Nonfarm Payrolls|USD_840030024:U6 Unemployment Rate|USD_840030032:Manufacturing Payrolls,False,False,False,227.0,,156.0,157.0,,71.0,MISSING,POSITIVE,,,1,-1,True,1486141200,2017.02.03 17:00:00,1800,True,True,0.001746,True,True,True,True,True,True,False,False,False,True,True,True,excluded_missing_forecast,excluded_missing_forecast,excluded_missing_forecast,,,
USD_NFP_1486139400,1486139400,2017.02.03 16:30:00,2017,CORE_2015_2025,NFP,GBPUSD,QUOTE,840030016,Nonfarm Payrolls,True,"840030015,840030016,840030018,840030019",USD_840030017:Participation Rate|USD_840030020:Average Weekly Hours|USD_840030022:Government Payrolls|USD_840030023:Private Nonfarm Payrolls|USD_840030024:U6 Unemployment Rate|USD_840030032:Manufacturing Payrolls,False,False,False,227.0,,156.0,157.0,,71.0,MISSING,POSITIVE,,,1,-1,True,1486141200,2017.02.03 17:00:00,1800,True,True,0.002612,True,True,True,True,True,True,False,False,False,True,True,True,excluded_missing_forecast,excluded_missing_forecast,excluded_missing_forecast,,,
USD_NFP_1486139400,1486139400,2017.02.03 16:30:00,2017,CORE_2015_2025,NFP,NZDUSD,QUOTE,840030016,Nonfarm Payrolls,True,"840030015,840030016,840030018,840030019",USD_840030017:Participation Rate|USD_840030020:Average Weekly Hours|USD_840030022:Government Payrolls|USD_840030023:Private Nonfarm Payrolls|USD_840030024:U6 Unemployment Rate|USD_840030032:Manufacturing Payrolls,False,False,False,227.0,,156.0,157.0,,71.0,MISSING,POSITIVE,,,1,-1,True,1486141200,2017.02.03 17:00:00,1800,True,True,0.001508,True,True,True,True,True,True,False,False,False,True,True,True,excluded_missing_forecast,excluded_missing_forecast,excluded_missing_forecast,,,
USD_NFP_1486139400,1486139400,2017.02.03 16:30:00,2017,CORE_2015_2025,NFP,USDCAD,BASE,840030016,Nonfarm Payrolls,True,"840030015,840030016,840030018,840030019",USD_840030017:Participation Rate|USD_840030020:Average Weekly Hours|USD_840030022:Government Payrolls|USD_840030023:Private Nonfarm Payrolls|USD_840030024:U6 Unemployment Rate|USD_840030032:Manufacturing Payrolls,False,False,False,227.0,,156.0,157.0,,71.0,MISSING,POSITIVE,,,1,1,True,1486141200,2017.02.03 17:00:00,1800,True,True,0.001651,True,True,True,True,True,True,False,False,False,True,True,True,excluded_missing_forecast,excluded_missing_forecast,excluded_missing_forecast,,,
USD_NFP_1486139400,1486139400,2017.02.03 16:30:00,2017,CORE_2015_2025,NFP,USDCHF,BASE,840030016,Nonfarm Payrolls,True,"840030015,840030016,840030018,840030019",USD_840030017:Participation Rate|USD_840030020:Average Weekly Hours|USD_840030022:Government Payrolls|USD_840030023:Private Nonfarm Payrolls|USD_840030024:U6 Unemployment Rate|USD_840030032:Manufacturing Payrolls,False,False,False,227.0,,156.0,157.0,,71.0,MISSING,POSITIVE,,,1,1,True,1486141200,2017.02.03 17:00:00,1800,True,True,0.001620,True,True,True,True,True,True,False,False,False,True,True,True,excluded_missing_forecast,excluded_missing_forecast,excluded_missing_forecast,,,
USD_NFP_1486139400,1486139400,2017.02.03 16:30:00,2017,CORE_2015_2025,NFP,USDJPY,BASE,840030016,Nonfarm Payrolls,True,"840030015,840030016,840030018,840030019",USD_840030017:Participation Rate|USD_840030020:Average Weekly Hours|USD_840030022:Government Payrolls|USD_840030023:Private Nonfarm Payrolls|USD_840030024:U6 Unemployment Rate|USD_840030032:Manufacturing Payrolls,False,False,False,227.0,,156.0,157.0,,71.0,MISSING,POSITIVE,,,1,1,True,1486141200,2017.02.03 17:00:00,1800,True,True,0.268093,True,True,True,True,True,True,False,False,False,True,True,True,excluded_missing_forecast,excluded_missing_forecast,excluded_missing_forecast,,,
USD_NFP_1489163400,1489163400,2017.03.10 16:30:00,2017,CORE_2015_2025,NFP,AUDUSD,QUOTE,840030016,Nonfarm Payrolls,True,"840030015,840030016,840030018,840030019",USD_840030017:Participation Rate|USD_840030020:Average Weekly Hours|USD_840030022:Government Payrolls|USD_840030023:Private Nonfarm Payrolls|USD_840030024:U6 Unemployment Rate|USD_840030032:Manufacturing Payrolls|CAD_124010011:Employment Change|CAD_124010012:Full-Time Employment Change|CAD_124010013:Part-Time Employment Change|CAD_124010014:Unemployment Rate|CAD_124010015:Participation Rate,True,False,False,235.0,,227.0,238.0,,8.0,MISSING,POSITIVE,,,1,-1,True,1489165200,2017.03.10 17:00:00,1800,True,True,0.001268,True,True,True,True,True,True,False,False,False,True,True,True,excluded_missing_forecast,excluded_missing_forecast,excluded_missing_forecast,,,
USD_NFP_1489163400,1489163400,2017.03.10 16:30:00,2017,CORE_2015_2025,NFP,EURUSD,QUOTE,840030016,Nonfarm Payrolls,True,"840030015,840030016,840030018,840030019",USD_840030017:Participation Rate|USD_840030020:Average Weekly Hours|USD_840030022:Government Payrolls|USD_840030023:Private Nonfarm Payrolls|USD_840030024:U6 Unemployment Rate|USD_840030032:Manufacturing Payrolls|CAD_124010011:Employment Change|CAD_124010012:Full-Time Employment Change|CAD_124010013:Part-Time Employment Change|CAD_124010014:Unemployment Rate|CAD_124010015:Participation Rate,True,False,False,235.0,,227.0,238.0,,8.0,MISSING,POSITIVE,,,1,-1,True,1489165200,2017.03.10 17:00:00,1800,True,True,0.001511,True,True,True,True,True,True,False,False,False,True,True,True,excluded_missing_forecast,excluded_missing_forecast,excluded_missing_forecast,,,
USD_NFP_1489163400,1489163400,2017.03.10 16:30:00,2017,CORE_2015_2025,NFP,GBPUSD,QUOTE,840030016,Nonfarm Payrolls,True,"840030015,840030016,840030018,840030019",USD_840030017:Participation Rate|USD_840030020:Average Weekly Hours|USD_840030022:Government Payrolls|USD_840030023:Private Nonfarm Payrolls|USD_840030024:U6 Unemployment Rate|USD_840030032:Manufacturing Payrolls|CAD_124010011:Employment Change|CAD_124010012:Full-Time Employment Change|CAD_124010013:Part-Time Employment Change|CAD_124010014:Unemployment Rate|CAD_124010015:Participation Rate,True,False,False,235.0,,227.0,238.0,,8.0,MISSING,POSITIVE,,,1,-1,True,1489165200,2017.03.10 17:00:00,1800,True,True,0.001705,True,True,True,True,True,True,False,False,False,True,True,True,excluded_missing_forecast,excluded_missing_forecast,excluded_missing_forecast,,,
USD_NFP_1489163400,1489163400,2017.03.10 16:30:00,2017,CORE_2015_2025,NFP,NZDUSD,QUOTE,840030016,Nonfarm Payrolls,True,"840030015,840030016,840030018,840030019",USD_840030017:Participation Rate|USD_840030020:Average Weekly Hours|USD_840030022:Government Payrolls|USD_840030023:Private Nonfarm Payrolls|USD_840030024:U6 Unemployment Rate|USD_840030032:Manufacturing Payrolls|CAD_124010011:Employment Change|CAD_124010012:Full-Time Employment Change|CAD_124010013:Part-Time Employment Change|CAD_124010014:Unemployment Rate|CAD_124010015:Participation Rate,True,False,False,235.0,,227.0,238.0,,8.0,MISSING,POSITIVE,,,1,-1,True,1489165200,2017.03.10 17:00:00,1800,True,True,0.001194,True,True,True,True,True,True,False,False,False,True,True,True,excluded_missing_forecast,excluded_missing_forecast,excluded_missing_forecast,,,
USD_NFP_1489163400,1489163400,2017.03.10 16:30:00,2017,CORE_2015_2025,NFP,USDCAD,BASE,840030016,Nonfarm Payrolls,True,"840030015,840030016,840030018,840030019",USD_840030017:Participation Rate|USD_840030020:Average Weekly Hours|USD_840030022:Government Payrolls|USD_840030023:Private Nonfarm Payrolls|USD_840030024:U6 Unemployment Rate|USD_840030032:Manufacturing Payrolls|CAD_124010011:Employment Change|CAD_124010012:Full-Time Employment Change|CAD_124010013:Part-Time Employment Change|CAD_124010014:Unemployment Rate|CAD_124010015:Participation Rate,True,False,False,235.0,,227.0,238.0,,8.0,MISSING,POSITIVE,,,1,1,True,1489165200,2017.03.10 17:00:00,1800,True,True,0.001777,True,True,True,True,True,True,False,False,False,True,True,True,excluded_missing_forecast,excluded_missing_forecast,excluded_missing_forecast,,,
USD_NFP_1489163400,1489163400,2017.03.10 16:30:00,2017,CORE_2015_2025,NFP,USDCHF,BASE,840030016,Nonfarm Payrolls,True,"840030015,840030016,840030018,840030019",USD_840030017:Participation Rate|USD_840030020:Average Weekly Hours|USD_840030022:Government Payrolls|USD_840030023:Private Nonfarm Payrolls|USD_840030024:U6 Unemployment Rate|USD_840030032:Manufacturing Payrolls|CAD_124010011:Employment Change|CAD_124010012:Full-Time Employment Change|CAD_124010013:Part-Time Employment Change|CAD_124010014:Unemployment Rate|CAD_124010015:Participation Rate,True,False,False,235.0,,227.0,238.0,,8.0,MISSING,POSITIVE,,,1,1,True,1489165200,2017.03.10 17:00:00,1800,True,True,0.001316,True,True,True,True,True,True,False,False,False,True,True,True,excluded_missing_forecast,excluded_missing_forecast,excluded_missing_forecast,,,
USD_NFP_1489163400,1489163400,2017.03.10 16:30:00,2017,CORE_2015_2025,NFP,USDJPY,BASE,840030016,Nonfarm Payrolls,True,"840030015,840030016,840030018,840030019",USD_840030017:Participation Rate|USD_840030020:Average Weekly Hours|USD_840030022:Government Payrolls|USD_840030023:Private Nonfarm Payrolls|USD_840030024:U6 Unemployment Rate|USD_840030032:Manufacturing Payrolls|CAD_124010011:Employment Change|CAD_124010012:Full-Time Employment Change|CAD_124010013:Part-Time Employment Change|CAD_124010014:Unemployment Rate|CAD_124010015:Participation Rate,True,False,False,235.0,,227.0,238.0,,8.0,MISSING,POSITIVE,,,1,1,True,1489165200,2017.03.10 17:00:00,1800,True,True,0.147606,True,True,True,True,True,True,False,False,False,True,True,True,excluded_missing_forecast,excluded_missing_forecast,excluded_missing_forecast,,,
USD_NFP_1491579000,1491579000,2017.04.07 15:30:00,2017,CORE_2015_2025,NFP,AUDUSD,QUOTE,840030016,Nonfarm Payrolls,True,"840030015,840030016,840030018,840030019",USD_840030017:Participation Rate|USD_840030020:Average Weekly Hours|USD_840030022:Government Payrolls|USD_840030023:Private Nonfarm Payrolls|USD_840030024:U6 Unemployment Rate|USD_840030032:Manufacturing Payrolls|CAD_124010011:Employment Change|CAD_124010012:Full-Time Employment Change|CAD_124010013:Part-Time Employment Change|CAD_124010014:Unemployment Rate|CAD_124010015:Participation Rate,True,False,False,98.0,,235.0,219.0,,-137.0,MISSING,NEGATIVE,,,-1,1,True,1491580800,2017.04.07 16:00:00,1800,True,True,0.000948,True,True,True,True,True,True,False,False,False,True,True,True,excluded_missing_forecast,excluded_missing_forecast,excluded_missing_forecast,,,
USD_NFP_1491579000,1491579000,2017.04.07 15:30:00,2017,CORE_2015_2025,NFP,EURUSD,QUOTE,840030016,Nonfarm Payrolls,True,"840030015,840030016,840030018,840030019",USD_840030017:Participation Rate|USD_840030020:Average Weekly Hours|USD_840030022:Government Payrolls|USD_840030023:Private Nonfarm Payrolls|USD_840030024:U6 Unemployment Rate|USD_840030032:Manufacturing Payrolls|CAD_124010011:Employment Change|CAD_124010012:Full-Time Employment Change|CAD_124010013:Part-Time Employment Change|CAD_124010014:Unemployment Rate|CAD_124010015:Participation Rate,True,False,False,98.0,,235.0,219.0,,-137.0,MISSING,NEGATIVE,,,-1,1,True,1491580800,2017.04.07 16:00:00,1800,True,True,0.001051,True,True,True,True,True,True,False,False,False,True,True,True,excluded_missing_forecast,excluded_missing_forecast,excluded_missing_forecast,,,
USD_NFP_1491579000,1491579000,2017.04.07 15:30:00,2017,CORE_2015_2025,NFP,GBPUSD,QUOTE,840030016,Nonfarm Payrolls,True,"840030015,840030016,840030018,840030019",USD_840030017:Participation Rate|USD_840030020:Average Weekly Hours|USD_840030022:Government Payrolls|USD_840030023:Private Nonfarm Payrolls|USD_840030024:U6 Unemployment Rate|USD_840030032:Manufacturing Payrolls|CAD_124010011:Employment Change|CAD_124010012:Full-Time Employment Change|CAD_124010013:Part-Time Employment Change|CAD_124010014:Unemployment Rate|CAD_124010015:Participation Rate,True,False,False,98.0,,235.0,219.0,,-137.0,MISSING,NEGATIVE,,,-1,1,True,1491580800,2017.04.07 16:00:00,1800,True,True,0.001707,True,True,True,True,True,True,False,False,False,True,True,True,excluded_missing_forecast,excluded_missing_forecast,excluded_missing_forecast,,,
USD_NFP_1491579000,1491579000,2017.04.07 15:30:00,2017,CORE_2015_2025,NFP,NZDUSD,QUOTE,840030016,Nonfarm Payrolls,True,"840030015,840030016,840030018,840030019",USD_840030017:Participation Rate|USD_840030020:Average Weekly Hours|USD_840030022:Government Payrolls|USD_840030023:Private Nonfarm Payrolls|USD_840030024:U6 Unemployment Rate|USD_840030032:Manufacturing Payrolls|CAD_124010011:Employment Change|CAD_124010012:Full-Time Employment Change|CAD_124010013:Part-Time Employment Change|CAD_124010014:Unemployment Rate|CAD_124010015:Participation Rate,True,False,False,98.0,,235.0,219.0,,-137.0,MISSING,NEGATIVE,,,-1,1,True,1491580800,2017.04.07 16:00:00,1800,True,True,0.000776,True,True,True,True,True,True,False,False,False,True,True,True,excluded_missing_forecast,excluded_missing_forecast,excluded_missing_forecast,,,
USD_NFP_1491579000,1491579000,2017.04.07 15:30:00,2017,CORE_2015_2025,NFP,USDCAD,BASE,840030016,Nonfarm Payrolls,True,"840030015,840030016,840030018,840030019",USD_840030017:Participation Rate|USD_840030020:Average Weekly Hours|USD_840030022:Government Payrolls|USD_840030023:Private Nonfarm Payrolls|USD_840030024:U6 Unemployment Rate|USD_840030032:Manufacturing Payrolls|CAD_124010011:Employment Change|CAD_124010012:Full-Time Employment Change|CAD_124010013:Part-Time Employment Change|CAD_124010014:Unemployment Rate|CAD_124010015:Participation Rate,True,False,False,98.0,,235.0,219.0,,-137.0,MISSING,NEGATIVE,,,-1,-1,True,1491580800,2017.04.07 16:00:00,1800,True,True,0.001221,True,True,True,True,True,True,False,False,False,True,True,True,excluded_missing_forecast,excluded_missing_forecast,excluded_missing_forecast,,,
USD_NFP_1491579000,1491579000,2017.04.07 15:30:00,2017,CORE_2015_2025,NFP,USDCHF,BASE,840030016,Nonfarm Payrolls,True,"840030015,840030016,840030018,840030019",USD_840030017:Participation Rate|USD_840030020:Average Weekly Hours|USD_840030022:Government Payrolls|USD_840030023:Private Nonfarm Payrolls|USD_840030024:U6 Unemployment Rate|USD_840030032:Manufacturing Payrolls|CAD_124010011:Employment Change|CAD_124010012:Full-Time Employment Change|CAD_124010013:Part-Time Employment Change|CAD_124010014:Unemployment Rate|CAD_124010015:Participation Rate,True,False,False,98.0,,235.0,219.0,,-137.0,MISSING,NEGATIVE,,,-1,-1,True,1491580800,2017.04.07 16:00:00,1800,True,True,0.001071,True,True,True,True,True,True,False,False,False,True,True,True,excluded_missing_forecast,excluded_missing_forecast,excluded_missing_forecast,,,
USD_NFP_1491579000,1491579000,2017.04.07 15:30:00,2017,CORE_2015_2025,NFP,USDJPY,BASE,840030016,Nonfarm Payrolls,True,"840030015,840030016,840030018,840030019",USD_840030017:Participation Rate|USD_840030020:Average Weekly Hours|USD_840030022:Government Payrolls|USD_840030023:Private Nonfarm Payrolls|USD_840030024:U6 Unemployment Rate|USD_840030032:Manufacturing Payrolls|CAD_124010011:Employment Change|CAD_124010012:Full-Time Employment Change|CAD_124010013:Part-Time Employment Change|CAD_124010014:Unemployment Rate|CAD_124010015:Participation Rate,True,False,False,98.0,,235.0,219.0,,-137.0,MISSING,NEGATIVE,,,-1,-1,True,1491580800,2017.04.07 16:00:00,1800,True,True,0.188579,True,True,True,True,True,True,False,False,False,True,True,True,excluded_missing_forecast,excluded_missing_forecast,excluded_missing_forecast,,,
USD_NFP_1493998200,1493998200,2017.05.05 15:30:00,2017,CORE_2015_2025,NFP,AUDUSD,QUOTE,840030016,Nonfarm Payrolls,True,"840030015,840030016,840030018,840030019",USD_840030017:Participation Rate|USD_840030020:Average Weekly Hours|USD_840030022:Government Payrolls|USD_840030023:Private Nonfarm Payrolls|USD_840030024:U6 Unemployment Rate|USD_840030032:Manufacturing Payrolls|CAD_124010011:Employment Change|CAD_124010012:Full-Time Employment Change|CAD_124010013:Part-Time Employment Change|CAD_124010014:Unemployment Rate|CAD_124010015:Participation Rate,True,False,False,211.0,171.0,98.0,79.0,40.0,113.0,POSITIVE,POSITIVE,1,-1,1,-1,True,1494000000,2017.05.05 16:00:00,1800,True,True,0.001104,True,True,True,True,True,True,True,True,True,True,True,True,,,,,,
USD_NFP_1493998200,1493998200,2017.05.05 15:30:00,2017,CORE_2015_2025,NFP,EURUSD,QUOTE,840030016,Nonfarm Payrolls,True,"840030015,840030016,840030018,840030019",USD_840030017:Participation Rate|USD_840030020:Average Weekly Hours|USD_840030022:Government Payrolls|USD_840030023:Private Nonfarm Payrolls|USD_840030024:U6 Unemployment Rate|USD_840030032:Manufacturing Payrolls|CAD_124010011:Employment Change|CAD_124010012:Full-Time Employment Change|CAD_124010013:Part-Time Employment Change|CAD_124010014:Unemployment Rate|CAD_124010015:Participation Rate,True,False,False,211.0,171.0,98.0,79.0,40.0,113.0,POSITIVE,POSITIVE,1,-1,1,-1,True,1494000000,2017.05.05 16:00:00,1800,True,True,0.001114,True,True,True,True,True,True,True,True,True,True,True,True,,,,,,
USD_NFP_1493998200,1493998200,2017.05.05 15:30:00,2017,CORE_2015_2025,NFP,GBPUSD,QUOTE,840030016,Nonfarm Payrolls,True,"840030015,840030016,840030018,840030019",USD_840030017:Participation Rate|USD_840030020:Average Weekly Hours|USD_840030022:Government Payrolls|USD_840030023:Private Nonfarm Payrolls|USD_840030024:U6 Unemployment Rate|USD_840030032:Manufacturing Payrolls|CAD_124010011:Employment Change|CAD_124010012:Full-Time Employment Change|CAD_124010013:Part-Time Employment Change|CAD_124010014:Unemployment Rate|CAD_124010015:Participation Rate,True,False,False,211.0,171.0,98.0,79.0,40.0,113.0,POSITIVE,POSITIVE,1,-1,1,-1,True,1494000000,2017.05.05 16:00:00,1800,True,True,0.001320,True,True,True,True,True,True,True,True,True,True,True,True,,,,,,
USD_NFP_1493998200,1493998200,2017.05.05 15:30:00,2017,CORE_2015_2025,NFP,NZDUSD,QUOTE,840030016,Nonfarm Payrolls,True,"840030015,840030016,840030018,840030019",USD_840030017:Participation Rate|USD_840030020:Average Weekly Hours|USD_840030022:Government Payrolls|USD_840030023:Private Nonfarm Payrolls|USD_840030024:U6 Unemployment Rate|USD_840030032:Manufacturing Payrolls|CAD_124010011:Employment Change|CAD_124010012:Full-Time Employment Change|CAD_124010013:Part-Time Employment Change|CAD_124010014:Unemployment Rate|CAD_124010015:Participation Rate,True,False,False,211.0,171.0,98.0,79.0,40.0,113.0,POSITIVE,POSITIVE,1,-1,1,-1,True,1494000000,2017.05.05 16:00:00,1800,True,True,0.001156,True,True,True,False,True,False,True,False,False,True,False,False,,excluded_path_gap_exceeded,excluded_path_gap_exceeded,,excluded_path_gap_exceeded,excluded_path_gap_exceeded
USD_NFP_1493998200,1493998200,2017.05.05 15:30:00,2017,CORE_2015_2025,NFP,USDCAD,BASE,840030016,Nonfarm Payrolls,True,"840030015,840030016,840030018,840030019",USD_840030017:Participation Rate|USD_840030020:Average Weekly Hours|USD_840030022:Government Payrolls|USD_840030023:Private Nonfarm Payrolls|USD_840030024:U6 Unemployment Rate|USD_840030032:Manufacturing Payrolls|CAD_124010011:Employment Change|CAD_124010012:Full-Time Employment Change|CAD_124010013:Part-Time Employment Change|CAD_124010014:Unemployment Rate|CAD_124010015:Participation Rate,True,False,False,211.0,171.0,98.0,79.0,40.0,113.0,POSITIVE,POSITIVE,1,1,1,1,True,1494000000,2017.05.05 16:00:00,1800,True,True,0.001707,True,True,True,True,True,True,True,True,True,True,True,True,,,,,,
USD_NFP_1493998200,1493998200,2017.05.05 15:30:00,2017,CORE_2015_2025,NFP,USDCHF,BASE,840030016,Nonfarm Payrolls,True,"840030015,840030016,840030018,840030019",USD_840030017:Participation Rate|USD_840030020:Average Weekly Hours|USD_840030022:Government Payrolls|USD_840030023:Private Nonfarm Payrolls|USD_840030024:U6 Unemployment Rate|USD_840030032:Manufacturing Payrolls|CAD_124010011:Employment Change|CAD_124010012:Full-Time Employment Change|CAD_124010013:Part-Time Employment Change|CAD_124010014:Unemployment Rate|CAD_124010015:Participation Rate,True,False,False,211.0,171.0,98.0,79.0,40.0,113.0,POSITIVE,POSITIVE,1,1,1,1,True,1494000000,2017.05.05 16:00:00,1800,True,True,0.001134,True,True,True,True,True,True,True,True,True,True,True,True,,,,,,
USD_NFP_1493998200,1493998200,2017.05.05 15:30:00,2017,CORE_2015_2025,NFP,USDJPY,BASE,840030016,Nonfarm Payrolls,True,"840030015,840030016,840030018,840030019",USD_840030017:Participation Rate|USD_840030020:Average Weekly Hours|USD_840030022:Government Payrolls|USD_840030023:Private Nonfarm Payrolls|USD_840030024:U6 Unemployment Rate|USD_840030032:Manufacturing Payrolls|CAD_124010011:Employment Change|CAD_124010012:Full-Time Employment Change|CAD_124010013:Part-Time Employment Change|CAD_124010014:Unemployment Rate|CAD_124010015:Participation Rate,True,False,False,211.0,171.0,98.0,79.0,40.0,113.0,POSITIVE,POSITIVE,1,1,1,1,True,1494000000,2017.05.05 16:00:00,1800,True,True,0.142305,True,True,True,True,True,True,True,True,True,True,True,True,,,,,,
USD_NFP_1496417400,1496417400,2017.06.02 15:30:00,2017,CORE_2015_2025,NFP,AUDUSD,QUOTE,840030016,Nonfarm Payrolls,True,"840030015,840030016,840030018,840030019",USD_840020001:Trade Balance|USD_840030017:Participation Rate|USD_840030020:Average Weekly Hours|USD_840030022:Government Payrolls|USD_840030023:Private Nonfarm Payrolls|USD_840030024:U6 Unemployment Rate|USD_840030032:Manufacturing Payrolls|CAD_124010016:Imports|CAD_124010017:Exports|CAD_124010018:Trade Balance|CAD_124010028:Labor Productivity q/q,False,True,False,138.0,174.0,211.0,174.0,-36.0,-73.0,NEGATIVE,NEGATIVE,-1,1,-1,1,True,1496419200,2017.06.02 16:00:00,1800,True,True,0.000894,True,True,True,True,True,True,True,True,True,True,True,True,,,,,,
USD_NFP_1496417400,1496417400,2017.06.02 15:30:00,2017,CORE_2015_2025,NFP,EURUSD,QUOTE,840030016,Nonfarm Payrolls,True,"840030015,840030016,840030018,840030019",USD_840020001:Trade Balance|USD_840030017:Participation Rate|USD_840030020:Average Weekly Hours|USD_840030022:Government Payrolls|USD_840030023:Private Nonfarm Payrolls|USD_840030024:U6 Unemployment Rate|USD_840030032:Manufacturing Payrolls|CAD_124010016:Imports|CAD_124010017:Exports|CAD_124010018:Trade Balance|CAD_124010028:Labor Productivity q/q,False,True,False,138.0,174.0,211.0,174.0,-36.0,-73.0,NEGATIVE,NEGATIVE,-1,1,-1,1,True,1496419200,2017.06.02 16:00:00,1800,True,True,0.000959,True,True,True,True,True,True,True,True,True,True,True,True,,,,,,
USD_NFP_1496417400,1496417400,2017.06.02 15:30:00,2017,CORE_2015_2025,NFP,GBPUSD,QUOTE,840030016,Nonfarm Payrolls,True,"840030015,840030016,840030018,840030019",USD_840020001:Trade Balance|USD_840030017:Participation Rate|USD_840030020:Average Weekly Hours|USD_840030022:Government Payrolls|USD_840030023:Private Nonfarm Payrolls|USD_840030024:U6 Unemployment Rate|USD_840030032:Manufacturing Payrolls|CAD_124010016:Imports|CAD_124010017:Exports|CAD_124010018:Trade Balance|CAD_124010028:Labor Productivity q/q,False,True,False,138.0,174.0,211.0,174.0,-36.0,-73.0,NEGATIVE,NEGATIVE,-1,1,-1,1,True,1496419200,2017.06.02 16:00:00,1800,True,True,0.001602,True,True,True,True,True,True,True,True,True,True,True,True,,,,,,
USD_NFP_1496417400,1496417400,2017.06.02 15:30:00,2017,CORE_2015_2025,NFP,NZDUSD,QUOTE,840030016,Nonfarm Payrolls,True,"840030015,840030016,840030018,840030019",USD_840020001:Trade Balance|USD_840030017:Participation Rate|USD_840030020:Average Weekly Hours|USD_840030022:Government Payrolls|USD_840030023:Private Nonfarm Payrolls|USD_840030024:U6 Unemployment Rate|USD_840030032:Manufacturing Payrolls|CAD_124010016:Imports|CAD_124010017:Exports|CAD_124010018:Trade Balance|CAD_124010028:Labor Productivity q/q,False,True,False,138.0,174.0,211.0,174.0,-36.0,-73.0,NEGATIVE,NEGATIVE,-1,1,-1,1,True,1496419200,2017.06.02 16:00:00,1800,True,True,0.000783,True,True,True,True,True,True,True,True,True,True,True,True,,,,,,
USD_NFP_1496417400,1496417400,2017.06.02 15:30:00,2017,CORE_2015_2025,NFP,USDCAD,BASE,840030016,Nonfarm Payrolls,True,"840030015,840030016,840030018,840030019",USD_840020001:Trade Balance|USD_840030017:Participation Rate|USD_840030020:Average Weekly Hours|USD_840030022:Government Payrolls|USD_840030023:Private Nonfarm Payrolls|USD_840030024:U6 Unemployment Rate|USD_840030032:Manufacturing Payrolls|CAD_124010016:Imports|CAD_124010017:Exports|CAD_124010018:Trade Balance|CAD_124010028:Labor Productivity q/q,False,True,False,138.0,174.0,211.0,174.0,-36.0,-73.0,NEGATIVE,NEGATIVE,-1,-1,-1,-1,True,1496419200,2017.06.02 16:00:00,1800,True,True,0.001225,True,True,True,True,True,True,True,True,True,True,True,True,,,,,,
USD_NFP_1496417400,1496417400,2017.06.02 15:30:00,2017,CORE_2015_2025,NFP,USDCHF,BASE,840030016,Nonfarm Payrolls,True,"840030015,840030016,840030018,840030019",USD_840020001:Trade Balance|USD_840030017:Participation Rate|USD_840030020:Average Weekly Hours|USD_840030022:Government Payrolls|USD_840030023:Private Nonfarm Payrolls|USD_840030024:U6 Unemployment Rate|USD_840030032:Manufacturing Payrolls|CAD_124010016:Imports|CAD_124010017:Exports|CAD_124010018:Trade Balance|CAD_124010028:Labor Productivity q/q,False,True,False,138.0,174.0,211.0,174.0,-36.0,-73.0,NEGATIVE,NEGATIVE,-1,-1,-1,-1,True,1496419200,2017.06.02 16:00:00,1800,True,True,0.000897,True,True,True,True,True,True,True,True,True,True,True,True,,,,,,
USD_NFP_1496417400,1496417400,2017.06.02 15:30:00,2017,CORE_2015_2025,NFP,USDJPY,BASE,840030016,Nonfarm Payrolls,True,"840030015,840030016,840030018,840030019",USD_840020001:Trade Balance|USD_840030017:Participation Rate|USD_840030020:Average Weekly Hours|USD_840030022:Government Payrolls|USD_840030023:Private Nonfarm Payrolls|USD_840030024:U6 Unemployment Rate|USD_840030032:Manufacturing Payrolls|CAD_124010016:Imports|CAD_124010017:Exports|CAD_124010018:Trade Balance|CAD_124010028:Labor Productivity q/q,False,True,False,138.0,174.0,211.0,174.0,-36.0,-73.0,NEGATIVE,NEGATIVE,-1,-1,-1,-1,True,1496419200,2017.06.02 16:00:00,1800,True,True,0.113771,True,True,True,True,True,True,True,True,True,True,True,True,,,,,,
USD_NFP_1499441400,1499441400,2017.07.07 15:30:00,2017,CORE_2015_2025,NFP,AUDUSD,QUOTE,840030016,Nonfarm Payrolls,True,"840030015,840030016,840030018,840030019",USD_840030017:Participation Rate|USD_840030020:Average Weekly Hours|USD_840030022:Government Payrolls|USD_840030023:Private Nonfarm Payrolls|USD_840030024:U6 Unemployment Rate|USD_840030032:Manufacturing Payrolls|CAD_124010011:Employment Change|CAD_124010012:Full-Time Employment Change|CAD_124010013:Part-Time Employment Change|CAD_124010014:Unemployment Rate|CAD_124010015:Participation Rate,True,False,False,222.0,172.0,138.0,152.0,50.0,84.0,POSITIVE,POSITIVE,1,-1,1,-1,True,1499443200,2017.07.07 16:00:00,1800,True,True,0.000879,True,True,True,True,True,True,True,True,True,True,True,True,,,,,,
USD_NFP_1499441400,1499441400,2017.07.07 15:30:00,2017,CORE_2015_2025,NFP,EURUSD,QUOTE,840030016,Nonfarm Payrolls,True,"840030015,840030016,840030018,840030019",USD_840030017:Participation Rate|USD_840030020:Average Weekly Hours|USD_840030022:Government Payrolls|USD_840030023:Private Nonfarm Payrolls|USD_840030024:U6 Unemployment Rate|USD_840030032:Manufacturing Payrolls|CAD_124010011:Employment Change|CAD_124010012:Full-Time Employment Change|CAD_124010013:Part-Time Employment Change|CAD_124010014:Unemployment Rate|CAD_124010015:Participation Rate,True,False,False,222.0,172.0,138.0,152.0,50.0,84.0,POSITIVE,POSITIVE,1,-1,1,-1,True,1499443200,2017.07.07 16:00:00,1800,True,True,0.001066,True,True,True,True,True,True,True,True,True,True,True,True,,,,,,
USD_NFP_1499441400,1499441400,2017.07.07 15:30:00,2017,CORE_2015_2025,NFP,GBPUSD,QUOTE,840030016,Nonfarm Payrolls,True,"840030015,840030016,840030018,840030019",USD_840030017:Participation Rate|USD_840030020:Average Weekly Hours|USD_840030022:Government Payrolls|USD_840030023:Private Nonfarm Payrolls|USD_840030024:U6 Unemployment Rate|USD_840030032:Manufacturing Payrolls|CAD_124010011:Employment Change|CAD_124010012:Full-Time Employment Change|CAD_124010013:Part-Time Employment Change|CAD_124010014:Unemployment Rate|CAD_124010015:Participation Rate,True,False,False,222.0,172.0,138.0,152.0,50.0,84.0,POSITIVE,POSITIVE,1,-1,1,-1,True,1499443200,2017.07.07 16:00:00,1800,True,True,0.001651,True,True,True,True,True,True,True,True,True,True,True,True,,,,,,
USD_NFP_1499441400,1499441400,2017.07.07 15:30:00,2017,CORE_2015_2025,NFP,NZDUSD,QUOTE,840030016,Nonfarm Payrolls,True,"840030015,840030016,840030018,840030019",USD_840030017:Participation Rate|USD_840030020:Average Weekly Hours|USD_840030022:Government Payrolls|USD_840030023:Private Nonfarm Payrolls|USD_840030024:U6 Unemployment Rate|USD_840030032:Manufacturing Payrolls|CAD_124010011:Employment Change|CAD_124010012:Full-Time Employment Change|CAD_124010013:Part-Time Employment Change|CAD_124010014:Unemployment Rate|CAD_124010015:Participation Rate,True,False,False,222.0,172.0,138.0,152.0,50.0,84.0,POSITIVE,POSITIVE,1,-1,1,-1,True,1499443200,2017.07.07 16:00:00,1800,True,True,0.001048,True,True,True,True,True,True,True,True,True,True,True,True,,,,,,
USD_NFP_1499441400,1499441400,2017.07.07 15:30:00,2017,CORE_2015_2025,NFP,USDCAD,BASE,840030016,Nonfarm Payrolls,True,"840030015,840030016,840030018,840030019",USD_840030017:Participation Rate|USD_840030020:Average Weekly Hours|USD_840030022:Government Payrolls|USD_840030023:Private Nonfarm Payrolls|USD_840030024:U6 Unemployment Rate|USD_840030032:Manufacturing Payrolls|CAD_124010011:Employment Change|CAD_124010012:Full-Time Employment Change|CAD_124010013:Part-Time Employment Change|CAD_124010014:Unemployment Rate|CAD_124010015:Participation Rate,True,False,False,222.0,172.0,138.0,152.0,50.0,84.0,POSITIVE,POSITIVE,1,1,1,1,True,1499443200,2017.07.07 16:00:00,1800,True,True,0.001180,True,True,True,True,True,True,True,True,True,True,True,True,,,,,,
USD_NFP_1499441400,1499441400,2017.07.07 15:30:00,2017,CORE_2015_2025,NFP,USDCHF,BASE,840030016,Nonfarm Payrolls,True,"840030015,840030016,840030018,840030019",USD_840030017:Participation Rate|USD_840030020:Average Weekly Hours|USD_840030022:Government Payrolls|USD_840030023:Private Nonfarm Payrolls|USD_840030024:U6 Unemployment Rate|USD_840030032:Manufacturing Payrolls|CAD_124010011:Employment Change|CAD_124010012:Full-Time Employment Change|CAD_124010013:Part-Time Employment Change|CAD_124010014:Unemployment Rate|CAD_124010015:Participation Rate,True,False,False,222.0,172.0,138.0,152.0,50.0,84.0,POSITIVE,POSITIVE,1,1,1,1,True,1499443200,2017.07.07 16:00:00,1800,True,True,0.000940,True,True,True,True,True,True,True,True,True,True,True,True,,,,,,
USD_NFP_1499441400,1499441400,2017.07.07 15:30:00,2017,CORE_2015_2025,NFP,USDJPY,BASE,840030016,Nonfarm Payrolls,True,"840030015,840030016,840030018,840030019",USD_840030017:Participation Rate|USD_840030020:Average Weekly Hours|USD_840030022:Government Payrolls|USD_840030023:Private Nonfarm Payrolls|USD_840030024:U6 Unemployment Rate|USD_840030032:Manufacturing Payrolls|CAD_124010011:Employment Change|CAD_124010012:Full-Time Employment Change|CAD_124010013:Part-Time Employment Change|CAD_124010014:Unemployment Rate|CAD_124010015:Participation Rate,True,False,False,222.0,172.0,138.0,152.0,50.0,84.0,POSITIVE,POSITIVE,1,1,1,1,True,1499443200,2017.07.07 16:00:00,1800,True,True,0.152003,True,True,True,True,True,True,True,True,True,True,True,True,,,,,,
USD_NFP_1501860600,1501860600,2017.08.04 15:30:00,2017,CORE_2015_2025,NFP,AUDUSD,QUOTE,840030016,Nonfarm Payrolls,True,"840030015,840030016,840030018,840030019",USD_840020001:Trade Balance|USD_840030017:Participation Rate|USD_840030020:Average Weekly Hours|USD_840030022:Government Payrolls|USD_840030023:Private Nonfarm Payrolls|USD_840030024:U6 Unemployment Rate|USD_840030032:Manufacturing Payrolls|CAD_124010011:Employment Change|CAD_124010012:Full-Time Employment Change|CAD_124010013:Part-Time Employment Change|CAD_124010014:Unemployment Rate|CAD_124010015:Participation Rate|CAD_124010016:Imports|CAD_124010017:Exports|CAD_124010018:Trade Balance,True,True,False,209.0,176.0,222.0,231.0,33.0,-13.0,POSITIVE,NEGATIVE,1,-1,-1,1,True,1501862400,2017.08.04 16:00:00,1800,True,True,0.001223,True,True,True,True,True,True,True,True,True,True,True,True,,,,,,
USD_NFP_1501860600,1501860600,2017.08.04 15:30:00,2017,CORE_2015_2025,NFP,EURUSD,QUOTE,840030016,Nonfarm Payrolls,True,"840030015,840030016,840030018,840030019",USD_840020001:Trade Balance|USD_840030017:Participation Rate|USD_840030020:Average Weekly Hours|USD_840030022:Government Payrolls|USD_840030023:Private Nonfarm Payrolls|USD_840030024:U6 Unemployment Rate|USD_840030032:Manufacturing Payrolls|CAD_124010011:Employment Change|CAD_124010012:Full-Time Employment Change|CAD_124010013:Part-Time Employment Change|CAD_124010014:Unemployment Rate|CAD_124010015:Participation Rate|CAD_124010016:Imports|CAD_124010017:Exports|CAD_124010018:Trade Balance,True,True,False,209.0,176.0,222.0,231.0,33.0,-13.0,POSITIVE,NEGATIVE,1,-1,-1,1,True,1501862400,2017.08.04 16:00:00,1800,True,True,0.001238,True,True,True,True,True,True,True,True,True,True,True,True,,,,,,
USD_NFP_1501860600,1501860600,2017.08.04 15:30:00,2017,CORE_2015_2025,NFP,GBPUSD,QUOTE,840030016,Nonfarm Payrolls,True,"840030015,840030016,840030018,840030019",USD_840020001:Trade Balance|USD_840030017:Participation Rate|USD_840030020:Average Weekly Hours|USD_840030022:Government Payrolls|USD_840030023:Private Nonfarm Payrolls|USD_840030024:U6 Unemployment Rate|USD_840030032:Manufacturing Payrolls|CAD_124010011:Employment Change|CAD_124010012:Full-Time Employment Change|CAD_124010013:Part-Time Employment Change|CAD_124010014:Unemployment Rate|CAD_124010015:Participation Rate|CAD_124010016:Imports|CAD_124010017:Exports|CAD_124010018:Trade Balance,True,True,False,209.0,176.0,222.0,231.0,33.0,-13.0,POSITIVE,NEGATIVE,1,-1,-1,1,True,1501862400,2017.08.04 16:00:00,1800,True,True,0.001461,True,True,True,True,True,True,True,True,True,True,True,True,,,,,,
USD_NFP_1501860600,1501860600,2017.08.04 15:30:00,2017,CORE_2015_2025,NFP,NZDUSD,QUOTE,840030016,Nonfarm Payrolls,True,"840030015,840030016,840030018,840030019",USD_840020001:Trade Balance|USD_840030017:Participation Rate|USD_840030020:Average Weekly Hours|USD_840030022:Government Payrolls|USD_840030023:Private Nonfarm Payrolls|USD_840030024:U6 Unemployment Rate|USD_840030032:Manufacturing Payrolls|CAD_124010011:Employment Change|CAD_124010012:Full-Time Employment Change|CAD_124010013:Part-Time Employment Change|CAD_124010014:Unemployment Rate|CAD_124010015:Participation Rate|CAD_124010016:Imports|CAD_124010017:Exports|CAD_124010018:Trade Balance,True,True,False,209.0,176.0,222.0,231.0,33.0,-13.0,POSITIVE,NEGATIVE,1,-1,-1,1,True,1501862400,2017.08.04 16:00:00,1800,True,True,0.000992,True,True,True,True,True,True,True,True,True,True,True,True,,,,,,
USD_NFP_1501860600,1501860600,2017.08.04 15:30:00,2017,CORE_2015_2025,NFP,USDCAD,BASE,840030016,Nonfarm Payrolls,True,"840030015,840030016,840030018,840030019",USD_840020001:Trade Balance|USD_840030017:Participation Rate|USD_840030020:Average Weekly Hours|USD_840030022:Government Payrolls|USD_840030023:Private Nonfarm Payrolls|USD_840030024:U6 Unemployment Rate|USD_840030032:Manufacturing Payrolls|CAD_124010011:Employment Change|CAD_124010012:Full-Time Employment Change|CAD_124010013:Part-Time Employment Change|CAD_124010014:Unemployment Rate|CAD_124010015:Participation Rate|CAD_124010016:Imports|CAD_124010017:Exports|CAD_124010018:Trade Balance,True,True,False,209.0,176.0,222.0,231.0,33.0,-13.0,POSITIVE,NEGATIVE,1,1,-1,-1,True,1501862400,2017.08.04 16:00:00,1800,True,True,0.001353,True,True,True,True,True,True,True,True,True,True,True,True,,,,,,
USD_NFP_1501860600,1501860600,2017.08.04 15:30:00,2017,CORE_2015_2025,NFP,USDCHF,BASE,840030016,Nonfarm Payrolls,True,"840030015,840030016,840030018,840030019",USD_840020001:Trade Balance|USD_840030017:Participation Rate|USD_840030020:Average Weekly Hours|USD_840030022:Government Payrolls|USD_840030023:Private Nonfarm Payrolls|USD_840030024:U6 Unemployment Rate|USD_840030032:Manufacturing Payrolls|CAD_124010011:Employment Change|CAD_124010012:Full-Time Employment Change|CAD_124010013:Part-Time Employment Change|CAD_124010014:Unemployment Rate|CAD_124010015:Participation Rate|CAD_124010016:Imports|CAD_124010017:Exports|CAD_124010018:Trade Balance,True,True,False,209.0,176.0,222.0,231.0,33.0,-13.0,POSITIVE,NEGATIVE,1,1,-1,-1,True,1501862400,2017.08.04 16:00:00,1800,True,True,0.001084,True,True,True,True,True,True,True,True,True,True,True,True,,,,,,
USD_NFP_1501860600,1501860600,2017.08.04 15:30:00,2017,CORE_2015_2025,NFP,USDJPY,BASE,840030016,Nonfarm Payrolls,True,"840030015,840030016,840030018,840030019",USD_840020001:Trade Balance|USD_840030017:Participation Rate|USD_840030020:Average Weekly Hours|USD_840030022:Government Payrolls|USD_840030023:Private Nonfarm Payrolls|USD_840030024:U6 Unemployment Rate|USD_840030032:Manufacturing Payrolls|CAD_124010011:Employment Change|CAD_124010012:Full-Time Employment Change|CAD_124010013:Part-Time Employment Change|CAD_124010014:Unemployment Rate|CAD_124010015:Participation Rate|CAD_124010016:Imports|CAD_124010017:Exports|CAD_124010018:Trade Balance,True,True,False,209.0,176.0,222.0,231.0,33.0,-13.0,POSITIVE,NEGATIVE,1,1,-1,-1,True,1501862400,2017.08.04 16:00:00,1800,True,True,0.119529,True,True,True,True,True,True,True,True,True,True,True,True,,,,,,
USD_NFP_1504279800,1504279800,2017.09.01 15:30:00,2017,CORE_2015_2025,NFP,AUDUSD,QUOTE,840030016,Nonfarm Payrolls,True,"840030015,840030016,840030018,840030019",USD_840030017:Participation Rate|USD_840030020:Average Weekly Hours|USD_840030022:Government Payrolls|USD_840030023:Private Nonfarm Payrolls|USD_840030024:U6 Unemployment Rate|USD_840030032:Manufacturing Payrolls,False,False,False,156.0,177.0,209.0,189.0,-21.0,-53.0,NEGATIVE,NEGATIVE,-1,1,-1,1,True,1504281600,2017.09.01 16:00:00,1800,True,True,0.001181,True,True,True,True,True,True,True,True,True,True,True,True,,,,,,
USD_NFP_1504279800,1504279800,2017.09.01 15:30:00,2017,CORE_2015_2025,NFP,EURUSD,QUOTE,840030016,Nonfarm Payrolls,True,"840030015,840030016,840030018,840030019",USD_840030017:Participation Rate|USD_840030020:Average Weekly Hours|USD_840030022:Government Payrolls|USD_840030023:Private Nonfarm Payrolls|USD_840030024:U6 Unemployment Rate|USD_840030032:Manufacturing Payrolls,False,False,False,156.0,177.0,209.0,189.0,-21.0,-53.0,NEGATIVE,NEGATIVE,-1,1,-1,1,True,1504281600,2017.09.01 16:00:00,1800,True,True,0.001676,True,True,True,True,True,True,True,True,True,True,True,True,,,,,,
USD_NFP_1504279800,1504279800,2017.09.01 15:30:00,2017,CORE_2015_2025,NFP,GBPUSD,QUOTE,840030016,Nonfarm Payrolls,True,"840030015,840030016,840030018,840030019",USD_840030017:Participation Rate|USD_840030020:Average Weekly Hours|USD_840030022:Government Payrolls|USD_840030023:Private Nonfarm Payrolls|USD_840030024:U6 Unemployment Rate|USD_840030032:Manufacturing Payrolls,False,False,False,156.0,177.0,209.0,189.0,-21.0,-53.0,NEGATIVE,NEGATIVE,-1,1,-1,1,True,1504281600,2017.09.01 16:00:00,1800,True,True,0.001554,True,True,True,True,True,True,True,True,True,True,True,True,,,,,,
USD_NFP_1504279800,1504279800,2017.09.01 15:30:00,2017,CORE_2015_2025,NFP,NZDUSD,QUOTE,840030016,Nonfarm Payrolls,True,"840030015,840030016,840030018,840030019",USD_840030017:Participation Rate|USD_840030020:Average Weekly Hours|USD_840030022:Government Payrolls|USD_840030023:Private Nonfarm Payrolls|USD_840030024:U6 Unemployment Rate|USD_840030032:Manufacturing Payrolls,False,False,False,156.0,177.0,209.0,189.0,-21.0,-53.0,NEGATIVE,NEGATIVE,-1,1,-1,1,True,1504281600,2017.09.01 16:00:00,1800,True,True,0.001097,True,True,True,True,True,True,True,True,True,True,True,True,,,,,,
USD_NFP_1504279800,1504279800,2017.09.01 15:30:00,2017,CORE_2015_2025,NFP,USDCAD,BASE,840030016,Nonfarm Payrolls,True,"840030015,840030016,840030018,840030019",USD_840030017:Participation Rate|USD_840030020:Average Weekly Hours|USD_840030022:Government Payrolls|USD_840030023:Private Nonfarm Payrolls|USD_840030024:U6 Unemployment Rate|USD_840030032:Manufacturing Payrolls,False,False,False,156.0,177.0,209.0,189.0,-21.0,-53.0,NEGATIVE,NEGATIVE,-1,-1,-1,-1,True,1504281600,2017.09.01 16:00:00,1800,True,True,0.001751,True,True,True,True,True,True,True,True,True,True,True,True,,,,,,
USD_NFP_1504279800,1504279800,2017.09.01 15:30:00,2017,CORE_2015_2025,NFP,USDCHF,BASE,840030016,Nonfarm Payrolls,True,"840030015,840030016,840030018,840030019",USD_840030017:Participation Rate|USD_840030020:Average Weekly Hours|USD_840030022:Government Payrolls|USD_840030023:Private Nonfarm Payrolls|USD_840030024:U6 Unemployment Rate|USD_840030032:Manufacturing Payrolls,False,False,False,156.0,177.0,209.0,189.0,-21.0,-53.0,NEGATIVE,NEGATIVE,-1,-1,-1,-1,True,1504281600,2017.09.01 16:00:00,1800,True,True,0.001237,True,True,True,True,True,True,True,True,True,True,True,True,,,,,,
USD_NFP_1504279800,1504279800,2017.09.01 15:30:00,2017,CORE_2015_2025,NFP,USDJPY,BASE,840030016,Nonfarm Payrolls,True,"840030015,840030016,840030018,840030019",USD_840030017:Participation Rate|USD_840030020:Average Weekly Hours|USD_840030022:Government Payrolls|USD_840030023:Private Nonfarm Payrolls|USD_840030024:U6 Unemployment Rate|USD_840030032:Manufacturing Payrolls,False,False,False,156.0,177.0,209.0,189.0,-21.0,-53.0,NEGATIVE,NEGATIVE,-1,-1,-1,-1,True,1504281600,2017.09.01 16:00:00,1800,True,True,0.117087,True,True,True,True,True,True,True,True,True,True,True,True,,,,,,
USD_NFP_1507303800,1507303800,2017.10.06 15:30:00,2017,CORE_2015_2025,NFP,AUDUSD,QUOTE,840030016,Nonfarm Payrolls,True,"840030015,840030016,840030018,840030019",USD_840030017:Participation Rate|USD_840030020:Average Weekly Hours|USD_840030022:Government Payrolls|USD_840030023:Private Nonfarm Payrolls|USD_840030024:U6 Unemployment Rate|USD_840030032:Manufacturing Payrolls|CAD_124010011:Employment Change|CAD_124010012:Full-Time Employment Change|CAD_124010013:Part-Time Employment Change|CAD_124010014:Unemployment Rate|CAD_124010015:Participation Rate,True,False,False,-33.0,172.0,156.0,169.0,-205.0,-189.0,NEGATIVE,NEGATIVE,-1,1,-1,1,True,1507305600,2017.10.06 16:00:00,1800,True,True,0.001153,True,True,True,True,True,True,True,True,True,True,True,True,,,,,,
USD_NFP_1507303800,1507303800,2017.10.06 15:30:00,2017,CORE_2015_2025,NFP,EURUSD,QUOTE,840030016,Nonfarm Payrolls,True,"840030015,840030016,840030018,840030019",USD_840030017:Participation Rate|USD_840030020:Average Weekly Hours|USD_840030022:Government Payrolls|USD_840030023:Private Nonfarm Payrolls|USD_840030024:U6 Unemployment Rate|USD_840030032:Manufacturing Payrolls|CAD_124010011:Employment Change|CAD_124010012:Full-Time Employment Change|CAD_124010013:Part-Time Employment Change|CAD_124010014:Unemployment Rate|CAD_124010015:Participation Rate,True,False,False,-33.0,172.0,156.0,169.0,-205.0,-189.0,NEGATIVE,NEGATIVE,-1,1,-1,1,True,1507305600,2017.10.06 16:00:00,1800,True,True,0.001127,True,True,True,True,True,True,True,True,True,True,True,True,,,,,,
USD_NFP_1507303800,1507303800,2017.10.06 15:30:00,2017,CORE_2015_2025,NFP,GBPUSD,QUOTE,840030016,Nonfarm Payrolls,True,"840030015,840030016,840030018,840030019",USD_840030017:Participation Rate|USD_840030020:Average Weekly Hours|USD_840030022:Government Payrolls|USD_840030023:Private Nonfarm Payrolls|USD_840030024:U6 Unemployment Rate|USD_840030032:Manufacturing Payrolls|CAD_124010011:Employment Change|CAD_124010012:Full-Time Employment Change|CAD_124010013:Part-Time Employment Change|CAD_124010014:Unemployment Rate|CAD_124010015:Participation Rate,True,False,False,-33.0,172.0,156.0,169.0,-205.0,-189.0,NEGATIVE,NEGATIVE,-1,1,-1,1,True,1507305600,2017.10.06 16:00:00,1800,True,True,0.001905,True,True,True,True,True,True,True,True,True,True,True,True,,,,,,
USD_NFP_1507303800,1507303800,2017.10.06 15:30:00,2017,CORE_2015_2025,NFP,NZDUSD,QUOTE,840030016,Nonfarm Payrolls,True,"840030015,840030016,840030018,840030019",USD_840030017:Participation Rate|USD_840030020:Average Weekly Hours|USD_840030022:Government Payrolls|USD_840030023:Private Nonfarm Payrolls|USD_840030024:U6 Unemployment Rate|USD_840030032:Manufacturing Payrolls|CAD_124010011:Employment Change|CAD_124010012:Full-Time Employment Change|CAD_124010013:Part-Time Employment Change|CAD_124010014:Unemployment Rate|CAD_124010015:Participation Rate,True,False,False,-33.0,172.0,156.0,169.0,-205.0,-189.0,NEGATIVE,NEGATIVE,-1,1,-1,1,True,1507305600,2017.10.06 16:00:00,1800,True,True,0.001092,True,True,True,True,True,True,True,True,True,True,True,True,,,,,,
USD_NFP_1507303800,1507303800,2017.10.06 15:30:00,2017,CORE_2015_2025,NFP,USDCAD,BASE,840030016,Nonfarm Payrolls,True,"840030015,840030016,840030018,840030019",USD_840030017:Participation Rate|USD_840030020:Average Weekly Hours|USD_840030022:Government Payrolls|USD_840030023:Private Nonfarm Payrolls|USD_840030024:U6 Unemployment Rate|USD_840030032:Manufacturing Payrolls|CAD_124010011:Employment Change|CAD_124010012:Full-Time Employment Change|CAD_124010013:Part-Time Employment Change|CAD_124010014:Unemployment Rate|CAD_124010015:Participation Rate,True,False,False,-33.0,172.0,156.0,169.0,-205.0,-189.0,NEGATIVE,NEGATIVE,-1,-1,-1,-1,True,1507305600,2017.10.06 16:00:00,1800,True,True,0.001283,True,True,True,True,True,True,True,True,True,True,True,True,,,,,,
USD_NFP_1507303800,1507303800,2017.10.06 15:30:00,2017,CORE_2015_2025,NFP,USDCHF,BASE,840030016,Nonfarm Payrolls,True,"840030015,840030016,840030018,840030019",USD_840030017:Participation Rate|USD_840030020:Average Weekly Hours|USD_840030022:Government Payrolls|USD_840030023:Private Nonfarm Payrolls|USD_840030024:U6 Unemployment Rate|USD_840030032:Manufacturing Payrolls|CAD_124010011:Employment Change|CAD_124010012:Full-Time Employment Change|CAD_124010013:Part-Time Employment Change|CAD_124010014:Unemployment Rate|CAD_124010015:Participation Rate,True,False,False,-33.0,172.0,156.0,169.0,-205.0,-189.0,NEGATIVE,NEGATIVE,-1,-1,-1,-1,True,1507305600,2017.10.06 16:00:00,1800,True,True,0.000843,True,True,True,True,True,True,True,True,True,True,True,True,,,,,,
USD_NFP_1507303800,1507303800,2017.10.06 15:30:00,2017,CORE_2015_2025,NFP,USDJPY,BASE,840030016,Nonfarm Payrolls,True,"840030015,840030016,840030018,840030019",USD_840030017:Participation Rate|USD_840030020:Average Weekly Hours|USD_840030022:Government Payrolls|USD_840030023:Private Nonfarm Payrolls|USD_840030024:U6 Unemployment Rate|USD_840030032:Manufacturing Payrolls|CAD_124010011:Employment Change|CAD_124010012:Full-Time Employment Change|CAD_124010013:Part-Time Employment Change|CAD_124010014:Unemployment Rate|CAD_124010015:Participation Rate,True,False,False,-33.0,172.0,156.0,169.0,-205.0,-189.0,NEGATIVE,NEGATIVE,-1,-1,-1,-1,True,1507305600,2017.10.06 16:00:00,1800,True,True,0.105609,True,True,True,True,True,True,True,True,True,True,True,True,,,,,,
USD_NFP_1509723000,1509723000,2017.11.03 15:30:00,2017,CORE_2015_2025,NFP,AUDUSD,QUOTE,840030016,Nonfarm Payrolls,True,"840030015,840030016,840030018,840030019",USD_840020001:Trade Balance|USD_840030017:Participation Rate|USD_840030020:Average Weekly Hours|USD_840030022:Government Payrolls|USD_840030023:Private Nonfarm Payrolls|USD_840030024:U6 Unemployment Rate|USD_840030032:Manufacturing Payrolls|CAD_124010011:Employment Change|CAD_124010012:Full-Time Employment Change|CAD_124010013:Part-Time Employment Change|CAD_124010014:Unemployment Rate|CAD_124010015:Participation Rate|CAD_124010016:Imports|CAD_124010017:Exports|CAD_124010018:Trade Balance,True,True,False,261.0,159.0,-33.0,18.0,102.0,294.0,POSITIVE,POSITIVE,1,-1,1,-1,True,1509724800,2017.11.03 16:00:00,1800,True,True,0.001112,True,True,True,True,True,True,True,True,True,True,True,True,,,,,,
USD_NFP_1509723000,1509723000,2017.11.03 15:30:00,2017,CORE_2015_2025,NFP,EURUSD,QUOTE,840030016,Nonfarm Payrolls,True,"840030015,840030016,840030018,840030019",USD_840020001:Trade Balance|USD_840030017:Participation Rate|USD_840030020:Average Weekly Hours|USD_840030022:Government Payrolls|USD_840030023:Private Nonfarm Payrolls|USD_840030024:U6 Unemployment Rate|USD_840030032:Manufacturing Payrolls|CAD_124010011:Employment Change|CAD_124010012:Full-Time Employment Change|CAD_124010013:Part-Time Employment Change|CAD_124010014:Unemployment Rate|CAD_124010015:Participation Rate|CAD_124010016:Imports|CAD_124010017:Exports|CAD_124010018:Trade Balance,True,True,False,261.0,159.0,-33.0,18.0,102.0,294.0,POSITIVE,POSITIVE,1,-1,1,-1,True,1509724800,2017.11.03 16:00:00,1800,True,True,0.001318,True,True,True,True,True,True,True,True,True,True,True,True,,,,,,
USD_NFP_1509723000,1509723000,2017.11.03 15:30:00,2017,CORE_2015_2025,NFP,GBPUSD,QUOTE,840030016,Nonfarm Payrolls,True,"840030015,840030016,840030018,840030019",USD_840020001:Trade Balance|USD_840030017:Participation Rate|USD_840030020:Average Weekly Hours|USD_840030022:Government Payrolls|USD_840030023:Private Nonfarm Payrolls|USD_840030024:U6 Unemployment Rate|USD_840030032:Manufacturing Payrolls|CAD_124010011:Employment Change|CAD_124010012:Full-Time Employment Change|CAD_124010013:Part-Time Employment Change|CAD_124010014:Unemployment Rate|CAD_124010015:Participation Rate|CAD_124010016:Imports|CAD_124010017:Exports|CAD_124010018:Trade Balance,True,True,False,261.0,159.0,-33.0,18.0,102.0,294.0,POSITIVE,POSITIVE,1,-1,1,-1,True,1509724800,2017.11.03 16:00:00,1800,True,True,0.002243,True,True,True,True,True,True,True,True,True,True,True,True,,,,,,
USD_NFP_1509723000,1509723000,2017.11.03 15:30:00,2017,CORE_2015_2025,NFP,NZDUSD,QUOTE,840030016,Nonfarm Payrolls,True,"840030015,840030016,840030018,840030019",USD_840020001:Trade Balance|USD_840030017:Participation Rate|USD_840030020:Average Weekly Hours|USD_840030022:Government Payrolls|USD_840030023:Private Nonfarm Payrolls|USD_840030024:U6 Unemployment Rate|USD_840030032:Manufacturing Payrolls|CAD_124010011:Employment Change|CAD_124010012:Full-Time Employment Change|CAD_124010013:Part-Time Employment Change|CAD_124010014:Unemployment Rate|CAD_124010015:Participation Rate|CAD_124010016:Imports|CAD_124010017:Exports|CAD_124010018:Trade Balance,True,True,False,261.0,159.0,-33.0,18.0,102.0,294.0,POSITIVE,POSITIVE,1,-1,1,-1,True,1509724800,2017.11.03 16:00:00,1800,True,True,0.001309,True,True,True,True,True,True,True,True,True,True,True,True,,,,,,
USD_NFP_1509723000,1509723000,2017.11.03 15:30:00,2017,CORE_2015_2025,NFP,USDCAD,BASE,840030016,Nonfarm Payrolls,True,"840030015,840030016,840030018,840030019",USD_840020001:Trade Balance|USD_840030017:Participation Rate|USD_840030020:Average Weekly Hours|USD_840030022:Government Payrolls|USD_840030023:Private Nonfarm Payrolls|USD_840030024:U6 Unemployment Rate|USD_840030032:Manufacturing Payrolls|CAD_124010011:Employment Change|CAD_124010012:Full-Time Employment Change|CAD_124010013:Part-Time Employment Change|CAD_124010014:Unemployment Rate|CAD_124010015:Participation Rate|CAD_124010016:Imports|CAD_124010017:Exports|CAD_124010018:Trade Balance,True,True,False,261.0,159.0,-33.0,18.0,102.0,294.0,POSITIVE,POSITIVE,1,1,1,1,True,1509724800,2017.11.03 16:00:00,1800,True,True,0.001809,True,True,True,True,True,True,True,True,True,True,True,True,,,,,,
USD_NFP_1509723000,1509723000,2017.11.03 15:30:00,2017,CORE_2015_2025,NFP,USDCHF,BASE,840030016,Nonfarm Payrolls,True,"840030015,840030016,840030018,840030019",USD_840020001:Trade Balance|USD_840030017:Participation Rate|USD_840030020:Average Weekly Hours|USD_840030022:Government Payrolls|USD_840030023:Private Nonfarm Payrolls|USD_840030024:U6 Unemployment Rate|USD_840030032:Manufacturing Payrolls|CAD_124010011:Employment Change|CAD_124010012:Full-Time Employment Change|CAD_124010013:Part-Time Employment Change|CAD_124010014:Unemployment Rate|CAD_124010015:Participation Rate|CAD_124010016:Imports|CAD_124010017:Exports|CAD_124010018:Trade Balance,True,True,False,261.0,159.0,-33.0,18.0,102.0,294.0,POSITIVE,POSITIVE,1,1,1,1,True,1509724800,2017.11.03 16:00:00,1800,True,True,0.001293,True,True,True,True,True,True,True,True,True,True,True,True,,,,,,
USD_NFP_1509723000,1509723000,2017.11.03 15:30:00,2017,CORE_2015_2025,NFP,USDJPY,BASE,840030016,Nonfarm Payrolls,True,"840030015,840030016,840030018,840030019",USD_840020001:Trade Balance|USD_840030017:Participation Rate|USD_840030020:Average Weekly Hours|USD_840030022:Government Payrolls|USD_840030023:Private Nonfarm Payrolls|USD_840030024:U6 Unemployment Rate|USD_840030032:Manufacturing Payrolls|CAD_124010011:Employment Change|CAD_124010012:Full-Time Employment Change|CAD_124010013:Part-Time Employment Change|CAD_124010014:Unemployment Rate|CAD_124010015:Participation Rate|CAD_124010016:Imports|CAD_124010017:Exports|CAD_124010018:Trade Balance,True,True,False,261.0,159.0,-33.0,18.0,102.0,294.0,POSITIVE,POSITIVE,1,1,1,1,True,1509724800,2017.11.03 16:00:00,1800,True,True,0.136602,True,True,True,True,True,True,True,True,True,True,True,True,,,,,,
USD_NFP_1512750600,1512750600,2017.12.08 16:30:00,2017,CORE_2015_2025,NFP,AUDUSD,QUOTE,840030016,Nonfarm Payrolls,True,"840030015,840030016,840030018,840030019",USD_840030017:Participation Rate|USD_840030020:Average Weekly Hours|USD_840030022:Government Payrolls|USD_840030023:Private Nonfarm Payrolls|USD_840030024:U6 Unemployment Rate|USD_840030032:Manufacturing Payrolls|CAD_124010002:Capacity Utilization Rate,False,False,False,228.0,159.0,261.0,244.0,69.0,-33.0,POSITIVE,NEGATIVE,1,-1,-1,1,True,1512752400,2017.12.08 17:00:00,1800,True,True,0.000923,True,True,True,True,True,True,True,True,True,True,True,True,,,,,,
USD_NFP_1512750600,1512750600,2017.12.08 16:30:00,2017,CORE_2015_2025,NFP,EURUSD,QUOTE,840030016,Nonfarm Payrolls,True,"840030015,840030016,840030018,840030019",USD_840030017:Participation Rate|USD_840030020:Average Weekly Hours|USD_840030022:Government Payrolls|USD_840030023:Private Nonfarm Payrolls|USD_840030024:U6 Unemployment Rate|USD_840030032:Manufacturing Payrolls|CAD_124010002:Capacity Utilization Rate,False,False,False,228.0,159.0,261.0,244.0,69.0,-33.0,POSITIVE,NEGATIVE,1,-1,-1,1,True,1512752400,2017.12.08 17:00:00,1800,True,True,0.001331,True,True,True,True,True,True,True,True,True,True,True,True,,,,,,
USD_NFP_1512750600,1512750600,2017.12.08 16:30:00,2017,CORE_2015_2025,NFP,GBPUSD,QUOTE,840030016,Nonfarm Payrolls,True,"840030015,840030016,840030018,840030019",USD_840030017:Participation Rate|USD_840030020:Average Weekly Hours|USD_840030022:Government Payrolls|USD_840030023:Private Nonfarm Payrolls|USD_840030024:U6 Unemployment Rate|USD_840030032:Manufacturing Payrolls|CAD_124010002:Capacity Utilization Rate,False,False,False,228.0,159.0,261.0,244.0,69.0,-33.0,POSITIVE,NEGATIVE,1,-1,-1,1,True,1512752400,2017.12.08 17:00:00,1800,True,True,0.002831,True,True,True,True,True,True,True,True,True,True,True,True,,,,,,
USD_NFP_1512750600,1512750600,2017.12.08 16:30:00,2017,CORE_2015_2025,NFP,NZDUSD,QUOTE,840030016,Nonfarm Payrolls,True,"840030015,840030016,840030018,840030019",USD_840030017:Participation Rate|USD_840030020:Average Weekly Hours|USD_840030022:Government Payrolls|USD_840030023:Private Nonfarm Payrolls|USD_840030024:U6 Unemployment Rate|USD_840030032:Manufacturing Payrolls|CAD_124010002:Capacity Utilization Rate,False,False,False,228.0,159.0,261.0,244.0,69.0,-33.0,POSITIVE,NEGATIVE,1,-1,-1,1,True,1512752400,2017.12.08 17:00:00,1800,True,True,0.001025,True,True,True,True,True,True,True,True,True,True,True,True,,,,,,
USD_NFP_1512750600,1512750600,2017.12.08 16:30:00,2017,CORE_2015_2025,NFP,USDCAD,BASE,840030016,Nonfarm Payrolls,True,"840030015,840030016,840030018,840030019",USD_840030017:Participation Rate|USD_840030020:Average Weekly Hours|USD_840030022:Government Payrolls|USD_840030023:Private Nonfarm Payrolls|USD_840030024:U6 Unemployment Rate|USD_840030032:Manufacturing Payrolls|CAD_124010002:Capacity Utilization Rate,False,False,False,228.0,159.0,261.0,244.0,69.0,-33.0,POSITIVE,NEGATIVE,1,1,-1,-1,True,1512752400,2017.12.08 17:00:00,1800,True,True,0.001470,True,True,True,True,True,True,True,True,True,True,True,True,,,,,,
USD_NFP_1512750600,1512750600,2017.12.08 16:30:00,2017,CORE_2015_2025,NFP,USDCHF,BASE,840030016,Nonfarm Payrolls,True,"840030015,840030016,840030018,840030019",USD_840030017:Participation Rate|USD_840030020:Average Weekly Hours|USD_840030022:Government Payrolls|USD_840030023:Private Nonfarm Payrolls|USD_840030024:U6 Unemployment Rate|USD_840030032:Manufacturing Payrolls|CAD_124010002:Capacity Utilization Rate,False,False,False,228.0,159.0,261.0,244.0,69.0,-33.0,POSITIVE,NEGATIVE,1,1,-1,-1,True,1512752400,2017.12.08 17:00:00,1800,True,True,0.001140,True,True,True,True,True,True,True,True,True,True,True,True,,,,,,
USD_NFP_1512750600,1512750600,2017.12.08 16:30:00,2017,CORE_2015_2025,NFP,USDJPY,BASE,840030016,Nonfarm Payrolls,True,"840030015,840030016,840030018,840030019",USD_840030017:Participation Rate|USD_840030020:Average Weekly Hours|USD_840030022:Government Payrolls|USD_840030023:Private Nonfarm Payrolls|USD_840030024:U6 Unemployment Rate|USD_840030032:Manufacturing Payrolls|CAD_124010002:Capacity Utilization Rate,False,False,False,228.0,159.0,261.0,244.0,69.0,-33.0,POSITIVE,NEGATIVE,1,1,-1,-1,True,1512752400,2017.12.08 17:00:00,1800,True,True,0.119445,True,True,True,True,True,True,True,True,True,True,True,True,,,,,,
USD_NFP_1515169800,1515169800,2018.01.05 16:30:00,2018,CORE_2015_2025,NFP,AUDUSD,QUOTE,840030016,Nonfarm Payrolls,True,"840030015,840030016,840030018,840030019",USD_840020001:Trade Balance|USD_840020023:Exports|USD_840020024:Imports|USD_840030017:Participation Rate|USD_840030020:Average Weekly Hours|USD_840030022:Government Payrolls|USD_840030023:Private Nonfarm Payrolls|USD_840030024:U6 Unemployment Rate|USD_840030032:Manufacturing Payrolls|CAD_124010011:Employment Change|CAD_124010012:Full-Time Employment Change|CAD_124010013:Part-Time Employment Change|CAD_124010014:Unemployment Rate|CAD_124010015:Participation Rate|CAD_124010016:Imports|CAD_124010017:Exports|CAD_124010018:Trade Balance,True,True,False,148.0,159.0,228.0,252.0,-11.0,-80.0,NEGATIVE,NEGATIVE,-1,1,-1,1,True,1515171600,2018.01.05 17:00:00,1800,True,True,0.001102,True,True,True,True,True,True,True,True,True,True,True,True,,,,,,
USD_NFP_1515169800,1515169800,2018.01.05 16:30:00,2018,CORE_2015_2025,NFP,EURUSD,QUOTE,840030016,Nonfarm Payrolls,True,"840030015,840030016,840030018,840030019",USD_840020001:Trade Balance|USD_840020023:Exports|USD_840020024:Imports|USD_840030017:Participation Rate|USD_840030020:Average Weekly Hours|USD_840030022:Government Payrolls|USD_840030023:Private Nonfarm Payrolls|USD_840030024:U6 Unemployment Rate|USD_840030032:Manufacturing Payrolls|CAD_124010011:Employment Change|CAD_124010012:Full-Time Employment Change|CAD_124010013:Part-Time Employment Change|CAD_124010014:Unemployment Rate|CAD_124010015:Participation Rate|CAD_124010016:Imports|CAD_124010017:Exports|CAD_124010018:Trade Balance,True,True,False,148.0,159.0,228.0,252.0,-11.0,-80.0,NEGATIVE,NEGATIVE,-1,1,-1,1,True,1515171600,2018.01.05 17:00:00,1800,True,True,0.001694,True,True,True,True,True,True,True,True,True,True,True,True,,,,,,
USD_NFP_1515169800,1515169800,2018.01.05 16:30:00,2018,CORE_2015_2025,NFP,GBPUSD,QUOTE,840030016,Nonfarm Payrolls,True,"840030015,840030016,840030018,840030019",USD_840020001:Trade Balance|USD_840020023:Exports|USD_840020024:Imports|USD_840030017:Participation Rate|USD_840030020:Average Weekly Hours|USD_840030022:Government Payrolls|USD_840030023:Private Nonfarm Payrolls|USD_840030024:U6 Unemployment Rate|USD_840030032:Manufacturing Payrolls|CAD_124010011:Employment Change|CAD_124010012:Full-Time Employment Change|CAD_124010013:Part-Time Employment Change|CAD_124010014:Unemployment Rate|CAD_124010015:Participation Rate|CAD_124010016:Imports|CAD_124010017:Exports|CAD_124010018:Trade Balance,True,True,False,148.0,159.0,228.0,252.0,-11.0,-80.0,NEGATIVE,NEGATIVE,-1,1,-1,1,True,1515171600,2018.01.05 17:00:00,1800,True,True,0.001453,True,True,True,True,True,True,True,True,True,True,True,True,,,,,,
USD_NFP_1515169800,1515169800,2018.01.05 16:30:00,2018,CORE_2015_2025,NFP,NZDUSD,QUOTE,840030016,Nonfarm Payrolls,True,"840030015,840030016,840030018,840030019",USD_840020001:Trade Balance|USD_840020023:Exports|USD_840020024:Imports|USD_840030017:Participation Rate|USD_840030020:Average Weekly Hours|USD_840030022:Government Payrolls|USD_840030023:Private Nonfarm Payrolls|USD_840030024:U6 Unemployment Rate|USD_840030032:Manufacturing Payrolls|CAD_124010011:Employment Change|CAD_124010012:Full-Time Employment Change|CAD_124010013:Part-Time Employment Change|CAD_124010014:Unemployment Rate|CAD_124010015:Participation Rate|CAD_124010016:Imports|CAD_124010017:Exports|CAD_124010018:Trade Balance,True,True,False,148.0,159.0,228.0,252.0,-11.0,-80.0,NEGATIVE,NEGATIVE,-1,1,-1,1,True,1515171600,2018.01.05 17:00:00,1800,True,True,0.001138,True,True,True,True,True,True,True,True,True,True,True,True,,,,,,
USD_NFP_1515169800,1515169800,2018.01.05 16:30:00,2018,CORE_2015_2025,NFP,USDCAD,BASE,840030016,Nonfarm Payrolls,True,"840030015,840030016,840030018,840030019",USD_840020001:Trade Balance|USD_840020023:Exports|USD_840020024:Imports|USD_840030017:Participation Rate|USD_840030020:Average Weekly Hours|USD_840030022:Government Payrolls|USD_840030023:Private Nonfarm Payrolls|USD_840030024:U6 Unemployment Rate|USD_840030032:Manufacturing Payrolls|CAD_124010011:Employment Change|CAD_124010012:Full-Time Employment Change|CAD_124010013:Part-Time Employment Change|CAD_124010014:Unemployment Rate|CAD_124010015:Participation Rate|CAD_124010016:Imports|CAD_124010017:Exports|CAD_124010018:Trade Balance,True,True,False,148.0,159.0,228.0,252.0,-11.0,-80.0,NEGATIVE,NEGATIVE,-1,-1,-1,-1,True,1515171600,2018.01.05 17:00:00,1800,True,True,0.002116,True,True,True,True,True,True,True,True,True,True,True,True,,,,,,
USD_NFP_1515169800,1515169800,2018.01.05 16:30:00,2018,CORE_2015_2025,NFP,USDCHF,BASE,840030016,Nonfarm Payrolls,True,"840030015,840030016,840030018,840030019",USD_840020001:Trade Balance|USD_840020023:Exports|USD_840020024:Imports|USD_840030017:Participation Rate|USD_840030020:Average Weekly Hours|USD_840030022:Government Payrolls|USD_840030023:Private Nonfarm Payrolls|USD_840030024:U6 Unemployment Rate|USD_840030032:Manufacturing Payrolls|CAD_124010011:Employment Change|CAD_124010012:Full-Time Employment Change|CAD_124010013:Part-Time Employment Change|CAD_124010014:Unemployment Rate|CAD_124010015:Participation Rate|CAD_124010016:Imports|CAD_124010017:Exports|CAD_124010018:Trade Balance,True,True,False,148.0,159.0,228.0,252.0,-11.0,-80.0,NEGATIVE,NEGATIVE,-1,-1,-1,-1,True,1515171600,2018.01.05 17:00:00,1800,True,True,0.001109,True,True,True,True,True,True,True,True,True,True,True,True,,,,,,
USD_NFP_1515169800,1515169800,2018.01.05 16:30:00,2018,CORE_2015_2025,NFP,USDJPY,BASE,840030016,Nonfarm Payrolls,True,"840030015,840030016,840030018,840030019",USD_840020001:Trade Balance|USD_840020023:Exports|USD_840020024:Imports|USD_840030017:Participation Rate|USD_840030020:Average Weekly Hours|USD_840030022:Government Payrolls|USD_840030023:Private Nonfarm Payrolls|USD_840030024:U6 Unemployment Rate|USD_840030032:Manufacturing Payrolls|CAD_124010011:Employment Change|CAD_124010012:Full-Time Employment Change|CAD_124010013:Part-Time Employment Change|CAD_124010014:Unemployment Rate|CAD_124010015:Participation Rate|CAD_124010016:Imports|CAD_124010017:Exports|CAD_124010018:Trade Balance,True,True,False,148.0,159.0,228.0,252.0,-11.0,-80.0,NEGATIVE,NEGATIVE,-1,-1,-1,-1,True,1515171600,2018.01.05 17:00:00,1800,True,True,0.100871,True,True,True,True,True,True,True,True,True,True,True,True,,,,,,
USD_NFP_1517589000,1517589000,2018.02.02 16:30:00,2018,CORE_2015_2025,NFP,AUDUSD,QUOTE,840030016,Nonfarm Payrolls,True,"840030015,840030016,840030018,840030019",USD_840030017:Participation Rate|USD_840030020:Average Weekly Hours|USD_840030022:Government Payrolls|USD_840030023:Private Nonfarm Payrolls|USD_840030024:U6 Unemployment Rate|USD_840030032:Manufacturing Payrolls,False,False,False,200.0,157.0,148.0,160.0,43.0,52.0,POSITIVE,POSITIVE,1,-1,1,-1,True,1517590800,2018.02.02 17:00:00,1800,True,True,0.001748,True,True,True,True,True,True,True,True,True,True,True,True,,,,,,
USD_NFP_1517589000,1517589000,2018.02.02 16:30:00,2018,CORE_2015_2025,NFP,EURUSD,QUOTE,840030016,Nonfarm Payrolls,True,"840030015,840030016,840030018,840030019",USD_840030017:Participation Rate|USD_840030020:Average Weekly Hours|USD_840030022:Government Payrolls|USD_840030023:Private Nonfarm Payrolls|USD_840030024:U6 Unemployment Rate|USD_840030032:Manufacturing Payrolls,False,False,False,200.0,157.0,148.0,160.0,43.0,52.0,POSITIVE,POSITIVE,1,-1,1,-1,True,1517590800,2018.02.02 17:00:00,1800,True,True,0.001976,True,True,True,True,True,True,True,True,True,True,True,True,,,,,,
USD_NFP_1517589000,1517589000,2018.02.02 16:30:00,2018,CORE_2015_2025,NFP,GBPUSD,QUOTE,840030016,Nonfarm Payrolls,True,"840030015,840030016,840030018,840030019",USD_840030017:Participation Rate|USD_840030020:Average Weekly Hours|USD_840030022:Government Payrolls|USD_840030023:Private Nonfarm Payrolls|USD_840030024:U6 Unemployment Rate|USD_840030032:Manufacturing Payrolls,False,False,False,200.0,157.0,148.0,160.0,43.0,52.0,POSITIVE,POSITIVE,1,-1,1,-1,True,1517590800,2018.02.02 17:00:00,1800,True,True,0.002740,True,True,True,True,True,True,True,True,True,True,True,True,,,,,,
USD_NFP_1517589000,1517589000,2018.02.02 16:30:00,2018,CORE_2015_2025,NFP,NZDUSD,QUOTE,840030016,Nonfarm Payrolls,True,"840030015,840030016,840030018,840030019",USD_840030017:Participation Rate|USD_840030020:Average Weekly Hours|USD_840030022:Government Payrolls|USD_840030023:Private Nonfarm Payrolls|USD_840030024:U6 Unemployment Rate|USD_840030032:Manufacturing Payrolls,False,False,False,200.0,157.0,148.0,160.0,43.0,52.0,POSITIVE,POSITIVE,1,-1,1,-1,True,1517590800,2018.02.02 17:00:00,1800,True,True,0.001702,True,True,True,True,True,True,True,True,True,True,True,True,,,,,,
USD_NFP_1517589000,1517589000,2018.02.02 16:30:00,2018,CORE_2015_2025,NFP,USDCAD,BASE,840030016,Nonfarm Payrolls,True,"840030015,840030016,840030018,840030019",USD_840030017:Participation Rate|USD_840030020:Average Weekly Hours|USD_840030022:Government Payrolls|USD_840030023:Private Nonfarm Payrolls|USD_840030024:U6 Unemployment Rate|USD_840030032:Manufacturing Payrolls,False,False,False,200.0,157.0,148.0,160.0,43.0,52.0,POSITIVE,POSITIVE,1,1,1,1,True,1517590800,2018.02.02 17:00:00,1800,True,True,0.001946,True,True,True,True,True,True,True,True,True,True,True,True,,,,,,
USD_NFP_1517589000,1517589000,2018.02.02 16:30:00,2018,CORE_2015_2025,NFP,USDCHF,BASE,840030016,Nonfarm Payrolls,True,"840030015,840030016,840030018,840030019",USD_840030017:Participation Rate|USD_840030020:Average Weekly Hours|USD_840030022:Government Payrolls|USD_840030023:Private Nonfarm Payrolls|USD_840030024:U6 Unemployment Rate|USD_840030032:Manufacturing Payrolls,False,False,False,200.0,157.0,148.0,160.0,43.0,52.0,POSITIVE,POSITIVE,1,1,1,1,True,1517590800,2018.02.02 17:00:00,1800,True,True,0.001814,True,True,True,True,True,True,True,True,True,True,True,True,,,,,,
USD_NFP_1517589000,1517589000,2018.02.02 16:30:00,2018,CORE_2015_2025,NFP,USDJPY,BASE,840030016,Nonfarm Payrolls,True,"840030015,840030016,840030018,840030019",USD_840030017:Participation Rate|USD_840030020:Average Weekly Hours|USD_840030022:Government Payrolls|USD_840030023:Private Nonfarm Payrolls|USD_840030024:U6 Unemployment Rate|USD_840030032:Manufacturing Payrolls,False,False,False,200.0,157.0,148.0,160.0,43.0,52.0,POSITIVE,POSITIVE,1,1,1,1,True,1517590800,2018.02.02 17:00:00,1800,True,True,0.183996,True,True,True,True,True,True,True,True,True,True,True,True,,,,,,
USD_NFP_1520613000,1520613000,2018.03.09 16:30:00,2018,CORE_2015_2025,NFP,AUDUSD,QUOTE,840030016,Nonfarm Payrolls,True,"840030015,840030016,840030018,840030019",USD_840030017:Participation Rate|USD_840030020:Average Weekly Hours|USD_840030022:Government Payrolls|USD_840030023:Private Nonfarm Payrolls|USD_840030024:U6 Unemployment Rate|USD_840030032:Manufacturing Payrolls|CAD_124010002:Capacity Utilization Rate|CAD_124010011:Employment Change|CAD_124010012:Full-Time Employment Change|CAD_124010013:Part-Time Employment Change|CAD_124010014:Unemployment Rate|CAD_124010015:Participation Rate,True,False,False,313.0,159.0,200.0,239.0,154.0,113.0,POSITIVE,POSITIVE,1,-1,1,-1,True,1520614800,2018.03.09 17:00:00,1800,True,True,0.001156,True,True,True,True,True,True,True,True,True,True,True,True,,,,,,
USD_NFP_1520613000,1520613000,2018.03.09 16:30:00,2018,CORE_2015_2025,NFP,EURUSD,QUOTE,840030016,Nonfarm Payrolls,True,"840030015,840030016,840030018,840030019",USD_840030017:Participation Rate|USD_840030020:Average Weekly Hours|USD_840030022:Government Payrolls|USD_840030023:Private Nonfarm Payrolls|USD_840030024:U6 Unemployment Rate|USD_840030032:Manufacturing Payrolls|CAD_124010002:Capacity Utilization Rate|CAD_124010011:Employment Change|CAD_124010012:Full-Time Employment Change|CAD_124010013:Part-Time Employment Change|CAD_124010014:Unemployment Rate|CAD_124010015:Participation Rate,True,False,False,313.0,159.0,200.0,239.0,154.0,113.0,POSITIVE,POSITIVE,1,-1,1,-1,True,1520614800,2018.03.09 17:00:00,1800,True,True,0.001692,True,True,True,True,True,True,True,True,True,True,True,True,,,,,,
USD_NFP_1520613000,1520613000,2018.03.09 16:30:00,2018,CORE_2015_2025,NFP,GBPUSD,QUOTE,840030016,Nonfarm Payrolls,True,"840030015,840030016,840030018,840030019",USD_840030017:Participation Rate|USD_840030020:Average Weekly Hours|USD_840030022:Government Payrolls|USD_840030023:Private Nonfarm Payrolls|USD_840030024:U6 Unemployment Rate|USD_840030032:Manufacturing Payrolls|CAD_124010002:Capacity Utilization Rate|CAD_124010011:Employment Change|CAD_124010012:Full-Time Employment Change|CAD_124010013:Part-Time Employment Change|CAD_124010014:Unemployment Rate|CAD_124010015:Participation Rate,True,False,False,313.0,159.0,200.0,239.0,154.0,113.0,POSITIVE,POSITIVE,1,-1,1,-1,True,1520614800,2018.03.09 17:00:00,1800,True,True,0.001857,True,True,True,True,True,True,True,True,True,True,True,True,,,,,,
USD_NFP_1520613000,1520613000,2018.03.09 16:30:00,2018,CORE_2015_2025,NFP,NZDUSD,QUOTE,840030016,Nonfarm Payrolls,True,"840030015,840030016,840030018,840030019",USD_840030017:Participation Rate|USD_840030020:Average Weekly Hours|USD_840030022:Government Payrolls|USD_840030023:Private Nonfarm Payrolls|USD_840030024:U6 Unemployment Rate|USD_840030032:Manufacturing Payrolls|CAD_124010002:Capacity Utilization Rate|CAD_124010011:Employment Change|CAD_124010012:Full-Time Employment Change|CAD_124010013:Part-Time Employment Change|CAD_124010014:Unemployment Rate|CAD_124010015:Participation Rate,True,False,False,313.0,159.0,200.0,239.0,154.0,113.0,POSITIVE,POSITIVE,1,-1,1,-1,True,1520614800,2018.03.09 17:00:00,1800,True,True,0.001060,True,True,True,True,True,True,True,True,True,True,True,True,,,,,,
USD_NFP_1520613000,1520613000,2018.03.09 16:30:00,2018,CORE_2015_2025,NFP,USDCAD,BASE,840030016,Nonfarm Payrolls,True,"840030015,840030016,840030018,840030019",USD_840030017:Participation Rate|USD_840030020:Average Weekly Hours|USD_840030022:Government Payrolls|USD_840030023:Private Nonfarm Payrolls|USD_840030024:U6 Unemployment Rate|USD_840030032:Manufacturing Payrolls|CAD_124010002:Capacity Utilization Rate|CAD_124010011:Employment Change|CAD_124010012:Full-Time Employment Change|CAD_124010013:Part-Time Employment Change|CAD_124010014:Unemployment Rate|CAD_124010015:Participation Rate,True,False,False,313.0,159.0,200.0,239.0,154.0,113.0,POSITIVE,POSITIVE,1,1,1,1,True,1520614800,2018.03.09 17:00:00,1800,True,True,0.002011,True,True,True,True,True,True,True,True,True,True,True,True,,,,,,
USD_NFP_1520613000,1520613000,2018.03.09 16:30:00,2018,CORE_2015_2025,NFP,USDCHF,BASE,840030016,Nonfarm Payrolls,True,"840030015,840030016,840030018,840030019",USD_840030017:Participation Rate|USD_840030020:Average Weekly Hours|USD_840030022:Government Payrolls|USD_840030023:Private Nonfarm Payrolls|USD_840030024:U6 Unemployment Rate|USD_840030032:Manufacturing Payrolls|CAD_124010002:Capacity Utilization Rate|CAD_124010011:Employment Change|CAD_124010012:Full-Time Employment Change|CAD_124010013:Part-Time Employment Change|CAD_124010014:Unemployment Rate|CAD_124010015:Participation Rate,True,False,False,313.0,159.0,200.0,239.0,154.0,113.0,POSITIVE,POSITIVE,1,1,1,1,True,1520614800,2018.03.09 17:00:00,1800,True,True,0.001300,True,True,True,True,True,True,True,True,True,True,True,True,,,,,,
USD_NFP_1520613000,1520613000,2018.03.09 16:30:00,2018,CORE_2015_2025,NFP,USDJPY,BASE,840030016,Nonfarm Payrolls,True,"840030015,840030016,840030018,840030019",USD_840030017:Participation Rate|USD_840030020:Average Weekly Hours|USD_840030022:Government Payrolls|USD_840030023:Private Nonfarm Payrolls|USD_840030024:U6 Unemployment Rate|USD_840030032:Manufacturing Payrolls|CAD_124010002:Capacity Utilization Rate|CAD_124010011:Employment Change|CAD_124010012:Full-Time Employment Change|CAD_124010013:Part-Time Employment Change|CAD_124010014:Unemployment Rate|CAD_124010015:Participation Rate,True,False,False,313.0,159.0,200.0,239.0,154.0,113.0,POSITIVE,POSITIVE,1,1,1,1,True,1520614800,2018.03.09 17:00:00,1800,True,True,0.145032,True,True,True,True,True,True,True,True,True,True,True,True,,,,,,
USD_NFP_1523028600,1523028600,2018.04.06 15:30:00,2018,CORE_2015_2025,NFP,AUDUSD,QUOTE,840030016,Nonfarm Payrolls,True,"840030015,840030016,840030018,840030019",USD_840030017:Participation Rate|USD_840030020:Average Weekly Hours|USD_840030022:Government Payrolls|USD_840030023:Private Nonfarm Payrolls|USD_840030024:U6 Unemployment Rate|USD_840030032:Manufacturing Payrolls|CAD_124010011:Employment Change|CAD_124010012:Full-Time Employment Change|CAD_124010013:Part-Time Employment Change|CAD_124010014:Unemployment Rate|CAD_124010015:Participation Rate,True,False,False,103.0,166.0,313.0,326.0,-63.0,-210.0,NEGATIVE,NEGATIVE,-1,1,-1,1,True,1523030400,2018.04.06 16:00:00,1800,True,True,0.000991,True,True,True,True,True,True,True,True,True,True,True,True,,,,,,
USD_NFP_1523028600,1523028600,2018.04.06 15:30:00,2018,CORE_2015_2025,NFP,EURUSD,QUOTE,840030016,Nonfarm Payrolls,True,"840030015,840030016,840030018,840030019",USD_840030017:Participation Rate|USD_840030020:Average Weekly Hours|USD_840030022:Government Payrolls|USD_840030023:Private Nonfarm Payrolls|USD_840030024:U6 Unemployment Rate|USD_840030032:Manufacturing Payrolls|CAD_124010011:Employment Change|CAD_124010012:Full-Time Employment Change|CAD_124010013:Part-Time Employment Change|CAD_124010014:Unemployment Rate|CAD_124010015:Participation Rate,True,False,False,103.0,166.0,313.0,326.0,-63.0,-210.0,NEGATIVE,NEGATIVE,-1,1,-1,1,True,1523030400,2018.04.06 16:00:00,1800,True,True,0.001223,True,True,True,True,True,True,True,True,True,True,True,True,,,,,,
USD_NFP_1523028600,1523028600,2018.04.06 15:30:00,2018,CORE_2015_2025,NFP,GBPUSD,QUOTE,840030016,Nonfarm Payrolls,True,"840030015,840030016,840030018,840030019",USD_840030017:Participation Rate|USD_840030020:Average Weekly Hours|USD_840030022:Government Payrolls|USD_840030023:Private Nonfarm Payrolls|USD_840030024:U6 Unemployment Rate|USD_840030032:Manufacturing Payrolls|CAD_124010011:Employment Change|CAD_124010012:Full-Time Employment Change|CAD_124010013:Part-Time Employment Change|CAD_124010014:Unemployment Rate|CAD_124010015:Participation Rate,True,False,False,103.0,166.0,313.0,326.0,-63.0,-210.0,NEGATIVE,NEGATIVE,-1,1,-1,1,True,1523030400,2018.04.06 16:00:00,1800,True,True,0.001426,True,True,True,True,True,True,True,True,True,True,True,True,,,,,,
USD_NFP_1523028600,1523028600,2018.04.06 15:30:00,2018,CORE_2015_2025,NFP,NZDUSD,QUOTE,840030016,Nonfarm Payrolls,True,"840030015,840030016,840030018,840030019",USD_840030017:Participation Rate|USD_840030020:Average Weekly Hours|USD_840030022:Government Payrolls|USD_840030023:Private Nonfarm Payrolls|USD_840030024:U6 Unemployment Rate|USD_840030032:Manufacturing Payrolls|CAD_124010011:Employment Change|CAD_124010012:Full-Time Employment Change|CAD_124010013:Part-Time Employment Change|CAD_124010014:Unemployment Rate|CAD_124010015:Participation Rate,True,False,False,103.0,166.0,313.0,326.0,-63.0,-210.0,NEGATIVE,NEGATIVE,-1,1,-1,1,True,1523030400,2018.04.06 16:00:00,1800,True,True,0.000925,True,True,True,True,True,True,True,True,True,True,True,True,,,,,,
USD_NFP_1523028600,1523028600,2018.04.06 15:30:00,2018,CORE_2015_2025,NFP,USDCAD,BASE,840030016,Nonfarm Payrolls,True,"840030015,840030016,840030018,840030019",USD_840030017:Participation Rate|USD_840030020:Average Weekly Hours|USD_840030022:Government Payrolls|USD_840030023:Private Nonfarm Payrolls|USD_840030024:U6 Unemployment Rate|USD_840030032:Manufacturing Payrolls|CAD_124010011:Employment Change|CAD_124010012:Full-Time Employment Change|CAD_124010013:Part-Time Employment Change|CAD_124010014:Unemployment Rate|CAD_124010015:Participation Rate,True,False,False,103.0,166.0,313.0,326.0,-63.0,-210.0,NEGATIVE,NEGATIVE,-1,-1,-1,-1,True,1523030400,2018.04.06 16:00:00,1800,True,True,0.001340,True,True,True,True,True,True,True,True,True,True,True,True,,,,,,
USD_NFP_1523028600,1523028600,2018.04.06 15:30:00,2018,CORE_2015_2025,NFP,USDCHF,BASE,840030016,Nonfarm Payrolls,True,"840030015,840030016,840030018,840030019",USD_840030017:Participation Rate|USD_840030020:Average Weekly Hours|USD_840030022:Government Payrolls|USD_840030023:Private Nonfarm Payrolls|USD_840030024:U6 Unemployment Rate|USD_840030032:Manufacturing Payrolls|CAD_124010011:Employment Change|CAD_124010012:Full-Time Employment Change|CAD_124010013:Part-Time Employment Change|CAD_124010014:Unemployment Rate|CAD_124010015:Participation Rate,True,False,False,103.0,166.0,313.0,326.0,-63.0,-210.0,NEGATIVE,NEGATIVE,-1,-1,-1,-1,True,1523030400,2018.04.06 16:00:00,1800,True,True,0.001006,True,True,True,True,True,True,True,True,True,True,True,True,,,,,,
USD_NFP_1523028600,1523028600,2018.04.06 15:30:00,2018,CORE_2015_2025,NFP,USDJPY,BASE,840030016,Nonfarm Payrolls,True,"840030015,840030016,840030018,840030019",USD_840030017:Participation Rate|USD_840030020:Average Weekly Hours|USD_840030022:Government Payrolls|USD_840030023:Private Nonfarm Payrolls|USD_840030024:U6 Unemployment Rate|USD_840030032:Manufacturing Payrolls|CAD_124010011:Employment Change|CAD_124010012:Full-Time Employment Change|CAD_124010013:Part-Time Employment Change|CAD_124010014:Unemployment Rate|CAD_124010015:Participation Rate,True,False,False,103.0,166.0,313.0,326.0,-63.0,-210.0,NEGATIVE,NEGATIVE,-1,-1,-1,-1,True,1523030400,2018.04.06 16:00:00,1800,True,True,0.131073,True,True,True,True,True,True,True,True,True,True,True,True,,,,,,
USD_NFP_1525447800,1525447800,2018.05.04 15:30:00,2018,CORE_2015_2025,NFP,AUDUSD,QUOTE,840030016,Nonfarm Payrolls,True,"840030015,840030016,840030018,840030019",USD_840030017:Participation Rate|USD_840030020:Average Weekly Hours|USD_840030022:Government Payrolls|USD_840030023:Private Nonfarm Payrolls|USD_840030024:U6 Unemployment Rate|USD_840030032:Manufacturing Payrolls,False,False,False,164.0,168.0,103.0,135.0,-4.0,61.0,NEGATIVE,POSITIVE,-1,1,1,-1,True,1525449600,2018.05.04 16:00:00,1800,True,True,0.001170,True,True,True,True,True,True,True,True,True,True,True,True,,,,,,
USD_NFP_1525447800,1525447800,2018.05.04 15:30:00,2018,CORE_2015_2025,NFP,EURUSD,QUOTE,840030016,Nonfarm Payrolls,True,"840030015,840030016,840030018,840030019",USD_840030017:Participation Rate|USD_840030020:Average Weekly Hours|USD_840030022:Government Payrolls|USD_840030023:Private Nonfarm Payrolls|USD_840030024:U6 Unemployment Rate|USD_840030032:Manufacturing Payrolls,False,False,False,164.0,168.0,103.0,135.0,-4.0,61.0,NEGATIVE,POSITIVE,-1,1,1,-1,True,1525449600,2018.05.04 16:00:00,1800,True,True,0.001425,True,True,True,True,True,True,True,True,True,True,True,True,,,,,,
USD_NFP_1525447800,1525447800,2018.05.04 15:30:00,2018,CORE_2015_2025,NFP,GBPUSD,QUOTE,840030016,Nonfarm Payrolls,True,"840030015,840030016,840030018,840030019",USD_840030017:Participation Rate|USD_840030020:Average Weekly Hours|USD_840030022:Government Payrolls|USD_840030023:Private Nonfarm Payrolls|USD_840030024:U6 Unemployment Rate|USD_840030032:Manufacturing Payrolls,False,False,False,164.0,168.0,103.0,135.0,-4.0,61.0,NEGATIVE,POSITIVE,-1,1,1,-1,True,1525449600,2018.05.04 16:00:00,1800,True,True,0.001731,True,True,True,True,True,True,True,True,True,True,True,True,,,,,,
USD_NFP_1525447800,1525447800,2018.05.04 15:30:00,2018,CORE_2015_2025,NFP,NZDUSD,QUOTE,840030016,Nonfarm Payrolls,True,"840030015,840030016,840030018,840030019",USD_840030017:Participation Rate|USD_840030020:Average Weekly Hours|USD_840030022:Government Payrolls|USD_840030023:Private Nonfarm Payrolls|USD_840030024:U6 Unemployment Rate|USD_840030032:Manufacturing Payrolls,False,False,False,164.0,168.0,103.0,135.0,-4.0,61.0,NEGATIVE,POSITIVE,-1,1,1,-1,True,1525449600,2018.05.04 16:00:00,1800,True,True,0.000908,True,True,True,True,True,True,True,True,True,True,True,True,,,,,,
USD_NFP_1525447800,1525447800,2018.05.04 15:30:00,2018,CORE_2015_2025,NFP,USDCAD,BASE,840030016,Nonfarm Payrolls,True,"840030015,840030016,840030018,840030019",USD_840030017:Participation Rate|USD_840030020:Average Weekly Hours|USD_840030022:Government Payrolls|USD_840030023:Private Nonfarm Payrolls|USD_840030024:U6 Unemployment Rate|USD_840030032:Manufacturing Payrolls,False,False,False,164.0,168.0,103.0,135.0,-4.0,61.0,NEGATIVE,POSITIVE,-1,-1,1,1,True,1525449600,2018.05.04 16:00:00,1800,True,True,0.001367,True,True,True,True,True,True,True,True,True,True,True,True,,,,,,
USD_NFP_1525447800,1525447800,2018.05.04 15:30:00,2018,CORE_2015_2025,NFP,USDCHF,BASE,840030016,Nonfarm Payrolls,True,"840030015,840030016,840030018,840030019",USD_840030017:Participation Rate|USD_840030020:Average Weekly Hours|USD_840030022:Government Payrolls|USD_840030023:Private Nonfarm Payrolls|USD_840030024:U6 Unemployment Rate|USD_840030032:Manufacturing Payrolls,False,False,False,164.0,168.0,103.0,135.0,-4.0,61.0,NEGATIVE,POSITIVE,-1,-1,1,1,True,1525449600,2018.05.04 16:00:00,1800,True,True,0.001096,True,True,True,True,True,True,True,True,True,True,True,True,,,,,,
USD_NFP_1525447800,1525447800,2018.05.04 15:30:00,2018,CORE_2015_2025,NFP,USDJPY,BASE,840030016,Nonfarm Payrolls,True,"840030015,840030016,840030018,840030019",USD_840030017:Participation Rate|USD_840030020:Average Weekly Hours|USD_840030022:Government Payrolls|USD_840030023:Private Nonfarm Payrolls|USD_840030024:U6 Unemployment Rate|USD_840030032:Manufacturing Payrolls,False,False,False,164.0,168.0,103.0,135.0,-4.0,61.0,NEGATIVE,POSITIVE,-1,-1,1,1,True,1525449600,2018.05.04 16:00:00,1800,True,True,0.118526,True,True,True,True,True,True,True,True,True,True,True,True,,,,,,
USD_NFP_1527867000,1527867000,2018.06.01 15:30:00,2018,CORE_2015_2025,NFP,AUDUSD,QUOTE,840030016,Nonfarm Payrolls,True,"840030015,840030016,840030018,840030019",USD_840030017:Participation Rate|USD_840030020:Average Weekly Hours|USD_840030022:Government Payrolls|USD_840030023:Private Nonfarm Payrolls|USD_840030024:U6 Unemployment Rate|USD_840030032:Manufacturing Payrolls,False,False,False,223.0,166.0,164.0,159.0,57.0,59.0,POSITIVE,POSITIVE,1,-1,1,-1,True,1527868800,2018.06.01 16:00:00,1800,True,True,0.001180,True,True,True,True,True,True,True,True,True,True,True,True,,,,,,
USD_NFP_1527867000,1527867000,2018.06.01 15:30:00,2018,CORE_2015_2025,NFP,EURUSD,QUOTE,840030016,Nonfarm Payrolls,True,"840030015,840030016,840030018,840030019",USD_840030017:Participation Rate|USD_840030020:Average Weekly Hours|USD_840030022:Government Payrolls|USD_840030023:Private Nonfarm Payrolls|USD_840030024:U6 Unemployment Rate|USD_840030032:Manufacturing Payrolls,False,False,False,223.0,166.0,164.0,159.0,57.0,59.0,POSITIVE,POSITIVE,1,-1,1,-1,True,1527868800,2018.06.01 16:00:00,1800,True,True,0.002013,True,True,True,True,True,True,True,True,True,True,True,True,,,,,,
USD_NFP_1527867000,1527867000,2018.06.01 15:30:00,2018,CORE_2015_2025,NFP,GBPUSD,QUOTE,840030016,Nonfarm Payrolls,True,"840030015,840030016,840030018,840030019",USD_840030017:Participation Rate|USD_840030020:Average Weekly Hours|USD_840030022:Government Payrolls|USD_840030023:Private Nonfarm Payrolls|USD_840030024:U6 Unemployment Rate|USD_840030032:Manufacturing Payrolls,False,False,False,223.0,166.0,164.0,159.0,57.0,59.0,POSITIVE,POSITIVE,1,-1,1,-1,True,1527868800,2018.06.01 16:00:00,1800,True,True,0.001807,True,True,True,True,True,True,True,True,True,True,True,True,,,,,,
USD_NFP_1527867000,1527867000,2018.06.01 15:30:00,2018,CORE_2015_2025,NFP,NZDUSD,QUOTE,840030016,Nonfarm Payrolls,True,"840030015,840030016,840030018,840030019",USD_840030017:Participation Rate|USD_840030020:Average Weekly Hours|USD_840030022:Government Payrolls|USD_840030023:Private Nonfarm Payrolls|USD_840030024:U6 Unemployment Rate|USD_840030032:Manufacturing Payrolls,False,False,False,223.0,166.0,164.0,159.0,57.0,59.0,POSITIVE,POSITIVE,1,-1,1,-1,True,1527868800,2018.06.01 16:00:00,1800,True,True,0.001105,True,True,True,True,True,True,True,True,True,True,True,True,,,,,,
USD_NFP_1527867000,1527867000,2018.06.01 15:30:00,2018,CORE_2015_2025,NFP,USDCAD,BASE,840030016,Nonfarm Payrolls,True,"840030015,840030016,840030018,840030019",USD_840030017:Participation Rate|USD_840030020:Average Weekly Hours|USD_840030022:Government Payrolls|USD_840030023:Private Nonfarm Payrolls|USD_840030024:U6 Unemployment Rate|USD_840030032:Manufacturing Payrolls,False,False,False,223.0,166.0,164.0,159.0,57.0,59.0,POSITIVE,POSITIVE,1,1,1,1,True,1527868800,2018.06.01 16:00:00,1800,True,True,0.001915,True,True,True,True,True,True,True,True,True,True,True,True,,,,,,
USD_NFP_1527867000,1527867000,2018.06.01 15:30:00,2018,CORE_2015_2025,NFP,USDCHF,BASE,840030016,Nonfarm Payrolls,True,"840030015,840030016,840030018,840030019",USD_840030017:Participation Rate|USD_840030020:Average Weekly Hours|USD_840030022:Government Payrolls|USD_840030023:Private Nonfarm Payrolls|USD_840030024:U6 Unemployment Rate|USD_840030032:Manufacturing Payrolls,False,False,False,223.0,166.0,164.0,159.0,57.0,59.0,POSITIVE,POSITIVE,1,1,1,1,True,1527868800,2018.06.01 16:00:00,1800,True,True,0.001458,True,True,True,True,True,True,True,True,True,True,True,True,,,,,,
USD_NFP_1527867000,1527867000,2018.06.01 15:30:00,2018,CORE_2015_2025,NFP,USDJPY,BASE,840030016,Nonfarm Payrolls,True,"840030015,840030016,840030018,840030019",USD_840030017:Participation Rate|USD_840030020:Average Weekly Hours|USD_840030022:Government Payrolls|USD_840030023:Private Nonfarm Payrolls|USD_840030024:U6 Unemployment Rate|USD_840030032:Manufacturing Payrolls,False,False,False,223.0,166.0,164.0,159.0,57.0,59.0,POSITIVE,POSITIVE,1,1,1,1,True,1527868800,2018.06.01 16:00:00,1800,True,True,0.159611,True,True,True,True,True,True,True,True,True,True,True,True,,,,,,
USD_NFP_1530891000,1530891000,2018.07.06 15:30:00,2018,CORE_2015_2025,NFP,AUDUSD,QUOTE,840030016,Nonfarm Payrolls,True,"840030015,840030016,840030018,840030019",USD_840020001:Trade Balance|USD_840020023:Exports|USD_840020024:Imports|USD_840030017:Participation Rate|USD_840030020:Average Weekly Hours|USD_840030022:Government Payrolls|USD_840030023:Private Nonfarm Payrolls|USD_840030024:U6 Unemployment Rate|USD_840030032:Manufacturing Payrolls|CAD_124010011:Employment Change|CAD_124010012:Full-Time Employment Change|CAD_124010013:Part-Time Employment Change|CAD_124010014:Unemployment Rate|CAD_124010015:Participation Rate|CAD_124010016:Imports|CAD_124010017:Exports|CAD_124010018:Trade Balance,True,True,False,213.0,158.0,223.0,244.0,55.0,-10.0,POSITIVE,NEGATIVE,1,-1,-1,1,True,1530892800,2018.07.06 16:00:00,1800,True,True,0.000999,True,True,True,True,True,True,True,True,True,True,True,True,,,,,,
USD_NFP_1530891000,1530891000,2018.07.06 15:30:00,2018,CORE_2015_2025,NFP,EURUSD,QUOTE,840030016,Nonfarm Payrolls,True,"840030015,840030016,840030018,840030019",USD_840020001:Trade Balance|USD_840020023:Exports|USD_840020024:Imports|USD_840030017:Participation Rate|USD_840030020:Average Weekly Hours|USD_840030022:Government Payrolls|USD_840030023:Private Nonfarm Payrolls|USD_840030024:U6 Unemployment Rate|USD_840030032:Manufacturing Payrolls|CAD_124010011:Employment Change|CAD_124010012:Full-Time Employment Change|CAD_124010013:Part-Time Employment Change|CAD_124010014:Unemployment Rate|CAD_124010015:Participation Rate|CAD_124010016:Imports|CAD_124010017:Exports|CAD_124010018:Trade Balance,True,True,False,213.0,158.0,223.0,244.0,55.0,-10.0,POSITIVE,NEGATIVE,1,-1,-1,1,True,1530892800,2018.07.06 16:00:00,1800,True,True,0.001353,True,True,True,True,True,True,True,True,True,True,True,True,,,,,,
USD_NFP_1530891000,1530891000,2018.07.06 15:30:00,2018,CORE_2015_2025,NFP,GBPUSD,QUOTE,840030016,Nonfarm Payrolls,True,"840030015,840030016,840030018,840030019",USD_840020001:Trade Balance|USD_840020023:Exports|USD_840020024:Imports|USD_840030017:Participation Rate|USD_840030020:Average Weekly Hours|USD_840030022:Government Payrolls|USD_840030023:Private Nonfarm Payrolls|USD_840030024:U6 Unemployment Rate|USD_840030032:Manufacturing Payrolls|CAD_124010011:Employment Change|CAD_124010012:Full-Time Employment Change|CAD_124010013:Part-Time Employment Change|CAD_124010014:Unemployment Rate|CAD_124010015:Participation Rate|CAD_124010016:Imports|CAD_124010017:Exports|CAD_124010018:Trade Balance,True,True,False,213.0,158.0,223.0,244.0,55.0,-10.0,POSITIVE,NEGATIVE,1,-1,-1,1,True,1530892800,2018.07.06 16:00:00,1800,True,True,0.001571,True,True,True,True,True,True,True,True,True,True,True,True,,,,,,
USD_NFP_1530891000,1530891000,2018.07.06 15:30:00,2018,CORE_2015_2025,NFP,NZDUSD,QUOTE,840030016,Nonfarm Payrolls,True,"840030015,840030016,840030018,840030019",USD_840020001:Trade Balance|USD_840020023:Exports|USD_840020024:Imports|USD_840030017:Participation Rate|USD_840030020:Average Weekly Hours|USD_840030022:Government Payrolls|USD_840030023:Private Nonfarm Payrolls|USD_840030024:U6 Unemployment Rate|USD_840030032:Manufacturing Payrolls|CAD_124010011:Employment Change|CAD_124010012:Full-Time Employment Change|CAD_124010013:Part-Time Employment Change|CAD_124010014:Unemployment Rate|CAD_124010015:Participation Rate|CAD_124010016:Imports|CAD_124010017:Exports|CAD_124010018:Trade Balance,True,True,False,213.0,158.0,223.0,244.0,55.0,-10.0,POSITIVE,NEGATIVE,1,-1,-1,1,True,1530892800,2018.07.06 16:00:00,1800,True,True,0.001006,True,True,True,True,True,True,True,True,True,True,True,True,,,,,,
USD_NFP_1530891000,1530891000,2018.07.06 15:30:00,2018,CORE_2015_2025,NFP,USDCAD,BASE,840030016,Nonfarm Payrolls,True,"840030015,840030016,840030018,840030019",USD_840020001:Trade Balance|USD_840020023:Exports|USD_840020024:Imports|USD_840030017:Participation Rate|USD_840030020:Average Weekly Hours|USD_840030022:Government Payrolls|USD_840030023:Private Nonfarm Payrolls|USD_840030024:U6 Unemployment Rate|USD_840030032:Manufacturing Payrolls|CAD_124010011:Employment Change|CAD_124010012:Full-Time Employment Change|CAD_124010013:Part-Time Employment Change|CAD_124010014:Unemployment Rate|CAD_124010015:Participation Rate|CAD_124010016:Imports|CAD_124010017:Exports|CAD_124010018:Trade Balance,True,True,False,213.0,158.0,223.0,244.0,55.0,-10.0,POSITIVE,NEGATIVE,1,1,-1,-1,True,1530892800,2018.07.06 16:00:00,1800,True,True,0.001182,True,True,True,True,True,True,True,True,True,True,True,True,,,,,,
USD_NFP_1530891000,1530891000,2018.07.06 15:30:00,2018,CORE_2015_2025,NFP,USDCHF,BASE,840030016,Nonfarm Payrolls,True,"840030015,840030016,840030018,840030019",USD_840020001:Trade Balance|USD_840020023:Exports|USD_840020024:Imports|USD_840030017:Participation Rate|USD_840030020:Average Weekly Hours|USD_840030022:Government Payrolls|USD_840030023:Private Nonfarm Payrolls|USD_840030024:U6 Unemployment Rate|USD_840030032:Manufacturing Payrolls|CAD_124010011:Employment Change|CAD_124010012:Full-Time Employment Change|CAD_124010013:Part-Time Employment Change|CAD_124010014:Unemployment Rate|CAD_124010015:Participation Rate|CAD_124010016:Imports|CAD_124010017:Exports|CAD_124010018:Trade Balance,True,True,False,213.0,158.0,223.0,244.0,55.0,-10.0,POSITIVE,NEGATIVE,1,1,-1,-1,True,1530892800,2018.07.06 16:00:00,1800,True,True,0.000923,True,True,True,True,True,True,True,True,True,True,True,True,,,,,,
USD_NFP_1530891000,1530891000,2018.07.06 15:30:00,2018,CORE_2015_2025,NFP,USDJPY,BASE,840030016,Nonfarm Payrolls,True,"840030015,840030016,840030018,840030019",USD_840020001:Trade Balance|USD_840020023:Exports|USD_840020024:Imports|USD_840030017:Participation Rate|USD_840030020:Average Weekly Hours|USD_840030022:Government Payrolls|USD_840030023:Private Nonfarm Payrolls|USD_840030024:U6 Unemployment Rate|USD_840030032:Manufacturing Payrolls|CAD_124010011:Employment Change|CAD_124010012:Full-Time Employment Change|CAD_124010013:Part-Time Employment Change|CAD_124010014:Unemployment Rate|CAD_124010015:Participation Rate|CAD_124010016:Imports|CAD_124010017:Exports|CAD_124010018:Trade Balance,True,True,False,213.0,158.0,223.0,244.0,55.0,-10.0,POSITIVE,NEGATIVE,1,1,-1,-1,True,1530892800,2018.07.06 16:00:00,1800,True,True,0.105038,True,True,True,True,True,True,True,True,True,True,True,True,,,,,,
USD_NFP_1533310200,1533310200,2018.08.03 15:30:00,2018,CORE_2015_2025,NFP,AUDUSD,QUOTE,840030016,Nonfarm Payrolls,True,"840030015,840030016,840030018,840030019",USD_840020001:Trade Balance|USD_840020023:Exports|USD_840020024:Imports|USD_840030017:Participation Rate|USD_840030020:Average Weekly Hours|USD_840030022:Government Payrolls|USD_840030023:Private Nonfarm Payrolls|USD_840030024:U6 Unemployment Rate|USD_840030032:Manufacturing Payrolls|CAD_124010016:Imports|CAD_124010017:Exports|CAD_124010018:Trade Balance,False,True,False,157.0,160.0,213.0,248.0,-3.0,-56.0,NEGATIVE,NEGATIVE,-1,1,-1,1,True,1533312000,2018.08.03 16:00:00,1800,True,True,0.001117,True,True,True,True,True,True,True,True,True,True,True,True,,,,,,
USD_NFP_1533310200,1533310200,2018.08.03 15:30:00,2018,CORE_2015_2025,NFP,EURUSD,QUOTE,840030016,Nonfarm Payrolls,True,"840030015,840030016,840030018,840030019",USD_840020001:Trade Balance|USD_840020023:Exports|USD_840020024:Imports|USD_840030017:Participation Rate|USD_840030020:Average Weekly Hours|USD_840030022:Government Payrolls|USD_840030023:Private Nonfarm Payrolls|USD_840030024:U6 Unemployment Rate|USD_840030032:Manufacturing Payrolls|CAD_124010016:Imports|CAD_124010017:Exports|CAD_124010018:Trade Balance,False,True,False,157.0,160.0,213.0,248.0,-3.0,-56.0,NEGATIVE,NEGATIVE,-1,1,-1,1,True,1533312000,2018.08.03 16:00:00,1800,True,True,0.001252,True,True,True,True,True,True,True,True,True,True,True,True,,,,,,
USD_NFP_1533310200,1533310200,2018.08.03 15:30:00,2018,CORE_2015_2025,NFP,GBPUSD,QUOTE,840030016,Nonfarm Payrolls,True,"840030015,840030016,840030018,840030019",USD_840020001:Trade Balance|USD_840020023:Exports|USD_840020024:Imports|USD_840030017:Participation Rate|USD_840030020:Average Weekly Hours|USD_840030022:Government Payrolls|USD_840030023:Private Nonfarm Payrolls|USD_840030024:U6 Unemployment Rate|USD_840030032:Manufacturing Payrolls|CAD_124010016:Imports|CAD_124010017:Exports|CAD_124010018:Trade Balance,False,True,False,157.0,160.0,213.0,248.0,-3.0,-56.0,NEGATIVE,NEGATIVE,-1,1,-1,1,True,1533312000,2018.08.03 16:00:00,1800,True,True,0.001786,True,True,True,True,True,True,True,True,True,True,True,True,,,,,,
USD_NFP_1533310200,1533310200,2018.08.03 15:30:00,2018,CORE_2015_2025,NFP,NZDUSD,QUOTE,840030016,Nonfarm Payrolls,True,"840030015,840030016,840030018,840030019",USD_840020001:Trade Balance|USD_840020023:Exports|USD_840020024:Imports|USD_840030017:Participation Rate|USD_840030020:Average Weekly Hours|USD_840030022:Government Payrolls|USD_840030023:Private Nonfarm Payrolls|USD_840030024:U6 Unemployment Rate|USD_840030032:Manufacturing Payrolls|CAD_124010016:Imports|CAD_124010017:Exports|CAD_124010018:Trade Balance,False,True,False,157.0,160.0,213.0,248.0,-3.0,-56.0,NEGATIVE,NEGATIVE,-1,1,-1,1,True,1533312000,2018.08.03 16:00:00,1800,True,True,0.000963,True,True,True,True,True,True,True,True,True,True,True,True,,,,,,
USD_NFP_1533310200,1533310200,2018.08.03 15:30:00,2018,CORE_2015_2025,NFP,USDCAD,BASE,840030016,Nonfarm Payrolls,True,"840030015,840030016,840030018,840030019",USD_840020001:Trade Balance|USD_840020023:Exports|USD_840020024:Imports|USD_840030017:Participation Rate|USD_840030020:Average Weekly Hours|USD_840030022:Government Payrolls|USD_840030023:Private Nonfarm Payrolls|USD_840030024:U6 Unemployment Rate|USD_840030032:Manufacturing Payrolls|CAD_124010016:Imports|CAD_124010017:Exports|CAD_124010018:Trade Balance,False,True,False,157.0,160.0,213.0,248.0,-3.0,-56.0,NEGATIVE,NEGATIVE,-1,-1,-1,-1,True,1533312000,2018.08.03 16:00:00,1800,True,True,0.001293,True,True,True,True,True,True,True,True,True,True,True,True,,,,,,
USD_NFP_1533310200,1533310200,2018.08.03 15:30:00,2018,CORE_2015_2025,NFP,USDCHF,BASE,840030016,Nonfarm Payrolls,True,"840030015,840030016,840030018,840030019",USD_840020001:Trade Balance|USD_840020023:Exports|USD_840020024:Imports|USD_840030017:Participation Rate|USD_840030020:Average Weekly Hours|USD_840030022:Government Payrolls|USD_840030023:Private Nonfarm Payrolls|USD_840030024:U6 Unemployment Rate|USD_840030032:Manufacturing Payrolls|CAD_124010016:Imports|CAD_124010017:Exports|CAD_124010018:Trade Balance,False,True,False,157.0,160.0,213.0,248.0,-3.0,-56.0,NEGATIVE,NEGATIVE,-1,-1,-1,-1,True,1533312000,2018.08.03 16:00:00,1800,True,True,0.000912,True,True,True,True,True,True,True,True,True,True,True,True,,,,,,
USD_NFP_1533310200,1533310200,2018.08.03 15:30:00,2018,CORE_2015_2025,NFP,USDJPY,BASE,840030016,Nonfarm Payrolls,True,"840030015,840030016,840030018,840030019",USD_840020001:Trade Balance|USD_840020023:Exports|USD_840020024:Imports|USD_840030017:Participation Rate|USD_840030020:Average Weekly Hours|USD_840030022:Government Payrolls|USD_840030023:Private Nonfarm Payrolls|USD_840030024:U6 Unemployment Rate|USD_840030032:Manufacturing Payrolls|CAD_124010016:Imports|CAD_124010017:Exports|CAD_124010018:Trade Balance,False,True,False,157.0,160.0,213.0,248.0,-3.0,-56.0,NEGATIVE,NEGATIVE,-1,-1,-1,-1,True,1533312000,2018.08.03 16:00:00,1800,True,True,0.102484,True,True,True,True,True,True,True,True,True,True,True,True,,,,,,
USD_NFP_1536334200,1536334200,2018.09.07 15:30:00,2018,CORE_2015_2025,NFP,AUDUSD,QUOTE,840030016,Nonfarm Payrolls,True,"840030015,840030016,840030018,840030019",USD_840030017:Participation Rate|USD_840030020:Average Weekly Hours|USD_840030022:Government Payrolls|USD_840030023:Private Nonfarm Payrolls|USD_840030024:U6 Unemployment Rate|USD_840030032:Manufacturing Payrolls|USD_840270001:FOMC Member Rosengren Speech|CAD_124010011:Employment Change|CAD_124010012:Full-Time Employment Change|CAD_124010013:Part-Time Employment Change|CAD_124010014:Unemployment Rate|CAD_124010015:Participation Rate,True,False,False,201.0,161.0,157.0,147.0,40.0,44.0,POSITIVE,POSITIVE,1,-1,1,-1,True,1536336000,2018.09.07 16:00:00,1800,True,True,0.001344,True,True,True,True,True,True,True,True,True,True,True,True,,,,,,
USD_NFP_1536334200,1536334200,2018.09.07 15:30:00,2018,CORE_2015_2025,NFP,EURUSD,QUOTE,840030016,Nonfarm Payrolls,True,"840030015,840030016,840030018,840030019",USD_840030017:Participation Rate|USD_840030020:Average Weekly Hours|USD_840030022:Government Payrolls|USD_840030023:Private Nonfarm Payrolls|USD_840030024:U6 Unemployment Rate|USD_840030032:Manufacturing Payrolls|USD_840270001:FOMC Member Rosengren Speech|CAD_124010011:Employment Change|CAD_124010012:Full-Time Employment Change|CAD_124010013:Part-Time Employment Change|CAD_124010014:Unemployment Rate|CAD_124010015:Participation Rate,True,False,False,201.0,161.0,157.0,147.0,40.0,44.0,POSITIVE,POSITIVE,1,-1,1,-1,True,1536336000,2018.09.07 16:00:00,1800,True,True,0.001437,True,True,True,True,True,True,True,True,True,True,True,True,,,,,,
USD_NFP_1536334200,1536334200,2018.09.07 15:30:00,2018,CORE_2015_2025,NFP,GBPUSD,QUOTE,840030016,Nonfarm Payrolls,True,"840030015,840030016,840030018,840030019",USD_840030017:Participation Rate|USD_840030020:Average Weekly Hours|USD_840030022:Government Payrolls|USD_840030023:Private Nonfarm Payrolls|USD_840030024:U6 Unemployment Rate|USD_840030032:Manufacturing Payrolls|USD_840270001:FOMC Member Rosengren Speech|CAD_124010011:Employment Change|CAD_124010012:Full-Time Employment Change|CAD_124010013:Part-Time Employment Change|CAD_124010014:Unemployment Rate|CAD_124010015:Participation Rate,True,False,False,201.0,161.0,157.0,147.0,40.0,44.0,POSITIVE,POSITIVE,1,-1,1,-1,True,1536336000,2018.09.07 16:00:00,1800,True,True,0.002315,True,True,True,True,True,True,True,True,True,True,True,True,,,,,,
USD_NFP_1536334200,1536334200,2018.09.07 15:30:00,2018,CORE_2015_2025,NFP,NZDUSD,QUOTE,840030016,Nonfarm Payrolls,True,"840030015,840030016,840030018,840030019",USD_840030017:Participation Rate|USD_840030020:Average Weekly Hours|USD_840030022:Government Payrolls|USD_840030023:Private Nonfarm Payrolls|USD_840030024:U6 Unemployment Rate|USD_840030032:Manufacturing Payrolls|USD_840270001:FOMC Member Rosengren Speech|CAD_124010011:Employment Change|CAD_124010012:Full-Time Employment Change|CAD_124010013:Part-Time Employment Change|CAD_124010014:Unemployment Rate|CAD_124010015:Participation Rate,True,False,False,201.0,161.0,157.0,147.0,40.0,44.0,POSITIVE,POSITIVE,1,-1,1,-1,True,1536336000,2018.09.07 16:00:00,1800,True,True,0.001069,True,True,True,True,True,True,True,True,True,True,True,True,,,,,,
USD_NFP_1536334200,1536334200,2018.09.07 15:30:00,2018,CORE_2015_2025,NFP,USDCAD,BASE,840030016,Nonfarm Payrolls,True,"840030015,840030016,840030018,840030019",USD_840030017:Participation Rate|USD_840030020:Average Weekly Hours|USD_840030022:Government Payrolls|USD_840030023:Private Nonfarm Payrolls|USD_840030024:U6 Unemployment Rate|USD_840030032:Manufacturing Payrolls|USD_840270001:FOMC Member Rosengren Speech|CAD_124010011:Employment Change|CAD_124010012:Full-Time Employment Change|CAD_124010013:Part-Time Employment Change|CAD_124010014:Unemployment Rate|CAD_124010015:Participation Rate,True,False,False,201.0,161.0,157.0,147.0,40.0,44.0,POSITIVE,POSITIVE,1,1,1,1,True,1536336000,2018.09.07 16:00:00,1800,True,True,0.001480,True,True,True,True,True,True,True,True,True,True,True,True,,,,,,
USD_NFP_1536334200,1536334200,2018.09.07 15:30:00,2018,CORE_2015_2025,NFP,USDCHF,BASE,840030016,Nonfarm Payrolls,True,"840030015,840030016,840030018,840030019",USD_840030017:Participation Rate|USD_840030020:Average Weekly Hours|USD_840030022:Government Payrolls|USD_840030023:Private Nonfarm Payrolls|USD_840030024:U6 Unemployment Rate|USD_840030032:Manufacturing Payrolls|USD_840270001:FOMC Member Rosengren Speech|CAD_124010011:Employment Change|CAD_124010012:Full-Time Employment Change|CAD_124010013:Part-Time Employment Change|CAD_124010014:Unemployment Rate|CAD_124010015:Participation Rate,True,False,False,201.0,161.0,157.0,147.0,40.0,44.0,POSITIVE,POSITIVE,1,1,1,1,True,1536336000,2018.09.07 16:00:00,1800,True,True,0.000932,True,True,True,True,True,True,True,True,True,True,True,True,,,,,,
USD_NFP_1536334200,1536334200,2018.09.07 15:30:00,2018,CORE_2015_2025,NFP,USDJPY,BASE,840030016,Nonfarm Payrolls,True,"840030015,840030016,840030018,840030019",USD_840030017:Participation Rate|USD_840030020:Average Weekly Hours|USD_840030022:Government Payrolls|USD_840030023:Private Nonfarm Payrolls|USD_840030024:U6 Unemployment Rate|USD_840030032:Manufacturing Payrolls|USD_840270001:FOMC Member Rosengren Speech|CAD_124010011:Employment Change|CAD_124010012:Full-Time Employment Change|CAD_124010013:Part-Time Employment Change|CAD_124010014:Unemployment Rate|CAD_124010015:Participation Rate,True,False,False,201.0,161.0,157.0,147.0,40.0,44.0,POSITIVE,POSITIVE,1,1,1,1,True,1536336000,2018.09.07 16:00:00,1800,True,True,0.124729,True,True,True,True,True,True,True,True,True,True,True,True,,,,,,
USD_NFP_1538753400,1538753400,2018.10.05 15:30:00,2018,CORE_2015_2025,NFP,AUDUSD,QUOTE,840030016,Nonfarm Payrolls,True,"840030015,840030016,840030018,840030019",USD_840020001:Trade Balance|USD_840020023:Exports|USD_840020024:Imports|USD_840030017:Participation Rate|USD_840030020:Average Weekly Hours|USD_840030022:Government Payrolls|USD_840030023:Private Nonfarm Payrolls|USD_840030024:U6 Unemployment Rate|USD_840030032:Manufacturing Payrolls|CAD_124010011:Employment Change|CAD_124010012:Full-Time Employment Change|CAD_124010013:Part-Time Employment Change|CAD_124010014:Unemployment Rate|CAD_124010015:Participation Rate|CAD_124010016:Imports|CAD_124010017:Exports|CAD_124010018:Trade Balance,True,True,False,134.0,160.0,201.0,270.0,-26.0,-67.0,NEGATIVE,NEGATIVE,-1,1,-1,1,True,1538755200,2018.10.05 16:00:00,1800,True,True,0.000925,True,True,True,True,True,True,True,True,True,True,True,True,,,,,,
USD_NFP_1538753400,1538753400,2018.10.05 15:30:00,2018,CORE_2015_2025,NFP,EURUSD,QUOTE,840030016,Nonfarm Payrolls,True,"840030015,840030016,840030018,840030019",USD_840020001:Trade Balance|USD_840020023:Exports|USD_840020024:Imports|USD_840030017:Participation Rate|USD_840030020:Average Weekly Hours|USD_840030022:Government Payrolls|USD_840030023:Private Nonfarm Payrolls|USD_840030024:U6 Unemployment Rate|USD_840030032:Manufacturing Payrolls|CAD_124010011:Employment Change|CAD_124010012:Full-Time Employment Change|CAD_124010013:Part-Time Employment Change|CAD_124010014:Unemployment Rate|CAD_124010015:Participation Rate|CAD_124010016:Imports|CAD_124010017:Exports|CAD_124010018:Trade Balance,True,True,False,134.0,160.0,201.0,270.0,-26.0,-67.0,NEGATIVE,NEGATIVE,-1,1,-1,1,True,1538755200,2018.10.05 16:00:00,1800,True,True,0.001269,True,True,True,True,True,True,True,True,True,True,True,True,,,,,,
USD_NFP_1538753400,1538753400,2018.10.05 15:30:00,2018,CORE_2015_2025,NFP,GBPUSD,QUOTE,840030016,Nonfarm Payrolls,True,"840030015,840030016,840030018,840030019",USD_840020001:Trade Balance|USD_840020023:Exports|USD_840020024:Imports|USD_840030017:Participation Rate|USD_840030020:Average Weekly Hours|USD_840030022:Government Payrolls|USD_840030023:Private Nonfarm Payrolls|USD_840030024:U6 Unemployment Rate|USD_840030032:Manufacturing Payrolls|CAD_124010011:Employment Change|CAD_124010012:Full-Time Employment Change|CAD_124010013:Part-Time Employment Change|CAD_124010014:Unemployment Rate|CAD_124010015:Participation Rate|CAD_124010016:Imports|CAD_124010017:Exports|CAD_124010018:Trade Balance,True,True,False,134.0,160.0,201.0,270.0,-26.0,-67.0,NEGATIVE,NEGATIVE,-1,1,-1,1,True,1538755200,2018.10.05 16:00:00,1800,True,True,0.001615,True,True,True,True,True,True,True,True,True,True,True,True,,,,,,
USD_NFP_1538753400,1538753400,2018.10.05 15:30:00,2018,CORE_2015_2025,NFP,NZDUSD,QUOTE,840030016,Nonfarm Payrolls,True,"840030015,840030016,840030018,840030019",USD_840020001:Trade Balance|USD_840020023:Exports|USD_840020024:Imports|USD_840030017:Participation Rate|USD_840030020:Average Weekly Hours|USD_840030022:Government Payrolls|USD_840030023:Private Nonfarm Payrolls|USD_840030024:U6 Unemployment Rate|USD_840030032:Manufacturing Payrolls|CAD_124010011:Employment Change|CAD_124010012:Full-Time Employment Change|CAD_124010013:Part-Time Employment Change|CAD_124010014:Unemployment Rate|CAD_124010015:Participation Rate|CAD_124010016:Imports|CAD_124010017:Exports|CAD_124010018:Trade Balance,True,True,False,134.0,160.0,201.0,270.0,-26.0,-67.0,NEGATIVE,NEGATIVE,-1,1,-1,1,True,1538755200,2018.10.05 16:00:00,1800,True,True,0.000741,True,True,True,True,True,True,True,True,True,True,True,True,,,,,,
USD_NFP_1538753400,1538753400,2018.10.05 15:30:00,2018,CORE_2015_2025,NFP,USDCAD,BASE,840030016,Nonfarm Payrolls,True,"840030015,840030016,840030018,840030019",USD_840020001:Trade Balance|USD_840020023:Exports|USD_840020024:Imports|USD_840030017:Participation Rate|USD_840030020:Average Weekly Hours|USD_840030022:Government Payrolls|USD_840030023:Private Nonfarm Payrolls|USD_840030024:U6 Unemployment Rate|USD_840030032:Manufacturing Payrolls|CAD_124010011:Employment Change|CAD_124010012:Full-Time Employment Change|CAD_124010013:Part-Time Employment Change|CAD_124010014:Unemployment Rate|CAD_124010015:Participation Rate|CAD_124010016:Imports|CAD_124010017:Exports|CAD_124010018:Trade Balance,True,True,False,134.0,160.0,201.0,270.0,-26.0,-67.0,NEGATIVE,NEGATIVE,-1,-1,-1,-1,True,1538755200,2018.10.05 16:00:00,1800,True,True,0.001079,True,True,True,True,True,True,True,True,True,True,True,True,,,,,,
USD_NFP_1538753400,1538753400,2018.10.05 15:30:00,2018,CORE_2015_2025,NFP,USDCHF,BASE,840030016,Nonfarm Payrolls,True,"840030015,840030016,840030018,840030019",USD_840020001:Trade Balance|USD_840020023:Exports|USD_840020024:Imports|USD_840030017:Participation Rate|USD_840030020:Average Weekly Hours|USD_840030022:Government Payrolls|USD_840030023:Private Nonfarm Payrolls|USD_840030024:U6 Unemployment Rate|USD_840030032:Manufacturing Payrolls|CAD_124010011:Employment Change|CAD_124010012:Full-Time Employment Change|CAD_124010013:Part-Time Employment Change|CAD_124010014:Unemployment Rate|CAD_124010015:Participation Rate|CAD_124010016:Imports|CAD_124010017:Exports|CAD_124010018:Trade Balance,True,True,False,134.0,160.0,201.0,270.0,-26.0,-67.0,NEGATIVE,NEGATIVE,-1,-1,-1,-1,True,1538755200,2018.10.05 16:00:00,1800,True,True,0.000924,True,True,True,True,True,True,True,True,True,True,True,True,,,,,,
USD_NFP_1538753400,1538753400,2018.10.05 15:30:00,2018,CORE_2015_2025,NFP,USDJPY,BASE,840030016,Nonfarm Payrolls,True,"840030015,840030016,840030018,840030019",USD_840020001:Trade Balance|USD_840020023:Exports|USD_840020024:Imports|USD_840030017:Participation Rate|USD_840030020:Average Weekly Hours|USD_840030022:Government Payrolls|USD_840030023:Private Nonfarm Payrolls|USD_840030024:U6 Unemployment Rate|USD_840030032:Manufacturing Payrolls|CAD_124010011:Employment Change|CAD_124010012:Full-Time Employment Change|CAD_124010013:Part-Time Employment Change|CAD_124010014:Unemployment Rate|CAD_124010015:Participation Rate|CAD_124010016:Imports|CAD_124010017:Exports|CAD_124010018:Trade Balance,True,True,False,134.0,160.0,201.0,270.0,-26.0,-67.0,NEGATIVE,NEGATIVE,-1,-1,-1,-1,True,1538755200,2018.10.05 16:00:00,1800,True,True,0.109308,True,True,True,True,True,True,True,True,True,True,True,True,,,,,,
USD_NFP_1541172600,1541172600,2018.11.02 15:30:00,2018,CORE_2015_2025,NFP,AUDUSD,QUOTE,840030016,Nonfarm Payrolls,True,"840030015,840030016,840030018,840030019",USD_840020001:Trade Balance|USD_840020023:Exports|USD_840020024:Imports|USD_840030017:Participation Rate|USD_840030020:Average Weekly Hours|USD_840030022:Government Payrolls|USD_840030023:Private Nonfarm Payrolls|USD_840030024:U6 Unemployment Rate|USD_840030032:Manufacturing Payrolls|CAD_124010011:Employment Change|CAD_124010012:Full-Time Employment Change|CAD_124010013:Part-Time Employment Change|CAD_124010014:Unemployment Rate|CAD_124010015:Participation Rate|CAD_124010016:Imports|CAD_124010017:Exports|CAD_124010018:Trade Balance,True,True,False,250.0,167.0,134.0,118.0,83.0,116.0,POSITIVE,POSITIVE,1,-1,1,-1,True,1541174400,2018.11.02 16:00:00,1800,True,True,0.001627,True,True,True,True,True,True,True,True,True,True,True,True,,,,,,
USD_NFP_1541172600,1541172600,2018.11.02 15:30:00,2018,CORE_2015_2025,NFP,EURUSD,QUOTE,840030016,Nonfarm Payrolls,True,"840030015,840030016,840030018,840030019",USD_840020001:Trade Balance|USD_840020023:Exports|USD_840020024:Imports|USD_840030017:Participation Rate|USD_840030020:Average Weekly Hours|USD_840030022:Government Payrolls|USD_840030023:Private Nonfarm Payrolls|USD_840030024:U6 Unemployment Rate|USD_840030032:Manufacturing Payrolls|CAD_124010011:Employment Change|CAD_124010012:Full-Time Employment Change|CAD_124010013:Part-Time Employment Change|CAD_124010014:Unemployment Rate|CAD_124010015:Participation Rate|CAD_124010016:Imports|CAD_124010017:Exports|CAD_124010018:Trade Balance,True,True,False,250.0,167.0,134.0,118.0,83.0,116.0,POSITIVE,POSITIVE,1,-1,1,-1,True,1541174400,2018.11.02 16:00:00,1800,True,True,0.001596,True,True,True,True,True,True,True,True,True,True,True,True,,,,,,
USD_NFP_1541172600,1541172600,2018.11.02 15:30:00,2018,CORE_2015_2025,NFP,GBPUSD,QUOTE,840030016,Nonfarm Payrolls,True,"840030015,840030016,840030018,840030019",USD_840020001:Trade Balance|USD_840020023:Exports|USD_840020024:Imports|USD_840030017:Participation Rate|USD_840030020:Average Weekly Hours|USD_840030022:Government Payrolls|USD_840030023:Private Nonfarm Payrolls|USD_840030024:U6 Unemployment Rate|USD_840030032:Manufacturing Payrolls|CAD_124010011:Employment Change|CAD_124010012:Full-Time Employment Change|CAD_124010013:Part-Time Employment Change|CAD_124010014:Unemployment Rate|CAD_124010015:Participation Rate|CAD_124010016:Imports|CAD_124010017:Exports|CAD_124010018:Trade Balance,True,True,False,250.0,167.0,134.0,118.0,83.0,116.0,POSITIVE,POSITIVE,1,-1,1,-1,True,1541174400,2018.11.02 16:00:00,1800,True,True,0.002115,True,True,True,True,True,True,True,True,True,True,True,True,,,,,,
USD_NFP_1541172600,1541172600,2018.11.02 15:30:00,2018,CORE_2015_2025,NFP,NZDUSD,QUOTE,840030016,Nonfarm Payrolls,True,"840030015,840030016,840030018,840030019",USD_840020001:Trade Balance|USD_840020023:Exports|USD_840020024:Imports|USD_840030017:Participation Rate|USD_840030020:Average Weekly Hours|USD_840030022:Government Payrolls|USD_840030023:Private Nonfarm Payrolls|USD_840030024:U6 Unemployment Rate|USD_840030032:Manufacturing Payrolls|CAD_124010011:Employment Change|CAD_124010012:Full-Time Employment Change|CAD_124010013:Part-Time Employment Change|CAD_124010014:Unemployment Rate|CAD_124010015:Participation Rate|CAD_124010016:Imports|CAD_124010017:Exports|CAD_124010018:Trade Balance,True,True,False,250.0,167.0,134.0,118.0,83.0,116.0,POSITIVE,POSITIVE,1,-1,1,-1,True,1541174400,2018.11.02 16:00:00,1800,True,True,0.001423,True,True,True,True,True,True,True,True,True,True,True,True,,,,,,
USD_NFP_1541172600,1541172600,2018.11.02 15:30:00,2018,CORE_2015_2025,NFP,USDCAD,BASE,840030016,Nonfarm Payrolls,True,"840030015,840030016,840030018,840030019",USD_840020001:Trade Balance|USD_840020023:Exports|USD_840020024:Imports|USD_840030017:Participation Rate|USD_840030020:Average Weekly Hours|USD_840030022:Government Payrolls|USD_840030023:Private Nonfarm Payrolls|USD_840030024:U6 Unemployment Rate|USD_840030032:Manufacturing Payrolls|CAD_124010011:Employment Change|CAD_124010012:Full-Time Employment Change|CAD_124010013:Part-Time Employment Change|CAD_124010014:Unemployment Rate|CAD_124010015:Participation Rate|CAD_124010016:Imports|CAD_124010017:Exports|CAD_124010018:Trade Balance,True,True,False,250.0,167.0,134.0,118.0,83.0,116.0,POSITIVE,POSITIVE,1,1,1,1,True,1541174400,2018.11.02 16:00:00,1800,True,True,0.001484,True,True,True,True,True,True,True,True,True,True,True,True,,,,,,
USD_NFP_1541172600,1541172600,2018.11.02 15:30:00,2018,CORE_2015_2025,NFP,USDCHF,BASE,840030016,Nonfarm Payrolls,True,"840030015,840030016,840030018,840030019",USD_840020001:Trade Balance|USD_840020023:Exports|USD_840020024:Imports|USD_840030017:Participation Rate|USD_840030020:Average Weekly Hours|USD_840030022:Government Payrolls|USD_840030023:Private Nonfarm Payrolls|USD_840030024:U6 Unemployment Rate|USD_840030032:Manufacturing Payrolls|CAD_124010011:Employment Change|CAD_124010012:Full-Time Employment Change|CAD_124010013:Part-Time Employment Change|CAD_124010014:Unemployment Rate|CAD_124010015:Participation Rate|CAD_124010016:Imports|CAD_124010017:Exports|CAD_124010018:Trade Balance,True,True,False,250.0,167.0,134.0,118.0,83.0,116.0,POSITIVE,POSITIVE,1,1,1,1,True,1541174400,2018.11.02 16:00:00,1800,True,True,0.001297,True,True,True,True,True,True,True,True,True,True,True,True,,,,,,
USD_NFP_1541172600,1541172600,2018.11.02 15:30:00,2018,CORE_2015_2025,NFP,USDJPY,BASE,840030016,Nonfarm Payrolls,True,"840030015,840030016,840030018,840030019",USD_840020001:Trade Balance|USD_840020023:Exports|USD_840020024:Imports|USD_840030017:Participation Rate|USD_840030020:Average Weekly Hours|USD_840030022:Government Payrolls|USD_840030023:Private Nonfarm Payrolls|USD_840030024:U6 Unemployment Rate|USD_840030032:Manufacturing Payrolls|CAD_124010011:Employment Change|CAD_124010012:Full-Time Employment Change|CAD_124010013:Part-Time Employment Change|CAD_124010014:Unemployment Rate|CAD_124010015:Participation Rate|CAD_124010016:Imports|CAD_124010017:Exports|CAD_124010018:Trade Balance,True,True,False,250.0,167.0,134.0,118.0,83.0,116.0,POSITIVE,POSITIVE,1,1,1,1,True,1541174400,2018.11.02 16:00:00,1800,True,True,0.140139,True,True,True,True,True,True,True,True,True,True,True,True,,,,,,
USD_NFP_1544200200,1544200200,2018.12.07 16:30:00,2018,CORE_2015_2025,NFP,AUDUSD,QUOTE,840030016,Nonfarm Payrolls,True,"840030015,840030016,840030018,840030019",USD_840030017:Participation Rate|USD_840030020:Average Weekly Hours|USD_840030022:Government Payrolls|USD_840030023:Private Nonfarm Payrolls|USD_840030024:U6 Unemployment Rate|USD_840030032:Manufacturing Payrolls|CAD_124010011:Employment Change|CAD_124010012:Full-Time Employment Change|CAD_124010013:Part-Time Employment Change|CAD_124010014:Unemployment Rate|CAD_124010015:Participation Rate,True,False,False,155.0,169.0,250.0,237.0,-14.0,-95.0,NEGATIVE,NEGATIVE,-1,1,-1,1,True,1544202000,2018.12.07 17:00:00,1800,True,True,0.001303,True,True,True,True,True,True,True,True,True,True,True,True,,,,,,
USD_NFP_1544200200,1544200200,2018.12.07 16:30:00,2018,CORE_2015_2025,NFP,EURUSD,QUOTE,840030016,Nonfarm Payrolls,True,"840030015,840030016,840030018,840030019",USD_840030017:Participation Rate|USD_840030020:Average Weekly Hours|USD_840030022:Government Payrolls|USD_840030023:Private Nonfarm Payrolls|USD_840030024:U6 Unemployment Rate|USD_840030032:Manufacturing Payrolls|CAD_124010011:Employment Change|CAD_124010012:Full-Time Employment Change|CAD_124010013:Part-Time Employment Change|CAD_124010014:Unemployment Rate|CAD_124010015:Participation Rate,True,False,False,155.0,169.0,250.0,237.0,-14.0,-95.0,NEGATIVE,NEGATIVE,-1,1,-1,1,True,1544202000,2018.12.07 17:00:00,1800,True,True,0.001589,True,True,True,True,True,True,True,True,True,True,True,True,,,,,,
USD_NFP_1544200200,1544200200,2018.12.07 16:30:00,2018,CORE_2015_2025,NFP,GBPUSD,QUOTE,840030016,Nonfarm Payrolls,True,"840030015,840030016,840030018,840030019",USD_840030017:Participation Rate|USD_840030020:Average Weekly Hours|USD_840030022:Government Payrolls|USD_840030023:Private Nonfarm Payrolls|USD_840030024:U6 Unemployment Rate|USD_840030032:Manufacturing Payrolls|CAD_124010011:Employment Change|CAD_124010012:Full-Time Employment Change|CAD_124010013:Part-Time Employment Change|CAD_124010014:Unemployment Rate|CAD_124010015:Participation Rate,True,False,False,155.0,169.0,250.0,237.0,-14.0,-95.0,NEGATIVE,NEGATIVE,-1,1,-1,1,True,1544202000,2018.12.07 17:00:00,1800,True,True,0.002069,True,True,True,True,True,True,True,True,True,True,True,True,,,,,,
USD_NFP_1544200200,1544200200,2018.12.07 16:30:00,2018,CORE_2015_2025,NFP,NZDUSD,QUOTE,840030016,Nonfarm Payrolls,True,"840030015,840030016,840030018,840030019",USD_840030017:Participation Rate|USD_840030020:Average Weekly Hours|USD_840030022:Government Payrolls|USD_840030023:Private Nonfarm Payrolls|USD_840030024:U6 Unemployment Rate|USD_840030032:Manufacturing Payrolls|CAD_124010011:Employment Change|CAD_124010012:Full-Time Employment Change|CAD_124010013:Part-Time Employment Change|CAD_124010014:Unemployment Rate|CAD_124010015:Participation Rate,True,False,False,155.0,169.0,250.0,237.0,-14.0,-95.0,NEGATIVE,NEGATIVE,-1,1,-1,1,True,1544202000,2018.12.07 17:00:00,1800,True,True,0.001196,True,True,True,True,True,True,True,True,True,True,True,True,,,,,,
USD_NFP_1544200200,1544200200,2018.12.07 16:30:00,2018,CORE_2015_2025,NFP,USDCAD,BASE,840030016,Nonfarm Payrolls,True,"840030015,840030016,840030018,840030019",USD_840030017:Participation Rate|USD_840030020:Average Weekly Hours|USD_840030022:Government Payrolls|USD_840030023:Private Nonfarm Payrolls|USD_840030024:U6 Unemployment Rate|USD_840030032:Manufacturing Payrolls|CAD_124010011:Employment Change|CAD_124010012:Full-Time Employment Change|CAD_124010013:Part-Time Employment Change|CAD_124010014:Unemployment Rate|CAD_124010015:Participation Rate,True,False,False,155.0,169.0,250.0,237.0,-14.0,-95.0,NEGATIVE,NEGATIVE,-1,-1,-1,-1,True,1544202000,2018.12.07 17:00:00,1800,True,True,0.001964,True,True,True,True,True,True,True,True,True,True,True,True,,,,,,
USD_NFP_1544200200,1544200200,2018.12.07 16:30:00,2018,CORE_2015_2025,NFP,USDCHF,BASE,840030016,Nonfarm Payrolls,True,"840030015,840030016,840030018,840030019",USD_840030017:Participation Rate|USD_840030020:Average Weekly Hours|USD_840030022:Government Payrolls|USD_840030023:Private Nonfarm Payrolls|USD_840030024:U6 Unemployment Rate|USD_840030032:Manufacturing Payrolls|CAD_124010011:Employment Change|CAD_124010012:Full-Time Employment Change|CAD_124010013:Part-Time Employment Change|CAD_124010014:Unemployment Rate|CAD_124010015:Participation Rate,True,False,False,155.0,169.0,250.0,237.0,-14.0,-95.0,NEGATIVE,NEGATIVE,-1,-1,-1,-1,True,1544202000,2018.12.07 17:00:00,1800,True,True,0.001253,True,True,True,True,True,True,True,True,True,True,True,True,,,,,,
USD_NFP_1544200200,1544200200,2018.12.07 16:30:00,2018,CORE_2015_2025,NFP,USDJPY,BASE,840030016,Nonfarm Payrolls,True,"840030015,840030016,840030018,840030019",USD_840030017:Participation Rate|USD_840030020:Average Weekly Hours|USD_840030022:Government Payrolls|USD_840030023:Private Nonfarm Payrolls|USD_840030024:U6 Unemployment Rate|USD_840030032:Manufacturing Payrolls|CAD_124010011:Employment Change|CAD_124010012:Full-Time Employment Change|CAD_124010013:Part-Time Employment Change|CAD_124010014:Unemployment Rate|CAD_124010015:Participation Rate,True,False,False,155.0,169.0,250.0,237.0,-14.0,-95.0,NEGATIVE,NEGATIVE,-1,-1,-1,-1,True,1544202000,2018.12.07 17:00:00,1800,True,True,0.127825,True,True,True,True,True,True,True,True,True,True,True,True,,,,,,
USD_NFP_1546619400,1546619400,2019.01.04 16:30:00,2019,CORE_2015_2025,NFP,AUDUSD,QUOTE,840030016,Nonfarm Payrolls,True,"840030015,840030016,840030018,840030019",USD_840030017:Participation Rate|USD_840030020:Average Weekly Hours|USD_840030022:Government Payrolls|USD_840030023:Private Nonfarm Payrolls|USD_840030024:U6 Unemployment Rate|USD_840030032:Manufacturing Payrolls|CAD_124010011:Employment Change|CAD_124010012:Full-Time Employment Change|CAD_124010013:Part-Time Employment Change|CAD_124010014:Unemployment Rate|CAD_124010015:Participation Rate|CAD_124010024:IPPI m/m|CAD_124010025:IPPI y/y|CAD_124010026:RMPI m/m|CAD_124010027:RMPI y/y,True,False,False,312.0,170.0,155.0,176.0,142.0,157.0,POSITIVE,POSITIVE,1,-1,1,-1,True,1546621200,2019.01.04 17:00:00,1800,True,True,0.001393,True,True,True,True,True,True,True,True,True,True,True,True,,,,,,
USD_NFP_1546619400,1546619400,2019.01.04 16:30:00,2019,CORE_2015_2025,NFP,EURUSD,QUOTE,840030016,Nonfarm Payrolls,True,"840030015,840030016,840030018,840030019",USD_840030017:Participation Rate|USD_840030020:Average Weekly Hours|USD_840030022:Government Payrolls|USD_840030023:Private Nonfarm Payrolls|USD_840030024:U6 Unemployment Rate|USD_840030032:Manufacturing Payrolls|CAD_124010011:Employment Change|CAD_124010012:Full-Time Employment Change|CAD_124010013:Part-Time Employment Change|CAD_124010014:Unemployment Rate|CAD_124010015:Participation Rate|CAD_124010024:IPPI m/m|CAD_124010025:IPPI y/y|CAD_124010026:RMPI m/m|CAD_124010027:RMPI y/y,True,False,False,312.0,170.0,155.0,176.0,142.0,157.0,POSITIVE,POSITIVE,1,-1,1,-1,True,1546621200,2019.01.04 17:00:00,1800,True,True,0.001681,True,True,True,True,True,True,True,True,True,True,True,True,,,,,,
USD_NFP_1546619400,1546619400,2019.01.04 16:30:00,2019,CORE_2015_2025,NFP,GBPUSD,QUOTE,840030016,Nonfarm Payrolls,True,"840030015,840030016,840030018,840030019",USD_840030017:Participation Rate|USD_840030020:Average Weekly Hours|USD_840030022:Government Payrolls|USD_840030023:Private Nonfarm Payrolls|USD_840030024:U6 Unemployment Rate|USD_840030032:Manufacturing Payrolls|CAD_124010011:Employment Change|CAD_124010012:Full-Time Employment Change|CAD_124010013:Part-Time Employment Change|CAD_124010014:Unemployment Rate|CAD_124010015:Participation Rate|CAD_124010024:IPPI m/m|CAD_124010025:IPPI y/y|CAD_124010026:RMPI m/m|CAD_124010027:RMPI y/y,True,False,False,312.0,170.0,155.0,176.0,142.0,157.0,POSITIVE,POSITIVE,1,-1,1,-1,True,1546621200,2019.01.04 17:00:00,1800,True,True,0.001982,True,True,True,True,True,True,True,True,True,True,True,True,,,,,,
USD_NFP_1546619400,1546619400,2019.01.04 16:30:00,2019,CORE_2015_2025,NFP,NZDUSD,QUOTE,840030016,Nonfarm Payrolls,True,"840030015,840030016,840030018,840030019",USD_840030017:Participation Rate|USD_840030020:Average Weekly Hours|USD_840030022:Government Payrolls|USD_840030023:Private Nonfarm Payrolls|USD_840030024:U6 Unemployment Rate|USD_840030032:Manufacturing Payrolls|CAD_124010011:Employment Change|CAD_124010012:Full-Time Employment Change|CAD_124010013:Part-Time Employment Change|CAD_124010014:Unemployment Rate|CAD_124010015:Participation Rate|CAD_124010024:IPPI m/m|CAD_124010025:IPPI y/y|CAD_124010026:RMPI m/m|CAD_124010027:RMPI y/y,True,False,False,312.0,170.0,155.0,176.0,142.0,157.0,POSITIVE,POSITIVE,1,-1,1,-1,True,1546621200,2019.01.04 17:00:00,1800,True,True,0.001169,True,True,True,True,True,True,True,True,True,True,True,True,,,,,,
USD_NFP_1546619400,1546619400,2019.01.04 16:30:00,2019,CORE_2015_2025,NFP,USDCAD,BASE,840030016,Nonfarm Payrolls,True,"840030015,840030016,840030018,840030019",USD_840030017:Participation Rate|USD_840030020:Average Weekly Hours|USD_840030022:Government Payrolls|USD_840030023:Private Nonfarm Payrolls|USD_840030024:U6 Unemployment Rate|USD_840030032:Manufacturing Payrolls|CAD_124010011:Employment Change|CAD_124010012:Full-Time Employment Change|CAD_124010013:Part-Time Employment Change|CAD_124010014:Unemployment Rate|CAD_124010015:Participation Rate|CAD_124010024:IPPI m/m|CAD_124010025:IPPI y/y|CAD_124010026:RMPI m/m|CAD_124010027:RMPI y/y,True,False,False,312.0,170.0,155.0,176.0,142.0,157.0,POSITIVE,POSITIVE,1,1,1,1,True,1546621200,2019.01.04 17:00:00,1800,True,True,0.001917,True,True,True,True,True,True,True,True,True,True,True,True,,,,,,
USD_NFP_1546619400,1546619400,2019.01.04 16:30:00,2019,CORE_2015_2025,NFP,USDCHF,BASE,840030016,Nonfarm Payrolls,True,"840030015,840030016,840030018,840030019",USD_840030017:Participation Rate|USD_840030020:Average Weekly Hours|USD_840030022:Government Payrolls|USD_840030023:Private Nonfarm Payrolls|USD_840030024:U6 Unemployment Rate|USD_840030032:Manufacturing Payrolls|CAD_124010011:Employment Change|CAD_124010012:Full-Time Employment Change|CAD_124010013:Part-Time Employment Change|CAD_124010014:Unemployment Rate|CAD_124010015:Participation Rate|CAD_124010024:IPPI m/m|CAD_124010025:IPPI y/y|CAD_124010026:RMPI m/m|CAD_124010027:RMPI y/y,True,False,False,312.0,170.0,155.0,176.0,142.0,157.0,POSITIVE,POSITIVE,1,1,1,1,True,1546621200,2019.01.04 17:00:00,1800,True,True,0.001433,True,True,True,True,True,True,True,True,True,True,True,True,,,,,,
USD_NFP_1546619400,1546619400,2019.01.04 16:30:00,2019,CORE_2015_2025,NFP,USDJPY,BASE,840030016,Nonfarm Payrolls,True,"840030015,840030016,840030018,840030019",USD_840030017:Participation Rate|USD_840030020:Average Weekly Hours|USD_840030022:Government Payrolls|USD_840030023:Private Nonfarm Payrolls|USD_840030024:U6 Unemployment Rate|USD_840030032:Manufacturing Payrolls|CAD_124010011:Employment Change|CAD_124010012:Full-Time Employment Change|CAD_124010013:Part-Time Employment Change|CAD_124010014:Unemployment Rate|CAD_124010015:Participation Rate|CAD_124010024:IPPI m/m|CAD_124010025:IPPI y/y|CAD_124010026:RMPI m/m|CAD_124010027:RMPI y/y,True,False,False,312.0,170.0,155.0,176.0,142.0,157.0,POSITIVE,POSITIVE,1,1,1,1,True,1546621200,2019.01.04 17:00:00,1800,True,True,0.281176,True,True,True,True,True,True,True,True,True,True,True,True,,,,,,
USD_NFP_1549038600,1549038600,2019.02.01 16:30:00,2019,CORE_2015_2025,NFP,AUDUSD,QUOTE,840030016,Nonfarm Payrolls,True,"840030015,840030016,840030018,840030019",USD_840030017:Participation Rate|USD_840030020:Average Weekly Hours|USD_840030022:Government Payrolls|USD_840030023:Private Nonfarm Payrolls|USD_840030024:U6 Unemployment Rate|USD_840030032:Manufacturing Payrolls,False,False,False,304.0,168.0,312.0,222.0,136.0,-8.0,POSITIVE,NEGATIVE,1,-1,-1,1,True,1549040400,2019.02.01 17:00:00,1800,True,True,0.001127,True,True,True,True,True,True,True,True,True,True,True,True,,,,,,
USD_NFP_1549038600,1549038600,2019.02.01 16:30:00,2019,CORE_2015_2025,NFP,EURUSD,QUOTE,840030016,Nonfarm Payrolls,True,"840030015,840030016,840030018,840030019",USD_840030017:Participation Rate|USD_840030020:Average Weekly Hours|USD_840030022:Government Payrolls|USD_840030023:Private Nonfarm Payrolls|USD_840030024:U6 Unemployment Rate|USD_840030032:Manufacturing Payrolls,False,False,False,304.0,168.0,312.0,222.0,136.0,-8.0,POSITIVE,NEGATIVE,1,-1,-1,1,True,1549040400,2019.02.01 17:00:00,1800,True,True,0.001179,True,True,True,True,True,True,True,True,True,True,True,True,,,,,,
USD_NFP_1549038600,1549038600,2019.02.01 16:30:00,2019,CORE_2015_2025,NFP,GBPUSD,QUOTE,840030016,Nonfarm Payrolls,True,"840030015,840030016,840030018,840030019",USD_840030017:Participation Rate|USD_840030020:Average Weekly Hours|USD_840030022:Government Payrolls|USD_840030023:Private Nonfarm Payrolls|USD_840030024:U6 Unemployment Rate|USD_840030032:Manufacturing Payrolls,False,False,False,304.0,168.0,312.0,222.0,136.0,-8.0,POSITIVE,NEGATIVE,1,-1,-1,1,True,1549040400,2019.02.01 17:00:00,1800,True,True,0.002006,True,True,True,True,True,True,True,True,True,True,True,True,,,,,,
USD_NFP_1549038600,1549038600,2019.02.01 16:30:00,2019,CORE_2015_2025,NFP,NZDUSD,QUOTE,840030016,Nonfarm Payrolls,True,"840030015,840030016,840030018,840030019",USD_840030017:Participation Rate|USD_840030020:Average Weekly Hours|USD_840030022:Government Payrolls|USD_840030023:Private Nonfarm Payrolls|USD_840030024:U6 Unemployment Rate|USD_840030032:Manufacturing Payrolls,False,False,False,304.0,168.0,312.0,222.0,136.0,-8.0,POSITIVE,NEGATIVE,1,-1,-1,1,True,1549040400,2019.02.01 17:00:00,1800,True,True,0.001069,True,True,True,True,True,True,True,True,True,True,True,True,,,,,,
USD_NFP_1549038600,1549038600,2019.02.01 16:30:00,2019,CORE_2015_2025,NFP,USDCAD,BASE,840030016,Nonfarm Payrolls,True,"840030015,840030016,840030018,840030019",USD_840030017:Participation Rate|USD_840030020:Average Weekly Hours|USD_840030022:Government Payrolls|USD_840030023:Private Nonfarm Payrolls|USD_840030024:U6 Unemployment Rate|USD_840030032:Manufacturing Payrolls,False,False,False,304.0,168.0,312.0,222.0,136.0,-8.0,POSITIVE,NEGATIVE,1,1,-1,-1,True,1549040400,2019.02.01 17:00:00,1800,True,True,0.001325,True,True,True,True,True,True,True,True,True,True,True,True,,,,,,
USD_NFP_1549038600,1549038600,2019.02.01 16:30:00,2019,CORE_2015_2025,NFP,USDCHF,BASE,840030016,Nonfarm Payrolls,True,"840030015,840030016,840030018,840030019",USD_840030017:Participation Rate|USD_840030020:Average Weekly Hours|USD_840030022:Government Payrolls|USD_840030023:Private Nonfarm Payrolls|USD_840030024:U6 Unemployment Rate|USD_840030032:Manufacturing Payrolls,False,False,False,304.0,168.0,312.0,222.0,136.0,-8.0,POSITIVE,NEGATIVE,1,1,-1,-1,True,1549040400,2019.02.01 17:00:00,1800,True,True,0.001062,True,True,True,True,True,True,True,True,True,True,True,True,,,,,,
USD_NFP_1549038600,1549038600,2019.02.01 16:30:00,2019,CORE_2015_2025,NFP,USDJPY,BASE,840030016,Nonfarm Payrolls,True,"840030015,840030016,840030018,840030019",USD_840030017:Participation Rate|USD_840030020:Average Weekly Hours|USD_840030022:Government Payrolls|USD_840030023:Private Nonfarm Payrolls|USD_840030024:U6 Unemployment Rate|USD_840030032:Manufacturing Payrolls,False,False,False,304.0,168.0,312.0,222.0,136.0,-8.0,POSITIVE,NEGATIVE,1,1,-1,-1,True,1549040400,2019.02.01 17:00:00,1800,True,True,0.100033,True,True,True,True,True,True,True,True,True,True,True,True,,,,,,
USD_NFP_1552062600,1552062600,2019.03.08 16:30:00,2019,CORE_2015_2025,NFP,AUDUSD,QUOTE,840030016,Nonfarm Payrolls,True,"840030015,840030016,840030018,840030019",USD_840020004:Housing Starts|USD_840020005:Building Permits|USD_840020015:Housing Starts m/m|USD_840020016:Building Permits m/m|USD_840030017:Participation Rate|USD_840030020:Average Weekly Hours|USD_840030022:Government Payrolls|USD_840030023:Private Nonfarm Payrolls|USD_840030024:U6 Unemployment Rate|USD_840030032:Manufacturing Payrolls|CAD_124010002:Capacity Utilization Rate|CAD_124010011:Employment Change|CAD_124010012:Full-Time Employment Change|CAD_124010013:Part-Time Employment Change|CAD_124010014:Unemployment Rate|CAD_124010015:Participation Rate,True,False,False,20.0,173.0,304.0,311.0,-153.0,-284.0,NEGATIVE,NEGATIVE,-1,1,-1,1,True,1552064400,2019.03.08 17:00:00,1800,True,True,0.000993,True,True,True,True,True,True,True,True,True,True,True,True,,,,,,
USD_NFP_1552062600,1552062600,2019.03.08 16:30:00,2019,CORE_2015_2025,NFP,EURUSD,QUOTE,840030016,Nonfarm Payrolls,True,"840030015,840030016,840030018,840030019",USD_840020004:Housing Starts|USD_840020005:Building Permits|USD_840020015:Housing Starts m/m|USD_840020016:Building Permits m/m|USD_840030017:Participation Rate|USD_840030020:Average Weekly Hours|USD_840030022:Government Payrolls|USD_840030023:Private Nonfarm Payrolls|USD_840030024:U6 Unemployment Rate|USD_840030032:Manufacturing Payrolls|CAD_124010002:Capacity Utilization Rate|CAD_124010011:Employment Change|CAD_124010012:Full-Time Employment Change|CAD_124010013:Part-Time Employment Change|CAD_124010014:Unemployment Rate|CAD_124010015:Participation Rate,True,False,False,20.0,173.0,304.0,311.0,-153.0,-284.0,NEGATIVE,NEGATIVE,-1,1,-1,1,True,1552064400,2019.03.08 17:00:00,1800,True,True,0.001250,True,True,True,True,True,True,True,True,True,True,True,True,,,,,,
USD_NFP_1552062600,1552062600,2019.03.08 16:30:00,2019,CORE_2015_2025,NFP,GBPUSD,QUOTE,840030016,Nonfarm Payrolls,True,"840030015,840030016,840030018,840030019",USD_840020004:Housing Starts|USD_840020005:Building Permits|USD_840020015:Housing Starts m/m|USD_840020016:Building Permits m/m|USD_840030017:Participation Rate|USD_840030020:Average Weekly Hours|USD_840030022:Government Payrolls|USD_840030023:Private Nonfarm Payrolls|USD_840030024:U6 Unemployment Rate|USD_840030032:Manufacturing Payrolls|CAD_124010002:Capacity Utilization Rate|CAD_124010011:Employment Change|CAD_124010012:Full-Time Employment Change|CAD_124010013:Part-Time Employment Change|CAD_124010014:Unemployment Rate|CAD_124010015:Participation Rate,True,False,False,20.0,173.0,304.0,311.0,-153.0,-284.0,NEGATIVE,NEGATIVE,-1,1,-1,1,True,1552064400,2019.03.08 17:00:00,1800,True,True,0.001940,True,True,True,True,True,True,True,True,True,True,True,True,,,,,,
USD_NFP_1552062600,1552062600,2019.03.08 16:30:00,2019,CORE_2015_2025,NFP,NZDUSD,QUOTE,840030016,Nonfarm Payrolls,True,"840030015,840030016,840030018,840030019",USD_840020004:Housing Starts|USD_840020005:Building Permits|USD_840020015:Housing Starts m/m|USD_840020016:Building Permits m/m|USD_840030017:Participation Rate|USD_840030020:Average Weekly Hours|USD_840030022:Government Payrolls|USD_840030023:Private Nonfarm Payrolls|USD_840030024:U6 Unemployment Rate|USD_840030032:Manufacturing Payrolls|CAD_124010002:Capacity Utilization Rate|CAD_124010011:Employment Change|CAD_124010012:Full-Time Employment Change|CAD_124010013:Part-Time Employment Change|CAD_124010014:Unemployment Rate|CAD_124010015:Participation Rate,True,False,False,20.0,173.0,304.0,311.0,-153.0,-284.0,NEGATIVE,NEGATIVE,-1,1,-1,1,True,1552064400,2019.03.08 17:00:00,1800,True,True,0.000993,True,True,True,True,True,True,True,True,True,True,True,True,,,,,,
USD_NFP_1552062600,1552062600,2019.03.08 16:30:00,2019,CORE_2015_2025,NFP,USDCAD,BASE,840030016,Nonfarm Payrolls,True,"840030015,840030016,840030018,840030019",USD_840020004:Housing Starts|USD_840020005:Building Permits|USD_840020015:Housing Starts m/m|USD_840020016:Building Permits m/m|USD_840030017:Participation Rate|USD_840030020:Average Weekly Hours|USD_840030022:Government Payrolls|USD_840030023:Private Nonfarm Payrolls|USD_840030024:U6 Unemployment Rate|USD_840030032:Manufacturing Payrolls|CAD_124010002:Capacity Utilization Rate|CAD_124010011:Employment Change|CAD_124010012:Full-Time Employment Change|CAD_124010013:Part-Time Employment Change|CAD_124010014:Unemployment Rate|CAD_124010015:Participation Rate,True,False,False,20.0,173.0,304.0,311.0,-153.0,-284.0,NEGATIVE,NEGATIVE,-1,-1,-1,-1,True,1552064400,2019.03.08 17:00:00,1800,True,True,0.001611,True,True,True,True,True,True,True,True,True,True,True,True,,,,,,
USD_NFP_1552062600,1552062600,2019.03.08 16:30:00,2019,CORE_2015_2025,NFP,USDCHF,BASE,840030016,Nonfarm Payrolls,True,"840030015,840030016,840030018,840030019",USD_840020004:Housing Starts|USD_840020005:Building Permits|USD_840020015:Housing Starts m/m|USD_840020016:Building Permits m/m|USD_840030017:Participation Rate|USD_840030020:Average Weekly Hours|USD_840030022:Government Payrolls|USD_840030023:Private Nonfarm Payrolls|USD_840030024:U6 Unemployment Rate|USD_840030032:Manufacturing Payrolls|CAD_124010002:Capacity Utilization Rate|CAD_124010011:Employment Change|CAD_124010012:Full-Time Employment Change|CAD_124010013:Part-Time Employment Change|CAD_124010014:Unemployment Rate|CAD_124010015:Participation Rate,True,False,False,20.0,173.0,304.0,311.0,-153.0,-284.0,NEGATIVE,NEGATIVE,-1,-1,-1,-1,True,1552064400,2019.03.08 17:00:00,1800,True,True,0.000961,True,True,True,True,True,True,True,True,True,True,True,True,,,,,,
USD_NFP_1552062600,1552062600,2019.03.08 16:30:00,2019,CORE_2015_2025,NFP,USDJPY,BASE,840030016,Nonfarm Payrolls,True,"840030015,840030016,840030018,840030019",USD_840020004:Housing Starts|USD_840020005:Building Permits|USD_840020015:Housing Starts m/m|USD_840020016:Building Permits m/m|USD_840030017:Participation Rate|USD_840030020:Average Weekly Hours|USD_840030022:Government Payrolls|USD_840030023:Private Nonfarm Payrolls|USD_840030024:U6 Unemployment Rate|USD_840030032:Manufacturing Payrolls|CAD_124010002:Capacity Utilization Rate|CAD_124010011:Employment Change|CAD_124010012:Full-Time Employment Change|CAD_124010013:Part-Time Employment Change|CAD_124010014:Unemployment Rate|CAD_124010015:Participation Rate,True,False,False,20.0,173.0,304.0,311.0,-153.0,-284.0,NEGATIVE,NEGATIVE,-1,-1,-1,-1,True,1552064400,2019.03.08 17:00:00,1800,True,True,0.130563,True,True,True,True,True,True,True,True,True,True,True,True,,,,,,
USD_NFP_1554478200,1554478200,2019.04.05 15:30:00,2019,CORE_2015_2025,NFP,AUDUSD,QUOTE,840030016,Nonfarm Payrolls,True,"840030015,840030016,840030018,840030019",USD_840030017:Participation Rate|USD_840030020:Average Weekly Hours|USD_840030022:Government Payrolls|USD_840030023:Private Nonfarm Payrolls|USD_840030024:U6 Unemployment Rate|USD_840030032:Manufacturing Payrolls|CAD_124010011:Employment Change|CAD_124010012:Full-Time Employment Change|CAD_124010013:Part-Time Employment Change|CAD_124010014:Unemployment Rate|CAD_124010015:Participation Rate,True,False,False,196.0,176.0,20.0,33.0,20.0,176.0,POSITIVE,POSITIVE,1,-1,1,-1,True,1554480000,2019.04.05 16:00:00,1800,True,True,0.000641,True,True,True,True,True,True,True,True,True,True,True,True,,,,,,
USD_NFP_1554478200,1554478200,2019.04.05 15:30:00,2019,CORE_2015_2025,NFP,EURUSD,QUOTE,840030016,Nonfarm Payrolls,True,"840030015,840030016,840030018,840030019",USD_840030017:Participation Rate|USD_840030020:Average Weekly Hours|USD_840030022:Government Payrolls|USD_840030023:Private Nonfarm Payrolls|USD_840030024:U6 Unemployment Rate|USD_840030032:Manufacturing Payrolls|CAD_124010011:Employment Change|CAD_124010012:Full-Time Employment Change|CAD_124010013:Part-Time Employment Change|CAD_124010014:Unemployment Rate|CAD_124010015:Participation Rate,True,False,False,196.0,176.0,20.0,33.0,20.0,176.0,POSITIVE,POSITIVE,1,-1,1,-1,True,1554480000,2019.04.05 16:00:00,1800,True,True,0.000646,True,True,True,True,True,True,True,True,True,True,True,True,,,,,,
USD_NFP_1554478200,1554478200,2019.04.05 15:30:00,2019,CORE_2015_2025,NFP,GBPUSD,QUOTE,840030016,Nonfarm Payrolls,True,"840030015,840030016,840030018,840030019",USD_840030017:Participation Rate|USD_840030020:Average Weekly Hours|USD_840030022:Government Payrolls|USD_840030023:Private Nonfarm Payrolls|USD_840030024:U6 Unemployment Rate|USD_840030032:Manufacturing Payrolls|CAD_124010011:Employment Change|CAD_124010012:Full-Time Employment Change|CAD_124010013:Part-Time Employment Change|CAD_124010014:Unemployment Rate|CAD_124010015:Participation Rate,True,False,False,196.0,176.0,20.0,33.0,20.0,176.0,POSITIVE,POSITIVE,1,-1,1,-1,True,1554480000,2019.04.05 16:00:00,1800,True,True,0.001692,True,True,True,True,True,True,True,True,True,True,True,True,,,,,,
USD_NFP_1554478200,1554478200,2019.04.05 15:30:00,2019,CORE_2015_2025,NFP,NZDUSD,QUOTE,840030016,Nonfarm Payrolls,True,"840030015,840030016,840030018,840030019",USD_840030017:Participation Rate|USD_840030020:Average Weekly Hours|USD_840030022:Government Payrolls|USD_840030023:Private Nonfarm Payrolls|USD_840030024:U6 Unemployment Rate|USD_840030032:Manufacturing Payrolls|CAD_124010011:Employment Change|CAD_124010012:Full-Time Employment Change|CAD_124010013:Part-Time Employment Change|CAD_124010014:Unemployment Rate|CAD_124010015:Participation Rate,True,False,False,196.0,176.0,20.0,33.0,20.0,176.0,POSITIVE,POSITIVE,1,-1,1,-1,True,1554480000,2019.04.05 16:00:00,1800,True,True,0.000722,True,True,True,True,True,True,True,True,True,True,True,True,,,,,,
USD_NFP_1554478200,1554478200,2019.04.05 15:30:00,2019,CORE_2015_2025,NFP,USDCAD,BASE,840030016,Nonfarm Payrolls,True,"840030015,840030016,840030018,840030019",USD_840030017:Participation Rate|USD_840030020:Average Weekly Hours|USD_840030022:Government Payrolls|USD_840030023:Private Nonfarm Payrolls|USD_840030024:U6 Unemployment Rate|USD_840030032:Manufacturing Payrolls|CAD_124010011:Employment Change|CAD_124010012:Full-Time Employment Change|CAD_124010013:Part-Time Employment Change|CAD_124010014:Unemployment Rate|CAD_124010015:Participation Rate,True,False,False,196.0,176.0,20.0,33.0,20.0,176.0,POSITIVE,POSITIVE,1,1,1,1,True,1554480000,2019.04.05 16:00:00,1800,True,True,0.000963,True,True,True,True,True,True,True,True,True,True,True,True,,,,,,
USD_NFP_1554478200,1554478200,2019.04.05 15:30:00,2019,CORE_2015_2025,NFP,USDCHF,BASE,840030016,Nonfarm Payrolls,True,"840030015,840030016,840030018,840030019",USD_840030017:Participation Rate|USD_840030020:Average Weekly Hours|USD_840030022:Government Payrolls|USD_840030023:Private Nonfarm Payrolls|USD_840030024:U6 Unemployment Rate|USD_840030032:Manufacturing Payrolls|CAD_124010011:Employment Change|CAD_124010012:Full-Time Employment Change|CAD_124010013:Part-Time Employment Change|CAD_124010014:Unemployment Rate|CAD_124010015:Participation Rate,True,False,False,196.0,176.0,20.0,33.0,20.0,176.0,POSITIVE,POSITIVE,1,1,1,1,True,1554480000,2019.04.05 16:00:00,1800,True,True,0.000527,True,True,True,True,True,True,True,True,True,True,True,True,,,,,,
USD_NFP_1554478200,1554478200,2019.04.05 15:30:00,2019,CORE_2015_2025,NFP,USDJPY,BASE,840030016,Nonfarm Payrolls,True,"840030015,840030016,840030018,840030019",USD_840030017:Participation Rate|USD_840030020:Average Weekly Hours|USD_840030022:Government Payrolls|USD_840030023:Private Nonfarm Payrolls|USD_840030024:U6 Unemployment Rate|USD_840030032:Manufacturing Payrolls|CAD_124010011:Employment Change|CAD_124010012:Full-Time Employment Change|CAD_124010013:Part-Time Employment Change|CAD_124010014:Unemployment Rate|CAD_124010015:Participation Rate,True,False,False,196.0,176.0,20.0,33.0,20.0,176.0,POSITIVE,POSITIVE,1,1,1,1,True,1554480000,2019.04.05 16:00:00,1800,True,True,0.064528,True,True,True,True,True,True,True,True,True,True,True,True,,,,,,
USD_NFP_1556897400,1556897400,2019.05.03 15:30:00,2019,CORE_2015_2025,NFP,AUDUSD,QUOTE,840030016,Nonfarm Payrolls,True,"840030015,840030016,840030018,840030019",USD_840020006:Wholesale Inventories m/m|USD_840020019:Goods Trade Balance|USD_840020027:Retail Inventories m/m|USD_840020028:Retail Inventories excl. Autos m/m|USD_840030017:Participation Rate|USD_840030020:Average Weekly Hours|USD_840030022:Government Payrolls|USD_840030023:Private Nonfarm Payrolls|USD_840030024:U6 Unemployment Rate|USD_840030032:Manufacturing Payrolls,False,False,False,263.0,167.0,196.0,189.0,96.0,67.0,POSITIVE,POSITIVE,1,-1,1,-1,True,1556899200,2019.05.03 16:00:00,1800,True,True,0.000704,True,True,True,True,True,True,True,True,True,True,True,True,,,,,,
USD_NFP_1556897400,1556897400,2019.05.03 15:30:00,2019,CORE_2015_2025,NFP,EURUSD,QUOTE,840030016,Nonfarm Payrolls,True,"840030015,840030016,840030018,840030019",USD_840020006:Wholesale Inventories m/m|USD_840020019:Goods Trade Balance|USD_840020027:Retail Inventories m/m|USD_840020028:Retail Inventories excl. Autos m/m|USD_840030017:Participation Rate|USD_840030020:Average Weekly Hours|USD_840030022:Government Payrolls|USD_840030023:Private Nonfarm Payrolls|USD_840030024:U6 Unemployment Rate|USD_840030032:Manufacturing Payrolls,False,False,False,263.0,167.0,196.0,189.0,96.0,67.0,POSITIVE,POSITIVE,1,-1,1,-1,True,1556899200,2019.05.03 16:00:00,1800,True,True,0.000850,True,True,True,True,True,True,True,True,True,True,True,True,,,,,,
USD_NFP_1556897400,1556897400,2019.05.03 15:30:00,2019,CORE_2015_2025,NFP,GBPUSD,QUOTE,840030016,Nonfarm Payrolls,True,"840030015,840030016,840030018,840030019",USD_840020006:Wholesale Inventories m/m|USD_840020019:Goods Trade Balance|USD_840020027:Retail Inventories m/m|USD_840020028:Retail Inventories excl. Autos m/m|USD_840030017:Participation Rate|USD_840030020:Average Weekly Hours|USD_840030022:Government Payrolls|USD_840030023:Private Nonfarm Payrolls|USD_840030024:U6 Unemployment Rate|USD_840030032:Manufacturing Payrolls,False,False,False,263.0,167.0,196.0,189.0,96.0,67.0,POSITIVE,POSITIVE,1,-1,1,-1,True,1556899200,2019.05.03 16:00:00,1800,True,True,0.001222,True,True,True,True,True,True,True,True,True,True,True,True,,,,,,
USD_NFP_1556897400,1556897400,2019.05.03 15:30:00,2019,CORE_2015_2025,NFP,NZDUSD,QUOTE,840030016,Nonfarm Payrolls,True,"840030015,840030016,840030018,840030019",USD_840020006:Wholesale Inventories m/m|USD_840020019:Goods Trade Balance|USD_840020027:Retail Inventories m/m|USD_840020028:Retail Inventories excl. Autos m/m|USD_840030017:Participation Rate|USD_840030020:Average Weekly Hours|USD_840030022:Government Payrolls|USD_840030023:Private Nonfarm Payrolls|USD_840030024:U6 Unemployment Rate|USD_840030032:Manufacturing Payrolls,False,False,False,263.0,167.0,196.0,189.0,96.0,67.0,POSITIVE,POSITIVE,1,-1,1,-1,True,1556899200,2019.05.03 16:00:00,1800,True,True,0.000628,True,True,True,True,True,True,True,True,True,True,True,True,,,,,,
USD_NFP_1556897400,1556897400,2019.05.03 15:30:00,2019,CORE_2015_2025,NFP,USDCAD,BASE,840030016,Nonfarm Payrolls,True,"840030015,840030016,840030018,840030019",USD_840020006:Wholesale Inventories m/m|USD_840020019:Goods Trade Balance|USD_840020027:Retail Inventories m/m|USD_840020028:Retail Inventories excl. Autos m/m|USD_840030017:Participation Rate|USD_840030020:Average Weekly Hours|USD_840030022:Government Payrolls|USD_840030023:Private Nonfarm Payrolls|USD_840030024:U6 Unemployment Rate|USD_840030032:Manufacturing Payrolls,False,False,False,263.0,167.0,196.0,189.0,96.0,67.0,POSITIVE,POSITIVE,1,1,1,1,True,1556899200,2019.05.03 16:00:00,1800,True,True,0.000963,True,True,True,True,True,True,True,True,True,True,True,True,,,,,,
USD_NFP_1556897400,1556897400,2019.05.03 15:30:00,2019,CORE_2015_2025,NFP,USDCHF,BASE,840030016,Nonfarm Payrolls,True,"840030015,840030016,840030018,840030019",USD_840020006:Wholesale Inventories m/m|USD_840020019:Goods Trade Balance|USD_840020027:Retail Inventories m/m|USD_840020028:Retail Inventories excl. Autos m/m|USD_840030017:Participation Rate|USD_840030020:Average Weekly Hours|USD_840030022:Government Payrolls|USD_840030023:Private Nonfarm Payrolls|USD_840030024:U6 Unemployment Rate|USD_840030032:Manufacturing Payrolls,False,False,False,263.0,167.0,196.0,189.0,96.0,67.0,POSITIVE,POSITIVE,1,1,1,1,True,1556899200,2019.05.03 16:00:00,1800,True,True,0.000723,True,True,True,True,True,True,True,True,True,True,True,True,,,,,,
USD_NFP_1556897400,1556897400,2019.05.03 15:30:00,2019,CORE_2015_2025,NFP,USDJPY,BASE,840030016,Nonfarm Payrolls,True,"840030015,840030016,840030018,840030019",USD_840020006:Wholesale Inventories m/m|USD_840020019:Goods Trade Balance|USD_840020027:Retail Inventories m/m|USD_840020028:Retail Inventories excl. Autos m/m|USD_840030017:Participation Rate|USD_840030020:Average Weekly Hours|USD_840030022:Government Payrolls|USD_840030023:Private Nonfarm Payrolls|USD_840030024:U6 Unemployment Rate|USD_840030032:Manufacturing Payrolls,False,False,False,263.0,167.0,196.0,189.0,96.0,67.0,POSITIVE,POSITIVE,1,1,1,1,True,1556899200,2019.05.03 16:00:00,1800,True,True,0.056584,True,True,True,True,True,True,True,True,True,True,True,True,,,,,,
USD_NFP_1559921400,1559921400,2019.06.07 15:30:00,2019,CORE_2015_2025,NFP,AUDUSD,QUOTE,840030016,Nonfarm Payrolls,True,"840030015,840030016,840030018,840030019",USD_840030017:Participation Rate|USD_840030020:Average Weekly Hours|USD_840030022:Government Payrolls|USD_840030023:Private Nonfarm Payrolls|USD_840030024:U6 Unemployment Rate|USD_840030032:Manufacturing Payrolls|CAD_124010002:Capacity Utilization Rate|CAD_124010011:Employment Change|CAD_124010012:Full-Time Employment Change|CAD_124010013:Part-Time Employment Change|CAD_124010014:Unemployment Rate|CAD_124010015:Participation Rate,True,False,False,75.0,170.0,263.0,224.0,-95.0,-188.0,NEGATIVE,NEGATIVE,-1,1,-1,1,True,1559923200,2019.06.07 16:00:00,1800,True,True,0.000652,True,True,True,True,True,True,True,True,True,True,True,True,,,,,,
USD_NFP_1559921400,1559921400,2019.06.07 15:30:00,2019,CORE_2015_2025,NFP,EURUSD,QUOTE,840030016,Nonfarm Payrolls,True,"840030015,840030016,840030018,840030019",USD_840030017:Participation Rate|USD_840030020:Average Weekly Hours|USD_840030022:Government Payrolls|USD_840030023:Private Nonfarm Payrolls|USD_840030024:U6 Unemployment Rate|USD_840030032:Manufacturing Payrolls|CAD_124010002:Capacity Utilization Rate|CAD_124010011:Employment Change|CAD_124010012:Full-Time Employment Change|CAD_124010013:Part-Time Employment Change|CAD_124010014:Unemployment Rate|CAD_124010015:Participation Rate,True,False,False,75.0,170.0,263.0,224.0,-95.0,-188.0,NEGATIVE,NEGATIVE,-1,1,-1,1,True,1559923200,2019.06.07 16:00:00,1800,True,True,0.001118,True,True,True,True,True,True,True,True,True,True,True,True,,,,,,
USD_NFP_1559921400,1559921400,2019.06.07 15:30:00,2019,CORE_2015_2025,NFP,GBPUSD,QUOTE,840030016,Nonfarm Payrolls,True,"840030015,840030016,840030018,840030019",USD_840030017:Participation Rate|USD_840030020:Average Weekly Hours|USD_840030022:Government Payrolls|USD_840030023:Private Nonfarm Payrolls|USD_840030024:U6 Unemployment Rate|USD_840030032:Manufacturing Payrolls|CAD_124010002:Capacity Utilization Rate|CAD_124010011:Employment Change|CAD_124010012:Full-Time Employment Change|CAD_124010013:Part-Time Employment Change|CAD_124010014:Unemployment Rate|CAD_124010015:Participation Rate,True,False,False,75.0,170.0,263.0,224.0,-95.0,-188.0,NEGATIVE,NEGATIVE,-1,1,-1,1,True,1559923200,2019.06.07 16:00:00,1800,True,True,0.001293,True,True,True,True,True,True,True,True,True,True,True,True,,,,,,
USD_NFP_1559921400,1559921400,2019.06.07 15:30:00,2019,CORE_2015_2025,NFP,NZDUSD,QUOTE,840030016,Nonfarm Payrolls,True,"840030015,840030016,840030018,840030019",USD_840030017:Participation Rate|USD_840030020:Average Weekly Hours|USD_840030022:Government Payrolls|USD_840030023:Private Nonfarm Payrolls|USD_840030024:U6 Unemployment Rate|USD_840030032:Manufacturing Payrolls|CAD_124010002:Capacity Utilization Rate|CAD_124010011:Employment Change|CAD_124010012:Full-Time Employment Change|CAD_124010013:Part-Time Employment Change|CAD_124010014:Unemployment Rate|CAD_124010015:Participation Rate,True,False,False,75.0,170.0,263.0,224.0,-95.0,-188.0,NEGATIVE,NEGATIVE,-1,1,-1,1,True,1559923200,2019.06.07 16:00:00,1800,True,True,0.000654,True,True,True,True,True,True,True,True,True,True,True,True,,,,,,
USD_NFP_1559921400,1559921400,2019.06.07 15:30:00,2019,CORE_2015_2025,NFP,USDCAD,BASE,840030016,Nonfarm Payrolls,True,"840030015,840030016,840030018,840030019",USD_840030017:Participation Rate|USD_840030020:Average Weekly Hours|USD_840030022:Government Payrolls|USD_840030023:Private Nonfarm Payrolls|USD_840030024:U6 Unemployment Rate|USD_840030032:Manufacturing Payrolls|CAD_124010002:Capacity Utilization Rate|CAD_124010011:Employment Change|CAD_124010012:Full-Time Employment Change|CAD_124010013:Part-Time Employment Change|CAD_124010014:Unemployment Rate|CAD_124010015:Participation Rate,True,False,False,75.0,170.0,263.0,224.0,-95.0,-188.0,NEGATIVE,NEGATIVE,-1,-1,-1,-1,True,1559923200,2019.06.07 16:00:00,1800,True,True,0.001080,True,True,True,True,True,True,True,True,True,True,True,True,,,,,,
USD_NFP_1559921400,1559921400,2019.06.07 15:30:00,2019,CORE_2015_2025,NFP,USDCHF,BASE,840030016,Nonfarm Payrolls,True,"840030015,840030016,840030018,840030019",USD_840030017:Participation Rate|USD_840030020:Average Weekly Hours|USD_840030022:Government Payrolls|USD_840030023:Private Nonfarm Payrolls|USD_840030024:U6 Unemployment Rate|USD_840030032:Manufacturing Payrolls|CAD_124010002:Capacity Utilization Rate|CAD_124010011:Employment Change|CAD_124010012:Full-Time Employment Change|CAD_124010013:Part-Time Employment Change|CAD_124010014:Unemployment Rate|CAD_124010015:Participation Rate,True,False,False,75.0,170.0,263.0,224.0,-95.0,-188.0,NEGATIVE,NEGATIVE,-1,-1,-1,-1,True,1559923200,2019.06.07 16:00:00,1800,True,True,0.001067,True,True,True,True,True,True,True,True,True,True,True,True,,,,,,
USD_NFP_1559921400,1559921400,2019.06.07 15:30:00,2019,CORE_2015_2025,NFP,USDJPY,BASE,840030016,Nonfarm Payrolls,True,"840030015,840030016,840030018,840030019",USD_840030017:Participation Rate|USD_840030020:Average Weekly Hours|USD_840030022:Government Payrolls|USD_840030023:Private Nonfarm Payrolls|USD_840030024:U6 Unemployment Rate|USD_840030032:Manufacturing Payrolls|CAD_124010002:Capacity Utilization Rate|CAD_124010011:Employment Change|CAD_124010012:Full-Time Employment Change|CAD_124010013:Part-Time Employment Change|CAD_124010014:Unemployment Rate|CAD_124010015:Participation Rate,True,False,False,75.0,170.0,263.0,224.0,-95.0,-188.0,NEGATIVE,NEGATIVE,-1,-1,-1,-1,True,1559923200,2019.06.07 16:00:00,1800,True,True,0.102778,True,True,True,True,True,True,True,True,True,True,True,True,,,,,,
USD_NFP_1562340600,1562340600,2019.07.05 15:30:00,2019,CORE_2015_2025,NFP,AUDUSD,QUOTE,840030016,Nonfarm Payrolls,True,"840030015,840030016,840030018,840030019",USD_840030017:Participation Rate|USD_840030020:Average Weekly Hours|USD_840030022:Government Payrolls|USD_840030023:Private Nonfarm Payrolls|USD_840030024:U6 Unemployment Rate|USD_840030032:Manufacturing Payrolls|CAD_124010011:Employment Change|CAD_124010012:Full-Time Employment Change|CAD_124010013:Part-Time Employment Change|CAD_124010014:Unemployment Rate|CAD_124010015:Participation Rate,True,False,False,224.0,176.0,75.0,72.0,48.0,149.0,POSITIVE,POSITIVE,1,-1,1,-1,True,1562342400,2019.07.05 16:00:00,1800,True,True,0.000571,True,True,True,True,True,True,True,True,True,True,True,True,,,,,,
USD_NFP_1562340600,1562340600,2019.07.05 15:30:00,2019,CORE_2015_2025,NFP,EURUSD,QUOTE,840030016,Nonfarm Payrolls,True,"840030015,840030016,840030018,840030019",USD_840030017:Participation Rate|USD_840030020:Average Weekly Hours|USD_840030022:Government Payrolls|USD_840030023:Private Nonfarm Payrolls|USD_840030024:U6 Unemployment Rate|USD_840030032:Manufacturing Payrolls|CAD_124010011:Employment Change|CAD_124010012:Full-Time Employment Change|CAD_124010013:Part-Time Employment Change|CAD_124010014:Unemployment Rate|CAD_124010015:Participation Rate,True,False,False,224.0,176.0,75.0,72.0,48.0,149.0,POSITIVE,POSITIVE,1,-1,1,-1,True,1562342400,2019.07.05 16:00:00,1800,True,True,0.000609,True,True,True,True,True,True,True,True,True,True,True,True,,,,,,
USD_NFP_1562340600,1562340600,2019.07.05 15:30:00,2019,CORE_2015_2025,NFP,GBPUSD,QUOTE,840030016,Nonfarm Payrolls,True,"840030015,840030016,840030018,840030019",USD_840030017:Participation Rate|USD_840030020:Average Weekly Hours|USD_840030022:Government Payrolls|USD_840030023:Private Nonfarm Payrolls|USD_840030024:U6 Unemployment Rate|USD_840030032:Manufacturing Payrolls|CAD_124010011:Employment Change|CAD_124010012:Full-Time Employment Change|CAD_124010013:Part-Time Employment Change|CAD_124010014:Unemployment Rate|CAD_124010015:Participation Rate,True,False,False,224.0,176.0,75.0,72.0,48.0,149.0,POSITIVE,POSITIVE,1,-1,1,-1,True,1562342400,2019.07.05 16:00:00,1800,True,True,0.000966,True,True,True,True,True,True,True,True,True,True,True,True,,,,,,
USD_NFP_1562340600,1562340600,2019.07.05 15:30:00,2019,CORE_2015_2025,NFP,NZDUSD,QUOTE,840030016,Nonfarm Payrolls,True,"840030015,840030016,840030018,840030019",USD_840030017:Participation Rate|USD_840030020:Average Weekly Hours|USD_840030022:Government Payrolls|USD_840030023:Private Nonfarm Payrolls|USD_840030024:U6 Unemployment Rate|USD_840030032:Manufacturing Payrolls|CAD_124010011:Employment Change|CAD_124010012:Full-Time Employment Change|CAD_124010013:Part-Time Employment Change|CAD_124010014:Unemployment Rate|CAD_124010015:Participation Rate,True,False,False,224.0,176.0,75.0,72.0,48.0,149.0,POSITIVE,POSITIVE,1,-1,1,-1,True,1562342400,2019.07.05 16:00:00,1800,True,True,0.000588,True,True,True,True,True,True,True,True,True,True,True,True,,,,,,
USD_NFP_1562340600,1562340600,2019.07.05 15:30:00,2019,CORE_2015_2025,NFP,USDCAD,BASE,840030016,Nonfarm Payrolls,True,"840030015,840030016,840030018,840030019",USD_840030017:Participation Rate|USD_840030020:Average Weekly Hours|USD_840030022:Government Payrolls|USD_840030023:Private Nonfarm Payrolls|USD_840030024:U6 Unemployment Rate|USD_840030032:Manufacturing Payrolls|CAD_124010011:Employment Change|CAD_124010012:Full-Time Employment Change|CAD_124010013:Part-Time Employment Change|CAD_124010014:Unemployment Rate|CAD_124010015:Participation Rate,True,False,False,224.0,176.0,75.0,72.0,48.0,149.0,POSITIVE,POSITIVE,1,1,1,1,True,1562342400,2019.07.05 16:00:00,1800,True,True,0.000722,True,True,True,True,True,True,True,True,True,True,True,True,,,,,,
USD_NFP_1562340600,1562340600,2019.07.05 15:30:00,2019,CORE_2015_2025,NFP,USDCHF,BASE,840030016,Nonfarm Payrolls,True,"840030015,840030016,840030018,840030019",USD_840030017:Participation Rate|USD_840030020:Average Weekly Hours|USD_840030022:Government Payrolls|USD_840030023:Private Nonfarm Payrolls|USD_840030024:U6 Unemployment Rate|USD_840030032:Manufacturing Payrolls|CAD_124010011:Employment Change|CAD_124010012:Full-Time Employment Change|CAD_124010013:Part-Time Employment Change|CAD_124010014:Unemployment Rate|CAD_124010015:Participation Rate,True,False,False,224.0,176.0,75.0,72.0,48.0,149.0,POSITIVE,POSITIVE,1,1,1,1,True,1562342400,2019.07.05 16:00:00,1800,True,True,0.000697,True,True,True,True,True,True,True,True,True,True,True,True,,,,,,
USD_NFP_1562340600,1562340600,2019.07.05 15:30:00,2019,CORE_2015_2025,NFP,USDJPY,BASE,840030016,Nonfarm Payrolls,True,"840030015,840030016,840030018,840030019",USD_840030017:Participation Rate|USD_840030020:Average Weekly Hours|USD_840030022:Government Payrolls|USD_840030023:Private Nonfarm Payrolls|USD_840030024:U6 Unemployment Rate|USD_840030032:Manufacturing Payrolls|CAD_124010011:Employment Change|CAD_124010012:Full-Time Employment Change|CAD_124010013:Part-Time Employment Change|CAD_124010014:Unemployment Rate|CAD_124010015:Participation Rate,True,False,False,224.0,176.0,75.0,72.0,48.0,149.0,POSITIVE,POSITIVE,1,1,1,1,True,1562342400,2019.07.05 16:00:00,1800,True,True,0.063474,True,True,True,True,True,True,True,True,True,True,True,True,,,,,,
USD_NFP_1564759800,1564759800,2019.08.02 15:30:00,2019,CORE_2015_2025,NFP,AUDUSD,QUOTE,840030016,Nonfarm Payrolls,True,"840030015,840030016,840030018,840030019",USD_840020001:Trade Balance|USD_840020023:Exports|USD_840020024:Imports|USD_840030017:Participation Rate|USD_840030020:Average Weekly Hours|USD_840030022:Government Payrolls|USD_840030023:Private Nonfarm Payrolls|USD_840030024:U6 Unemployment Rate|USD_840030032:Manufacturing Payrolls|CAD_124010016:Imports|CAD_124010017:Exports|CAD_124010018:Trade Balance,False,True,False,164.0,178.0,224.0,193.0,-14.0,-60.0,NEGATIVE,NEGATIVE,-1,1,-1,1,True,1564761600,2019.08.02 16:00:00,1800,True,True,0.001128,True,True,True,True,True,True,True,True,True,True,True,True,,,,,,
USD_NFP_1564759800,1564759800,2019.08.02 15:30:00,2019,CORE_2015_2025,NFP,EURUSD,QUOTE,840030016,Nonfarm Payrolls,True,"840030015,840030016,840030018,840030019",USD_840020001:Trade Balance|USD_840020023:Exports|USD_840020024:Imports|USD_840030017:Participation Rate|USD_840030020:Average Weekly Hours|USD_840030022:Government Payrolls|USD_840030023:Private Nonfarm Payrolls|USD_840030024:U6 Unemployment Rate|USD_840030032:Manufacturing Payrolls|CAD_124010016:Imports|CAD_124010017:Exports|CAD_124010018:Trade Balance,False,True,False,164.0,178.0,224.0,193.0,-14.0,-60.0,NEGATIVE,NEGATIVE,-1,1,-1,1,True,1564761600,2019.08.02 16:00:00,1800,True,True,0.001353,True,True,True,True,True,True,True,True,True,True,True,True,,,,,,
USD_NFP_1564759800,1564759800,2019.08.02 15:30:00,2019,CORE_2015_2025,NFP,GBPUSD,QUOTE,840030016,Nonfarm Payrolls,True,"840030015,840030016,840030018,840030019",USD_840020001:Trade Balance|USD_840020023:Exports|USD_840020024:Imports|USD_840030017:Participation Rate|USD_840030020:Average Weekly Hours|USD_840030022:Government Payrolls|USD_840030023:Private Nonfarm Payrolls|USD_840030024:U6 Unemployment Rate|USD_840030032:Manufacturing Payrolls|CAD_124010016:Imports|CAD_124010017:Exports|CAD_124010018:Trade Balance,False,True,False,164.0,178.0,224.0,193.0,-14.0,-60.0,NEGATIVE,NEGATIVE,-1,1,-1,1,True,1564761600,2019.08.02 16:00:00,1800,True,True,0.002335,True,True,True,True,True,True,True,True,True,True,True,True,,,,,,
USD_NFP_1564759800,1564759800,2019.08.02 15:30:00,2019,CORE_2015_2025,NFP,NZDUSD,QUOTE,840030016,Nonfarm Payrolls,True,"840030015,840030016,840030018,840030019",USD_840020001:Trade Balance|USD_840020023:Exports|USD_840020024:Imports|USD_840030017:Participation Rate|USD_840030020:Average Weekly Hours|USD_840030022:Government Payrolls|USD_840030023:Private Nonfarm Payrolls|USD_840030024:U6 Unemployment Rate|USD_840030032:Manufacturing Payrolls|CAD_124010016:Imports|CAD_124010017:Exports|CAD_124010018:Trade Balance,False,True,False,164.0,178.0,224.0,193.0,-14.0,-60.0,NEGATIVE,NEGATIVE,-1,1,-1,1,True,1564761600,2019.08.02 16:00:00,1800,True,True,0.000989,True,True,True,True,True,True,True,True,True,True,True,True,,,,,,
USD_NFP_1564759800,1564759800,2019.08.02 15:30:00,2019,CORE_2015_2025,NFP,USDCAD,BASE,840030016,Nonfarm Payrolls,True,"840030015,840030016,840030018,840030019",USD_840020001:Trade Balance|USD_840020023:Exports|USD_840020024:Imports|USD_840030017:Participation Rate|USD_840030020:Average Weekly Hours|USD_840030022:Government Payrolls|USD_840030023:Private Nonfarm Payrolls|USD_840030024:U6 Unemployment Rate|USD_840030032:Manufacturing Payrolls|CAD_124010016:Imports|CAD_124010017:Exports|CAD_124010018:Trade Balance,False,True,False,164.0,178.0,224.0,193.0,-14.0,-60.0,NEGATIVE,NEGATIVE,-1,-1,-1,-1,True,1564761600,2019.08.02 16:00:00,1800,True,True,0.001238,True,True,True,True,True,True,True,True,True,True,True,True,,,,,,
USD_NFP_1564759800,1564759800,2019.08.02 15:30:00,2019,CORE_2015_2025,NFP,USDCHF,BASE,840030016,Nonfarm Payrolls,True,"840030015,840030016,840030018,840030019",USD_840020001:Trade Balance|USD_840020023:Exports|USD_840020024:Imports|USD_840030017:Participation Rate|USD_840030020:Average Weekly Hours|USD_840030022:Government Payrolls|USD_840030023:Private Nonfarm Payrolls|USD_840030024:U6 Unemployment Rate|USD_840030032:Manufacturing Payrolls|CAD_124010016:Imports|CAD_124010017:Exports|CAD_124010018:Trade Balance,False,True,False,164.0,178.0,224.0,193.0,-14.0,-60.0,NEGATIVE,NEGATIVE,-1,-1,-1,-1,True,1564761600,2019.08.02 16:00:00,1800,True,True,0.001397,True,True,True,True,True,True,True,True,True,True,True,True,,,,,,
USD_NFP_1564759800,1564759800,2019.08.02 15:30:00,2019,CORE_2015_2025,NFP,USDJPY,BASE,840030016,Nonfarm Payrolls,True,"840030015,840030016,840030018,840030019",USD_840020001:Trade Balance|USD_840020023:Exports|USD_840020024:Imports|USD_840030017:Participation Rate|USD_840030020:Average Weekly Hours|USD_840030022:Government Payrolls|USD_840030023:Private Nonfarm Payrolls|USD_840030024:U6 Unemployment Rate|USD_840030032:Manufacturing Payrolls|CAD_124010016:Imports|CAD_124010017:Exports|CAD_124010018:Trade Balance,False,True,False,164.0,178.0,224.0,193.0,-14.0,-60.0,NEGATIVE,NEGATIVE,-1,-1,-1,-1,True,1564761600,2019.08.02 16:00:00,1800,True,True,0.181725,True,True,True,True,True,True,True,True,True,True,True,True,,,,,,
USD_NFP_1567783800,1567783800,2019.09.06 15:30:00,2019,CORE_2015_2025,NFP,AUDUSD,QUOTE,840030016,Nonfarm Payrolls,True,"840030015,840030016,840030018,840030019",USD_840030017:Participation Rate|USD_840030020:Average Weekly Hours|USD_840030022:Government Payrolls|USD_840030023:Private Nonfarm Payrolls|USD_840030024:U6 Unemployment Rate|USD_840030032:Manufacturing Payrolls|CAD_124010011:Employment Change|CAD_124010012:Full-Time Employment Change|CAD_124010013:Part-Time Employment Change|CAD_124010014:Unemployment Rate|CAD_124010015:Participation Rate,True,False,False,130.0,177.0,164.0,159.0,-47.0,-34.0,NEGATIVE,NEGATIVE,-1,1,-1,1,True,1567785600,2019.09.06 16:00:00,1800,True,True,0.000741,True,True,True,True,True,True,True,True,True,True,True,True,,,,,,
USD_NFP_1567783800,1567783800,2019.09.06 15:30:00,2019,CORE_2015_2025,NFP,EURUSD,QUOTE,840030016,Nonfarm Payrolls,True,"840030015,840030016,840030018,840030019",USD_840030017:Participation Rate|USD_840030020:Average Weekly Hours|USD_840030022:Government Payrolls|USD_840030023:Private Nonfarm Payrolls|USD_840030024:U6 Unemployment Rate|USD_840030032:Manufacturing Payrolls|CAD_124010011:Employment Change|CAD_124010012:Full-Time Employment Change|CAD_124010013:Part-Time Employment Change|CAD_124010014:Unemployment Rate|CAD_124010015:Participation Rate,True,False,False,130.0,177.0,164.0,159.0,-47.0,-34.0,NEGATIVE,NEGATIVE,-1,1,-1,1,True,1567785600,2019.09.06 16:00:00,1800,True,True,0.000937,True,True,True,True,True,True,True,True,True,True,True,True,,,,,,
USD_NFP_1567783800,1567783800,2019.09.06 15:30:00,2019,CORE_2015_2025,NFP,GBPUSD,QUOTE,840030016,Nonfarm Payrolls,True,"840030015,840030016,840030018,840030019",USD_840030017:Participation Rate|USD_840030020:Average Weekly Hours|USD_840030022:Government Payrolls|USD_840030023:Private Nonfarm Payrolls|USD_840030024:U6 Unemployment Rate|USD_840030032:Manufacturing Payrolls|CAD_124010011:Employment Change|CAD_124010012:Full-Time Employment Change|CAD_124010013:Part-Time Employment Change|CAD_124010014:Unemployment Rate|CAD_124010015:Participation Rate,True,False,False,130.0,177.0,164.0,159.0,-47.0,-34.0,NEGATIVE,NEGATIVE,-1,1,-1,1,True,1567785600,2019.09.06 16:00:00,1800,True,True,0.001950,True,True,True,True,True,True,True,True,True,True,True,True,,,,,,
USD_NFP_1567783800,1567783800,2019.09.06 15:30:00,2019,CORE_2015_2025,NFP,NZDUSD,QUOTE,840030016,Nonfarm Payrolls,True,"840030015,840030016,840030018,840030019",USD_840030017:Participation Rate|USD_840030020:Average Weekly Hours|USD_840030022:Government Payrolls|USD_840030023:Private Nonfarm Payrolls|USD_840030024:U6 Unemployment Rate|USD_840030032:Manufacturing Payrolls|CAD_124010011:Employment Change|CAD_124010012:Full-Time Employment Change|CAD_124010013:Part-Time Employment Change|CAD_124010014:Unemployment Rate|CAD_124010015:Participation Rate,True,False,False,130.0,177.0,164.0,159.0,-47.0,-34.0,NEGATIVE,NEGATIVE,-1,1,-1,1,True,1567785600,2019.09.06 16:00:00,1800,True,True,0.000841,True,True,True,True,True,True,True,True,True,True,True,True,,,,,,
USD_NFP_1567783800,1567783800,2019.09.06 15:30:00,2019,CORE_2015_2025,NFP,USDCAD,BASE,840030016,Nonfarm Payrolls,True,"840030015,840030016,840030018,840030019",USD_840030017:Participation Rate|USD_840030020:Average Weekly Hours|USD_840030022:Government Payrolls|USD_840030023:Private Nonfarm Payrolls|USD_840030024:U6 Unemployment Rate|USD_840030032:Manufacturing Payrolls|CAD_124010011:Employment Change|CAD_124010012:Full-Time Employment Change|CAD_124010013:Part-Time Employment Change|CAD_124010014:Unemployment Rate|CAD_124010015:Participation Rate,True,False,False,130.0,177.0,164.0,159.0,-47.0,-34.0,NEGATIVE,NEGATIVE,-1,-1,-1,-1,True,1567785600,2019.09.06 16:00:00,1800,True,True,0.001090,True,True,True,True,True,True,True,True,True,True,True,True,,,,,,
USD_NFP_1567783800,1567783800,2019.09.06 15:30:00,2019,CORE_2015_2025,NFP,USDCHF,BASE,840030016,Nonfarm Payrolls,True,"840030015,840030016,840030018,840030019",USD_840030017:Participation Rate|USD_840030020:Average Weekly Hours|USD_840030022:Government Payrolls|USD_840030023:Private Nonfarm Payrolls|USD_840030024:U6 Unemployment Rate|USD_840030032:Manufacturing Payrolls|CAD_124010011:Employment Change|CAD_124010012:Full-Time Employment Change|CAD_124010013:Part-Time Employment Change|CAD_124010014:Unemployment Rate|CAD_124010015:Participation Rate,True,False,False,130.0,177.0,164.0,159.0,-47.0,-34.0,NEGATIVE,NEGATIVE,-1,-1,-1,-1,True,1567785600,2019.09.06 16:00:00,1800,True,True,0.001018,True,True,True,True,True,True,True,True,True,True,True,True,,,,,,
USD_NFP_1567783800,1567783800,2019.09.06 15:30:00,2019,CORE_2015_2025,NFP,USDJPY,BASE,840030016,Nonfarm Payrolls,True,"840030015,840030016,840030018,840030019",USD_840030017:Participation Rate|USD_840030020:Average Weekly Hours|USD_840030022:Government Payrolls|USD_840030023:Private Nonfarm Payrolls|USD_840030024:U6 Unemployment Rate|USD_840030032:Manufacturing Payrolls|CAD_124010011:Employment Change|CAD_124010012:Full-Time Employment Change|CAD_124010013:Part-Time Employment Change|CAD_124010014:Unemployment Rate|CAD_124010015:Participation Rate,True,False,False,130.0,177.0,164.0,159.0,-47.0,-34.0,NEGATIVE,NEGATIVE,-1,-1,-1,-1,True,1567785600,2019.09.06 16:00:00,1800,True,True,0.109255,True,True,True,True,True,True,True,True,True,True,True,True,,,,,,
USD_NFP_1570203000,1570203000,2019.10.04 15:30:00,2019,CORE_2015_2025,NFP,AUDUSD,QUOTE,840030016,Nonfarm Payrolls,True,"840030015,840030016,840030018,840030019",USD_840020001:Trade Balance|USD_840020023:Exports|USD_840020024:Imports|USD_840030017:Participation Rate|USD_840030020:Average Weekly Hours|USD_840030022:Government Payrolls|USD_840030023:Private Nonfarm Payrolls|USD_840030024:U6 Unemployment Rate|USD_840030032:Manufacturing Payrolls|USD_840270001:FOMC Member Rosengren Speech|CAD_124010016:Imports|CAD_124010017:Exports|CAD_124010018:Trade Balance,False,True,False,136.0,174.0,130.0,168.0,-38.0,6.0,NEGATIVE,POSITIVE,-1,1,1,-1,True,1570204800,2019.10.04 16:00:00,1800,True,True,0.000743,True,True,True,True,True,True,True,True,True,True,True,True,,,,,,
USD_NFP_1570203000,1570203000,2019.10.04 15:30:00,2019,CORE_2015_2025,NFP,EURUSD,QUOTE,840030016,Nonfarm Payrolls,True,"840030015,840030016,840030018,840030019",USD_840020001:Trade Balance|USD_840020023:Exports|USD_840020024:Imports|USD_840030017:Participation Rate|USD_840030020:Average Weekly Hours|USD_840030022:Government Payrolls|USD_840030023:Private Nonfarm Payrolls|USD_840030024:U6 Unemployment Rate|USD_840030032:Manufacturing Payrolls|USD_840270001:FOMC Member Rosengren Speech|CAD_124010016:Imports|CAD_124010017:Exports|CAD_124010018:Trade Balance,False,True,False,136.0,174.0,130.0,168.0,-38.0,6.0,NEGATIVE,POSITIVE,-1,1,1,-1,True,1570204800,2019.10.04 16:00:00,1800,True,True,0.000965,True,True,True,True,True,True,True,True,True,True,True,True,,,,,,
USD_NFP_1570203000,1570203000,2019.10.04 15:30:00,2019,CORE_2015_2025,NFP,GBPUSD,QUOTE,840030016,Nonfarm Payrolls,True,"840030015,840030016,840030018,840030019",USD_840020001:Trade Balance|USD_840020023:Exports|USD_840020024:Imports|USD_840030017:Participation Rate|USD_840030020:Average Weekly Hours|USD_840030022:Government Payrolls|USD_840030023:Private Nonfarm Payrolls|USD_840030024:U6 Unemployment Rate|USD_840030032:Manufacturing Payrolls|USD_840270001:FOMC Member Rosengren Speech|CAD_124010016:Imports|CAD_124010017:Exports|CAD_124010018:Trade Balance,False,True,False,136.0,174.0,130.0,168.0,-38.0,6.0,NEGATIVE,POSITIVE,-1,1,1,-1,True,1570204800,2019.10.04 16:00:00,1800,True,True,0.001839,True,True,True,True,True,True,True,True,True,True,True,True,,,,,,
USD_NFP_1570203000,1570203000,2019.10.04 15:30:00,2019,CORE_2015_2025,NFP,NZDUSD,QUOTE,840030016,Nonfarm Payrolls,True,"840030015,840030016,840030018,840030019",USD_840020001:Trade Balance|USD_840020023:Exports|USD_840020024:Imports|USD_840030017:Participation Rate|USD_840030020:Average Weekly Hours|USD_840030022:Government Payrolls|USD_840030023:Private Nonfarm Payrolls|USD_840030024:U6 Unemployment Rate|USD_840030032:Manufacturing Payrolls|USD_840270001:FOMC Member Rosengren Speech|CAD_124010016:Imports|CAD_124010017:Exports|CAD_124010018:Trade Balance,False,True,False,136.0,174.0,130.0,168.0,-38.0,6.0,NEGATIVE,POSITIVE,-1,1,1,-1,True,1570204800,2019.10.04 16:00:00,1800,True,True,0.000878,True,True,True,True,True,True,True,True,True,True,True,True,,,,,,
USD_NFP_1570203000,1570203000,2019.10.04 15:30:00,2019,CORE_2015_2025,NFP,USDCAD,BASE,840030016,Nonfarm Payrolls,True,"840030015,840030016,840030018,840030019",USD_840020001:Trade Balance|USD_840020023:Exports|USD_840020024:Imports|USD_840030017:Participation Rate|USD_840030020:Average Weekly Hours|USD_840030022:Government Payrolls|USD_840030023:Private Nonfarm Payrolls|USD_840030024:U6 Unemployment Rate|USD_840030032:Manufacturing Payrolls|USD_840270001:FOMC Member Rosengren Speech|CAD_124010016:Imports|CAD_124010017:Exports|CAD_124010018:Trade Balance,False,True,False,136.0,174.0,130.0,168.0,-38.0,6.0,NEGATIVE,POSITIVE,-1,-1,1,1,True,1570204800,2019.10.04 16:00:00,1800,True,True,0.000929,True,True,True,True,True,True,True,True,True,True,True,True,,,,,,
USD_NFP_1570203000,1570203000,2019.10.04 15:30:00,2019,CORE_2015_2025,NFP,USDCHF,BASE,840030016,Nonfarm Payrolls,True,"840030015,840030016,840030018,840030019",USD_840020001:Trade Balance|USD_840020023:Exports|USD_840020024:Imports|USD_840030017:Participation Rate|USD_840030020:Average Weekly Hours|USD_840030022:Government Payrolls|USD_840030023:Private Nonfarm Payrolls|USD_840030024:U6 Unemployment Rate|USD_840030032:Manufacturing Payrolls|USD_840270001:FOMC Member Rosengren Speech|CAD_124010016:Imports|CAD_124010017:Exports|CAD_124010018:Trade Balance,False,True,False,136.0,174.0,130.0,168.0,-38.0,6.0,NEGATIVE,POSITIVE,-1,-1,1,1,True,1570204800,2019.10.04 16:00:00,1800,True,True,0.001418,True,True,True,True,True,True,True,True,True,True,True,True,,,,,,
USD_NFP_1570203000,1570203000,2019.10.04 15:30:00,2019,CORE_2015_2025,NFP,USDJPY,BASE,840030016,Nonfarm Payrolls,True,"840030015,840030016,840030018,840030019",USD_840020001:Trade Balance|USD_840020023:Exports|USD_840020024:Imports|USD_840030017:Participation Rate|USD_840030020:Average Weekly Hours|USD_840030022:Government Payrolls|USD_840030023:Private Nonfarm Payrolls|USD_840030024:U6 Unemployment Rate|USD_840030032:Manufacturing Payrolls|USD_840270001:FOMC Member Rosengren Speech|CAD_124010016:Imports|CAD_124010017:Exports|CAD_124010018:Trade Balance,False,True,False,136.0,174.0,130.0,168.0,-38.0,6.0,NEGATIVE,POSITIVE,-1,-1,1,1,True,1570204800,2019.10.04 16:00:00,1800,True,True,0.098245,True,True,True,True,True,True,True,True,True,True,True,True,,,,,,
USD_NFP_1572622200,1572622200,2019.11.01 15:30:00,2019,CORE_2015_2025,NFP,AUDUSD,QUOTE,840030016,Nonfarm Payrolls,True,"840030015,840030016,840030018,840030019",USD_840030017:Participation Rate|USD_840030020:Average Weekly Hours|USD_840030022:Government Payrolls|USD_840030023:Private Nonfarm Payrolls|USD_840030024:U6 Unemployment Rate|USD_840030032:Manufacturing Payrolls,False,False,False,128.0,172.0,136.0,180.0,-44.0,-8.0,NEGATIVE,NEGATIVE,-1,1,-1,1,True,1572624000,2019.11.01 16:00:00,1800,True,True,0.000850,True,True,True,True,True,True,True,True,True,True,True,True,,,,,,
USD_NFP_1572622200,1572622200,2019.11.01 15:30:00,2019,CORE_2015_2025,NFP,EURUSD,QUOTE,840030016,Nonfarm Payrolls,True,"840030015,840030016,840030018,840030019",USD_840030017:Participation Rate|USD_840030020:Average Weekly Hours|USD_840030022:Government Payrolls|USD_840030023:Private Nonfarm Payrolls|USD_840030024:U6 Unemployment Rate|USD_840030032:Manufacturing Payrolls,False,False,False,128.0,172.0,136.0,180.0,-44.0,-8.0,NEGATIVE,NEGATIVE,-1,1,-1,1,True,1572624000,2019.11.01 16:00:00,1800,True,True,0.001073,True,True,True,True,True,True,True,True,True,True,True,True,,,,,,
USD_NFP_1572622200,1572622200,2019.11.01 15:30:00,2019,CORE_2015_2025,NFP,GBPUSD,QUOTE,840030016,Nonfarm Payrolls,True,"840030015,840030016,840030018,840030019",USD_840030017:Participation Rate|USD_840030020:Average Weekly Hours|USD_840030022:Government Payrolls|USD_840030023:Private Nonfarm Payrolls|USD_840030024:U6 Unemployment Rate|USD_840030032:Manufacturing Payrolls,False,False,False,128.0,172.0,136.0,180.0,-44.0,-8.0,NEGATIVE,NEGATIVE,-1,1,-1,1,True,1572624000,2019.11.01 16:00:00,1800,True,True,0.001626,True,True,True,True,True,True,True,True,True,True,True,True,,,,,,
USD_NFP_1572622200,1572622200,2019.11.01 15:30:00,2019,CORE_2015_2025,NFP,NZDUSD,QUOTE,840030016,Nonfarm Payrolls,True,"840030015,840030016,840030018,840030019",USD_840030017:Participation Rate|USD_840030020:Average Weekly Hours|USD_840030022:Government Payrolls|USD_840030023:Private Nonfarm Payrolls|USD_840030024:U6 Unemployment Rate|USD_840030032:Manufacturing Payrolls,False,False,False,128.0,172.0,136.0,180.0,-44.0,-8.0,NEGATIVE,NEGATIVE,-1,1,-1,1,True,1572624000,2019.11.01 16:00:00,1800,True,True,0.001054,True,True,True,True,True,True,True,True,True,True,True,True,,,,,,
USD_NFP_1572622200,1572622200,2019.11.01 15:30:00,2019,CORE_2015_2025,NFP,USDCAD,BASE,840030016,Nonfarm Payrolls,True,"840030015,840030016,840030018,840030019",USD_840030017:Participation Rate|USD_840030020:Average Weekly Hours|USD_840030022:Government Payrolls|USD_840030023:Private Nonfarm Payrolls|USD_840030024:U6 Unemployment Rate|USD_840030032:Manufacturing Payrolls,False,False,False,128.0,172.0,136.0,180.0,-44.0,-8.0,NEGATIVE,NEGATIVE,-1,-1,-1,-1,True,1572624000,2019.11.01 16:00:00,1800,True,True,0.001170,True,True,True,True,True,True,True,True,True,True,True,True,,,,,,
USD_NFP_1572622200,1572622200,2019.11.01 15:30:00,2019,CORE_2015_2025,NFP,USDCHF,BASE,840030016,Nonfarm Payrolls,True,"840030015,840030016,840030018,840030019",USD_840030017:Participation Rate|USD_840030020:Average Weekly Hours|USD_840030022:Government Payrolls|USD_840030023:Private Nonfarm Payrolls|USD_840030024:U6 Unemployment Rate|USD_840030032:Manufacturing Payrolls,False,False,False,128.0,172.0,136.0,180.0,-44.0,-8.0,NEGATIVE,NEGATIVE,-1,-1,-1,-1,True,1572624000,2019.11.01 16:00:00,1800,True,True,0.000942,True,True,True,True,True,True,True,True,True,True,True,True,,,,,,
USD_NFP_1572622200,1572622200,2019.11.01 15:30:00,2019,CORE_2015_2025,NFP,USDJPY,BASE,840030016,Nonfarm Payrolls,True,"840030015,840030016,840030018,840030019",USD_840030017:Participation Rate|USD_840030020:Average Weekly Hours|USD_840030022:Government Payrolls|USD_840030023:Private Nonfarm Payrolls|USD_840030024:U6 Unemployment Rate|USD_840030032:Manufacturing Payrolls,False,False,False,128.0,172.0,136.0,180.0,-44.0,-8.0,NEGATIVE,NEGATIVE,-1,-1,-1,-1,True,1572624000,2019.11.01 16:00:00,1800,True,True,0.099340,True,True,True,True,True,True,True,True,True,True,True,True,,,,,,
USD_NFP_1575649800,1575649800,2019.12.06 16:30:00,2019,CORE_2015_2025,NFP,AUDUSD,QUOTE,840030016,Nonfarm Payrolls,True,"840030015,840030016,840030018,840030019",USD_840030017:Participation Rate|USD_840030020:Average Weekly Hours|USD_840030022:Government Payrolls|USD_840030023:Private Nonfarm Payrolls|USD_840030024:U6 Unemployment Rate|USD_840030032:Manufacturing Payrolls|CAD_124010011:Employment Change|CAD_124010012:Full-Time Employment Change|CAD_124010013:Part-Time Employment Change|CAD_124010014:Unemployment Rate|CAD_124010015:Participation Rate,True,False,False,266.0,168.0,128.0,156.0,98.0,138.0,POSITIVE,POSITIVE,1,-1,1,-1,True,1575651600,2019.12.06 17:00:00,1800,True,True,0.000640,True,True,True,True,True,True,True,True,True,True,True,True,,,,,,
USD_NFP_1575649800,1575649800,2019.12.06 16:30:00,2019,CORE_2015_2025,NFP,EURUSD,QUOTE,840030016,Nonfarm Payrolls,True,"840030015,840030016,840030018,840030019",USD_840030017:Participation Rate|USD_840030020:Average Weekly Hours|USD_840030022:Government Payrolls|USD_840030023:Private Nonfarm Payrolls|USD_840030024:U6 Unemployment Rate|USD_840030032:Manufacturing Payrolls|CAD_124010011:Employment Change|CAD_124010012:Full-Time Employment Change|CAD_124010013:Part-Time Employment Change|CAD_124010014:Unemployment Rate|CAD_124010015:Participation Rate,True,False,False,266.0,168.0,128.0,156.0,98.0,138.0,POSITIVE,POSITIVE,1,-1,1,-1,True,1575651600,2019.12.06 17:00:00,1800,True,True,0.000803,True,True,True,True,True,True,True,True,True,True,True,True,,,,,,
USD_NFP_1575649800,1575649800,2019.12.06 16:30:00,2019,CORE_2015_2025,NFP,GBPUSD,QUOTE,840030016,Nonfarm Payrolls,True,"840030015,840030016,840030018,840030019",USD_840030017:Participation Rate|USD_840030020:Average Weekly Hours|USD_840030022:Government Payrolls|USD_840030023:Private Nonfarm Payrolls|USD_840030024:U6 Unemployment Rate|USD_840030032:Manufacturing Payrolls|CAD_124010011:Employment Change|CAD_124010012:Full-Time Employment Change|CAD_124010013:Part-Time Employment Change|CAD_124010014:Unemployment Rate|CAD_124010015:Participation Rate,True,False,False,266.0,168.0,128.0,156.0,98.0,138.0,POSITIVE,POSITIVE,1,-1,1,-1,True,1575651600,2019.12.06 17:00:00,1800,True,True,0.001531,True,True,True,True,True,True,True,True,True,True,True,True,,,,,,
USD_NFP_1575649800,1575649800,2019.12.06 16:30:00,2019,CORE_2015_2025,NFP,NZDUSD,QUOTE,840030016,Nonfarm Payrolls,True,"840030015,840030016,840030018,840030019",USD_840030017:Participation Rate|USD_840030020:Average Weekly Hours|USD_840030022:Government Payrolls|USD_840030023:Private Nonfarm Payrolls|USD_840030024:U6 Unemployment Rate|USD_840030032:Manufacturing Payrolls|CAD_124010011:Employment Change|CAD_124010012:Full-Time Employment Change|CAD_124010013:Part-Time Employment Change|CAD_124010014:Unemployment Rate|CAD_124010015:Participation Rate,True,False,False,266.0,168.0,128.0,156.0,98.0,138.0,POSITIVE,POSITIVE,1,-1,1,-1,True,1575651600,2019.12.06 17:00:00,1800,True,True,0.000752,True,True,True,True,True,True,True,True,True,True,True,True,,,,,,
USD_NFP_1575649800,1575649800,2019.12.06 16:30:00,2019,CORE_2015_2025,NFP,USDCAD,BASE,840030016,Nonfarm Payrolls,True,"840030015,840030016,840030018,840030019",USD_840030017:Participation Rate|USD_840030020:Average Weekly Hours|USD_840030022:Government Payrolls|USD_840030023:Private Nonfarm Payrolls|USD_840030024:U6 Unemployment Rate|USD_840030032:Manufacturing Payrolls|CAD_124010011:Employment Change|CAD_124010012:Full-Time Employment Change|CAD_124010013:Part-Time Employment Change|CAD_124010014:Unemployment Rate|CAD_124010015:Participation Rate,True,False,False,266.0,168.0,128.0,156.0,98.0,138.0,POSITIVE,POSITIVE,1,1,1,1,True,1575651600,2019.12.06 17:00:00,1800,True,True,0.001212,True,True,True,True,True,True,True,True,True,True,True,True,,,,,,
USD_NFP_1575649800,1575649800,2019.12.06 16:30:00,2019,CORE_2015_2025,NFP,USDCHF,BASE,840030016,Nonfarm Payrolls,True,"840030015,840030016,840030018,840030019",USD_840030017:Participation Rate|USD_840030020:Average Weekly Hours|USD_840030022:Government Payrolls|USD_840030023:Private Nonfarm Payrolls|USD_840030024:U6 Unemployment Rate|USD_840030032:Manufacturing Payrolls|CAD_124010011:Employment Change|CAD_124010012:Full-Time Employment Change|CAD_124010013:Part-Time Employment Change|CAD_124010014:Unemployment Rate|CAD_124010015:Participation Rate,True,False,False,266.0,168.0,128.0,156.0,98.0,138.0,POSITIVE,POSITIVE,1,1,1,1,True,1575651600,2019.12.06 17:00:00,1800,True,True,0.000948,True,True,True,True,True,True,True,True,True,True,True,True,,,,,,
USD_NFP_1575649800,1575649800,2019.12.06 16:30:00,2019,CORE_2015_2025,NFP,USDJPY,BASE,840030016,Nonfarm Payrolls,True,"840030015,840030016,840030018,840030019",USD_840030017:Participation Rate|USD_840030020:Average Weekly Hours|USD_840030022:Government Payrolls|USD_840030023:Private Nonfarm Payrolls|USD_840030024:U6 Unemployment Rate|USD_840030032:Manufacturing Payrolls|CAD_124010011:Employment Change|CAD_124010012:Full-Time Employment Change|CAD_124010013:Part-Time Employment Change|CAD_124010014:Unemployment Rate|CAD_124010015:Participation Rate,True,False,False,266.0,168.0,128.0,156.0,98.0,138.0,POSITIVE,POSITIVE,1,1,1,1,True,1575651600,2019.12.06 17:00:00,1800,True,True,0.091926,True,True,True,True,True,True,True,True,True,True,True,True,,,,,,
USD_NFP_1578673800,1578673800,2020.01.10 16:30:00,2020,CORE_2015_2025,NFP,AUDUSD,QUOTE,840030016,Nonfarm Payrolls,True,"840030015,840030016,840030018,840030019",USD_840030017:Participation Rate|USD_840030020:Average Weekly Hours|USD_840030022:Government Payrolls|USD_840030023:Private Nonfarm Payrolls|USD_840030024:U6 Unemployment Rate|USD_840030032:Manufacturing Payrolls|CAD_124010011:Employment Change|CAD_124010012:Full-Time Employment Change|CAD_124010013:Part-Time Employment Change|CAD_124010014:Unemployment Rate|CAD_124010015:Participation Rate,True,False,False,145.0,168.0,266.0,256.0,-23.0,-121.0,NEGATIVE,NEGATIVE,-1,1,-1,1,True,1578675600,2020.01.10 17:00:00,1800,True,True,0.000867,True,True,True,True,True,True,True,True,True,True,True,True,,,,,,
USD_NFP_1578673800,1578673800,2020.01.10 16:30:00,2020,CORE_2015_2025,NFP,EURUSD,QUOTE,840030016,Nonfarm Payrolls,True,"840030015,840030016,840030018,840030019",USD_840030017:Participation Rate|USD_840030020:Average Weekly Hours|USD_840030022:Government Payrolls|USD_840030023:Private Nonfarm Payrolls|USD_840030024:U6 Unemployment Rate|USD_840030032:Manufacturing Payrolls|CAD_124010011:Employment Change|CAD_124010012:Full-Time Employment Change|CAD_124010013:Part-Time Employment Change|CAD_124010014:Unemployment Rate|CAD_124010015:Participation Rate,True,False,False,145.0,168.0,266.0,256.0,-23.0,-121.0,NEGATIVE,NEGATIVE,-1,1,-1,1,True,1578675600,2020.01.10 17:00:00,1800,True,True,0.000873,True,True,True,True,True,True,True,True,True,True,True,True,,,,,,
USD_NFP_1578673800,1578673800,2020.01.10 16:30:00,2020,CORE_2015_2025,NFP,GBPUSD,QUOTE,840030016,Nonfarm Payrolls,True,"840030015,840030016,840030018,840030019",USD_840030017:Participation Rate|USD_840030020:Average Weekly Hours|USD_840030022:Government Payrolls|USD_840030023:Private Nonfarm Payrolls|USD_840030024:U6 Unemployment Rate|USD_840030032:Manufacturing Payrolls|CAD_124010011:Employment Change|CAD_124010012:Full-Time Employment Change|CAD_124010013:Part-Time Employment Change|CAD_124010014:Unemployment Rate|CAD_124010015:Participation Rate,True,False,False,145.0,168.0,266.0,256.0,-23.0,-121.0,NEGATIVE,NEGATIVE,-1,1,-1,1,True,1578675600,2020.01.10 17:00:00,1800,True,True,0.001915,True,True,True,True,True,True,True,True,True,True,True,True,,,,,,
USD_NFP_1578673800,1578673800,2020.01.10 16:30:00,2020,CORE_2015_2025,NFP,NZDUSD,QUOTE,840030016,Nonfarm Payrolls,True,"840030015,840030016,840030018,840030019",USD_840030017:Participation Rate|USD_840030020:Average Weekly Hours|USD_840030022:Government Payrolls|USD_840030023:Private Nonfarm Payrolls|USD_840030024:U6 Unemployment Rate|USD_840030032:Manufacturing Payrolls|CAD_124010011:Employment Change|CAD_124010012:Full-Time Employment Change|CAD_124010013:Part-Time Employment Change|CAD_124010014:Unemployment Rate|CAD_124010015:Participation Rate,True,False,False,145.0,168.0,266.0,256.0,-23.0,-121.0,NEGATIVE,NEGATIVE,-1,1,-1,1,True,1578675600,2020.01.10 17:00:00,1800,True,True,0.000842,True,True,True,True,True,True,True,True,True,True,True,True,,,,,,
USD_NFP_1578673800,1578673800,2020.01.10 16:30:00,2020,CORE_2015_2025,NFP,USDCAD,BASE,840030016,Nonfarm Payrolls,True,"840030015,840030016,840030018,840030019",USD_840030017:Participation Rate|USD_840030020:Average Weekly Hours|USD_840030022:Government Payrolls|USD_840030023:Private Nonfarm Payrolls|USD_840030024:U6 Unemployment Rate|USD_840030032:Manufacturing Payrolls|CAD_124010011:Employment Change|CAD_124010012:Full-Time Employment Change|CAD_124010013:Part-Time Employment Change|CAD_124010014:Unemployment Rate|CAD_124010015:Participation Rate,True,False,False,145.0,168.0,266.0,256.0,-23.0,-121.0,NEGATIVE,NEGATIVE,-1,-1,-1,-1,True,1578675600,2020.01.10 17:00:00,1800,True,True,0.001114,True,True,True,True,True,True,True,True,True,True,True,True,,,,,,
USD_NFP_1578673800,1578673800,2020.01.10 16:30:00,2020,CORE_2015_2025,NFP,USDCHF,BASE,840030016,Nonfarm Payrolls,True,"840030015,840030016,840030018,840030019",USD_840030017:Participation Rate|USD_840030020:Average Weekly Hours|USD_840030022:Government Payrolls|USD_840030023:Private Nonfarm Payrolls|USD_840030024:U6 Unemployment Rate|USD_840030032:Manufacturing Payrolls|CAD_124010011:Employment Change|CAD_124010012:Full-Time Employment Change|CAD_124010013:Part-Time Employment Change|CAD_124010014:Unemployment Rate|CAD_124010015:Participation Rate,True,False,False,145.0,168.0,266.0,256.0,-23.0,-121.0,NEGATIVE,NEGATIVE,-1,-1,-1,-1,True,1578675600,2020.01.10 17:00:00,1800,True,True,0.000907,True,True,True,True,True,True,True,True,True,True,True,True,,,,,,
USD_NFP_1578673800,1578673800,2020.01.10 16:30:00,2020,CORE_2015_2025,NFP,USDJPY,BASE,840030016,Nonfarm Payrolls,True,"840030015,840030016,840030018,840030019",USD_840030017:Participation Rate|USD_840030020:Average Weekly Hours|USD_840030022:Government Payrolls|USD_840030023:Private Nonfarm Payrolls|USD_840030024:U6 Unemployment Rate|USD_840030032:Manufacturing Payrolls|CAD_124010011:Employment Change|CAD_124010012:Full-Time Employment Change|CAD_124010013:Part-Time Employment Change|CAD_124010014:Unemployment Rate|CAD_124010015:Participation Rate,True,False,False,145.0,168.0,266.0,256.0,-23.0,-121.0,NEGATIVE,NEGATIVE,-1,-1,-1,-1,True,1578675600,2020.01.10 17:00:00,1800,True,True,0.075053,True,True,True,True,True,True,True,True,True,True,True,True,,,,,,
USD_NFP_1581093000,1581093000,2020.02.07 16:30:00,2020,CORE_2015_2025,NFP,AUDUSD,QUOTE,840030016,Nonfarm Payrolls,True,"840030015,840030016,840030018,840030019",USD_840030017:Participation Rate|USD_840030020:Average Weekly Hours|USD_840030022:Government Payrolls|USD_840030023:Private Nonfarm Payrolls|USD_840030024:U6 Unemployment Rate|USD_840030032:Manufacturing Payrolls|CAD_124010011:Employment Change|CAD_124010012:Full-Time Employment Change|CAD_124010013:Part-Time Employment Change|CAD_124010014:Unemployment Rate|CAD_124010015:Participation Rate,True,False,False,225.0,161.0,145.0,147.0,64.0,80.0,POSITIVE,POSITIVE,1,-1,1,-1,True,1581094800,2020.02.07 17:00:00,1800,True,True,0.000967,True,True,True,True,True,True,True,True,True,True,True,True,,,,,,
USD_NFP_1581093000,1581093000,2020.02.07 16:30:00,2020,CORE_2015_2025,NFP,EURUSD,QUOTE,840030016,Nonfarm Payrolls,True,"840030015,840030016,840030018,840030019",USD_840030017:Participation Rate|USD_840030020:Average Weekly Hours|USD_840030022:Government Payrolls|USD_840030023:Private Nonfarm Payrolls|USD_840030024:U6 Unemployment Rate|USD_840030032:Manufacturing Payrolls|CAD_124010011:Employment Change|CAD_124010012:Full-Time Employment Change|CAD_124010013:Part-Time Employment Change|CAD_124010014:Unemployment Rate|CAD_124010015:Participation Rate,True,False,False,225.0,161.0,145.0,147.0,64.0,80.0,POSITIVE,POSITIVE,1,-1,1,-1,True,1581094800,2020.02.07 17:00:00,1800,True,True,0.000838,True,True,True,True,True,True,True,True,True,True,True,True,,,,,,
USD_NFP_1581093000,1581093000,2020.02.07 16:30:00,2020,CORE_2015_2025,NFP,GBPUSD,QUOTE,840030016,Nonfarm Payrolls,True,"840030015,840030016,840030018,840030019",USD_840030017:Participation Rate|USD_840030020:Average Weekly Hours|USD_840030022:Government Payrolls|USD_840030023:Private Nonfarm Payrolls|USD_840030024:U6 Unemployment Rate|USD_840030032:Manufacturing Payrolls|CAD_124010011:Employment Change|CAD_124010012:Full-Time Employment Change|CAD_124010013:Part-Time Employment Change|CAD_124010014:Unemployment Rate|CAD_124010015:Participation Rate,True,False,False,225.0,161.0,145.0,147.0,64.0,80.0,POSITIVE,POSITIVE,1,-1,1,-1,True,1581094800,2020.02.07 17:00:00,1800,True,True,0.001295,True,True,True,True,True,True,True,True,True,True,True,True,,,,,,
USD_NFP_1581093000,1581093000,2020.02.07 16:30:00,2020,CORE_2015_2025,NFP,NZDUSD,QUOTE,840030016,Nonfarm Payrolls,True,"840030015,840030016,840030018,840030019",USD_840030017:Participation Rate|USD_840030020:Average Weekly Hours|USD_840030022:Government Payrolls|USD_840030023:Private Nonfarm Payrolls|USD_840030024:U6 Unemployment Rate|USD_840030032:Manufacturing Payrolls|CAD_124010011:Employment Change|CAD_124010012:Full-Time Employment Change|CAD_124010013:Part-Time Employment Change|CAD_124010014:Unemployment Rate|CAD_124010015:Participation Rate,True,False,False,225.0,161.0,145.0,147.0,64.0,80.0,POSITIVE,POSITIVE,1,-1,1,-1,True,1581094800,2020.02.07 17:00:00,1800,True,True,0.000816,True,True,True,True,True,True,True,True,True,True,True,True,,,,,,
USD_NFP_1581093000,1581093000,2020.02.07 16:30:00,2020,CORE_2015_2025,NFP,USDCAD,BASE,840030016,Nonfarm Payrolls,True,"840030015,840030016,840030018,840030019",USD_840030017:Participation Rate|USD_840030020:Average Weekly Hours|USD_840030022:Government Payrolls|USD_840030023:Private Nonfarm Payrolls|USD_840030024:U6 Unemployment Rate|USD_840030032:Manufacturing Payrolls|CAD_124010011:Employment Change|CAD_124010012:Full-Time Employment Change|CAD_124010013:Part-Time Employment Change|CAD_124010014:Unemployment Rate|CAD_124010015:Participation Rate,True,False,False,225.0,161.0,145.0,147.0,64.0,80.0,POSITIVE,POSITIVE,1,1,1,1,True,1581094800,2020.02.07 17:00:00,1800,True,True,0.001066,True,True,True,True,True,True,True,True,True,True,True,True,,,,,,
USD_NFP_1581093000,1581093000,2020.02.07 16:30:00,2020,CORE_2015_2025,NFP,USDCHF,BASE,840030016,Nonfarm Payrolls,True,"840030015,840030016,840030018,840030019",USD_840030017:Participation Rate|USD_840030020:Average Weekly Hours|USD_840030022:Government Payrolls|USD_840030023:Private Nonfarm Payrolls|USD_840030024:U6 Unemployment Rate|USD_840030032:Manufacturing Payrolls|CAD_124010011:Employment Change|CAD_124010012:Full-Time Employment Change|CAD_124010013:Part-Time Employment Change|CAD_124010014:Unemployment Rate|CAD_124010015:Participation Rate,True,False,False,225.0,161.0,145.0,147.0,64.0,80.0,POSITIVE,POSITIVE,1,1,1,1,True,1581094800,2020.02.07 17:00:00,1800,True,True,0.000905,True,True,True,True,True,True,True,True,True,True,True,True,,,,,,
USD_NFP_1581093000,1581093000,2020.02.07 16:30:00,2020,CORE_2015_2025,NFP,USDJPY,BASE,840030016,Nonfarm Payrolls,True,"840030015,840030016,840030018,840030019",USD_840030017:Participation Rate|USD_840030020:Average Weekly Hours|USD_840030022:Government Payrolls|USD_840030023:Private Nonfarm Payrolls|USD_840030024:U6 Unemployment Rate|USD_840030032:Manufacturing Payrolls|CAD_124010011:Employment Change|CAD_124010012:Full-Time Employment Change|CAD_124010013:Part-Time Employment Change|CAD_124010014:Unemployment Rate|CAD_124010015:Participation Rate,True,False,False,225.0,161.0,145.0,147.0,64.0,80.0,POSITIVE,POSITIVE,1,1,1,1,True,1581094800,2020.02.07 17:00:00,1800,True,True,0.101148,True,True,True,True,True,True,True,True,True,True,True,True,,,,,,
USD_NFP_1583512200,1583512200,2020.03.06 16:30:00,2020,CORE_2015_2025,NFP,AUDUSD,QUOTE,840030016,Nonfarm Payrolls,True,"840030015,840030016,840030018,840030019",USD_840020001:Trade Balance|USD_840020023:Exports|USD_840020024:Imports|USD_840030017:Participation Rate|USD_840030020:Average Weekly Hours|USD_840030022:Government Payrolls|USD_840030023:Private Nonfarm Payrolls|USD_840030024:U6 Unemployment Rate|USD_840030032:Manufacturing Payrolls|CAD_124010011:Employment Change|CAD_124010012:Full-Time Employment Change|CAD_124010013:Part-Time Employment Change|CAD_124010014:Unemployment Rate|CAD_124010015:Participation Rate|CAD_124010016:Imports|CAD_124010017:Exports|CAD_124010018:Trade Balance,True,True,False,273.0,161.0,225.0,273.0,112.0,48.0,POSITIVE,POSITIVE,1,-1,1,-1,True,1583514000,2020.03.06 17:00:00,1800,True,True,0.001453,True,True,True,True,True,True,True,True,True,True,True,True,,,,,,
USD_NFP_1583512200,1583512200,2020.03.06 16:30:00,2020,CORE_2015_2025,NFP,EURUSD,QUOTE,840030016,Nonfarm Payrolls,True,"840030015,840030016,840030018,840030019",USD_840020001:Trade Balance|USD_840020023:Exports|USD_840020024:Imports|USD_840030017:Participation Rate|USD_840030020:Average Weekly Hours|USD_840030022:Government Payrolls|USD_840030023:Private Nonfarm Payrolls|USD_840030024:U6 Unemployment Rate|USD_840030032:Manufacturing Payrolls|CAD_124010011:Employment Change|CAD_124010012:Full-Time Employment Change|CAD_124010013:Part-Time Employment Change|CAD_124010014:Unemployment Rate|CAD_124010015:Participation Rate|CAD_124010016:Imports|CAD_124010017:Exports|CAD_124010018:Trade Balance,True,True,False,273.0,161.0,225.0,273.0,112.0,48.0,POSITIVE,POSITIVE,1,-1,1,-1,True,1583514000,2020.03.06 17:00:00,1800,True,True,0.002268,True,True,True,True,True,True,True,True,True,True,True,True,,,,,,
USD_NFP_1583512200,1583512200,2020.03.06 16:30:00,2020,CORE_2015_2025,NFP,GBPUSD,QUOTE,840030016,Nonfarm Payrolls,True,"840030015,840030016,840030018,840030019",USD_840020001:Trade Balance|USD_840020023:Exports|USD_840020024:Imports|USD_840030017:Participation Rate|USD_840030020:Average Weekly Hours|USD_840030022:Government Payrolls|USD_840030023:Private Nonfarm Payrolls|USD_840030024:U6 Unemployment Rate|USD_840030032:Manufacturing Payrolls|CAD_124010011:Employment Change|CAD_124010012:Full-Time Employment Change|CAD_124010013:Part-Time Employment Change|CAD_124010014:Unemployment Rate|CAD_124010015:Participation Rate|CAD_124010016:Imports|CAD_124010017:Exports|CAD_124010018:Trade Balance,True,True,False,273.0,161.0,225.0,273.0,112.0,48.0,POSITIVE,POSITIVE,1,-1,1,-1,True,1583514000,2020.03.06 17:00:00,1800,True,True,0.001982,True,True,True,True,True,True,True,True,True,True,True,True,,,,,,
USD_NFP_1583512200,1583512200,2020.03.06 16:30:00,2020,CORE_2015_2025,NFP,NZDUSD,QUOTE,840030016,Nonfarm Payrolls,True,"840030015,840030016,840030018,840030019",USD_840020001:Trade Balance|USD_840020023:Exports|USD_840020024:Imports|USD_840030017:Participation Rate|USD_840030020:Average Weekly Hours|USD_840030022:Government Payrolls|USD_840030023:Private Nonfarm Payrolls|USD_840030024:U6 Unemployment Rate|USD_840030032:Manufacturing Payrolls|CAD_124010011:Employment Change|CAD_124010012:Full-Time Employment Change|CAD_124010013:Part-Time Employment Change|CAD_124010014:Unemployment Rate|CAD_124010015:Participation Rate|CAD_124010016:Imports|CAD_124010017:Exports|CAD_124010018:Trade Balance,True,True,False,273.0,161.0,225.0,273.0,112.0,48.0,POSITIVE,POSITIVE,1,-1,1,-1,True,1583514000,2020.03.06 17:00:00,1800,True,True,0.001367,True,True,True,True,True,True,True,True,True,True,True,True,,,,,,
USD_NFP_1583512200,1583512200,2020.03.06 16:30:00,2020,CORE_2015_2025,NFP,USDCAD,BASE,840030016,Nonfarm Payrolls,True,"840030015,840030016,840030018,840030019",USD_840020001:Trade Balance|USD_840020023:Exports|USD_840020024:Imports|USD_840030017:Participation Rate|USD_840030020:Average Weekly Hours|USD_840030022:Government Payrolls|USD_840030023:Private Nonfarm Payrolls|USD_840030024:U6 Unemployment Rate|USD_840030032:Manufacturing Payrolls|CAD_124010011:Employment Change|CAD_124010012:Full-Time Employment Change|CAD_124010013:Part-Time Employment Change|CAD_124010014:Unemployment Rate|CAD_124010015:Participation Rate|CAD_124010016:Imports|CAD_124010017:Exports|CAD_124010018:Trade Balance,True,True,False,273.0,161.0,225.0,273.0,112.0,48.0,POSITIVE,POSITIVE,1,1,1,1,True,1583514000,2020.03.06 17:00:00,1800,True,True,0.001731,True,True,True,True,True,True,True,True,True,True,True,True,,,,,,
USD_NFP_1583512200,1583512200,2020.03.06 16:30:00,2020,CORE_2015_2025,NFP,USDCHF,BASE,840030016,Nonfarm Payrolls,True,"840030015,840030016,840030018,840030019",USD_840020001:Trade Balance|USD_840020023:Exports|USD_840020024:Imports|USD_840030017:Participation Rate|USD_840030020:Average Weekly Hours|USD_840030022:Government Payrolls|USD_840030023:Private Nonfarm Payrolls|USD_840030024:U6 Unemployment Rate|USD_840030032:Manufacturing Payrolls|CAD_124010011:Employment Change|CAD_124010012:Full-Time Employment Change|CAD_124010013:Part-Time Employment Change|CAD_124010014:Unemployment Rate|CAD_124010015:Participation Rate|CAD_124010016:Imports|CAD_124010017:Exports|CAD_124010018:Trade Balance,True,True,False,273.0,161.0,225.0,273.0,112.0,48.0,POSITIVE,POSITIVE,1,1,1,1,True,1583514000,2020.03.06 17:00:00,1800,True,True,0.001895,True,True,True,True,True,True,True,True,True,True,True,True,,,,,,
USD_NFP_1583512200,1583512200,2020.03.06 16:30:00,2020,CORE_2015_2025,NFP,USDJPY,BASE,840030016,Nonfarm Payrolls,True,"840030015,840030016,840030018,840030019",USD_840020001:Trade Balance|USD_840020023:Exports|USD_840020024:Imports|USD_840030017:Participation Rate|USD_840030020:Average Weekly Hours|USD_840030022:Government Payrolls|USD_840030023:Private Nonfarm Payrolls|USD_840030024:U6 Unemployment Rate|USD_840030032:Manufacturing Payrolls|CAD_124010011:Employment Change|CAD_124010012:Full-Time Employment Change|CAD_124010013:Part-Time Employment Change|CAD_124010014:Unemployment Rate|CAD_124010015:Participation Rate|CAD_124010016:Imports|CAD_124010017:Exports|CAD_124010018:Trade Balance,True,True,False,273.0,161.0,225.0,273.0,112.0,48.0,POSITIVE,POSITIVE,1,1,1,1,True,1583514000,2020.03.06 17:00:00,1800,True,True,0.275998,True,True,True,True,True,True,True,True,True,True,True,True,,,,,,
USD_NFP_1585927800,1585927800,2020.04.03 15:30:00,2020,CORE_2015_2025,NFP,AUDUSD,QUOTE,840030016,Nonfarm Payrolls,True,"840030015,840030016,840030018,840030019",USD_840030017:Participation Rate|USD_840030020:Average Weekly Hours|USD_840030022:Government Payrolls|USD_840030023:Private Nonfarm Payrolls|USD_840030024:U6 Unemployment Rate|USD_840030032:Manufacturing Payrolls,False,False,False,-701.0,163.0,273.0,275.0,-864.0,-974.0,NEGATIVE,NEGATIVE,-1,1,-1,1,True,1585929600,2020.04.03 16:00:00,1800,True,True,0.002186,True,True,True,True,True,True,True,True,True,True,True,True,,,,,,
USD_NFP_1585927800,1585927800,2020.04.03 15:30:00,2020,CORE_2015_2025,NFP,EURUSD,QUOTE,840030016,Nonfarm Payrolls,True,"840030015,840030016,840030018,840030019",USD_840030017:Participation Rate|USD_840030020:Average Weekly Hours|USD_840030022:Government Payrolls|USD_840030023:Private Nonfarm Payrolls|USD_840030024:U6 Unemployment Rate|USD_840030032:Manufacturing Payrolls,False,False,False,-701.0,163.0,273.0,275.0,-864.0,-974.0,NEGATIVE,NEGATIVE,-1,1,-1,1,True,1585929600,2020.04.03 16:00:00,1800,True,True,0.002096,True,True,True,True,True,True,True,True,True,True,True,True,,,,,,
USD_NFP_1585927800,1585927800,2020.04.03 15:30:00,2020,CORE_2015_2025,NFP,GBPUSD,QUOTE,840030016,Nonfarm Payrolls,True,"840030015,840030016,840030018,840030019",USD_840030017:Participation Rate|USD_840030020:Average Weekly Hours|USD_840030022:Government Payrolls|USD_840030023:Private Nonfarm Payrolls|USD_840030024:U6 Unemployment Rate|USD_840030032:Manufacturing Payrolls,False,False,False,-701.0,163.0,273.0,275.0,-864.0,-974.0,NEGATIVE,NEGATIVE,-1,1,-1,1,True,1585929600,2020.04.03 16:00:00,1800,True,True,0.003207,True,True,True,True,True,True,True,True,True,True,True,True,,,,,,
USD_NFP_1585927800,1585927800,2020.04.03 15:30:00,2020,CORE_2015_2025,NFP,NZDUSD,QUOTE,840030016,Nonfarm Payrolls,True,"840030015,840030016,840030018,840030019",USD_840030017:Participation Rate|USD_840030020:Average Weekly Hours|USD_840030022:Government Payrolls|USD_840030023:Private Nonfarm Payrolls|USD_840030024:U6 Unemployment Rate|USD_840030032:Manufacturing Payrolls,False,False,False,-701.0,163.0,273.0,275.0,-864.0,-974.0,NEGATIVE,NEGATIVE,-1,1,-1,1,True,1585929600,2020.04.03 16:00:00,1800,True,True,0.001926,True,True,True,True,True,True,True,True,True,True,True,True,,,,,,
USD_NFP_1585927800,1585927800,2020.04.03 15:30:00,2020,CORE_2015_2025,NFP,USDCAD,BASE,840030016,Nonfarm Payrolls,True,"840030015,840030016,840030018,840030019",USD_840030017:Participation Rate|USD_840030020:Average Weekly Hours|USD_840030022:Government Payrolls|USD_840030023:Private Nonfarm Payrolls|USD_840030024:U6 Unemployment Rate|USD_840030032:Manufacturing Payrolls,False,False,False,-701.0,163.0,273.0,275.0,-864.0,-974.0,NEGATIVE,NEGATIVE,-1,-1,-1,-1,True,1585929600,2020.04.03 16:00:00,1800,True,True,0.004233,True,True,True,True,True,True,True,True,True,True,True,True,,,,,,
USD_NFP_1585927800,1585927800,2020.04.03 15:30:00,2020,CORE_2015_2025,NFP,USDCHF,BASE,840030016,Nonfarm Payrolls,True,"840030015,840030016,840030018,840030019",USD_840030017:Participation Rate|USD_840030020:Average Weekly Hours|USD_840030022:Government Payrolls|USD_840030023:Private Nonfarm Payrolls|USD_840030024:U6 Unemployment Rate|USD_840030032:Manufacturing Payrolls,False,False,False,-701.0,163.0,273.0,275.0,-864.0,-974.0,NEGATIVE,NEGATIVE,-1,-1,-1,-1,True,1585929600,2020.04.03 16:00:00,1800,True,True,0.001649,True,True,True,True,True,True,True,True,True,True,True,True,,,,,,
USD_NFP_1585927800,1585927800,2020.04.03 15:30:00,2020,CORE_2015_2025,NFP,USDJPY,BASE,840030016,Nonfarm Payrolls,True,"840030015,840030016,840030018,840030019",USD_840030017:Participation Rate|USD_840030020:Average Weekly Hours|USD_840030022:Government Payrolls|USD_840030023:Private Nonfarm Payrolls|USD_840030024:U6 Unemployment Rate|USD_840030032:Manufacturing Payrolls,False,False,False,-701.0,163.0,273.0,275.0,-864.0,-974.0,NEGATIVE,NEGATIVE,-1,-1,-1,-1,True,1585929600,2020.04.03 16:00:00,1800,True,True,0.204864,True,True,True,True,True,True,True,True,True,True,True,True,,,,,,
USD_NFP_1588951800,1588951800,2020.05.08 15:30:00,2020,CORE_2015_2025,NFP,AUDUSD,QUOTE,840030016,Nonfarm Payrolls,True,"840030015,840030016,840030018,840030019",USD_840030017:Participation Rate|USD_840030020:Average Weekly Hours|USD_840030022:Government Payrolls|USD_840030023:Private Nonfarm Payrolls|USD_840030024:U6 Unemployment Rate|USD_840030032:Manufacturing Payrolls|CAD_124010001:Building Permits m/m|CAD_124010011:Employment Change|CAD_124010012:Full-Time Employment Change|CAD_124010013:Part-Time Employment Change|CAD_124010014:Unemployment Rate|CAD_124010015:Participation Rate,True,False,False,-20500.0,139.0,-701.0,-870.0,-20639.0,-19799.0,NEGATIVE,NEGATIVE,-1,1,-1,1,True,1588953600,2020.05.08 16:00:00,1800,True,True,0.001413,True,True,True,True,True,True,True,True,True,True,True,True,,,,,,
USD_NFP_1588951800,1588951800,2020.05.08 15:30:00,2020,CORE_2015_2025,NFP,EURUSD,QUOTE,840030016,Nonfarm Payrolls,True,"840030015,840030016,840030018,840030019",USD_840030017:Participation Rate|USD_840030020:Average Weekly Hours|USD_840030022:Government Payrolls|USD_840030023:Private Nonfarm Payrolls|USD_840030024:U6 Unemployment Rate|USD_840030032:Manufacturing Payrolls|CAD_124010001:Building Permits m/m|CAD_124010011:Employment Change|CAD_124010012:Full-Time Employment Change|CAD_124010013:Part-Time Employment Change|CAD_124010014:Unemployment Rate|CAD_124010015:Participation Rate,True,False,False,-20500.0,139.0,-701.0,-870.0,-20639.0,-19799.0,NEGATIVE,NEGATIVE,-1,1,-1,1,True,1588953600,2020.05.08 16:00:00,1800,True,True,0.001206,True,True,True,True,True,True,True,True,True,True,True,True,,,,,,
USD_NFP_1588951800,1588951800,2020.05.08 15:30:00,2020,CORE_2015_2025,NFP,GBPUSD,QUOTE,840030016,Nonfarm Payrolls,True,"840030015,840030016,840030018,840030019",USD_840030017:Participation Rate|USD_840030020:Average Weekly Hours|USD_840030022:Government Payrolls|USD_840030023:Private Nonfarm Payrolls|USD_840030024:U6 Unemployment Rate|USD_840030032:Manufacturing Payrolls|CAD_124010001:Building Permits m/m|CAD_124010011:Employment Change|CAD_124010012:Full-Time Employment Change|CAD_124010013:Part-Time Employment Change|CAD_124010014:Unemployment Rate|CAD_124010015:Participation Rate,True,False,False,-20500.0,139.0,-701.0,-870.0,-20639.0,-19799.0,NEGATIVE,NEGATIVE,-1,1,-1,1,True,1588953600,2020.05.08 16:00:00,1800,True,True,0.002007,True,True,True,True,True,True,True,True,True,True,True,True,,,,,,
USD_NFP_1588951800,1588951800,2020.05.08 15:30:00,2020,CORE_2015_2025,NFP,NZDUSD,QUOTE,840030016,Nonfarm Payrolls,True,"840030015,840030016,840030018,840030019",USD_840030017:Participation Rate|USD_840030020:Average Weekly Hours|USD_840030022:Government Payrolls|USD_840030023:Private Nonfarm Payrolls|USD_840030024:U6 Unemployment Rate|USD_840030032:Manufacturing Payrolls|CAD_124010001:Building Permits m/m|CAD_124010011:Employment Change|CAD_124010012:Full-Time Employment Change|CAD_124010013:Part-Time Employment Change|CAD_124010014:Unemployment Rate|CAD_124010015:Participation Rate,True,False,False,-20500.0,139.0,-701.0,-870.0,-20639.0,-19799.0,NEGATIVE,NEGATIVE,-1,1,-1,1,True,1588953600,2020.05.08 16:00:00,1800,True,True,0.001263,True,True,True,True,True,True,True,True,True,True,True,True,,,,,,
USD_NFP_1588951800,1588951800,2020.05.08 15:30:00,2020,CORE_2015_2025,NFP,USDCAD,BASE,840030016,Nonfarm Payrolls,True,"840030015,840030016,840030018,840030019",USD_840030017:Participation Rate|USD_840030020:Average Weekly Hours|USD_840030022:Government Payrolls|USD_840030023:Private Nonfarm Payrolls|USD_840030024:U6 Unemployment Rate|USD_840030032:Manufacturing Payrolls|CAD_124010001:Building Permits m/m|CAD_124010011:Employment Change|CAD_124010012:Full-Time Employment Change|CAD_124010013:Part-Time Employment Change|CAD_124010014:Unemployment Rate|CAD_124010015:Participation Rate,True,False,False,-20500.0,139.0,-701.0,-870.0,-20639.0,-19799.0,NEGATIVE,NEGATIVE,-1,-1,-1,-1,True,1588953600,2020.05.08 16:00:00,1800,True,True,0.001975,True,True,True,True,True,True,True,True,True,True,True,True,,,,,,
USD_NFP_1588951800,1588951800,2020.05.08 15:30:00,2020,CORE_2015_2025,NFP,USDCHF,BASE,840030016,Nonfarm Payrolls,True,"840030015,840030016,840030018,840030019",USD_840030017:Participation Rate|USD_840030020:Average Weekly Hours|USD_840030022:Government Payrolls|USD_840030023:Private Nonfarm Payrolls|USD_840030024:U6 Unemployment Rate|USD_840030032:Manufacturing Payrolls|CAD_124010001:Building Permits m/m|CAD_124010011:Employment Change|CAD_124010012:Full-Time Employment Change|CAD_124010013:Part-Time Employment Change|CAD_124010014:Unemployment Rate|CAD_124010015:Participation Rate,True,False,False,-20500.0,139.0,-701.0,-870.0,-20639.0,-19799.0,NEGATIVE,NEGATIVE,-1,-1,-1,-1,True,1588953600,2020.05.08 16:00:00,1800,True,True,0.000986,True,True,True,True,True,True,True,True,True,True,True,True,,,,,,
USD_NFP_1588951800,1588951800,2020.05.08 15:30:00,2020,CORE_2015_2025,NFP,USDJPY,BASE,840030016,Nonfarm Payrolls,True,"840030015,840030016,840030018,840030019",USD_840030017:Participation Rate|USD_840030020:Average Weekly Hours|USD_840030022:Government Payrolls|USD_840030023:Private Nonfarm Payrolls|USD_840030024:U6 Unemployment Rate|USD_840030032:Manufacturing Payrolls|CAD_124010001:Building Permits m/m|CAD_124010011:Employment Change|CAD_124010012:Full-Time Employment Change|CAD_124010013:Part-Time Employment Change|CAD_124010014:Unemployment Rate|CAD_124010015:Participation Rate,True,False,False,-20500.0,139.0,-701.0,-870.0,-20639.0,-19799.0,NEGATIVE,NEGATIVE,-1,-1,-1,-1,True,1588953600,2020.05.08 16:00:00,1800,True,True,0.094223,True,True,True,True,True,True,True,True,True,True,True,True,,,,,,
USD_NFP_1591371000,1591371000,2020.06.05 15:30:00,2020,CORE_2015_2025,NFP,AUDUSD,QUOTE,840030016,Nonfarm Payrolls,True,"840030015,840030016,840030018,840030019",USD_840030017:Participation Rate|USD_840030020:Average Weekly Hours|USD_840030022:Government Payrolls|USD_840030023:Private Nonfarm Payrolls|USD_840030024:U6 Unemployment Rate|USD_840030032:Manufacturing Payrolls|CAD_124010011:Employment Change|CAD_124010012:Full-Time Employment Change|CAD_124010013:Part-Time Employment Change|CAD_124010014:Unemployment Rate|CAD_124010015:Participation Rate,True,False,False,2509.0,-10000.0,-20500.0,-20687.0,12509.0,23009.0,POSITIVE,POSITIVE,1,-1,1,-1,True,1591372800,2020.06.05 16:00:00,1800,True,True,0.002129,True,True,True,True,True,True,True,True,True,True,True,True,,,,,,
USD_NFP_1591371000,1591371000,2020.06.05 15:30:00,2020,CORE_2015_2025,NFP,EURUSD,QUOTE,840030016,Nonfarm Payrolls,True,"840030015,840030016,840030018,840030019",USD_840030017:Participation Rate|USD_840030020:Average Weekly Hours|USD_840030022:Government Payrolls|USD_840030023:Private Nonfarm Payrolls|USD_840030024:U6 Unemployment Rate|USD_840030032:Manufacturing Payrolls|CAD_124010011:Employment Change|CAD_124010012:Full-Time Employment Change|CAD_124010013:Part-Time Employment Change|CAD_124010014:Unemployment Rate|CAD_124010015:Participation Rate,True,False,False,2509.0,-10000.0,-20500.0,-20687.0,12509.0,23009.0,POSITIVE,POSITIVE,1,-1,1,-1,True,1591372800,2020.06.05 16:00:00,1800,True,True,0.002023,True,True,True,True,True,True,True,True,True,True,True,True,,,,,,
USD_NFP_1591371000,1591371000,2020.06.05 15:30:00,2020,CORE_2015_2025,NFP,GBPUSD,QUOTE,840030016,Nonfarm Payrolls,True,"840030015,840030016,840030018,840030019",USD_840030017:Participation Rate|USD_840030020:Average Weekly Hours|USD_840030022:Government Payrolls|USD_840030023:Private Nonfarm Payrolls|USD_840030024:U6 Unemployment Rate|USD_840030032:Manufacturing Payrolls|CAD_124010011:Employment Change|CAD_124010012:Full-Time Employment Change|CAD_124010013:Part-Time Employment Change|CAD_124010014:Unemployment Rate|CAD_124010015:Participation Rate,True,False,False,2509.0,-10000.0,-20500.0,-20687.0,12509.0,23009.0,POSITIVE,POSITIVE,1,-1,1,-1,True,1591372800,2020.06.05 16:00:00,1800,True,True,0.002800,True,True,True,True,True,True,True,True,True,True,True,True,,,,,,
USD_NFP_1591371000,1591371000,2020.06.05 15:30:00,2020,CORE_2015_2025,NFP,NZDUSD,QUOTE,840030016,Nonfarm Payrolls,True,"840030015,840030016,840030018,840030019",USD_840030017:Participation Rate|USD_840030020:Average Weekly Hours|USD_840030022:Government Payrolls|USD_840030023:Private Nonfarm Payrolls|USD_840030024:U6 Unemployment Rate|USD_840030032:Manufacturing Payrolls|CAD_124010011:Employment Change|CAD_124010012:Full-Time Employment Change|CAD_124010013:Part-Time Employment Change|CAD_124010014:Unemployment Rate|CAD_124010015:Participation Rate,True,False,False,2509.0,-10000.0,-20500.0,-20687.0,12509.0,23009.0,POSITIVE,POSITIVE,1,-1,1,-1,True,1591372800,2020.06.05 16:00:00,1800,True,True,0.001701,True,True,True,True,True,True,True,True,True,True,True,True,,,,,,
USD_NFP_1591371000,1591371000,2020.06.05 15:30:00,2020,CORE_2015_2025,NFP,USDCAD,BASE,840030016,Nonfarm Payrolls,True,"840030015,840030016,840030018,840030019",USD_840030017:Participation Rate|USD_840030020:Average Weekly Hours|USD_840030022:Government Payrolls|USD_840030023:Private Nonfarm Payrolls|USD_840030024:U6 Unemployment Rate|USD_840030032:Manufacturing Payrolls|CAD_124010011:Employment Change|CAD_124010012:Full-Time Employment Change|CAD_124010013:Part-Time Employment Change|CAD_124010014:Unemployment Rate|CAD_124010015:Participation Rate,True,False,False,2509.0,-10000.0,-20500.0,-20687.0,12509.0,23009.0,POSITIVE,POSITIVE,1,1,1,1,True,1591372800,2020.06.05 16:00:00,1800,True,True,0.002317,True,True,True,True,True,True,True,True,True,True,True,True,,,,,,
USD_NFP_1591371000,1591371000,2020.06.05 15:30:00,2020,CORE_2015_2025,NFP,USDCHF,BASE,840030016,Nonfarm Payrolls,True,"840030015,840030016,840030018,840030019",USD_840030017:Participation Rate|USD_840030020:Average Weekly Hours|USD_840030022:Government Payrolls|USD_840030023:Private Nonfarm Payrolls|USD_840030024:U6 Unemployment Rate|USD_840030032:Manufacturing Payrolls|CAD_124010011:Employment Change|CAD_124010012:Full-Time Employment Change|CAD_124010013:Part-Time Employment Change|CAD_124010014:Unemployment Rate|CAD_124010015:Participation Rate,True,False,False,2509.0,-10000.0,-20500.0,-20687.0,12509.0,23009.0,POSITIVE,POSITIVE,1,1,1,1,True,1591372800,2020.06.05 16:00:00,1800,True,True,0.001279,True,True,True,True,True,True,True,True,True,True,True,True,,,,,,
USD_NFP_1591371000,1591371000,2020.06.05 15:30:00,2020,CORE_2015_2025,NFP,USDJPY,BASE,840030016,Nonfarm Payrolls,True,"840030015,840030016,840030018,840030019",USD_840030017:Participation Rate|USD_840030020:Average Weekly Hours|USD_840030022:Government Payrolls|USD_840030023:Private Nonfarm Payrolls|USD_840030024:U6 Unemployment Rate|USD_840030032:Manufacturing Payrolls|CAD_124010011:Employment Change|CAD_124010012:Full-Time Employment Change|CAD_124010013:Part-Time Employment Change|CAD_124010014:Unemployment Rate|CAD_124010015:Participation Rate,True,False,False,2509.0,-10000.0,-20500.0,-20687.0,12509.0,23009.0,POSITIVE,POSITIVE,1,1,1,1,True,1591372800,2020.06.05 16:00:00,1800,True,True,0.125858,True,True,True,True,True,True,True,True,True,True,True,True,,,,,,
USD_NFP_1593703800,1593703800,2020.07.02 15:30:00,2020,CORE_2015_2025,NFP,AUDUSD,QUOTE,840030016,Nonfarm Payrolls,True,"840030015,840030016,840030018,840030019",USD_840020001:Trade Balance|USD_840020023:Exports|USD_840020024:Imports|USD_840030017:Participation Rate|USD_840030020:Average Weekly Hours|USD_840030022:Government Payrolls|USD_840030023:Private Nonfarm Payrolls|USD_840030024:U6 Unemployment Rate|USD_840030032:Manufacturing Payrolls|USD_840140001:Initial Jobless Claims|USD_840140002:Continuing Jobless Claims|USD_840140003:Initial Jobless Claims 4-Week Average|CAD_124010016:Imports|CAD_124010017:Exports|CAD_124010018:Trade Balance,False,True,False,4800.0,-12034.0,2509.0,2699.0,16834.0,2291.0,POSITIVE,POSITIVE,1,-1,1,-1,True,1593705600,2020.07.02 16:00:00,1800,True,True,0.001224,True,True,True,True,True,True,True,True,True,True,True,True,,,,,,
USD_NFP_1593703800,1593703800,2020.07.02 15:30:00,2020,CORE_2015_2025,NFP,EURUSD,QUOTE,840030016,Nonfarm Payrolls,True,"840030015,840030016,840030018,840030019",USD_840020001:Trade Balance|USD_840020023:Exports|USD_840020024:Imports|USD_840030017:Participation Rate|USD_840030020:Average Weekly Hours|USD_840030022:Government Payrolls|USD_840030023:Private Nonfarm Payrolls|USD_840030024:U6 Unemployment Rate|USD_840030032:Manufacturing Payrolls|USD_840140001:Initial Jobless Claims|USD_840140002:Continuing Jobless Claims|USD_840140003:Initial Jobless Claims 4-Week Average|CAD_124010016:Imports|CAD_124010017:Exports|CAD_124010018:Trade Balance,False,True,False,4800.0,-12034.0,2509.0,2699.0,16834.0,2291.0,POSITIVE,POSITIVE,1,-1,1,-1,True,1593705600,2020.07.02 16:00:00,1800,True,True,0.001321,True,True,True,True,True,True,True,True,True,True,True,True,,,,,,
USD_NFP_1593703800,1593703800,2020.07.02 15:30:00,2020,CORE_2015_2025,NFP,GBPUSD,QUOTE,840030016,Nonfarm Payrolls,True,"840030015,840030016,840030018,840030019",USD_840020001:Trade Balance|USD_840020023:Exports|USD_840020024:Imports|USD_840030017:Participation Rate|USD_840030020:Average Weekly Hours|USD_840030022:Government Payrolls|USD_840030023:Private Nonfarm Payrolls|USD_840030024:U6 Unemployment Rate|USD_840030032:Manufacturing Payrolls|USD_840140001:Initial Jobless Claims|USD_840140002:Continuing Jobless Claims|USD_840140003:Initial Jobless Claims 4-Week Average|CAD_124010016:Imports|CAD_124010017:Exports|CAD_124010018:Trade Balance,False,True,False,4800.0,-12034.0,2509.0,2699.0,16834.0,2291.0,POSITIVE,POSITIVE,1,-1,1,-1,True,1593705600,2020.07.02 16:00:00,1800,True,True,0.001816,True,True,True,True,True,True,True,True,True,True,True,True,,,,,,
USD_NFP_1593703800,1593703800,2020.07.02 15:30:00,2020,CORE_2015_2025,NFP,NZDUSD,QUOTE,840030016,Nonfarm Payrolls,True,"840030015,840030016,840030018,840030019",USD_840020001:Trade Balance|USD_840020023:Exports|USD_840020024:Imports|USD_840030017:Participation Rate|USD_840030020:Average Weekly Hours|USD_840030022:Government Payrolls|USD_840030023:Private Nonfarm Payrolls|USD_840030024:U6 Unemployment Rate|USD_840030032:Manufacturing Payrolls|USD_840140001:Initial Jobless Claims|USD_840140002:Continuing Jobless Claims|USD_840140003:Initial Jobless Claims 4-Week Average|CAD_124010016:Imports|CAD_124010017:Exports|CAD_124010018:Trade Balance,False,True,False,4800.0,-12034.0,2509.0,2699.0,16834.0,2291.0,POSITIVE,POSITIVE,1,-1,1,-1,True,1593705600,2020.07.02 16:00:00,1800,True,True,0.001132,True,True,True,True,True,True,True,True,True,True,True,True,,,,,,
USD_NFP_1593703800,1593703800,2020.07.02 15:30:00,2020,CORE_2015_2025,NFP,USDCAD,BASE,840030016,Nonfarm Payrolls,True,"840030015,840030016,840030018,840030019",USD_840020001:Trade Balance|USD_840020023:Exports|USD_840020024:Imports|USD_840030017:Participation Rate|USD_840030020:Average Weekly Hours|USD_840030022:Government Payrolls|USD_840030023:Private Nonfarm Payrolls|USD_840030024:U6 Unemployment Rate|USD_840030032:Manufacturing Payrolls|USD_840140001:Initial Jobless Claims|USD_840140002:Continuing Jobless Claims|USD_840140003:Initial Jobless Claims 4-Week Average|CAD_124010016:Imports|CAD_124010017:Exports|CAD_124010018:Trade Balance,False,True,False,4800.0,-12034.0,2509.0,2699.0,16834.0,2291.0,POSITIVE,POSITIVE,1,1,1,1,True,1593705600,2020.07.02 16:00:00,1800,True,True,0.001388,True,True,True,True,True,True,True,True,True,True,True,True,,,,,,
USD_NFP_1593703800,1593703800,2020.07.02 15:30:00,2020,CORE_2015_2025,NFP,USDCHF,BASE,840030016,Nonfarm Payrolls,True,"840030015,840030016,840030018,840030019",USD_840020001:Trade Balance|USD_840020023:Exports|USD_840020024:Imports|USD_840030017:Participation Rate|USD_840030020:Average Weekly Hours|USD_840030022:Government Payrolls|USD_840030023:Private Nonfarm Payrolls|USD_840030024:U6 Unemployment Rate|USD_840030032:Manufacturing Payrolls|USD_840140001:Initial Jobless Claims|USD_840140002:Continuing Jobless Claims|USD_840140003:Initial Jobless Claims 4-Week Average|CAD_124010016:Imports|CAD_124010017:Exports|CAD_124010018:Trade Balance,False,True,False,4800.0,-12034.0,2509.0,2699.0,16834.0,2291.0,POSITIVE,POSITIVE,1,1,1,1,True,1593705600,2020.07.02 16:00:00,1800,True,True,0.000931,True,True,True,True,True,True,True,True,True,True,True,True,,,,,,
USD_NFP_1593703800,1593703800,2020.07.02 15:30:00,2020,CORE_2015_2025,NFP,USDJPY,BASE,840030016,Nonfarm Payrolls,True,"840030015,840030016,840030018,840030019",USD_840020001:Trade Balance|USD_840020023:Exports|USD_840020024:Imports|USD_840030017:Participation Rate|USD_840030020:Average Weekly Hours|USD_840030022:Government Payrolls|USD_840030023:Private Nonfarm Payrolls|USD_840030024:U6 Unemployment Rate|USD_840030032:Manufacturing Payrolls|USD_840140001:Initial Jobless Claims|USD_840140002:Continuing Jobless Claims|USD_840140003:Initial Jobless Claims 4-Week Average|CAD_124010016:Imports|CAD_124010017:Exports|CAD_124010018:Trade Balance,False,True,False,4800.0,-12034.0,2509.0,2699.0,16834.0,2291.0,POSITIVE,POSITIVE,1,1,1,1,True,1593705600,2020.07.02 16:00:00,1800,True,True,0.095962,True,True,True,True,True,True,True,True,True,True,True,True,,,,,,
USD_NFP_1596814200,1596814200,2020.08.07 15:30:00,2020,CORE_2015_2025,NFP,AUDUSD,QUOTE,840030016,Nonfarm Payrolls,True,"840030015,840030016,840030018,840030019",USD_840030017:Participation Rate|USD_840030020:Average Weekly Hours|USD_840030022:Government Payrolls|USD_840030023:Private Nonfarm Payrolls|USD_840030024:U6 Unemployment Rate|USD_840030032:Manufacturing Payrolls|CAD_124010011:Employment Change|CAD_124010012:Full-Time Employment Change|CAD_124010013:Part-Time Employment Change|CAD_124010014:Unemployment Rate|CAD_124010015:Participation Rate,True,False,False,1763.0,4511.0,4800.0,4791.0,-2748.0,-3037.0,NEGATIVE,NEGATIVE,-1,1,-1,1,True,1596816000,2020.08.07 16:00:00,1800,True,True,0.001414,True,True,True,True,True,True,True,True,True,True,True,True,,,,,,
USD_NFP_1596814200,1596814200,2020.08.07 15:30:00,2020,CORE_2015_2025,NFP,EURUSD,QUOTE,840030016,Nonfarm Payrolls,True,"840030015,840030016,840030018,840030019",USD_840030017:Participation Rate|USD_840030020:Average Weekly Hours|USD_840030022:Government Payrolls|USD_840030023:Private Nonfarm Payrolls|USD_840030024:U6 Unemployment Rate|USD_840030032:Manufacturing Payrolls|CAD_124010011:Employment Change|CAD_124010012:Full-Time Employment Change|CAD_124010013:Part-Time Employment Change|CAD_124010014:Unemployment Rate|CAD_124010015:Participation Rate,True,False,False,1763.0,4511.0,4800.0,4791.0,-2748.0,-3037.0,NEGATIVE,NEGATIVE,-1,1,-1,1,True,1596816000,2020.08.07 16:00:00,1800,True,True,0.001842,True,True,True,True,True,True,True,True,True,True,True,True,,,,,,
USD_NFP_1596814200,1596814200,2020.08.07 15:30:00,2020,CORE_2015_2025,NFP,GBPUSD,QUOTE,840030016,Nonfarm Payrolls,True,"840030015,840030016,840030018,840030019",USD_840030017:Participation Rate|USD_840030020:Average Weekly Hours|USD_840030022:Government Payrolls|USD_840030023:Private Nonfarm Payrolls|USD_840030024:U6 Unemployment Rate|USD_840030032:Manufacturing Payrolls|CAD_124010011:Employment Change|CAD_124010012:Full-Time Employment Change|CAD_124010013:Part-Time Employment Change|CAD_124010014:Unemployment Rate|CAD_124010015:Participation Rate,True,False,False,1763.0,4511.0,4800.0,4791.0,-2748.0,-3037.0,NEGATIVE,NEGATIVE,-1,1,-1,1,True,1596816000,2020.08.07 16:00:00,1800,True,True,0.002135,True,True,True,True,True,True,True,True,True,True,True,True,,,,,,
USD_NFP_1596814200,1596814200,2020.08.07 15:30:00,2020,CORE_2015_2025,NFP,NZDUSD,QUOTE,840030016,Nonfarm Payrolls,True,"840030015,840030016,840030018,840030019",USD_840030017:Participation Rate|USD_840030020:Average Weekly Hours|USD_840030022:Government Payrolls|USD_840030023:Private Nonfarm Payrolls|USD_840030024:U6 Unemployment Rate|USD_840030032:Manufacturing Payrolls|CAD_124010011:Employment Change|CAD_124010012:Full-Time Employment Change|CAD_124010013:Part-Time Employment Change|CAD_124010014:Unemployment Rate|CAD_124010015:Participation Rate,True,False,False,1763.0,4511.0,4800.0,4791.0,-2748.0,-3037.0,NEGATIVE,NEGATIVE,-1,1,-1,1,True,1596816000,2020.08.07 16:00:00,1800,True,True,0.001148,True,True,True,True,True,True,True,True,True,True,True,True,,,,,,
USD_NFP_1596814200,1596814200,2020.08.07 15:30:00,2020,CORE_2015_2025,NFP,USDCAD,BASE,840030016,Nonfarm Payrolls,True,"840030015,840030016,840030018,840030019",USD_840030017:Participation Rate|USD_840030020:Average Weekly Hours|USD_840030022:Government Payrolls|USD_840030023:Private Nonfarm Payrolls|USD_840030024:U6 Unemployment Rate|USD_840030032:Manufacturing Payrolls|CAD_124010011:Employment Change|CAD_124010012:Full-Time Employment Change|CAD_124010013:Part-Time Employment Change|CAD_124010014:Unemployment Rate|CAD_124010015:Participation Rate,True,False,False,1763.0,4511.0,4800.0,4791.0,-2748.0,-3037.0,NEGATIVE,NEGATIVE,-1,-1,-1,-1,True,1596816000,2020.08.07 16:00:00,1800,True,True,0.001801,True,True,True,True,True,True,True,True,True,True,True,True,,,,,,
USD_NFP_1596814200,1596814200,2020.08.07 15:30:00,2020,CORE_2015_2025,NFP,USDCHF,BASE,840030016,Nonfarm Payrolls,True,"840030015,840030016,840030018,840030019",USD_840030017:Participation Rate|USD_840030020:Average Weekly Hours|USD_840030022:Government Payrolls|USD_840030023:Private Nonfarm Payrolls|USD_840030024:U6 Unemployment Rate|USD_840030032:Manufacturing Payrolls|CAD_124010011:Employment Change|CAD_124010012:Full-Time Employment Change|CAD_124010013:Part-Time Employment Change|CAD_124010014:Unemployment Rate|CAD_124010015:Participation Rate,True,False,False,1763.0,4511.0,4800.0,4791.0,-2748.0,-3037.0,NEGATIVE,NEGATIVE,-1,-1,-1,-1,True,1596816000,2020.08.07 16:00:00,1800,True,True,0.001360,True,True,True,True,True,True,True,True,True,True,True,True,,,,,,
USD_NFP_1596814200,1596814200,2020.08.07 15:30:00,2020,CORE_2015_2025,NFP,USDJPY,BASE,840030016,Nonfarm Payrolls,True,"840030015,840030016,840030018,840030019",USD_840030017:Participation Rate|USD_840030020:Average Weekly Hours|USD_840030022:Government Payrolls|USD_840030023:Private Nonfarm Payrolls|USD_840030024:U6 Unemployment Rate|USD_840030032:Manufacturing Payrolls|CAD_124010011:Employment Change|CAD_124010012:Full-Time Employment Change|CAD_124010013:Part-Time Employment Change|CAD_124010014:Unemployment Rate|CAD_124010015:Participation Rate,True,False,False,1763.0,4511.0,4800.0,4791.0,-2748.0,-3037.0,NEGATIVE,NEGATIVE,-1,-1,-1,-1,True,1596816000,2020.08.07 16:00:00,1800,True,True,0.100721,True,True,True,True,True,True,True,True,True,True,True,True,,,,,,
USD_NFP_1599233400,1599233400,2020.09.04 15:30:00,2020,CORE_2015_2025,NFP,AUDUSD,QUOTE,840030016,Nonfarm Payrolls,True,"840030015,840030016,840030018,840030019",USD_840030017:Participation Rate|USD_840030020:Average Weekly Hours|USD_840030022:Government Payrolls|USD_840030023:Private Nonfarm Payrolls|USD_840030024:U6 Unemployment Rate|USD_840030032:Manufacturing Payrolls|CAD_124010011:Employment Change|CAD_124010012:Full-Time Employment Change|CAD_124010013:Part-Time Employment Change|CAD_124010014:Unemployment Rate|CAD_124010015:Participation Rate,True,False,False,1371.0,-74433.0,1763.0,1734.0,75804.0,-392.0,POSITIVE,NEGATIVE,1,-1,-1,1,True,1599235200,2020.09.04 16:00:00,1800,True,True,0.001354,True,True,True,True,True,True,True,True,True,True,True,True,,,,,,
USD_NFP_1599233400,1599233400,2020.09.04 15:30:00,2020,CORE_2015_2025,NFP,EURUSD,QUOTE,840030016,Nonfarm Payrolls,True,"840030015,840030016,840030018,840030019",USD_840030017:Participation Rate|USD_840030020:Average Weekly Hours|USD_840030022:Government Payrolls|USD_840030023:Private Nonfarm Payrolls|USD_840030024:U6 Unemployment Rate|USD_840030032:Manufacturing Payrolls|CAD_124010011:Employment Change|CAD_124010012:Full-Time Employment Change|CAD_124010013:Part-Time Employment Change|CAD_124010014:Unemployment Rate|CAD_124010015:Participation Rate,True,False,False,1371.0,-74433.0,1763.0,1734.0,75804.0,-392.0,POSITIVE,NEGATIVE,1,-1,-1,1,True,1599235200,2020.09.04 16:00:00,1800,True,True,0.001608,True,True,True,True,True,True,True,True,True,True,True,True,,,,,,
USD_NFP_1599233400,1599233400,2020.09.04 15:30:00,2020,CORE_2015_2025,NFP,GBPUSD,QUOTE,840030016,Nonfarm Payrolls,True,"840030015,840030016,840030018,840030019",USD_840030017:Participation Rate|USD_840030020:Average Weekly Hours|USD_840030022:Government Payrolls|USD_840030023:Private Nonfarm Payrolls|USD_840030024:U6 Unemployment Rate|USD_840030032:Manufacturing Payrolls|CAD_124010011:Employment Change|CAD_124010012:Full-Time Employment Change|CAD_124010013:Part-Time Employment Change|CAD_124010014:Unemployment Rate|CAD_124010015:Participation Rate,True,False,False,1371.0,-74433.0,1763.0,1734.0,75804.0,-392.0,POSITIVE,NEGATIVE,1,-1,-1,1,True,1599235200,2020.09.04 16:00:00,1800,True,True,0.002266,True,True,True,True,True,True,True,True,True,True,True,True,,,,,,
USD_NFP_1599233400,1599233400,2020.09.04 15:30:00,2020,CORE_2015_2025,NFP,NZDUSD,QUOTE,840030016,Nonfarm Payrolls,True,"840030015,840030016,840030018,840030019",USD_840030017:Participation Rate|USD_840030020:Average Weekly Hours|USD_840030022:Government Payrolls|USD_840030023:Private Nonfarm Payrolls|USD_840030024:U6 Unemployment Rate|USD_840030032:Manufacturing Payrolls|CAD_124010011:Employment Change|CAD_124010012:Full-Time Employment Change|CAD_124010013:Part-Time Employment Change|CAD_124010014:Unemployment Rate|CAD_124010015:Participation Rate,True,False,False,1371.0,-74433.0,1763.0,1734.0,75804.0,-392.0,POSITIVE,NEGATIVE,1,-1,-1,1,True,1599235200,2020.09.04 16:00:00,1800,True,True,0.001292,True,True,True,True,True,True,True,True,True,True,True,True,,,,,,
USD_NFP_1599233400,1599233400,2020.09.04 15:30:00,2020,CORE_2015_2025,NFP,USDCAD,BASE,840030016,Nonfarm Payrolls,True,"840030015,840030016,840030018,840030019",USD_840030017:Participation Rate|USD_840030020:Average Weekly Hours|USD_840030022:Government Payrolls|USD_840030023:Private Nonfarm Payrolls|USD_840030024:U6 Unemployment Rate|USD_840030032:Manufacturing Payrolls|CAD_124010011:Employment Change|CAD_124010012:Full-Time Employment Change|CAD_124010013:Part-Time Employment Change|CAD_124010014:Unemployment Rate|CAD_124010015:Participation Rate,True,False,False,1371.0,-74433.0,1763.0,1734.0,75804.0,-392.0,POSITIVE,NEGATIVE,1,1,-1,-1,True,1599235200,2020.09.04 16:00:00,1800,True,True,0.001551,True,True,True,True,True,True,True,True,True,True,True,True,,,,,,
USD_NFP_1599233400,1599233400,2020.09.04 15:30:00,2020,CORE_2015_2025,NFP,USDCHF,BASE,840030016,Nonfarm Payrolls,True,"840030015,840030016,840030018,840030019",USD_840030017:Participation Rate|USD_840030020:Average Weekly Hours|USD_840030022:Government Payrolls|USD_840030023:Private Nonfarm Payrolls|USD_840030024:U6 Unemployment Rate|USD_840030032:Manufacturing Payrolls|CAD_124010011:Employment Change|CAD_124010012:Full-Time Employment Change|CAD_124010013:Part-Time Employment Change|CAD_124010014:Unemployment Rate|CAD_124010015:Participation Rate,True,False,False,1371.0,-74433.0,1763.0,1734.0,75804.0,-392.0,POSITIVE,NEGATIVE,1,1,-1,-1,True,1599235200,2020.09.04 16:00:00,1800,True,True,0.001252,True,True,True,True,True,True,True,True,True,True,True,True,,,,,,
USD_NFP_1599233400,1599233400,2020.09.04 15:30:00,2020,CORE_2015_2025,NFP,USDJPY,BASE,840030016,Nonfarm Payrolls,True,"840030015,840030016,840030018,840030019",USD_840030017:Participation Rate|USD_840030020:Average Weekly Hours|USD_840030022:Government Payrolls|USD_840030023:Private Nonfarm Payrolls|USD_840030024:U6 Unemployment Rate|USD_840030032:Manufacturing Payrolls|CAD_124010011:Employment Change|CAD_124010012:Full-Time Employment Change|CAD_124010013:Part-Time Employment Change|CAD_124010014:Unemployment Rate|CAD_124010015:Participation Rate,True,False,False,1371.0,-74433.0,1763.0,1734.0,75804.0,-392.0,POSITIVE,NEGATIVE,1,1,-1,-1,True,1599235200,2020.09.04 16:00:00,1800,True,True,0.089486,True,True,True,True,True,True,True,True,True,True,True,True,,,,,,
USD_NFP_1601652600,1601652600,2020.10.02 15:30:00,2020,CORE_2015_2025,NFP,AUDUSD,QUOTE,840030016,Nonfarm Payrolls,True,"840030015,840030016,840030018,840030019",USD_840030017:Participation Rate|USD_840030020:Average Weekly Hours|USD_840030022:Government Payrolls|USD_840030023:Private Nonfarm Payrolls|USD_840030024:U6 Unemployment Rate|USD_840030032:Manufacturing Payrolls,False,False,False,661.0,78356.0,1371.0,1489.0,-77695.0,-710.0,NEGATIVE,NEGATIVE,-1,1,-1,1,True,1601654400,2020.10.02 16:00:00,1800,True,True,0.001486,True,True,True,True,True,True,True,True,True,True,True,True,,,,,,
USD_NFP_1601652600,1601652600,2020.10.02 15:30:00,2020,CORE_2015_2025,NFP,EURUSD,QUOTE,840030016,Nonfarm Payrolls,True,"840030015,840030016,840030018,840030019",USD_840030017:Participation Rate|USD_840030020:Average Weekly Hours|USD_840030022:Government Payrolls|USD_840030023:Private Nonfarm Payrolls|USD_840030024:U6 Unemployment Rate|USD_840030032:Manufacturing Payrolls,False,False,False,661.0,78356.0,1371.0,1489.0,-77695.0,-710.0,NEGATIVE,NEGATIVE,-1,1,-1,1,True,1601654400,2020.10.02 16:00:00,1800,True,True,0.001656,True,True,True,True,True,True,True,True,True,True,True,True,,,,,,
USD_NFP_1601652600,1601652600,2020.10.02 15:30:00,2020,CORE_2015_2025,NFP,GBPUSD,QUOTE,840030016,Nonfarm Payrolls,True,"840030015,840030016,840030018,840030019",USD_840030017:Participation Rate|USD_840030020:Average Weekly Hours|USD_840030022:Government Payrolls|USD_840030023:Private Nonfarm Payrolls|USD_840030024:U6 Unemployment Rate|USD_840030032:Manufacturing Payrolls,False,False,False,661.0,78356.0,1371.0,1489.0,-77695.0,-710.0,NEGATIVE,NEGATIVE,-1,1,-1,1,True,1601654400,2020.10.02 16:00:00,1800,True,True,0.003257,True,True,True,True,True,True,True,True,True,True,True,True,,,,,,
USD_NFP_1601652600,1601652600,2020.10.02 15:30:00,2020,CORE_2015_2025,NFP,NZDUSD,QUOTE,840030016,Nonfarm Payrolls,True,"840030015,840030016,840030018,840030019",USD_840030017:Participation Rate|USD_840030020:Average Weekly Hours|USD_840030022:Government Payrolls|USD_840030023:Private Nonfarm Payrolls|USD_840030024:U6 Unemployment Rate|USD_840030032:Manufacturing Payrolls,False,False,False,661.0,78356.0,1371.0,1489.0,-77695.0,-710.0,NEGATIVE,NEGATIVE,-1,1,-1,1,True,1601654400,2020.10.02 16:00:00,1800,True,True,0.001299,True,True,True,True,True,True,True,True,True,True,True,True,,,,,,
USD_NFP_1601652600,1601652600,2020.10.02 15:30:00,2020,CORE_2015_2025,NFP,USDCAD,BASE,840030016,Nonfarm Payrolls,True,"840030015,840030016,840030018,840030019",USD_840030017:Participation Rate|USD_840030020:Average Weekly Hours|USD_840030022:Government Payrolls|USD_840030023:Private Nonfarm Payrolls|USD_840030024:U6 Unemployment Rate|USD_840030032:Manufacturing Payrolls,False,False,False,661.0,78356.0,1371.0,1489.0,-77695.0,-710.0,NEGATIVE,NEGATIVE,-1,-1,-1,-1,True,1601654400,2020.10.02 16:00:00,1800,True,True,0.001633,True,True,True,True,True,True,True,True,True,True,True,True,,,,,,
USD_NFP_1601652600,1601652600,2020.10.02 15:30:00,2020,CORE_2015_2025,NFP,USDCHF,BASE,840030016,Nonfarm Payrolls,True,"840030015,840030016,840030018,840030019",USD_840030017:Participation Rate|USD_840030020:Average Weekly Hours|USD_840030022:Government Payrolls|USD_840030023:Private Nonfarm Payrolls|USD_840030024:U6 Unemployment Rate|USD_840030032:Manufacturing Payrolls,False,False,False,661.0,78356.0,1371.0,1489.0,-77695.0,-710.0,NEGATIVE,NEGATIVE,-1,-1,-1,-1,True,1601654400,2020.10.02 16:00:00,1800,True,True,0.001311,True,True,True,True,True,True,True,True,True,True,True,True,,,,,,
USD_NFP_1601652600,1601652600,2020.10.02 15:30:00,2020,CORE_2015_2025,NFP,USDJPY,BASE,840030016,Nonfarm Payrolls,True,"840030015,840030016,840030018,840030019",USD_840030017:Participation Rate|USD_840030020:Average Weekly Hours|USD_840030022:Government Payrolls|USD_840030023:Private Nonfarm Payrolls|USD_840030024:U6 Unemployment Rate|USD_840030032:Manufacturing Payrolls,False,False,False,661.0,78356.0,1371.0,1489.0,-77695.0,-710.0,NEGATIVE,NEGATIVE,-1,-1,-1,-1,True,1601654400,2020.10.02 16:00:00,1800,True,True,0.125876,True,True,True,True,True,True,True,True,True,True,True,True,,,,,,
USD_NFP_1604680200,1604680200,2020.11.06 16:30:00,2020,CORE_2015_2025,NFP,AUDUSD,QUOTE,840030016,Nonfarm Payrolls,True,"840030015,840030016,840030018,840030019",USD_840030017:Participation Rate|USD_840030020:Average Weekly Hours|USD_840030022:Government Payrolls|USD_840030023:Private Nonfarm Payrolls|USD_840030024:U6 Unemployment Rate|USD_840030032:Manufacturing Payrolls|CAD_124010011:Employment Change|CAD_124010012:Full-Time Employment Change|CAD_124010013:Part-Time Employment Change|CAD_124010014:Unemployment Rate|CAD_124010015:Participation Rate,True,False,False,638.0,-76324.0,661.0,672.0,76962.0,-23.0,POSITIVE,NEGATIVE,1,-1,-1,1,True,1604682000,2020.11.06 17:00:00,1800,True,True,0.002098,True,True,True,True,True,True,True,True,True,True,True,True,,,,,,
USD_NFP_1604680200,1604680200,2020.11.06 16:30:00,2020,CORE_2015_2025,NFP,EURUSD,QUOTE,840030016,Nonfarm Payrolls,True,"840030015,840030016,840030018,840030019",USD_840030017:Participation Rate|USD_840030020:Average Weekly Hours|USD_840030022:Government Payrolls|USD_840030023:Private Nonfarm Payrolls|USD_840030024:U6 Unemployment Rate|USD_840030032:Manufacturing Payrolls|CAD_124010011:Employment Change|CAD_124010012:Full-Time Employment Change|CAD_124010013:Part-Time Employment Change|CAD_124010014:Unemployment Rate|CAD_124010015:Participation Rate,True,False,False,638.0,-76324.0,661.0,672.0,76962.0,-23.0,POSITIVE,NEGATIVE,1,-1,-1,1,True,1604682000,2020.11.06 17:00:00,1800,True,True,0.002149,True,True,True,True,True,True,True,True,True,True,True,True,,,,,,
USD_NFP_1604680200,1604680200,2020.11.06 16:30:00,2020,CORE_2015_2025,NFP,GBPUSD,QUOTE,840030016,Nonfarm Payrolls,True,"840030015,840030016,840030018,840030019",USD_840030017:Participation Rate|USD_840030020:Average Weekly Hours|USD_840030022:Government Payrolls|USD_840030023:Private Nonfarm Payrolls|USD_840030024:U6 Unemployment Rate|USD_840030032:Manufacturing Payrolls|CAD_124010011:Employment Change|CAD_124010012:Full-Time Employment Change|CAD_124010013:Part-Time Employment Change|CAD_124010014:Unemployment Rate|CAD_124010015:Participation Rate,True,False,False,638.0,-76324.0,661.0,672.0,76962.0,-23.0,POSITIVE,NEGATIVE,1,-1,-1,1,True,1604682000,2020.11.06 17:00:00,1800,True,True,0.003072,True,True,True,True,True,True,True,True,True,True,True,True,,,,,,
USD_NFP_1604680200,1604680200,2020.11.06 16:30:00,2020,CORE_2015_2025,NFP,NZDUSD,QUOTE,840030016,Nonfarm Payrolls,True,"840030015,840030016,840030018,840030019",USD_840030017:Participation Rate|USD_840030020:Average Weekly Hours|USD_840030022:Government Payrolls|USD_840030023:Private Nonfarm Payrolls|USD_840030024:U6 Unemployment Rate|USD_840030032:Manufacturing Payrolls|CAD_124010011:Employment Change|CAD_124010012:Full-Time Employment Change|CAD_124010013:Part-Time Employment Change|CAD_124010014:Unemployment Rate|CAD_124010015:Participation Rate,True,False,False,638.0,-76324.0,661.0,672.0,76962.0,-23.0,POSITIVE,NEGATIVE,1,-1,-1,1,True,1604682000,2020.11.06 17:00:00,1800,True,True,0.001649,True,True,True,True,True,True,True,True,True,True,True,True,,,,,,
USD_NFP_1604680200,1604680200,2020.11.06 16:30:00,2020,CORE_2015_2025,NFP,USDCAD,BASE,840030016,Nonfarm Payrolls,True,"840030015,840030016,840030018,840030019",USD_840030017:Participation Rate|USD_840030020:Average Weekly Hours|USD_840030022:Government Payrolls|USD_840030023:Private Nonfarm Payrolls|USD_840030024:U6 Unemployment Rate|USD_840030032:Manufacturing Payrolls|CAD_124010011:Employment Change|CAD_124010012:Full-Time Employment Change|CAD_124010013:Part-Time Employment Change|CAD_124010014:Unemployment Rate|CAD_124010015:Participation Rate,True,False,False,638.0,-76324.0,661.0,672.0,76962.0,-23.0,POSITIVE,NEGATIVE,1,1,-1,-1,True,1604682000,2020.11.06 17:00:00,1800,True,True,0.002350,True,True,True,True,True,True,True,True,True,True,True,True,,,,,,
USD_NFP_1604680200,1604680200,2020.11.06 16:30:00,2020,CORE_2015_2025,NFP,USDCHF,BASE,840030016,Nonfarm Payrolls,True,"840030015,840030016,840030018,840030019",USD_840030017:Participation Rate|USD_840030020:Average Weekly Hours|USD_840030022:Government Payrolls|USD_840030023:Private Nonfarm Payrolls|USD_840030024:U6 Unemployment Rate|USD_840030032:Manufacturing Payrolls|CAD_124010011:Employment Change|CAD_124010012:Full-Time Employment Change|CAD_124010013:Part-Time Employment Change|CAD_124010014:Unemployment Rate|CAD_124010015:Participation Rate,True,False,False,638.0,-76324.0,661.0,672.0,76962.0,-23.0,POSITIVE,NEGATIVE,1,1,-1,-1,True,1604682000,2020.11.06 17:00:00,1800,True,True,0.001365,True,True,True,True,True,True,True,True,True,True,True,True,,,,,,
USD_NFP_1604680200,1604680200,2020.11.06 16:30:00,2020,CORE_2015_2025,NFP,USDJPY,BASE,840030016,Nonfarm Payrolls,True,"840030015,840030016,840030018,840030019",USD_840030017:Participation Rate|USD_840030020:Average Weekly Hours|USD_840030022:Government Payrolls|USD_840030023:Private Nonfarm Payrolls|USD_840030024:U6 Unemployment Rate|USD_840030032:Manufacturing Payrolls|CAD_124010011:Employment Change|CAD_124010012:Full-Time Employment Change|CAD_124010013:Part-Time Employment Change|CAD_124010014:Unemployment Rate|CAD_124010015:Participation Rate,True,False,False,638.0,-76324.0,661.0,672.0,76962.0,-23.0,POSITIVE,NEGATIVE,1,1,-1,-1,True,1604682000,2020.11.06 17:00:00,1800,True,True,0.171976,True,True,True,True,True,True,True,True,True,True,True,True,,,,,,
USD_NFP_1607099400,1607099400,2020.12.04 16:30:00,2020,CORE_2015_2025,NFP,AUDUSD,QUOTE,840030016,Nonfarm Payrolls,True,"840030015,840030016,840030018,840030019",USD_840020001:Trade Balance|USD_840020023:Exports|USD_840020024:Imports|USD_840030017:Participation Rate|USD_840030020:Average Weekly Hours|USD_840030022:Government Payrolls|USD_840030023:Private Nonfarm Payrolls|USD_840030024:U6 Unemployment Rate|USD_840030032:Manufacturing Payrolls|CAD_124010011:Employment Change|CAD_124010012:Full-Time Employment Change|CAD_124010013:Part-Time Employment Change|CAD_124010014:Unemployment Rate|CAD_124010015:Participation Rate|CAD_124010016:Imports|CAD_124010017:Exports|CAD_124010018:Trade Balance,True,True,False,245.0,528.0,638.0,610.0,-283.0,-393.0,NEGATIVE,NEGATIVE,-1,1,-1,1,True,1607101200,2020.12.04 17:00:00,1800,True,True,0.001163,True,True,True,True,True,True,True,True,True,True,True,True,,,,,,
USD_NFP_1607099400,1607099400,2020.12.04 16:30:00,2020,CORE_2015_2025,NFP,EURUSD,QUOTE,840030016,Nonfarm Payrolls,True,"840030015,840030016,840030018,840030019",USD_840020001:Trade Balance|USD_840020023:Exports|USD_840020024:Imports|USD_840030017:Participation Rate|USD_840030020:Average Weekly Hours|USD_840030022:Government Payrolls|USD_840030023:Private Nonfarm Payrolls|USD_840030024:U6 Unemployment Rate|USD_840030032:Manufacturing Payrolls|CAD_124010011:Employment Change|CAD_124010012:Full-Time Employment Change|CAD_124010013:Part-Time Employment Change|CAD_124010014:Unemployment Rate|CAD_124010015:Participation Rate|CAD_124010016:Imports|CAD_124010017:Exports|CAD_124010018:Trade Balance,True,True,False,245.0,528.0,638.0,610.0,-283.0,-393.0,NEGATIVE,NEGATIVE,-1,1,-1,1,True,1607101200,2020.12.04 17:00:00,1800,True,True,0.001522,True,True,True,True,True,True,True,True,True,True,True,True,,,,,,
USD_NFP_1607099400,1607099400,2020.12.04 16:30:00,2020,CORE_2015_2025,NFP,GBPUSD,QUOTE,840030016,Nonfarm Payrolls,True,"840030015,840030016,840030018,840030019",USD_840020001:Trade Balance|USD_840020023:Exports|USD_840020024:Imports|USD_840030017:Participation Rate|USD_840030020:Average Weekly Hours|USD_840030022:Government Payrolls|USD_840030023:Private Nonfarm Payrolls|USD_840030024:U6 Unemployment Rate|USD_840030032:Manufacturing Payrolls|CAD_124010011:Employment Change|CAD_124010012:Full-Time Employment Change|CAD_124010013:Part-Time Employment Change|CAD_124010014:Unemployment Rate|CAD_124010015:Participation Rate|CAD_124010016:Imports|CAD_124010017:Exports|CAD_124010018:Trade Balance,True,True,False,245.0,528.0,638.0,610.0,-283.0,-393.0,NEGATIVE,NEGATIVE,-1,1,-1,1,True,1607101200,2020.12.04 17:00:00,1800,True,True,0.003000,True,True,True,True,True,True,True,True,True,True,True,True,,,,,,
USD_NFP_1607099400,1607099400,2020.12.04 16:30:00,2020,CORE_2015_2025,NFP,NZDUSD,QUOTE,840030016,Nonfarm Payrolls,True,"840030015,840030016,840030018,840030019",USD_840020001:Trade Balance|USD_840020023:Exports|USD_840020024:Imports|USD_840030017:Participation Rate|USD_840030020:Average Weekly Hours|USD_840030022:Government Payrolls|USD_840030023:Private Nonfarm Payrolls|USD_840030024:U6 Unemployment Rate|USD_840030032:Manufacturing Payrolls|CAD_124010011:Employment Change|CAD_124010012:Full-Time Employment Change|CAD_124010013:Part-Time Employment Change|CAD_124010014:Unemployment Rate|CAD_124010015:Participation Rate|CAD_124010016:Imports|CAD_124010017:Exports|CAD_124010018:Trade Balance,True,True,False,245.0,528.0,638.0,610.0,-283.0,-393.0,NEGATIVE,NEGATIVE,-1,1,-1,1,True,1607101200,2020.12.04 17:00:00,1800,True,True,0.001233,True,True,True,True,True,True,True,True,True,True,True,True,,,,,,
USD_NFP_1607099400,1607099400,2020.12.04 16:30:00,2020,CORE_2015_2025,NFP,USDCAD,BASE,840030016,Nonfarm Payrolls,True,"840030015,840030016,840030018,840030019",USD_840020001:Trade Balance|USD_840020023:Exports|USD_840020024:Imports|USD_840030017:Participation Rate|USD_840030020:Average Weekly Hours|USD_840030022:Government Payrolls|USD_840030023:Private Nonfarm Payrolls|USD_840030024:U6 Unemployment Rate|USD_840030032:Manufacturing Payrolls|CAD_124010011:Employment Change|CAD_124010012:Full-Time Employment Change|CAD_124010013:Part-Time Employment Change|CAD_124010014:Unemployment Rate|CAD_124010015:Participation Rate|CAD_124010016:Imports|CAD_124010017:Exports|CAD_124010018:Trade Balance,True,True,False,245.0,528.0,638.0,610.0,-283.0,-393.0,NEGATIVE,NEGATIVE,-1,-1,-1,-1,True,1607101200,2020.12.04 17:00:00,1800,True,True,0.001429,True,True,True,True,True,True,True,True,True,True,True,True,,,,,,
USD_NFP_1607099400,1607099400,2020.12.04 16:30:00,2020,CORE_2015_2025,NFP,USDCHF,BASE,840030016,Nonfarm Payrolls,True,"840030015,840030016,840030018,840030019",USD_840020001:Trade Balance|USD_840020023:Exports|USD_840020024:Imports|USD_840030017:Participation Rate|USD_840030020:Average Weekly Hours|USD_840030022:Government Payrolls|USD_840030023:Private Nonfarm Payrolls|USD_840030024:U6 Unemployment Rate|USD_840030032:Manufacturing Payrolls|CAD_124010011:Employment Change|CAD_124010012:Full-Time Employment Change|CAD_124010013:Part-Time Employment Change|CAD_124010014:Unemployment Rate|CAD_124010015:Participation Rate|CAD_124010016:Imports|CAD_124010017:Exports|CAD_124010018:Trade Balance,True,True,False,245.0,528.0,638.0,610.0,-283.0,-393.0,NEGATIVE,NEGATIVE,-1,-1,-1,-1,True,1607101200,2020.12.04 17:00:00,1800,True,True,0.001137,True,True,True,True,True,True,True,True,True,True,True,True,,,,,,
USD_NFP_1607099400,1607099400,2020.12.04 16:30:00,2020,CORE_2015_2025,NFP,USDJPY,BASE,840030016,Nonfarm Payrolls,True,"840030015,840030016,840030018,840030019",USD_840020001:Trade Balance|USD_840020023:Exports|USD_840020024:Imports|USD_840030017:Participation Rate|USD_840030020:Average Weekly Hours|USD_840030022:Government Payrolls|USD_840030023:Private Nonfarm Payrolls|USD_840030024:U6 Unemployment Rate|USD_840030032:Manufacturing Payrolls|CAD_124010011:Employment Change|CAD_124010012:Full-Time Employment Change|CAD_124010013:Part-Time Employment Change|CAD_124010014:Unemployment Rate|CAD_124010015:Participation Rate|CAD_124010016:Imports|CAD_124010017:Exports|CAD_124010018:Trade Balance,True,True,False,245.0,528.0,638.0,610.0,-283.0,-393.0,NEGATIVE,NEGATIVE,-1,-1,-1,-1,True,1607101200,2020.12.04 17:00:00,1800,True,True,0.113630,True,True,True,True,True,True,True,True,True,True,True,True,,,,,,
USD_NFP_1610123400,1610123400,2021.01.08 16:30:00,2021,CORE_2015_2025,NFP,AUDUSD,QUOTE,840030016,Nonfarm Payrolls,True,"840030015,840030016,840030018,840030019",USD_840030017:Participation Rate|USD_840030020:Average Weekly Hours|USD_840030022:Government Payrolls|USD_840030023:Private Nonfarm Payrolls|USD_840030024:U6 Unemployment Rate|USD_840030032:Manufacturing Payrolls|CAD_124010011:Employment Change|CAD_124010012:Full-Time Employment Change|CAD_124010013:Part-Time Employment Change|CAD_124010014:Unemployment Rate|CAD_124010015:Participation Rate,True,False,False,-140.0,207.0,245.0,336.0,-347.0,-385.0,NEGATIVE,NEGATIVE,-1,1,-1,1,True,1610125200,2021.01.08 17:00:00,1800,True,True,0.001656,True,True,True,True,True,True,True,True,True,True,True,True,,,,,,
USD_NFP_1610123400,1610123400,2021.01.08 16:30:00,2021,CORE_2015_2025,NFP,EURUSD,QUOTE,840030016,Nonfarm Payrolls,True,"840030015,840030016,840030018,840030019",USD_840030017:Participation Rate|USD_840030020:Average Weekly Hours|USD_840030022:Government Payrolls|USD_840030023:Private Nonfarm Payrolls|USD_840030024:U6 Unemployment Rate|USD_840030032:Manufacturing Payrolls|CAD_124010011:Employment Change|CAD_124010012:Full-Time Employment Change|CAD_124010013:Part-Time Employment Change|CAD_124010014:Unemployment Rate|CAD_124010015:Participation Rate,True,False,False,-140.0,207.0,245.0,336.0,-347.0,-385.0,NEGATIVE,NEGATIVE,-1,1,-1,1,True,1610125200,2021.01.08 17:00:00,1800,True,True,0.001898,True,True,True,True,True,True,True,True,True,True,True,True,,,,,,
USD_NFP_1610123400,1610123400,2021.01.08 16:30:00,2021,CORE_2015_2025,NFP,GBPUSD,QUOTE,840030016,Nonfarm Payrolls,True,"840030015,840030016,840030018,840030019",USD_840030017:Participation Rate|USD_840030020:Average Weekly Hours|USD_840030022:Government Payrolls|USD_840030023:Private Nonfarm Payrolls|USD_840030024:U6 Unemployment Rate|USD_840030032:Manufacturing Payrolls|CAD_124010011:Employment Change|CAD_124010012:Full-Time Employment Change|CAD_124010013:Part-Time Employment Change|CAD_124010014:Unemployment Rate|CAD_124010015:Participation Rate,True,False,False,-140.0,207.0,245.0,336.0,-347.0,-385.0,NEGATIVE,NEGATIVE,-1,1,-1,1,True,1610125200,2021.01.08 17:00:00,1800,True,True,0.002378,True,True,True,True,True,True,True,True,True,True,True,True,,,,,,
USD_NFP_1610123400,1610123400,2021.01.08 16:30:00,2021,CORE_2015_2025,NFP,NZDUSD,QUOTE,840030016,Nonfarm Payrolls,True,"840030015,840030016,840030018,840030019",USD_840030017:Participation Rate|USD_840030020:Average Weekly Hours|USD_840030022:Government Payrolls|USD_840030023:Private Nonfarm Payrolls|USD_840030024:U6 Unemployment Rate|USD_840030032:Manufacturing Payrolls|CAD_124010011:Employment Change|CAD_124010012:Full-Time Employment Change|CAD_124010013:Part-Time Employment Change|CAD_124010014:Unemployment Rate|CAD_124010015:Participation Rate,True,False,False,-140.0,207.0,245.0,336.0,-347.0,-385.0,NEGATIVE,NEGATIVE,-1,1,-1,1,True,1610125200,2021.01.08 17:00:00,1800,True,True,0.001464,True,True,True,True,True,True,True,True,True,True,True,True,,,,,,
USD_NFP_1610123400,1610123400,2021.01.08 16:30:00,2021,CORE_2015_2025,NFP,USDCAD,BASE,840030016,Nonfarm Payrolls,True,"840030015,840030016,840030018,840030019",USD_840030017:Participation Rate|USD_840030020:Average Weekly Hours|USD_840030022:Government Payrolls|USD_840030023:Private Nonfarm Payrolls|USD_840030024:U6 Unemployment Rate|USD_840030032:Manufacturing Payrolls|CAD_124010011:Employment Change|CAD_124010012:Full-Time Employment Change|CAD_124010013:Part-Time Employment Change|CAD_124010014:Unemployment Rate|CAD_124010015:Participation Rate,True,False,False,-140.0,207.0,245.0,336.0,-347.0,-385.0,NEGATIVE,NEGATIVE,-1,-1,-1,-1,True,1610125200,2021.01.08 17:00:00,1800,True,True,0.001638,True,True,True,True,True,True,True,True,True,True,True,True,,,,,,
USD_NFP_1610123400,1610123400,2021.01.08 16:30:00,2021,CORE_2015_2025,NFP,USDCHF,BASE,840030016,Nonfarm Payrolls,True,"840030015,840030016,840030018,840030019",USD_840030017:Participation Rate|USD_840030020:Average Weekly Hours|USD_840030022:Government Payrolls|USD_840030023:Private Nonfarm Payrolls|USD_840030024:U6 Unemployment Rate|USD_840030032:Manufacturing Payrolls|CAD_124010011:Employment Change|CAD_124010012:Full-Time Employment Change|CAD_124010013:Part-Time Employment Change|CAD_124010014:Unemployment Rate|CAD_124010015:Participation Rate,True,False,False,-140.0,207.0,245.0,336.0,-347.0,-385.0,NEGATIVE,NEGATIVE,-1,-1,-1,-1,True,1610125200,2021.01.08 17:00:00,1800,True,True,0.001357,True,True,True,True,True,True,True,True,True,True,True,True,,,,,,
USD_NFP_1610123400,1610123400,2021.01.08 16:30:00,2021,CORE_2015_2025,NFP,USDJPY,BASE,840030016,Nonfarm Payrolls,True,"840030015,840030016,840030018,840030019",USD_840030017:Participation Rate|USD_840030020:Average Weekly Hours|USD_840030022:Government Payrolls|USD_840030023:Private Nonfarm Payrolls|USD_840030024:U6 Unemployment Rate|USD_840030032:Manufacturing Payrolls|CAD_124010011:Employment Change|CAD_124010012:Full-Time Employment Change|CAD_124010013:Part-Time Employment Change|CAD_124010014:Unemployment Rate|CAD_124010015:Participation Rate,True,False,False,-140.0,207.0,245.0,336.0,-347.0,-385.0,NEGATIVE,NEGATIVE,-1,-1,-1,-1,True,1610125200,2021.01.08 17:00:00,1800,True,True,0.139016,True,True,True,True,True,True,True,True,True,True,True,True,,,,,,
USD_NFP_1612542600,1612542600,2021.02.05 16:30:00,2021,CORE_2015_2025,NFP,AUDUSD,QUOTE,840030016,Nonfarm Payrolls,True,"840030015,840030016,840030018,840030019",USD_840020001:Trade Balance|USD_840020023:Exports|USD_840020024:Imports|USD_840030017:Participation Rate|USD_840030020:Average Weekly Hours|USD_840030022:Government Payrolls|USD_840030023:Private Nonfarm Payrolls|USD_840030024:U6 Unemployment Rate|USD_840030032:Manufacturing Payrolls|EUR_999010014:ECB Vice President de Guindos Speech|GBP_826020032:BoE Governor Bailey Speech|CAD_124010011:Employment Change|CAD_124010012:Full-Time Employment Change|CAD_124010013:Part-Time Employment Change|CAD_124010014:Unemployment Rate|CAD_124010015:Participation Rate|CAD_124010016:Imports|CAD_124010017:Exports|CAD_124010018:Trade Balance,True,True,False,49.0,-497.0,-140.0,-227.0,546.0,189.0,POSITIVE,POSITIVE,1,-1,1,-1,True,1612544400,2021.02.05 17:00:00,1800,True,True,0.001243,True,True,True,True,True,True,True,True,True,True,True,True,,,,,,
USD_NFP_1612542600,1612542600,2021.02.05 16:30:00,2021,CORE_2015_2025,NFP,EURUSD,QUOTE,840030016,Nonfarm Payrolls,True,"840030015,840030016,840030018,840030019",USD_840020001:Trade Balance|USD_840020023:Exports|USD_840020024:Imports|USD_840030017:Participation Rate|USD_840030020:Average Weekly Hours|USD_840030022:Government Payrolls|USD_840030023:Private Nonfarm Payrolls|USD_840030024:U6 Unemployment Rate|USD_840030032:Manufacturing Payrolls|EUR_999010014:ECB Vice President de Guindos Speech|GBP_826020032:BoE Governor Bailey Speech|CAD_124010011:Employment Change|CAD_124010012:Full-Time Employment Change|CAD_124010013:Part-Time Employment Change|CAD_124010014:Unemployment Rate|CAD_124010015:Participation Rate|CAD_124010016:Imports|CAD_124010017:Exports|CAD_124010018:Trade Balance,True,True,False,49.0,-497.0,-140.0,-227.0,546.0,189.0,POSITIVE,POSITIVE,1,-1,1,-1,True,1612544400,2021.02.05 17:00:00,1800,True,True,0.001308,True,True,True,True,True,True,True,True,True,True,True,True,,,,,,
USD_NFP_1612542600,1612542600,2021.02.05 16:30:00,2021,CORE_2015_2025,NFP,GBPUSD,QUOTE,840030016,Nonfarm Payrolls,True,"840030015,840030016,840030018,840030019",USD_840020001:Trade Balance|USD_840020023:Exports|USD_840020024:Imports|USD_840030017:Participation Rate|USD_840030020:Average Weekly Hours|USD_840030022:Government Payrolls|USD_840030023:Private Nonfarm Payrolls|USD_840030024:U6 Unemployment Rate|USD_840030032:Manufacturing Payrolls|EUR_999010014:ECB Vice President de Guindos Speech|GBP_826020032:BoE Governor Bailey Speech|CAD_124010011:Employment Change|CAD_124010012:Full-Time Employment Change|CAD_124010013:Part-Time Employment Change|CAD_124010014:Unemployment Rate|CAD_124010015:Participation Rate|CAD_124010016:Imports|CAD_124010017:Exports|CAD_124010018:Trade Balance,True,True,False,49.0,-497.0,-140.0,-227.0,546.0,189.0,POSITIVE,POSITIVE,1,-1,1,-1,True,1612544400,2021.02.05 17:00:00,1800,True,True,0.001819,True,True,True,True,True,True,True,True,True,True,True,True,,,,,,
USD_NFP_1612542600,1612542600,2021.02.05 16:30:00,2021,CORE_2015_2025,NFP,NZDUSD,QUOTE,840030016,Nonfarm Payrolls,True,"840030015,840030016,840030018,840030019",USD_840020001:Trade Balance|USD_840020023:Exports|USD_840020024:Imports|USD_840030017:Participation Rate|USD_840030020:Average Weekly Hours|USD_840030022:Government Payrolls|USD_840030023:Private Nonfarm Payrolls|USD_840030024:U6 Unemployment Rate|USD_840030032:Manufacturing Payrolls|EUR_999010014:ECB Vice President de Guindos Speech|GBP_826020032:BoE Governor Bailey Speech|CAD_124010011:Employment Change|CAD_124010012:Full-Time Employment Change|CAD_124010013:Part-Time Employment Change|CAD_124010014:Unemployment Rate|CAD_124010015:Participation Rate|CAD_124010016:Imports|CAD_124010017:Exports|CAD_124010018:Trade Balance,True,True,False,49.0,-497.0,-140.0,-227.0,546.0,189.0,POSITIVE,POSITIVE,1,-1,1,-1,True,1612544400,2021.02.05 17:00:00,1800,True,True,0.001428,True,True,True,True,True,True,True,True,True,True,True,True,,,,,,
USD_NFP_1612542600,1612542600,2021.02.05 16:30:00,2021,CORE_2015_2025,NFP,USDCAD,BASE,840030016,Nonfarm Payrolls,True,"840030015,840030016,840030018,840030019",USD_840020001:Trade Balance|USD_840020023:Exports|USD_840020024:Imports|USD_840030017:Participation Rate|USD_840030020:Average Weekly Hours|USD_840030022:Government Payrolls|USD_840030023:Private Nonfarm Payrolls|USD_840030024:U6 Unemployment Rate|USD_840030032:Manufacturing Payrolls|EUR_999010014:ECB Vice President de Guindos Speech|GBP_826020032:BoE Governor Bailey Speech|CAD_124010011:Employment Change|CAD_124010012:Full-Time Employment Change|CAD_124010013:Part-Time Employment Change|CAD_124010014:Unemployment Rate|CAD_124010015:Participation Rate|CAD_124010016:Imports|CAD_124010017:Exports|CAD_124010018:Trade Balance,True,True,False,49.0,-497.0,-140.0,-227.0,546.0,189.0,POSITIVE,POSITIVE,1,1,1,1,True,1612544400,2021.02.05 17:00:00,1800,True,True,0.001467,True,True,True,True,True,True,True,True,True,True,True,True,,,,,,
USD_NFP_1612542600,1612542600,2021.02.05 16:30:00,2021,CORE_2015_2025,NFP,USDCHF,BASE,840030016,Nonfarm Payrolls,True,"840030015,840030016,840030018,840030019",USD_840020001:Trade Balance|USD_840020023:Exports|USD_840020024:Imports|USD_840030017:Participation Rate|USD_840030020:Average Weekly Hours|USD_840030022:Government Payrolls|USD_840030023:Private Nonfarm Payrolls|USD_840030024:U6 Unemployment Rate|USD_840030032:Manufacturing Payrolls|EUR_999010014:ECB Vice President de Guindos Speech|GBP_826020032:BoE Governor Bailey Speech|CAD_124010011:Employment Change|CAD_124010012:Full-Time Employment Change|CAD_124010013:Part-Time Employment Change|CAD_124010014:Unemployment Rate|CAD_124010015:Participation Rate|CAD_124010016:Imports|CAD_124010017:Exports|CAD_124010018:Trade Balance,True,True,False,49.0,-497.0,-140.0,-227.0,546.0,189.0,POSITIVE,POSITIVE,1,1,1,1,True,1612544400,2021.02.05 17:00:00,1800,True,True,0.000912,True,True,True,True,True,True,True,True,True,True,True,True,,,,,,
USD_NFP_1612542600,1612542600,2021.02.05 16:30:00,2021,CORE_2015_2025,NFP,USDJPY,BASE,840030016,Nonfarm Payrolls,True,"840030015,840030016,840030018,840030019",USD_840020001:Trade Balance|USD_840020023:Exports|USD_840020024:Imports|USD_840030017:Participation Rate|USD_840030020:Average Weekly Hours|USD_840030022:Government Payrolls|USD_840030023:Private Nonfarm Payrolls|USD_840030024:U6 Unemployment Rate|USD_840030032:Manufacturing Payrolls|EUR_999010014:ECB Vice President de Guindos Speech|GBP_826020032:BoE Governor Bailey Speech|CAD_124010011:Employment Change|CAD_124010012:Full-Time Employment Change|CAD_124010013:Part-Time Employment Change|CAD_124010014:Unemployment Rate|CAD_124010015:Participation Rate|CAD_124010016:Imports|CAD_124010017:Exports|CAD_124010018:Trade Balance,True,True,False,49.0,-497.0,-140.0,-227.0,546.0,189.0,POSITIVE,POSITIVE,1,1,1,1,True,1612544400,2021.02.05 17:00:00,1800,True,True,0.102411,True,True,True,True,True,True,True,True,True,True,True,True,,,,,,
USD_NFP_1614961800,1614961800,2021.03.05 16:30:00,2021,CORE_2015_2025,NFP,AUDUSD,QUOTE,840030016,Nonfarm Payrolls,True,"840030015,840030016,840030018,840030019",USD_840020001:Trade Balance|USD_840020023:Exports|USD_840020024:Imports|USD_840030017:Participation Rate|USD_840030020:Average Weekly Hours|USD_840030022:Government Payrolls|USD_840030023:Private Nonfarm Payrolls|USD_840030024:U6 Unemployment Rate|USD_840030032:Manufacturing Payrolls|CAD_124010016:Imports|CAD_124010017:Exports|CAD_124010018:Trade Balance,False,True,False,379.0,-137.0,49.0,166.0,516.0,330.0,POSITIVE,POSITIVE,1,-1,1,-1,True,1614963600,2021.03.05 17:00:00,1800,True,True,0.002241,True,True,True,True,True,True,True,True,True,True,True,True,,,,,,
USD_NFP_1614961800,1614961800,2021.03.05 16:30:00,2021,CORE_2015_2025,NFP,EURUSD,QUOTE,840030016,Nonfarm Payrolls,True,"840030015,840030016,840030018,840030019",USD_840020001:Trade Balance|USD_840020023:Exports|USD_840020024:Imports|USD_840030017:Participation Rate|USD_840030020:Average Weekly Hours|USD_840030022:Government Payrolls|USD_840030023:Private Nonfarm Payrolls|USD_840030024:U6 Unemployment Rate|USD_840030032:Manufacturing Payrolls|CAD_124010016:Imports|CAD_124010017:Exports|CAD_124010018:Trade Balance,False,True,False,379.0,-137.0,49.0,166.0,516.0,330.0,POSITIVE,POSITIVE,1,-1,1,-1,True,1614963600,2021.03.05 17:00:00,1800,True,True,0.001771,True,True,True,True,True,True,True,True,True,True,True,True,,,,,,
USD_NFP_1614961800,1614961800,2021.03.05 16:30:00,2021,CORE_2015_2025,NFP,GBPUSD,QUOTE,840030016,Nonfarm Payrolls,True,"840030015,840030016,840030018,840030019",USD_840020001:Trade Balance|USD_840020023:Exports|USD_840020024:Imports|USD_840030017:Participation Rate|USD_840030020:Average Weekly Hours|USD_840030022:Government Payrolls|USD_840030023:Private Nonfarm Payrolls|USD_840030024:U6 Unemployment Rate|USD_840030032:Manufacturing Payrolls|CAD_124010016:Imports|CAD_124010017:Exports|CAD_124010018:Trade Balance,False,True,False,379.0,-137.0,49.0,166.0,516.0,330.0,POSITIVE,POSITIVE,1,-1,1,-1,True,1614963600,2021.03.05 17:00:00,1800,True,True,0.002800,True,True,True,True,True,True,True,True,True,True,True,True,,,,,,
USD_NFP_1614961800,1614961800,2021.03.05 16:30:00,2021,CORE_2015_2025,NFP,NZDUSD,QUOTE,840030016,Nonfarm Payrolls,True,"840030015,840030016,840030018,840030019",USD_840020001:Trade Balance|USD_840020023:Exports|USD_840020024:Imports|USD_840030017:Participation Rate|USD_840030020:Average Weekly Hours|USD_840030022:Government Payrolls|USD_840030023:Private Nonfarm Payrolls|USD_840030024:U6 Unemployment Rate|USD_840030032:Manufacturing Payrolls|CAD_124010016:Imports|CAD_124010017:Exports|CAD_124010018:Trade Balance,False,True,False,379.0,-137.0,49.0,166.0,516.0,330.0,POSITIVE,POSITIVE,1,-1,1,-1,True,1614963600,2021.03.05 17:00:00,1800,True,True,0.001891,True,True,True,True,True,True,True,True,True,True,True,True,,,,,,
USD_NFP_1614961800,1614961800,2021.03.05 16:30:00,2021,CORE_2015_2025,NFP,USDCAD,BASE,840030016,Nonfarm Payrolls,True,"840030015,840030016,840030018,840030019",USD_840020001:Trade Balance|USD_840020023:Exports|USD_840020024:Imports|USD_840030017:Participation Rate|USD_840030020:Average Weekly Hours|USD_840030022:Government Payrolls|USD_840030023:Private Nonfarm Payrolls|USD_840030024:U6 Unemployment Rate|USD_840030032:Manufacturing Payrolls|CAD_124010016:Imports|CAD_124010017:Exports|CAD_124010018:Trade Balance,False,True,False,379.0,-137.0,49.0,166.0,516.0,330.0,POSITIVE,POSITIVE,1,1,1,1,True,1614963600,2021.03.05 17:00:00,1800,True,True,0.002494,True,True,True,True,True,True,True,True,True,True,True,True,,,,,,
USD_NFP_1614961800,1614961800,2021.03.05 16:30:00,2021,CORE_2015_2025,NFP,USDCHF,BASE,840030016,Nonfarm Payrolls,True,"840030015,840030016,840030018,840030019",USD_840020001:Trade Balance|USD_840020023:Exports|USD_840020024:Imports|USD_840030017:Participation Rate|USD_840030020:Average Weekly Hours|USD_840030022:Government Payrolls|USD_840030023:Private Nonfarm Payrolls|USD_840030024:U6 Unemployment Rate|USD_840030032:Manufacturing Payrolls|CAD_124010016:Imports|CAD_124010017:Exports|CAD_124010018:Trade Balance,False,True,False,379.0,-137.0,49.0,166.0,516.0,330.0,POSITIVE,POSITIVE,1,1,1,1,True,1614963600,2021.03.05 17:00:00,1800,True,True,0.001424,True,True,True,True,True,True,True,True,True,True,True,True,,,,,,
USD_NFP_1614961800,1614961800,2021.03.05 16:30:00,2021,CORE_2015_2025,NFP,USDJPY,BASE,840030016,Nonfarm Payrolls,True,"840030015,840030016,840030018,840030019",USD_840020001:Trade Balance|USD_840020023:Exports|USD_840020024:Imports|USD_840030017:Participation Rate|USD_840030020:Average Weekly Hours|USD_840030022:Government Payrolls|USD_840030023:Private Nonfarm Payrolls|USD_840030024:U6 Unemployment Rate|USD_840030032:Manufacturing Payrolls|CAD_124010016:Imports|CAD_124010017:Exports|CAD_124010018:Trade Balance,False,True,False,379.0,-137.0,49.0,166.0,516.0,330.0,POSITIVE,POSITIVE,1,1,1,1,True,1614963600,2021.03.05 17:00:00,1800,True,True,0.163146,True,True,True,True,True,True,True,True,True,True,True,True,,,,,,
USD_NFP_1617377400,1617377400,2021.04.02 15:30:00,2021,CORE_2015_2025,NFP,AUDUSD,QUOTE,840030016,Nonfarm Payrolls,True,"840030015,840030016,840030018,840030019",USD_840030017:Participation Rate|USD_840030020:Average Weekly Hours|USD_840030022:Government Payrolls|USD_840030023:Private Nonfarm Payrolls|USD_840030024:U6 Unemployment Rate|USD_840030032:Manufacturing Payrolls,False,False,False,916.0,409.0,379.0,468.0,507.0,537.0,POSITIVE,POSITIVE,1,-1,1,-1,True,1617379200,2021.04.02 16:00:00,1800,True,True,0.000931,True,True,True,True,True,True,True,True,True,True,True,True,,,,,,
USD_NFP_1617377400,1617377400,2021.04.02 15:30:00,2021,CORE_2015_2025,NFP,EURUSD,QUOTE,840030016,Nonfarm Payrolls,True,"840030015,840030016,840030018,840030019",USD_840030017:Participation Rate|USD_840030020:Average Weekly Hours|USD_840030022:Government Payrolls|USD_840030023:Private Nonfarm Payrolls|USD_840030024:U6 Unemployment Rate|USD_840030032:Manufacturing Payrolls,False,False,False,916.0,409.0,379.0,468.0,507.0,537.0,POSITIVE,POSITIVE,1,-1,1,-1,True,1617379200,2021.04.02 16:00:00,1800,True,True,0.000913,True,True,True,True,True,True,True,True,True,True,True,True,,,,,,
USD_NFP_1617377400,1617377400,2021.04.02 15:30:00,2021,CORE_2015_2025,NFP,GBPUSD,QUOTE,840030016,Nonfarm Payrolls,True,"840030015,840030016,840030018,840030019",USD_840030017:Participation Rate|USD_840030020:Average Weekly Hours|USD_840030022:Government Payrolls|USD_840030023:Private Nonfarm Payrolls|USD_840030024:U6 Unemployment Rate|USD_840030032:Manufacturing Payrolls,False,False,False,916.0,409.0,379.0,468.0,507.0,537.0,POSITIVE,POSITIVE,1,-1,1,-1,True,1617379200,2021.04.02 16:00:00,1800,True,True,0.001112,True,True,True,True,True,True,True,True,True,True,True,True,,,,,,
USD_NFP_1617377400,1617377400,2021.04.02 15:30:00,2021,CORE_2015_2025,NFP,NZDUSD,QUOTE,840030016,Nonfarm Payrolls,True,"840030015,840030016,840030018,840030019",USD_840030017:Participation Rate|USD_840030020:Average Weekly Hours|USD_840030022:Government Payrolls|USD_840030023:Private Nonfarm Payrolls|USD_840030024:U6 Unemployment Rate|USD_840030032:Manufacturing Payrolls,False,False,False,916.0,409.0,379.0,468.0,507.0,537.0,POSITIVE,POSITIVE,1,-1,1,-1,True,1617379200,2021.04.02 16:00:00,1800,True,True,0.000981,True,True,True,True,True,True,True,True,True,True,True,True,,,,,,
USD_NFP_1617377400,1617377400,2021.04.02 15:30:00,2021,CORE_2015_2025,NFP,USDCAD,BASE,840030016,Nonfarm Payrolls,True,"840030015,840030016,840030018,840030019",USD_840030017:Participation Rate|USD_840030020:Average Weekly Hours|USD_840030022:Government Payrolls|USD_840030023:Private Nonfarm Payrolls|USD_840030024:U6 Unemployment Rate|USD_840030032:Manufacturing Payrolls,False,False,False,916.0,409.0,379.0,468.0,507.0,537.0,POSITIVE,POSITIVE,1,1,1,1,True,1617379200,2021.04.02 16:00:00,1800,True,True,0.000993,True,True,True,True,True,True,True,True,True,True,True,True,,,,,,
USD_NFP_1617377400,1617377400,2021.04.02 15:30:00,2021,CORE_2015_2025,NFP,USDCHF,BASE,840030016,Nonfarm Payrolls,True,"840030015,840030016,840030018,840030019",USD_840030017:Participation Rate|USD_840030020:Average Weekly Hours|USD_840030022:Government Payrolls|USD_840030023:Private Nonfarm Payrolls|USD_840030024:U6 Unemployment Rate|USD_840030032:Manufacturing Payrolls,False,False,False,916.0,409.0,379.0,468.0,507.0,537.0,POSITIVE,POSITIVE,1,1,1,1,True,1617379200,2021.04.02 16:00:00,1800,True,True,0.000790,True,True,True,True,True,True,True,True,True,True,True,True,,,,,,
USD_NFP_1617377400,1617377400,2021.04.02 15:30:00,2021,CORE_2015_2025,NFP,USDJPY,BASE,840030016,Nonfarm Payrolls,True,"840030015,840030016,840030018,840030019",USD_840030017:Participation Rate|USD_840030020:Average Weekly Hours|USD_840030022:Government Payrolls|USD_840030023:Private Nonfarm Payrolls|USD_840030024:U6 Unemployment Rate|USD_840030032:Manufacturing Payrolls,False,False,False,916.0,409.0,379.0,468.0,507.0,537.0,POSITIVE,POSITIVE,1,1,1,1,True,1617379200,2021.04.02 16:00:00,1800,True,True,0.091604,True,True,True,True,True,True,True,True,True,True,True,True,,,,,,
USD_NFP_1620401400,1620401400,2021.05.07 15:30:00,2021,CORE_2015_2025,NFP,AUDUSD,QUOTE,840030016,Nonfarm Payrolls,True,"840030015,840030016,840030018,840030019",USD_840030017:Participation Rate|USD_840030020:Average Weekly Hours|USD_840030022:Government Payrolls|USD_840030023:Private Nonfarm Payrolls|USD_840030024:U6 Unemployment Rate|USD_840030032:Manufacturing Payrolls|CAD_124010011:Employment Change|CAD_124010012:Full-Time Employment Change|CAD_124010013:Part-Time Employment Change|CAD_124010014:Unemployment Rate|CAD_124010015:Participation Rate,True,False,False,266.0,-1.0,916.0,770.0,267.0,-650.0,POSITIVE,NEGATIVE,1,-1,-1,1,True,1620403200,2021.05.07 16:00:00,1800,True,True,0.001092,True,True,True,True,True,True,True,True,True,True,True,True,,,,,,
USD_NFP_1620401400,1620401400,2021.05.07 15:30:00,2021,CORE_2015_2025,NFP,EURUSD,QUOTE,840030016,Nonfarm Payrolls,True,"840030015,840030016,840030018,840030019",USD_840030017:Participation Rate|USD_840030020:Average Weekly Hours|USD_840030022:Government Payrolls|USD_840030023:Private Nonfarm Payrolls|USD_840030024:U6 Unemployment Rate|USD_840030032:Manufacturing Payrolls|CAD_124010011:Employment Change|CAD_124010012:Full-Time Employment Change|CAD_124010013:Part-Time Employment Change|CAD_124010014:Unemployment Rate|CAD_124010015:Participation Rate,True,False,False,266.0,-1.0,916.0,770.0,267.0,-650.0,POSITIVE,NEGATIVE,1,-1,-1,1,True,1620403200,2021.05.07 16:00:00,1800,True,True,0.001147,True,True,True,True,True,True,True,True,True,True,True,True,,,,,,
USD_NFP_1620401400,1620401400,2021.05.07 15:30:00,2021,CORE_2015_2025,NFP,GBPUSD,QUOTE,840030016,Nonfarm Payrolls,True,"840030015,840030016,840030018,840030019",USD_840030017:Participation Rate|USD_840030020:Average Weekly Hours|USD_840030022:Government Payrolls|USD_840030023:Private Nonfarm Payrolls|USD_840030024:U6 Unemployment Rate|USD_840030032:Manufacturing Payrolls|CAD_124010011:Employment Change|CAD_124010012:Full-Time Employment Change|CAD_124010013:Part-Time Employment Change|CAD_124010014:Unemployment Rate|CAD_124010015:Participation Rate,True,False,False,266.0,-1.0,916.0,770.0,267.0,-650.0,POSITIVE,NEGATIVE,1,-1,-1,1,True,1620403200,2021.05.07 16:00:00,1800,True,True,0.001505,True,True,True,True,True,True,True,True,True,True,True,True,,,,,,
USD_NFP_1620401400,1620401400,2021.05.07 15:30:00,2021,CORE_2015_2025,NFP,NZDUSD,QUOTE,840030016,Nonfarm Payrolls,True,"840030015,840030016,840030018,840030019",USD_840030017:Participation Rate|USD_840030020:Average Weekly Hours|USD_840030022:Government Payrolls|USD_840030023:Private Nonfarm Payrolls|USD_840030024:U6 Unemployment Rate|USD_840030032:Manufacturing Payrolls|CAD_124010011:Employment Change|CAD_124010012:Full-Time Employment Change|CAD_124010013:Part-Time Employment Change|CAD_124010014:Unemployment Rate|CAD_124010015:Participation Rate,True,False,False,266.0,-1.0,916.0,770.0,267.0,-650.0,POSITIVE,NEGATIVE,1,-1,-1,1,True,1620403200,2021.05.07 16:00:00,1800,True,True,0.001231,True,True,True,True,True,True,True,True,True,True,True,True,,,,,,
USD_NFP_1620401400,1620401400,2021.05.07 15:30:00,2021,CORE_2015_2025,NFP,USDCAD,BASE,840030016,Nonfarm Payrolls,True,"840030015,840030016,840030018,840030019",USD_840030017:Participation Rate|USD_840030020:Average Weekly Hours|USD_840030022:Government Payrolls|USD_840030023:Private Nonfarm Payrolls|USD_840030024:U6 Unemployment Rate|USD_840030032:Manufacturing Payrolls|CAD_124010011:Employment Change|CAD_124010012:Full-Time Employment Change|CAD_124010013:Part-Time Employment Change|CAD_124010014:Unemployment Rate|CAD_124010015:Participation Rate,True,False,False,266.0,-1.0,916.0,770.0,267.0,-650.0,POSITIVE,NEGATIVE,1,1,-1,-1,True,1620403200,2021.05.07 16:00:00,1800,True,True,0.001278,True,True,True,True,True,True,True,True,True,True,True,True,,,,,,
USD_NFP_1620401400,1620401400,2021.05.07 15:30:00,2021,CORE_2015_2025,NFP,USDCHF,BASE,840030016,Nonfarm Payrolls,True,"840030015,840030016,840030018,840030019",USD_840030017:Participation Rate|USD_840030020:Average Weekly Hours|USD_840030022:Government Payrolls|USD_840030023:Private Nonfarm Payrolls|USD_840030024:U6 Unemployment Rate|USD_840030032:Manufacturing Payrolls|CAD_124010011:Employment Change|CAD_124010012:Full-Time Employment Change|CAD_124010013:Part-Time Employment Change|CAD_124010014:Unemployment Rate|CAD_124010015:Participation Rate,True,False,False,266.0,-1.0,916.0,770.0,267.0,-650.0,POSITIVE,NEGATIVE,1,1,-1,-1,True,1620403200,2021.05.07 16:00:00,1800,True,True,0.001081,True,True,True,True,True,True,True,True,True,True,True,True,,,,,,
USD_NFP_1620401400,1620401400,2021.05.07 15:30:00,2021,CORE_2015_2025,NFP,USDJPY,BASE,840030016,Nonfarm Payrolls,True,"840030015,840030016,840030018,840030019",USD_840030017:Participation Rate|USD_840030020:Average Weekly Hours|USD_840030022:Government Payrolls|USD_840030023:Private Nonfarm Payrolls|USD_840030024:U6 Unemployment Rate|USD_840030032:Manufacturing Payrolls|CAD_124010011:Employment Change|CAD_124010012:Full-Time Employment Change|CAD_124010013:Part-Time Employment Change|CAD_124010014:Unemployment Rate|CAD_124010015:Participation Rate,True,False,False,266.0,-1.0,916.0,770.0,267.0,-650.0,POSITIVE,NEGATIVE,1,1,-1,-1,True,1620403200,2021.05.07 16:00:00,1800,True,True,0.094897,True,True,True,True,True,True,True,True,True,True,True,True,,,,,,
USD_NFP_1622820600,1622820600,2021.06.04 15:30:00,2021,CORE_2015_2025,NFP,AUDUSD,QUOTE,840030016,Nonfarm Payrolls,True,"840030015,840030016,840030018,840030019",USD_840030017:Participation Rate|USD_840030020:Average Weekly Hours|USD_840030022:Government Payrolls|USD_840030023:Private Nonfarm Payrolls|USD_840030024:U6 Unemployment Rate|USD_840030032:Manufacturing Payrolls|CAD_124010011:Employment Change|CAD_124010012:Full-Time Employment Change|CAD_124010013:Part-Time Employment Change|CAD_124010014:Unemployment Rate|CAD_124010015:Participation Rate|CAD_124010028:Labor Productivity q/q,True,False,False,559.0,-396.0,266.0,278.0,955.0,293.0,POSITIVE,POSITIVE,1,-1,1,-1,True,1622822400,2021.06.04 16:00:00,1800,True,True,0.001031,True,True,True,True,True,True,True,True,True,True,True,True,,,,,,
USD_NFP_1622820600,1622820600,2021.06.04 15:30:00,2021,CORE_2015_2025,NFP,EURUSD,QUOTE,840030016,Nonfarm Payrolls,True,"840030015,840030016,840030018,840030019",USD_840030017:Participation Rate|USD_840030020:Average Weekly Hours|USD_840030022:Government Payrolls|USD_840030023:Private Nonfarm Payrolls|USD_840030024:U6 Unemployment Rate|USD_840030032:Manufacturing Payrolls|CAD_124010011:Employment Change|CAD_124010012:Full-Time Employment Change|CAD_124010013:Part-Time Employment Change|CAD_124010014:Unemployment Rate|CAD_124010015:Participation Rate|CAD_124010028:Labor Productivity q/q,True,False,False,559.0,-396.0,266.0,278.0,955.0,293.0,POSITIVE,POSITIVE,1,-1,1,-1,True,1622822400,2021.06.04 16:00:00,1800,True,True,0.000995,True,True,True,True,True,True,True,True,True,True,True,True,,,,,,
USD_NFP_1622820600,1622820600,2021.06.04 15:30:00,2021,CORE_2015_2025,NFP,GBPUSD,QUOTE,840030016,Nonfarm Payrolls,True,"840030015,840030016,840030018,840030019",USD_840030017:Participation Rate|USD_840030020:Average Weekly Hours|USD_840030022:Government Payrolls|USD_840030023:Private Nonfarm Payrolls|USD_840030024:U6 Unemployment Rate|USD_840030032:Manufacturing Payrolls|CAD_124010011:Employment Change|CAD_124010012:Full-Time Employment Change|CAD_124010013:Part-Time Employment Change|CAD_124010014:Unemployment Rate|CAD_124010015:Participation Rate|CAD_124010028:Labor Productivity q/q,True,False,False,559.0,-396.0,266.0,278.0,955.0,293.0,POSITIVE,POSITIVE,1,-1,1,-1,True,1622822400,2021.06.04 16:00:00,1800,True,True,0.001468,True,True,True,True,True,True,True,True,True,True,True,True,,,,,,
USD_NFP_1622820600,1622820600,2021.06.04 15:30:00,2021,CORE_2015_2025,NFP,NZDUSD,QUOTE,840030016,Nonfarm Payrolls,True,"840030015,840030016,840030018,840030019",USD_840030017:Participation Rate|USD_840030020:Average Weekly Hours|USD_840030022:Government Payrolls|USD_840030023:Private Nonfarm Payrolls|USD_840030024:U6 Unemployment Rate|USD_840030032:Manufacturing Payrolls|CAD_124010011:Employment Change|CAD_124010012:Full-Time Employment Change|CAD_124010013:Part-Time Employment Change|CAD_124010014:Unemployment Rate|CAD_124010015:Participation Rate|CAD_124010028:Labor Productivity q/q,True,False,False,559.0,-396.0,266.0,278.0,955.0,293.0,POSITIVE,POSITIVE,1,-1,1,-1,True,1622822400,2021.06.04 16:00:00,1800,True,True,0.001011,True,True,True,True,True,True,True,True,True,True,True,True,,,,,,
USD_NFP_1622820600,1622820600,2021.06.04 15:30:00,2021,CORE_2015_2025,NFP,USDCAD,BASE,840030016,Nonfarm Payrolls,True,"840030015,840030016,840030018,840030019",USD_840030017:Participation Rate|USD_840030020:Average Weekly Hours|USD_840030022:Government Payrolls|USD_840030023:Private Nonfarm Payrolls|USD_840030024:U6 Unemployment Rate|USD_840030032:Manufacturing Payrolls|CAD_124010011:Employment Change|CAD_124010012:Full-Time Employment Change|CAD_124010013:Part-Time Employment Change|CAD_124010014:Unemployment Rate|CAD_124010015:Participation Rate|CAD_124010028:Labor Productivity q/q,True,False,False,559.0,-396.0,266.0,278.0,955.0,293.0,POSITIVE,POSITIVE,1,1,1,1,True,1622822400,2021.06.04 16:00:00,1800,True,True,0.001085,True,True,True,True,True,True,True,True,True,True,True,True,,,,,,
USD_NFP_1622820600,1622820600,2021.06.04 15:30:00,2021,CORE_2015_2025,NFP,USDCHF,BASE,840030016,Nonfarm Payrolls,True,"840030015,840030016,840030018,840030019",USD_840030017:Participation Rate|USD_840030020:Average Weekly Hours|USD_840030022:Government Payrolls|USD_840030023:Private Nonfarm Payrolls|USD_840030024:U6 Unemployment Rate|USD_840030032:Manufacturing Payrolls|CAD_124010011:Employment Change|CAD_124010012:Full-Time Employment Change|CAD_124010013:Part-Time Employment Change|CAD_124010014:Unemployment Rate|CAD_124010015:Participation Rate|CAD_124010028:Labor Productivity q/q,True,False,False,559.0,-396.0,266.0,278.0,955.0,293.0,POSITIVE,POSITIVE,1,1,1,1,True,1622822400,2021.06.04 16:00:00,1800,True,True,0.000774,True,True,True,True,True,True,True,True,True,True,True,True,,,,,,
USD_NFP_1622820600,1622820600,2021.06.04 15:30:00,2021,CORE_2015_2025,NFP,USDJPY,BASE,840030016,Nonfarm Payrolls,True,"840030015,840030016,840030018,840030019",USD_840030017:Participation Rate|USD_840030020:Average Weekly Hours|USD_840030022:Government Payrolls|USD_840030023:Private Nonfarm Payrolls|USD_840030024:U6 Unemployment Rate|USD_840030032:Manufacturing Payrolls|CAD_124010011:Employment Change|CAD_124010012:Full-Time Employment Change|CAD_124010013:Part-Time Employment Change|CAD_124010014:Unemployment Rate|CAD_124010015:Participation Rate|CAD_124010028:Labor Productivity q/q,True,False,False,559.0,-396.0,266.0,278.0,955.0,293.0,POSITIVE,POSITIVE,1,1,1,1,True,1622822400,2021.06.04 16:00:00,1800,True,True,0.080275,True,True,True,True,True,True,True,True,True,True,True,True,,,,,,
USD_NFP_1625239800,1625239800,2021.07.02 15:30:00,2021,CORE_2015_2025,NFP,AUDUSD,QUOTE,840030016,Nonfarm Payrolls,True,"840030015,840030016,840030018,840030019",USD_840020001:Trade Balance|USD_840020023:Exports|USD_840020024:Imports|USD_840030017:Participation Rate|USD_840030020:Average Weekly Hours|USD_840030022:Government Payrolls|USD_840030023:Private Nonfarm Payrolls|USD_840030024:U6 Unemployment Rate|USD_840030032:Manufacturing Payrolls|EUR_999010029:ECB President Lagarde Speech|CAD_124010001:Building Permits m/m|CAD_124010016:Imports|CAD_124010017:Exports|CAD_124010018:Trade Balance,False,True,False,850.0,3.0,559.0,583.0,847.0,291.0,POSITIVE,POSITIVE,1,-1,1,-1,True,1625241600,2021.07.02 16:00:00,1800,True,True,0.000920,True,True,True,True,True,True,True,True,True,True,True,True,,,,,,
USD_NFP_1625239800,1625239800,2021.07.02 15:30:00,2021,CORE_2015_2025,NFP,EURUSD,QUOTE,840030016,Nonfarm Payrolls,True,"840030015,840030016,840030018,840030019",USD_840020001:Trade Balance|USD_840020023:Exports|USD_840020024:Imports|USD_840030017:Participation Rate|USD_840030020:Average Weekly Hours|USD_840030022:Government Payrolls|USD_840030023:Private Nonfarm Payrolls|USD_840030024:U6 Unemployment Rate|USD_840030032:Manufacturing Payrolls|EUR_999010029:ECB President Lagarde Speech|CAD_124010001:Building Permits m/m|CAD_124010016:Imports|CAD_124010017:Exports|CAD_124010018:Trade Balance,False,True,False,850.0,3.0,559.0,583.0,847.0,291.0,POSITIVE,POSITIVE,1,-1,1,-1,True,1625241600,2021.07.02 16:00:00,1800,True,True,0.000964,True,True,True,True,True,True,True,True,True,True,True,True,,,,,,
USD_NFP_1625239800,1625239800,2021.07.02 15:30:00,2021,CORE_2015_2025,NFP,GBPUSD,QUOTE,840030016,Nonfarm Payrolls,True,"840030015,840030016,840030018,840030019",USD_840020001:Trade Balance|USD_840020023:Exports|USD_840020024:Imports|USD_840030017:Participation Rate|USD_840030020:Average Weekly Hours|USD_840030022:Government Payrolls|USD_840030023:Private Nonfarm Payrolls|USD_840030024:U6 Unemployment Rate|USD_840030032:Manufacturing Payrolls|EUR_999010029:ECB President Lagarde Speech|CAD_124010001:Building Permits m/m|CAD_124010016:Imports|CAD_124010017:Exports|CAD_124010018:Trade Balance,False,True,False,850.0,3.0,559.0,583.0,847.0,291.0,POSITIVE,POSITIVE,1,-1,1,-1,True,1625241600,2021.07.02 16:00:00,1800,True,True,0.001370,True,True,True,True,True,True,True,True,True,True,True,True,,,,,,
USD_NFP_1625239800,1625239800,2021.07.02 15:30:00,2021,CORE_2015_2025,NFP,NZDUSD,QUOTE,840030016,Nonfarm Payrolls,True,"840030015,840030016,840030018,840030019",USD_840020001:Trade Balance|USD_840020023:Exports|USD_840020024:Imports|USD_840030017:Participation Rate|USD_840030020:Average Weekly Hours|USD_840030022:Government Payrolls|USD_840030023:Private Nonfarm Payrolls|USD_840030024:U6 Unemployment Rate|USD_840030032:Manufacturing Payrolls|EUR_999010029:ECB President Lagarde Speech|CAD_124010001:Building Permits m/m|CAD_124010016:Imports|CAD_124010017:Exports|CAD_124010018:Trade Balance,False,True,False,850.0,3.0,559.0,583.0,847.0,291.0,POSITIVE,POSITIVE,1,-1,1,-1,True,1625241600,2021.07.02 16:00:00,1800,True,True,0.000951,True,True,True,True,True,True,True,True,True,True,True,True,,,,,,
USD_NFP_1625239800,1625239800,2021.07.02 15:30:00,2021,CORE_2015_2025,NFP,USDCAD,BASE,840030016,Nonfarm Payrolls,True,"840030015,840030016,840030018,840030019",USD_840020001:Trade Balance|USD_840020023:Exports|USD_840020024:Imports|USD_840030017:Participation Rate|USD_840030020:Average Weekly Hours|USD_840030022:Government Payrolls|USD_840030023:Private Nonfarm Payrolls|USD_840030024:U6 Unemployment Rate|USD_840030032:Manufacturing Payrolls|EUR_999010029:ECB President Lagarde Speech|CAD_124010001:Building Permits m/m|CAD_124010016:Imports|CAD_124010017:Exports|CAD_124010018:Trade Balance,False,True,False,850.0,3.0,559.0,583.0,847.0,291.0,POSITIVE,POSITIVE,1,1,1,1,True,1625241600,2021.07.02 16:00:00,1800,True,True,0.001288,True,True,True,True,True,True,True,True,True,True,True,True,,,,,,
USD_NFP_1625239800,1625239800,2021.07.02 15:30:00,2021,CORE_2015_2025,NFP,USDCHF,BASE,840030016,Nonfarm Payrolls,True,"840030015,840030016,840030018,840030019",USD_840020001:Trade Balance|USD_840020023:Exports|USD_840020024:Imports|USD_840030017:Participation Rate|USD_840030020:Average Weekly Hours|USD_840030022:Government Payrolls|USD_840030023:Private Nonfarm Payrolls|USD_840030024:U6 Unemployment Rate|USD_840030032:Manufacturing Payrolls|EUR_999010029:ECB President Lagarde Speech|CAD_124010001:Building Permits m/m|CAD_124010016:Imports|CAD_124010017:Exports|CAD_124010018:Trade Balance,False,True,False,850.0,3.0,559.0,583.0,847.0,291.0,POSITIVE,POSITIVE,1,1,1,1,True,1625241600,2021.07.02 16:00:00,1800,True,True,0.000963,True,True,True,True,True,True,True,True,True,True,True,True,,,,,,
USD_NFP_1625239800,1625239800,2021.07.02 15:30:00,2021,CORE_2015_2025,NFP,USDJPY,BASE,840030016,Nonfarm Payrolls,True,"840030015,840030016,840030018,840030019",USD_840020001:Trade Balance|USD_840020023:Exports|USD_840020024:Imports|USD_840030017:Participation Rate|USD_840030020:Average Weekly Hours|USD_840030022:Government Payrolls|USD_840030023:Private Nonfarm Payrolls|USD_840030024:U6 Unemployment Rate|USD_840030032:Manufacturing Payrolls|EUR_999010029:ECB President Lagarde Speech|CAD_124010001:Building Permits m/m|CAD_124010016:Imports|CAD_124010017:Exports|CAD_124010018:Trade Balance,False,True,False,850.0,3.0,559.0,583.0,847.0,291.0,POSITIVE,POSITIVE,1,1,1,1,True,1625241600,2021.07.02 16:00:00,1800,True,True,0.085325,True,True,True,True,True,True,True,True,True,True,True,True,,,,,,
USD_NFP_1628263800,1628263800,2021.08.06 15:30:00,2021,CORE_2015_2025,NFP,AUDUSD,QUOTE,840030016,Nonfarm Payrolls,True,"840030015,840030016,840030018,840030019",USD_840030017:Participation Rate|USD_840030020:Average Weekly Hours|USD_840030022:Government Payrolls|USD_840030023:Private Nonfarm Payrolls|USD_840030024:U6 Unemployment Rate|USD_840030032:Manufacturing Payrolls|CAD_124010011:Employment Change|CAD_124010012:Full-Time Employment Change|CAD_124010013:Part-Time Employment Change|CAD_124010014:Unemployment Rate|CAD_124010015:Participation Rate,True,False,False,943.0,381.0,850.0,938.0,562.0,93.0,POSITIVE,POSITIVE,1,-1,1,-1,True,1628265600,2021.08.06 16:00:00,1800,True,True,0.000841,True,True,True,True,True,True,True,True,True,True,True,True,,,,,,
USD_NFP_1628263800,1628263800,2021.08.06 15:30:00,2021,CORE_2015_2025,NFP,EURUSD,QUOTE,840030016,Nonfarm Payrolls,True,"840030015,840030016,840030018,840030019",USD_840030017:Participation Rate|USD_840030020:Average Weekly Hours|USD_840030022:Government Payrolls|USD_840030023:Private Nonfarm Payrolls|USD_840030024:U6 Unemployment Rate|USD_840030032:Manufacturing Payrolls|CAD_124010011:Employment Change|CAD_124010012:Full-Time Employment Change|CAD_124010013:Part-Time Employment Change|CAD_124010014:Unemployment Rate|CAD_124010015:Participation Rate,True,False,False,943.0,381.0,850.0,938.0,562.0,93.0,POSITIVE,POSITIVE,1,-1,1,-1,True,1628265600,2021.08.06 16:00:00,1800,True,True,0.000874,True,True,True,True,True,True,True,True,True,True,True,True,,,,,,
USD_NFP_1628263800,1628263800,2021.08.06 15:30:00,2021,CORE_2015_2025,NFP,GBPUSD,QUOTE,840030016,Nonfarm Payrolls,True,"840030015,840030016,840030018,840030019",USD_840030017:Participation Rate|USD_840030020:Average Weekly Hours|USD_840030022:Government Payrolls|USD_840030023:Private Nonfarm Payrolls|USD_840030024:U6 Unemployment Rate|USD_840030032:Manufacturing Payrolls|CAD_124010011:Employment Change|CAD_124010012:Full-Time Employment Change|CAD_124010013:Part-Time Employment Change|CAD_124010014:Unemployment Rate|CAD_124010015:Participation Rate,True,False,False,943.0,381.0,850.0,938.0,562.0,93.0,POSITIVE,POSITIVE,1,-1,1,-1,True,1628265600,2021.08.06 16:00:00,1800,True,True,0.001296,True,True,True,True,True,True,True,True,True,True,True,True,,,,,,
USD_NFP_1628263800,1628263800,2021.08.06 15:30:00,2021,CORE_2015_2025,NFP,NZDUSD,QUOTE,840030016,Nonfarm Payrolls,True,"840030015,840030016,840030018,840030019",USD_840030017:Participation Rate|USD_840030020:Average Weekly Hours|USD_840030022:Government Payrolls|USD_840030023:Private Nonfarm Payrolls|USD_840030024:U6 Unemployment Rate|USD_840030032:Manufacturing Payrolls|CAD_124010011:Employment Change|CAD_124010012:Full-Time Employment Change|CAD_124010013:Part-Time Employment Change|CAD_124010014:Unemployment Rate|CAD_124010015:Participation Rate,True,False,False,943.0,381.0,850.0,938.0,562.0,93.0,POSITIVE,POSITIVE,1,-1,1,-1,True,1628265600,2021.08.06 16:00:00,1800,True,True,0.000799,True,True,True,True,True,True,True,True,True,True,True,True,,,,,,
USD_NFP_1628263800,1628263800,2021.08.06 15:30:00,2021,CORE_2015_2025,NFP,USDCAD,BASE,840030016,Nonfarm Payrolls,True,"840030015,840030016,840030018,840030019",USD_840030017:Participation Rate|USD_840030020:Average Weekly Hours|USD_840030022:Government Payrolls|USD_840030023:Private Nonfarm Payrolls|USD_840030024:U6 Unemployment Rate|USD_840030032:Manufacturing Payrolls|CAD_124010011:Employment Change|CAD_124010012:Full-Time Employment Change|CAD_124010013:Part-Time Employment Change|CAD_124010014:Unemployment Rate|CAD_124010015:Participation Rate,True,False,False,943.0,381.0,850.0,938.0,562.0,93.0,POSITIVE,POSITIVE,1,1,1,1,True,1628265600,2021.08.06 16:00:00,1800,True,True,0.001011,True,True,True,True,True,True,True,True,True,True,True,True,,,,,,
USD_NFP_1628263800,1628263800,2021.08.06 15:30:00,2021,CORE_2015_2025,NFP,USDCHF,BASE,840030016,Nonfarm Payrolls,True,"840030015,840030016,840030018,840030019",USD_840030017:Participation Rate|USD_840030020:Average Weekly Hours|USD_840030022:Government Payrolls|USD_840030023:Private Nonfarm Payrolls|USD_840030024:U6 Unemployment Rate|USD_840030032:Manufacturing Payrolls|CAD_124010011:Employment Change|CAD_124010012:Full-Time Employment Change|CAD_124010013:Part-Time Employment Change|CAD_124010014:Unemployment Rate|CAD_124010015:Participation Rate,True,False,False,943.0,381.0,850.0,938.0,562.0,93.0,POSITIVE,POSITIVE,1,1,1,1,True,1628265600,2021.08.06 16:00:00,1800,True,True,0.000719,True,True,True,True,True,True,True,True,True,True,True,True,,,,,,
USD_NFP_1628263800,1628263800,2021.08.06 15:30:00,2021,CORE_2015_2025,NFP,USDJPY,BASE,840030016,Nonfarm Payrolls,True,"840030015,840030016,840030018,840030019",USD_840030017:Participation Rate|USD_840030020:Average Weekly Hours|USD_840030022:Government Payrolls|USD_840030023:Private Nonfarm Payrolls|USD_840030024:U6 Unemployment Rate|USD_840030032:Manufacturing Payrolls|CAD_124010011:Employment Change|CAD_124010012:Full-Time Employment Change|CAD_124010013:Part-Time Employment Change|CAD_124010014:Unemployment Rate|CAD_124010015:Participation Rate,True,False,False,943.0,381.0,850.0,938.0,562.0,93.0,POSITIVE,POSITIVE,1,1,1,1,True,1628265600,2021.08.06 16:00:00,1800,True,True,0.076979,True,True,True,True,True,True,True,True,True,True,True,True,,,,,,
USD_NFP_1630683000,1630683000,2021.09.03 15:30:00,2021,CORE_2015_2025,NFP,AUDUSD,QUOTE,840030016,Nonfarm Payrolls,True,"840030015,840030016,840030018,840030019",USD_840030017:Participation Rate|USD_840030020:Average Weekly Hours|USD_840030022:Government Payrolls|USD_840030023:Private Nonfarm Payrolls|USD_840030024:U6 Unemployment Rate|USD_840030032:Manufacturing Payrolls|CAD_124010028:Labor Productivity q/q,False,False,False,235.0,23.0,943.0,1053.0,212.0,-708.0,POSITIVE,NEGATIVE,1,-1,-1,1,True,1630684800,2021.09.03 16:00:00,1800,True,True,0.000889,True,True,True,True,True,True,True,True,True,True,True,True,,,,,,
USD_NFP_1630683000,1630683000,2021.09.03 15:30:00,2021,CORE_2015_2025,NFP,EURUSD,QUOTE,840030016,Nonfarm Payrolls,True,"840030015,840030016,840030018,840030019",USD_840030017:Participation Rate|USD_840030020:Average Weekly Hours|USD_840030022:Government Payrolls|USD_840030023:Private Nonfarm Payrolls|USD_840030024:U6 Unemployment Rate|USD_840030032:Manufacturing Payrolls|CAD_124010028:Labor Productivity q/q,False,False,False,235.0,23.0,943.0,1053.0,212.0,-708.0,POSITIVE,NEGATIVE,1,-1,-1,1,True,1630684800,2021.09.03 16:00:00,1800,True,True,0.000706,True,True,True,True,True,True,True,True,True,True,True,True,,,,,,
USD_NFP_1630683000,1630683000,2021.09.03 15:30:00,2021,CORE_2015_2025,NFP,GBPUSD,QUOTE,840030016,Nonfarm Payrolls,True,"840030015,840030016,840030018,840030019",USD_840030017:Participation Rate|USD_840030020:Average Weekly Hours|USD_840030022:Government Payrolls|USD_840030023:Private Nonfarm Payrolls|USD_840030024:U6 Unemployment Rate|USD_840030032:Manufacturing Payrolls|CAD_124010028:Labor Productivity q/q,False,False,False,235.0,23.0,943.0,1053.0,212.0,-708.0,POSITIVE,NEGATIVE,1,-1,-1,1,True,1630684800,2021.09.03 16:00:00,1800,True,True,0.001176,True,True,True,True,True,True,True,True,True,True,True,True,,,,,,
USD_NFP_1630683000,1630683000,2021.09.03 15:30:00,2021,CORE_2015_2025,NFP,NZDUSD,QUOTE,840030016,Nonfarm Payrolls,True,"840030015,840030016,840030018,840030019",USD_840030017:Participation Rate|USD_840030020:Average Weekly Hours|USD_840030022:Government Payrolls|USD_840030023:Private Nonfarm Payrolls|USD_840030024:U6 Unemployment Rate|USD_840030032:Manufacturing Payrolls|CAD_124010028:Labor Productivity q/q,False,False,False,235.0,23.0,943.0,1053.0,212.0,-708.0,POSITIVE,NEGATIVE,1,-1,-1,1,True,1630684800,2021.09.03 16:00:00,1800,True,True,0.000922,True,True,True,True,True,True,True,True,True,True,True,True,,,,,,
USD_NFP_1630683000,1630683000,2021.09.03 15:30:00,2021,CORE_2015_2025,NFP,USDCAD,BASE,840030016,Nonfarm Payrolls,True,"840030015,840030016,840030018,840030019",USD_840030017:Participation Rate|USD_840030020:Average Weekly Hours|USD_840030022:Government Payrolls|USD_840030023:Private Nonfarm Payrolls|USD_840030024:U6 Unemployment Rate|USD_840030032:Manufacturing Payrolls|CAD_124010028:Labor Productivity q/q,False,False,False,235.0,23.0,943.0,1053.0,212.0,-708.0,POSITIVE,NEGATIVE,1,1,-1,-1,True,1630684800,2021.09.03 16:00:00,1800,True,True,0.001159,True,True,True,True,True,True,True,True,True,True,True,True,,,,,,
USD_NFP_1630683000,1630683000,2021.09.03 15:30:00,2021,CORE_2015_2025,NFP,USDCHF,BASE,840030016,Nonfarm Payrolls,True,"840030015,840030016,840030018,840030019",USD_840030017:Participation Rate|USD_840030020:Average Weekly Hours|USD_840030022:Government Payrolls|USD_840030023:Private Nonfarm Payrolls|USD_840030024:U6 Unemployment Rate|USD_840030032:Manufacturing Payrolls|CAD_124010028:Labor Productivity q/q,False,False,False,235.0,23.0,943.0,1053.0,212.0,-708.0,POSITIVE,NEGATIVE,1,1,-1,-1,True,1630684800,2021.09.03 16:00:00,1800,True,True,0.000768,True,True,True,True,True,True,True,True,True,True,True,True,,,,,,
USD_NFP_1630683000,1630683000,2021.09.03 15:30:00,2021,CORE_2015_2025,NFP,USDJPY,BASE,840030016,Nonfarm Payrolls,True,"840030015,840030016,840030018,840030019",USD_840030017:Participation Rate|USD_840030020:Average Weekly Hours|USD_840030022:Government Payrolls|USD_840030023:Private Nonfarm Payrolls|USD_840030024:U6 Unemployment Rate|USD_840030032:Manufacturing Payrolls|CAD_124010028:Labor Productivity q/q,False,False,False,235.0,23.0,943.0,1053.0,212.0,-708.0,POSITIVE,NEGATIVE,1,1,-1,-1,True,1630684800,2021.09.03 16:00:00,1800,True,True,0.075147,True,True,True,True,True,True,True,True,True,True,True,True,,,,,,
USD_NFP_1633707000,1633707000,2021.10.08 15:30:00,2021,CORE_2015_2025,NFP,AUDUSD,QUOTE,840030016,Nonfarm Payrolls,True,"840030015,840030016,840030018,840030019",USD_840030017:Participation Rate|USD_840030020:Average Weekly Hours|USD_840030022:Government Payrolls|USD_840030023:Private Nonfarm Payrolls|USD_840030024:U6 Unemployment Rate|USD_840030032:Manufacturing Payrolls|CAD_124010011:Employment Change|CAD_124010012:Full-Time Employment Change|CAD_124010013:Part-Time Employment Change|CAD_124010014:Unemployment Rate|CAD_124010015:Participation Rate,True,False,False,194.0,-302.0,235.0,366.0,496.0,-41.0,POSITIVE,NEGATIVE,1,-1,-1,1,True,1633708800,2021.10.08 16:00:00,1800,True,True,0.000987,True,True,True,True,True,True,True,True,True,True,True,True,,,,,,
USD_NFP_1633707000,1633707000,2021.10.08 15:30:00,2021,CORE_2015_2025,NFP,EURUSD,QUOTE,840030016,Nonfarm Payrolls,True,"840030015,840030016,840030018,840030019",USD_840030017:Participation Rate|USD_840030020:Average Weekly Hours|USD_840030022:Government Payrolls|USD_840030023:Private Nonfarm Payrolls|USD_840030024:U6 Unemployment Rate|USD_840030032:Manufacturing Payrolls|CAD_124010011:Employment Change|CAD_124010012:Full-Time Employment Change|CAD_124010013:Part-Time Employment Change|CAD_124010014:Unemployment Rate|CAD_124010015:Participation Rate,True,False,False,194.0,-302.0,235.0,366.0,496.0,-41.0,POSITIVE,NEGATIVE,1,-1,-1,1,True,1633708800,2021.10.08 16:00:00,1800,True,True,0.000869,True,True,True,True,True,True,True,True,True,True,True,True,,,,,,
USD_NFP_1633707000,1633707000,2021.10.08 15:30:00,2021,CORE_2015_2025,NFP,GBPUSD,QUOTE,840030016,Nonfarm Payrolls,True,"840030015,840030016,840030018,840030019",USD_840030017:Participation Rate|USD_840030020:Average Weekly Hours|USD_840030022:Government Payrolls|USD_840030023:Private Nonfarm Payrolls|USD_840030024:U6 Unemployment Rate|USD_840030032:Manufacturing Payrolls|CAD_124010011:Employment Change|CAD_124010012:Full-Time Employment Change|CAD_124010013:Part-Time Employment Change|CAD_124010014:Unemployment Rate|CAD_124010015:Participation Rate,True,False,False,194.0,-302.0,235.0,366.0,496.0,-41.0,POSITIVE,NEGATIVE,1,-1,-1,1,True,1633708800,2021.10.08 16:00:00,1800,True,True,0.001403,True,True,True,True,True,True,True,True,True,True,True,True,,,,,,
USD_NFP_1633707000,1633707000,2021.10.08 15:30:00,2021,CORE_2015_2025,NFP,NZDUSD,QUOTE,840030016,Nonfarm Payrolls,True,"840030015,840030016,840030018,840030019",USD_840030017:Participation Rate|USD_840030020:Average Weekly Hours|USD_840030022:Government Payrolls|USD_840030023:Private Nonfarm Payrolls|USD_840030024:U6 Unemployment Rate|USD_840030032:Manufacturing Payrolls|CAD_124010011:Employment Change|CAD_124010012:Full-Time Employment Change|CAD_124010013:Part-Time Employment Change|CAD_124010014:Unemployment Rate|CAD_124010015:Participation Rate,True,False,False,194.0,-302.0,235.0,366.0,496.0,-41.0,POSITIVE,NEGATIVE,1,-1,-1,1,True,1633708800,2021.10.08 16:00:00,1800,True,True,0.000988,True,True,True,True,True,True,True,True,True,True,True,True,,,,,,
USD_NFP_1633707000,1633707000,2021.10.08 15:30:00,2021,CORE_2015_2025,NFP,USDCAD,BASE,840030016,Nonfarm Payrolls,True,"840030015,840030016,840030018,840030019",USD_840030017:Participation Rate|USD_840030020:Average Weekly Hours|USD_840030022:Government Payrolls|USD_840030023:Private Nonfarm Payrolls|USD_840030024:U6 Unemployment Rate|USD_840030032:Manufacturing Payrolls|CAD_124010011:Employment Change|CAD_124010012:Full-Time Employment Change|CAD_124010013:Part-Time Employment Change|CAD_124010014:Unemployment Rate|CAD_124010015:Participation Rate,True,False,False,194.0,-302.0,235.0,366.0,496.0,-41.0,POSITIVE,NEGATIVE,1,1,-1,-1,True,1633708800,2021.10.08 16:00:00,1800,True,True,0.001260,True,True,True,True,True,True,True,True,True,True,True,True,,,,,,
USD_NFP_1633707000,1633707000,2021.10.08 15:30:00,2021,CORE_2015_2025,NFP,USDCHF,BASE,840030016,Nonfarm Payrolls,True,"840030015,840030016,840030018,840030019",USD_840030017:Participation Rate|USD_840030020:Average Weekly Hours|USD_840030022:Government Payrolls|USD_840030023:Private Nonfarm Payrolls|USD_840030024:U6 Unemployment Rate|USD_840030032:Manufacturing Payrolls|CAD_124010011:Employment Change|CAD_124010012:Full-Time Employment Change|CAD_124010013:Part-Time Employment Change|CAD_124010014:Unemployment Rate|CAD_124010015:Participation Rate,True,False,False,194.0,-302.0,235.0,366.0,496.0,-41.0,POSITIVE,NEGATIVE,1,1,-1,-1,True,1633708800,2021.10.08 16:00:00,1800,True,True,0.000832,True,True,True,True,True,True,True,True,True,True,True,True,,,,,,
USD_NFP_1633707000,1633707000,2021.10.08 15:30:00,2021,CORE_2015_2025,NFP,USDJPY,BASE,840030016,Nonfarm Payrolls,True,"840030015,840030016,840030018,840030019",USD_840030017:Participation Rate|USD_840030020:Average Weekly Hours|USD_840030022:Government Payrolls|USD_840030023:Private Nonfarm Payrolls|USD_840030024:U6 Unemployment Rate|USD_840030032:Manufacturing Payrolls|CAD_124010011:Employment Change|CAD_124010012:Full-Time Employment Change|CAD_124010013:Part-Time Employment Change|CAD_124010014:Unemployment Rate|CAD_124010015:Participation Rate,True,False,False,194.0,-302.0,235.0,366.0,496.0,-41.0,POSITIVE,NEGATIVE,1,1,-1,-1,True,1633708800,2021.10.08 16:00:00,1800,True,True,0.093949,True,True,True,True,True,True,True,True,True,True,True,True,,,,,,
USD_NFP_1636126200,1636126200,2021.11.05 15:30:00,2021,CORE_2015_2025,NFP,AUDUSD,QUOTE,840030016,Nonfarm Payrolls,True,"840030015,840030016,840030018,840030019",USD_840030017:Participation Rate|USD_840030020:Average Weekly Hours|USD_840030022:Government Payrolls|USD_840030023:Private Nonfarm Payrolls|USD_840030024:U6 Unemployment Rate|USD_840030032:Manufacturing Payrolls|CAD_124010011:Employment Change|CAD_124010012:Full-Time Employment Change|CAD_124010013:Part-Time Employment Change|CAD_124010014:Unemployment Rate|CAD_124010015:Participation Rate,True,False,False,531.0,-54.0,194.0,312.0,585.0,337.0,POSITIVE,POSITIVE,1,-1,1,-1,True,1636128000,2021.11.05 16:00:00,1800,True,True,0.001209,True,True,True,True,True,True,True,True,True,True,True,True,,,,,,
USD_NFP_1636126200,1636126200,2021.11.05 15:30:00,2021,CORE_2015_2025,NFP,EURUSD,QUOTE,840030016,Nonfarm Payrolls,True,"840030015,840030016,840030018,840030019",USD_840030017:Participation Rate|USD_840030020:Average Weekly Hours|USD_840030022:Government Payrolls|USD_840030023:Private Nonfarm Payrolls|USD_840030024:U6 Unemployment Rate|USD_840030032:Manufacturing Payrolls|CAD_124010011:Employment Change|CAD_124010012:Full-Time Employment Change|CAD_124010013:Part-Time Employment Change|CAD_124010014:Unemployment Rate|CAD_124010015:Participation Rate,True,False,False,531.0,-54.0,194.0,312.0,585.0,337.0,POSITIVE,POSITIVE,1,-1,1,-1,True,1636128000,2021.11.05 16:00:00,1800,True,True,0.001078,True,True,True,True,True,True,True,True,True,True,True,True,,,,,,
USD_NFP_1636126200,1636126200,2021.11.05 15:30:00,2021,CORE_2015_2025,NFP,GBPUSD,QUOTE,840030016,Nonfarm Payrolls,True,"840030015,840030016,840030018,840030019",USD_840030017:Participation Rate|USD_840030020:Average Weekly Hours|USD_840030022:Government Payrolls|USD_840030023:Private Nonfarm Payrolls|USD_840030024:U6 Unemployment Rate|USD_840030032:Manufacturing Payrolls|CAD_124010011:Employment Change|CAD_124010012:Full-Time Employment Change|CAD_124010013:Part-Time Employment Change|CAD_124010014:Unemployment Rate|CAD_124010015:Participation Rate,True,False,False,531.0,-54.0,194.0,312.0,585.0,337.0,POSITIVE,POSITIVE,1,-1,1,-1,True,1636128000,2021.11.05 16:00:00,1800,True,True,0.002053,True,True,True,True,True,True,True,True,True,True,True,True,,,,,,
USD_NFP_1636126200,1636126200,2021.11.05 15:30:00,2021,CORE_2015_2025,NFP,NZDUSD,QUOTE,840030016,Nonfarm Payrolls,True,"840030015,840030016,840030018,840030019",USD_840030017:Participation Rate|USD_840030020:Average Weekly Hours|USD_840030022:Government Payrolls|USD_840030023:Private Nonfarm Payrolls|USD_840030024:U6 Unemployment Rate|USD_840030032:Manufacturing Payrolls|CAD_124010011:Employment Change|CAD_124010012:Full-Time Employment Change|CAD_124010013:Part-Time Employment Change|CAD_124010014:Unemployment Rate|CAD_124010015:Participation Rate,True,False,False,531.0,-54.0,194.0,312.0,585.0,337.0,POSITIVE,POSITIVE,1,-1,1,-1,True,1636128000,2021.11.05 16:00:00,1800,True,True,0.001193,True,True,True,True,True,True,True,True,True,True,True,True,,,,,,
USD_NFP_1636126200,1636126200,2021.11.05 15:30:00,2021,CORE_2015_2025,NFP,USDCAD,BASE,840030016,Nonfarm Payrolls,True,"840030015,840030016,840030018,840030019",USD_840030017:Participation Rate|USD_840030020:Average Weekly Hours|USD_840030022:Government Payrolls|USD_840030023:Private Nonfarm Payrolls|USD_840030024:U6 Unemployment Rate|USD_840030032:Manufacturing Payrolls|CAD_124010011:Employment Change|CAD_124010012:Full-Time Employment Change|CAD_124010013:Part-Time Employment Change|CAD_124010014:Unemployment Rate|CAD_124010015:Participation Rate,True,False,False,531.0,-54.0,194.0,312.0,585.0,337.0,POSITIVE,POSITIVE,1,1,1,1,True,1636128000,2021.11.05 16:00:00,1800,True,True,0.001296,True,True,True,True,True,True,True,True,True,True,True,True,,,,,,
USD_NFP_1636126200,1636126200,2021.11.05 15:30:00,2021,CORE_2015_2025,NFP,USDCHF,BASE,840030016,Nonfarm Payrolls,True,"840030015,840030016,840030018,840030019",USD_840030017:Participation Rate|USD_840030020:Average Weekly Hours|USD_840030022:Government Payrolls|USD_840030023:Private Nonfarm Payrolls|USD_840030024:U6 Unemployment Rate|USD_840030032:Manufacturing Payrolls|CAD_124010011:Employment Change|CAD_124010012:Full-Time Employment Change|CAD_124010013:Part-Time Employment Change|CAD_124010014:Unemployment Rate|CAD_124010015:Participation Rate,True,False,False,531.0,-54.0,194.0,312.0,585.0,337.0,POSITIVE,POSITIVE,1,1,1,1,True,1636128000,2021.11.05 16:00:00,1800,True,True,0.001074,True,True,True,True,True,True,True,True,True,True,True,True,,,,,,
USD_NFP_1636126200,1636126200,2021.11.05 15:30:00,2021,CORE_2015_2025,NFP,USDJPY,BASE,840030016,Nonfarm Payrolls,True,"840030015,840030016,840030018,840030019",USD_840030017:Participation Rate|USD_840030020:Average Weekly Hours|USD_840030022:Government Payrolls|USD_840030023:Private Nonfarm Payrolls|USD_840030024:U6 Unemployment Rate|USD_840030032:Manufacturing Payrolls|CAD_124010011:Employment Change|CAD_124010012:Full-Time Employment Change|CAD_124010013:Part-Time Employment Change|CAD_124010014:Unemployment Rate|CAD_124010015:Participation Rate,True,False,False,531.0,-54.0,194.0,312.0,585.0,337.0,POSITIVE,POSITIVE,1,1,1,1,True,1636128000,2021.11.05 16:00:00,1800,True,True,0.121782,True,True,True,True,True,True,True,True,True,True,True,True,,,,,,
USD_NFP_1638549000,1638549000,2021.12.03 16:30:00,2021,CORE_2015_2025,NFP,AUDUSD,QUOTE,840030016,Nonfarm Payrolls,True,"840030015,840030016,840030018,840030019",USD_840030017:Participation Rate|USD_840030020:Average Weekly Hours|USD_840030022:Government Payrolls|USD_840030023:Private Nonfarm Payrolls|USD_840030024:U6 Unemployment Rate|USD_840030032:Manufacturing Payrolls|CAD_124010011:Employment Change|CAD_124010012:Full-Time Employment Change|CAD_124010013:Part-Time Employment Change|CAD_124010014:Unemployment Rate|CAD_124010015:Participation Rate|CAD_124010028:Labor Productivity q/q,True,False,False,210.0,330.0,531.0,546.0,-120.0,-321.0,NEGATIVE,NEGATIVE,-1,1,-1,1,True,1638550800,2021.12.03 17:00:00,1800,True,True,0.001265,True,True,True,True,True,True,True,True,True,True,True,True,,,,,,
USD_NFP_1638549000,1638549000,2021.12.03 16:30:00,2021,CORE_2015_2025,NFP,EURUSD,QUOTE,840030016,Nonfarm Payrolls,True,"840030015,840030016,840030018,840030019",USD_840030017:Participation Rate|USD_840030020:Average Weekly Hours|USD_840030022:Government Payrolls|USD_840030023:Private Nonfarm Payrolls|USD_840030024:U6 Unemployment Rate|USD_840030032:Manufacturing Payrolls|CAD_124010011:Employment Change|CAD_124010012:Full-Time Employment Change|CAD_124010013:Part-Time Employment Change|CAD_124010014:Unemployment Rate|CAD_124010015:Participation Rate|CAD_124010028:Labor Productivity q/q,True,False,False,210.0,330.0,531.0,546.0,-120.0,-321.0,NEGATIVE,NEGATIVE,-1,1,-1,1,True,1638550800,2021.12.03 17:00:00,1800,True,True,0.001503,True,True,True,True,True,True,True,True,True,True,True,True,,,,,,
USD_NFP_1638549000,1638549000,2021.12.03 16:30:00,2021,CORE_2015_2025,NFP,GBPUSD,QUOTE,840030016,Nonfarm Payrolls,True,"840030015,840030016,840030018,840030019",USD_840030017:Participation Rate|USD_840030020:Average Weekly Hours|USD_840030022:Government Payrolls|USD_840030023:Private Nonfarm Payrolls|USD_840030024:U6 Unemployment Rate|USD_840030032:Manufacturing Payrolls|CAD_124010011:Employment Change|CAD_124010012:Full-Time Employment Change|CAD_124010013:Part-Time Employment Change|CAD_124010014:Unemployment Rate|CAD_124010015:Participation Rate|CAD_124010028:Labor Productivity q/q,True,False,False,210.0,330.0,531.0,546.0,-120.0,-321.0,NEGATIVE,NEGATIVE,-1,1,-1,1,True,1638550800,2021.12.03 17:00:00,1800,True,True,0.001756,True,True,True,True,True,True,True,True,True,True,True,True,,,,,,
USD_NFP_1638549000,1638549000,2021.12.03 16:30:00,2021,CORE_2015_2025,NFP,NZDUSD,QUOTE,840030016,Nonfarm Payrolls,True,"840030015,840030016,840030018,840030019",USD_840030017:Participation Rate|USD_840030020:Average Weekly Hours|USD_840030022:Government Payrolls|USD_840030023:Private Nonfarm Payrolls|USD_840030024:U6 Unemployment Rate|USD_840030032:Manufacturing Payrolls|CAD_124010011:Employment Change|CAD_124010012:Full-Time Employment Change|CAD_124010013:Part-Time Employment Change|CAD_124010014:Unemployment Rate|CAD_124010015:Participation Rate|CAD_124010028:Labor Productivity q/q,True,False,False,210.0,330.0,531.0,546.0,-120.0,-321.0,NEGATIVE,NEGATIVE,-1,1,-1,1,True,1638550800,2021.12.03 17:00:00,1800,True,True,0.001258,True,True,True,True,True,True,True,True,True,True,True,True,,,,,,
USD_NFP_1638549000,1638549000,2021.12.03 16:30:00,2021,CORE_2015_2025,NFP,USDCAD,BASE,840030016,Nonfarm Payrolls,True,"840030015,840030016,840030018,840030019",USD_840030017:Participation Rate|USD_840030020:Average Weekly Hours|USD_840030022:Government Payrolls|USD_840030023:Private Nonfarm Payrolls|USD_840030024:U6 Unemployment Rate|USD_840030032:Manufacturing Payrolls|CAD_124010011:Employment Change|CAD_124010012:Full-Time Employment Change|CAD_124010013:Part-Time Employment Change|CAD_124010014:Unemployment Rate|CAD_124010015:Participation Rate|CAD_124010028:Labor Productivity q/q,True,False,False,210.0,330.0,531.0,546.0,-120.0,-321.0,NEGATIVE,NEGATIVE,-1,-1,-1,-1,True,1638550800,2021.12.03 17:00:00,1800,True,True,0.001905,True,True,True,True,True,True,True,True,True,True,True,True,,,,,,
USD_NFP_1638549000,1638549000,2021.12.03 16:30:00,2021,CORE_2015_2025,NFP,USDCHF,BASE,840030016,Nonfarm Payrolls,True,"840030015,840030016,840030018,840030019",USD_840030017:Participation Rate|USD_840030020:Average Weekly Hours|USD_840030022:Government Payrolls|USD_840030023:Private Nonfarm Payrolls|USD_840030024:U6 Unemployment Rate|USD_840030032:Manufacturing Payrolls|CAD_124010011:Employment Change|CAD_124010012:Full-Time Employment Change|CAD_124010013:Part-Time Employment Change|CAD_124010014:Unemployment Rate|CAD_124010015:Participation Rate|CAD_124010028:Labor Productivity q/q,True,False,False,210.0,330.0,531.0,546.0,-120.0,-321.0,NEGATIVE,NEGATIVE,-1,-1,-1,-1,True,1638550800,2021.12.03 17:00:00,1800,True,True,0.001261,True,True,True,True,True,True,True,True,True,True,True,True,,,,,,
USD_NFP_1638549000,1638549000,2021.12.03 16:30:00,2021,CORE_2015_2025,NFP,USDJPY,BASE,840030016,Nonfarm Payrolls,True,"840030015,840030016,840030018,840030019",USD_840030017:Participation Rate|USD_840030020:Average Weekly Hours|USD_840030022:Government Payrolls|USD_840030023:Private Nonfarm Payrolls|USD_840030024:U6 Unemployment Rate|USD_840030032:Manufacturing Payrolls|CAD_124010011:Employment Change|CAD_124010012:Full-Time Employment Change|CAD_124010013:Part-Time Employment Change|CAD_124010014:Unemployment Rate|CAD_124010015:Participation Rate|CAD_124010028:Labor Productivity q/q,True,False,False,210.0,330.0,531.0,546.0,-120.0,-321.0,NEGATIVE,NEGATIVE,-1,-1,-1,-1,True,1638550800,2021.12.03 17:00:00,1800,True,True,0.163936,True,True,True,True,True,True,True,True,True,True,True,True,,,,,,
USD_NFP_1641573000,1641573000,2022.01.07 16:30:00,2022,CORE_2015_2025,NFP,AUDUSD,QUOTE,840030016,Nonfarm Payrolls,True,"840030015,840030016,840030018,840030019",USD_840030017:Participation Rate|USD_840030020:Average Weekly Hours|USD_840030022:Government Payrolls|USD_840030023:Private Nonfarm Payrolls|USD_840030024:U6 Unemployment Rate|USD_840030032:Manufacturing Payrolls|CAD_124010011:Employment Change|CAD_124010012:Full-Time Employment Change|CAD_124010013:Part-Time Employment Change|CAD_124010014:Unemployment Rate|CAD_124010015:Participation Rate,True,False,False,199.0,379.0,210.0,249.0,-180.0,-11.0,NEGATIVE,NEGATIVE,-1,1,-1,1,True,1641574800,2022.01.07 17:00:00,1800,True,True,0.001190,True,True,True,True,True,True,True,True,True,True,True,True,,,,,,
USD_NFP_1641573000,1641573000,2022.01.07 16:30:00,2022,CORE_2015_2025,NFP,EURUSD,QUOTE,840030016,Nonfarm Payrolls,True,"840030015,840030016,840030018,840030019",USD_840030017:Participation Rate|USD_840030020:Average Weekly Hours|USD_840030022:Government Payrolls|USD_840030023:Private Nonfarm Payrolls|USD_840030024:U6 Unemployment Rate|USD_840030032:Manufacturing Payrolls|CAD_124010011:Employment Change|CAD_124010012:Full-Time Employment Change|CAD_124010013:Part-Time Employment Change|CAD_124010014:Unemployment Rate|CAD_124010015:Participation Rate,True,False,False,199.0,379.0,210.0,249.0,-180.0,-11.0,NEGATIVE,NEGATIVE,-1,1,-1,1,True,1641574800,2022.01.07 17:00:00,1800,True,True,0.001170,True,True,True,True,True,True,True,True,True,True,True,True,,,,,,
USD_NFP_1641573000,1641573000,2022.01.07 16:30:00,2022,CORE_2015_2025,NFP,GBPUSD,QUOTE,840030016,Nonfarm Payrolls,True,"840030015,840030016,840030018,840030019",USD_840030017:Participation Rate|USD_840030020:Average Weekly Hours|USD_840030022:Government Payrolls|USD_840030023:Private Nonfarm Payrolls|USD_840030024:U6 Unemployment Rate|USD_840030032:Manufacturing Payrolls|CAD_124010011:Employment Change|CAD_124010012:Full-Time Employment Change|CAD_124010013:Part-Time Employment Change|CAD_124010014:Unemployment Rate|CAD_124010015:Participation Rate,True,False,False,199.0,379.0,210.0,249.0,-180.0,-11.0,NEGATIVE,NEGATIVE,-1,1,-1,1,True,1641574800,2022.01.07 17:00:00,1800,True,True,0.001549,True,True,True,True,True,True,True,True,True,True,True,True,,,,,,
USD_NFP_1641573000,1641573000,2022.01.07 16:30:00,2022,CORE_2015_2025,NFP,NZDUSD,QUOTE,840030016,Nonfarm Payrolls,True,"840030015,840030016,840030018,840030019",USD_840030017:Participation Rate|USD_840030020:Average Weekly Hours|USD_840030022:Government Payrolls|USD_840030023:Private Nonfarm Payrolls|USD_840030024:U6 Unemployment Rate|USD_840030032:Manufacturing Payrolls|CAD_124010011:Employment Change|CAD_124010012:Full-Time Employment Change|CAD_124010013:Part-Time Employment Change|CAD_124010014:Unemployment Rate|CAD_124010015:Participation Rate,True,False,False,199.0,379.0,210.0,249.0,-180.0,-11.0,NEGATIVE,NEGATIVE,-1,1,-1,1,True,1641574800,2022.01.07 17:00:00,1800,True,True,0.001041,True,True,True,True,True,True,True,True,True,True,True,True,,,,,,
USD_NFP_1641573000,1641573000,2022.01.07 16:30:00,2022,CORE_2015_2025,NFP,USDCAD,BASE,840030016,Nonfarm Payrolls,True,"840030015,840030016,840030018,840030019",USD_840030017:Participation Rate|USD_840030020:Average Weekly Hours|USD_840030022:Government Payrolls|USD_840030023:Private Nonfarm Payrolls|USD_840030024:U6 Unemployment Rate|USD_840030032:Manufacturing Payrolls|CAD_124010011:Employment Change|CAD_124010012:Full-Time Employment Change|CAD_124010013:Part-Time Employment Change|CAD_124010014:Unemployment Rate|CAD_124010015:Participation Rate,True,False,False,199.0,379.0,210.0,249.0,-180.0,-11.0,NEGATIVE,NEGATIVE,-1,-1,-1,-1,True,1641574800,2022.01.07 17:00:00,1800,True,True,0.001640,True,True,True,True,True,True,True,True,True,True,True,True,,,,,,
USD_NFP_1641573000,1641573000,2022.01.07 16:30:00,2022,CORE_2015_2025,NFP,USDCHF,BASE,840030016,Nonfarm Payrolls,True,"840030015,840030016,840030018,840030019",USD_840030017:Participation Rate|USD_840030020:Average Weekly Hours|USD_840030022:Government Payrolls|USD_840030023:Private Nonfarm Payrolls|USD_840030024:U6 Unemployment Rate|USD_840030032:Manufacturing Payrolls|CAD_124010011:Employment Change|CAD_124010012:Full-Time Employment Change|CAD_124010013:Part-Time Employment Change|CAD_124010014:Unemployment Rate|CAD_124010015:Participation Rate,True,False,False,199.0,379.0,210.0,249.0,-180.0,-11.0,NEGATIVE,NEGATIVE,-1,-1,-1,-1,True,1641574800,2022.01.07 17:00:00,1800,True,True,0.000983,True,True,True,True,True,True,True,True,True,True,True,True,,,,,,
USD_NFP_1641573000,1641573000,2022.01.07 16:30:00,2022,CORE_2015_2025,NFP,USDJPY,BASE,840030016,Nonfarm Payrolls,True,"840030015,840030016,840030018,840030019",USD_840030017:Participation Rate|USD_840030020:Average Weekly Hours|USD_840030022:Government Payrolls|USD_840030023:Private Nonfarm Payrolls|USD_840030024:U6 Unemployment Rate|USD_840030032:Manufacturing Payrolls|CAD_124010011:Employment Change|CAD_124010012:Full-Time Employment Change|CAD_124010013:Part-Time Employment Change|CAD_124010014:Unemployment Rate|CAD_124010015:Participation Rate,True,False,False,199.0,379.0,210.0,249.0,-180.0,-11.0,NEGATIVE,NEGATIVE,-1,-1,-1,-1,True,1641574800,2022.01.07 17:00:00,1800,True,True,0.111068,True,True,True,True,True,True,True,True,True,True,True,True,,,,,,
USD_NFP_1643992200,1643992200,2022.02.04 16:30:00,2022,CORE_2015_2025,NFP,AUDUSD,QUOTE,840030016,Nonfarm Payrolls,True,"840030015,840030016,840030018,840030019",USD_840030017:Participation Rate|USD_840030020:Average Weekly Hours|USD_840030022:Government Payrolls|USD_840030023:Private Nonfarm Payrolls|USD_840030024:U6 Unemployment Rate|USD_840030032:Manufacturing Payrolls|CAD_124010011:Employment Change|CAD_124010012:Full-Time Employment Change|CAD_124010013:Part-Time Employment Change|CAD_124010014:Unemployment Rate|CAD_124010015:Participation Rate,True,False,False,467.0,-192.0,199.0,510.0,659.0,268.0,POSITIVE,POSITIVE,1,-1,1,-1,True,1643994000,2022.02.04 17:00:00,1800,True,True,0.001438,True,True,True,True,True,True,True,True,True,True,True,True,,,,,,
USD_NFP_1643992200,1643992200,2022.02.04 16:30:00,2022,CORE_2015_2025,NFP,EURUSD,QUOTE,840030016,Nonfarm Payrolls,True,"840030015,840030016,840030018,840030019",USD_840030017:Participation Rate|USD_840030020:Average Weekly Hours|USD_840030022:Government Payrolls|USD_840030023:Private Nonfarm Payrolls|USD_840030024:U6 Unemployment Rate|USD_840030032:Manufacturing Payrolls|CAD_124010011:Employment Change|CAD_124010012:Full-Time Employment Change|CAD_124010013:Part-Time Employment Change|CAD_124010014:Unemployment Rate|CAD_124010015:Participation Rate,True,False,False,467.0,-192.0,199.0,510.0,659.0,268.0,POSITIVE,POSITIVE,1,-1,1,-1,True,1643994000,2022.02.04 17:00:00,1800,True,True,0.001903,True,True,True,True,True,True,True,True,True,True,True,True,,,,,,
USD_NFP_1643992200,1643992200,2022.02.04 16:30:00,2022,CORE_2015_2025,NFP,GBPUSD,QUOTE,840030016,Nonfarm Payrolls,True,"840030015,840030016,840030018,840030019",USD_840030017:Participation Rate|USD_840030020:Average Weekly Hours|USD_840030022:Government Payrolls|USD_840030023:Private Nonfarm Payrolls|USD_840030024:U6 Unemployment Rate|USD_840030032:Manufacturing Payrolls|CAD_124010011:Employment Change|CAD_124010012:Full-Time Employment Change|CAD_124010013:Part-Time Employment Change|CAD_124010014:Unemployment Rate|CAD_124010015:Participation Rate,True,False,False,467.0,-192.0,199.0,510.0,659.0,268.0,POSITIVE,POSITIVE,1,-1,1,-1,True,1643994000,2022.02.04 17:00:00,1800,True,True,0.001946,True,True,True,True,True,True,True,True,True,True,True,True,,,,,,
USD_NFP_1643992200,1643992200,2022.02.04 16:30:00,2022,CORE_2015_2025,NFP,NZDUSD,QUOTE,840030016,Nonfarm Payrolls,True,"840030015,840030016,840030018,840030019",USD_840030017:Participation Rate|USD_840030020:Average Weekly Hours|USD_840030022:Government Payrolls|USD_840030023:Private Nonfarm Payrolls|USD_840030024:U6 Unemployment Rate|USD_840030032:Manufacturing Payrolls|CAD_124010011:Employment Change|CAD_124010012:Full-Time Employment Change|CAD_124010013:Part-Time Employment Change|CAD_124010014:Unemployment Rate|CAD_124010015:Participation Rate,True,False,False,467.0,-192.0,199.0,510.0,659.0,268.0,POSITIVE,POSITIVE,1,-1,1,-1,True,1643994000,2022.02.04 17:00:00,1800,True,True,0.001403,True,True,True,True,True,True,True,True,True,True,True,True,,,,,,
USD_NFP_1643992200,1643992200,2022.02.04 16:30:00,2022,CORE_2015_2025,NFP,USDCAD,BASE,840030016,Nonfarm Payrolls,True,"840030015,840030016,840030018,840030019",USD_840030017:Participation Rate|USD_840030020:Average Weekly Hours|USD_840030022:Government Payrolls|USD_840030023:Private Nonfarm Payrolls|USD_840030024:U6 Unemployment Rate|USD_840030032:Manufacturing Payrolls|CAD_124010011:Employment Change|CAD_124010012:Full-Time Employment Change|CAD_124010013:Part-Time Employment Change|CAD_124010014:Unemployment Rate|CAD_124010015:Participation Rate,True,False,False,467.0,-192.0,199.0,510.0,659.0,268.0,POSITIVE,POSITIVE,1,1,1,1,True,1643994000,2022.02.04 17:00:00,1800,True,True,0.001932,True,True,True,True,True,True,True,True,True,True,True,True,,,,,,
USD_NFP_1643992200,1643992200,2022.02.04 16:30:00,2022,CORE_2015_2025,NFP,USDCHF,BASE,840030016,Nonfarm Payrolls,True,"840030015,840030016,840030018,840030019",USD_840030017:Participation Rate|USD_840030020:Average Weekly Hours|USD_840030022:Government Payrolls|USD_840030023:Private Nonfarm Payrolls|USD_840030024:U6 Unemployment Rate|USD_840030032:Manufacturing Payrolls|CAD_124010011:Employment Change|CAD_124010012:Full-Time Employment Change|CAD_124010013:Part-Time Employment Change|CAD_124010014:Unemployment Rate|CAD_124010015:Participation Rate,True,False,False,467.0,-192.0,199.0,510.0,659.0,268.0,POSITIVE,POSITIVE,1,1,1,1,True,1643994000,2022.02.04 17:00:00,1800,True,True,0.001495,True,True,True,True,True,True,True,True,True,True,True,True,,,,,,
USD_NFP_1643992200,1643992200,2022.02.04 16:30:00,2022,CORE_2015_2025,NFP,USDJPY,BASE,840030016,Nonfarm Payrolls,True,"840030015,840030016,840030018,840030019",USD_840030017:Participation Rate|USD_840030020:Average Weekly Hours|USD_840030022:Government Payrolls|USD_840030023:Private Nonfarm Payrolls|USD_840030024:U6 Unemployment Rate|USD_840030032:Manufacturing Payrolls|CAD_124010011:Employment Change|CAD_124010012:Full-Time Employment Change|CAD_124010013:Part-Time Employment Change|CAD_124010014:Unemployment Rate|CAD_124010015:Participation Rate,True,False,False,467.0,-192.0,199.0,510.0,659.0,268.0,POSITIVE,POSITIVE,1,1,1,1,True,1643994000,2022.02.04 17:00:00,1800,True,True,0.141616,True,True,True,True,True,True,True,True,True,True,True,True,,,,,,
USD_NFP_1646411400,1646411400,2022.03.04 16:30:00,2022,CORE_2015_2025,NFP,AUDUSD,QUOTE,840030016,Nonfarm Payrolls,True,"840030015,840030016,840030018,840030019",USD_840030017:Participation Rate|USD_840030020:Average Weekly Hours|USD_840030022:Government Payrolls|USD_840030023:Private Nonfarm Payrolls|USD_840030024:U6 Unemployment Rate|USD_840030032:Manufacturing Payrolls|CAD_124010001:Building Permits m/m|CAD_124010028:Labor Productivity q/q,False,False,False,678.0,-413.0,467.0,481.0,1091.0,211.0,POSITIVE,POSITIVE,1,-1,1,-1,True,1646413200,2022.03.04 17:00:00,1800,True,True,0.001905,True,True,True,True,True,True,True,True,True,True,True,True,,,,,,
USD_NFP_1646411400,1646411400,2022.03.04 16:30:00,2022,CORE_2015_2025,NFP,EURUSD,QUOTE,840030016,Nonfarm Payrolls,True,"840030015,840030016,840030018,840030019",USD_840030017:Participation Rate|USD_840030020:Average Weekly Hours|USD_840030022:Government Payrolls|USD_840030023:Private Nonfarm Payrolls|USD_840030024:U6 Unemployment Rate|USD_840030032:Manufacturing Payrolls|CAD_124010001:Building Permits m/m|CAD_124010028:Labor Productivity q/q,False,False,False,678.0,-413.0,467.0,481.0,1091.0,211.0,POSITIVE,POSITIVE,1,-1,1,-1,True,1646413200,2022.03.04 17:00:00,1800,True,True,0.002383,True,True,True,True,True,True,True,True,True,True,True,True,,,,,,
USD_NFP_1646411400,1646411400,2022.03.04 16:30:00,2022,CORE_2015_2025,NFP,GBPUSD,QUOTE,840030016,Nonfarm Payrolls,True,"840030015,840030016,840030018,840030019",USD_840030017:Participation Rate|USD_840030020:Average Weekly Hours|USD_840030022:Government Payrolls|USD_840030023:Private Nonfarm Payrolls|USD_840030024:U6 Unemployment Rate|USD_840030032:Manufacturing Payrolls|CAD_124010001:Building Permits m/m|CAD_124010028:Labor Productivity q/q,False,False,False,678.0,-413.0,467.0,481.0,1091.0,211.0,POSITIVE,POSITIVE,1,-1,1,-1,True,1646413200,2022.03.04 17:00:00,1800,True,True,0.002399,True,True,True,True,True,True,True,True,True,True,True,True,,,,,,
USD_NFP_1646411400,1646411400,2022.03.04 16:30:00,2022,CORE_2015_2025,NFP,NZDUSD,QUOTE,840030016,Nonfarm Payrolls,True,"840030015,840030016,840030018,840030019",USD_840030017:Participation Rate|USD_840030020:Average Weekly Hours|USD_840030022:Government Payrolls|USD_840030023:Private Nonfarm Payrolls|USD_840030024:U6 Unemployment Rate|USD_840030032:Manufacturing Payrolls|CAD_124010001:Building Permits m/m|CAD_124010028:Labor Productivity q/q,False,False,False,678.0,-413.0,467.0,481.0,1091.0,211.0,POSITIVE,POSITIVE,1,-1,1,-1,True,1646413200,2022.03.04 17:00:00,1800,True,True,0.001570,True,True,True,True,True,True,True,True,True,True,True,True,,,,,,
USD_NFP_1646411400,1646411400,2022.03.04 16:30:00,2022,CORE_2015_2025,NFP,USDCAD,BASE,840030016,Nonfarm Payrolls,True,"840030015,840030016,840030018,840030019",USD_840030017:Participation Rate|USD_840030020:Average Weekly Hours|USD_840030022:Government Payrolls|USD_840030023:Private Nonfarm Payrolls|USD_840030024:U6 Unemployment Rate|USD_840030032:Manufacturing Payrolls|CAD_124010001:Building Permits m/m|CAD_124010028:Labor Productivity q/q,False,False,False,678.0,-413.0,467.0,481.0,1091.0,211.0,POSITIVE,POSITIVE,1,1,1,1,True,1646413200,2022.03.04 17:00:00,1800,True,True,0.002248,True,True,True,True,True,True,True,True,True,True,True,True,,,,,,
USD_NFP_1646411400,1646411400,2022.03.04 16:30:00,2022,CORE_2015_2025,NFP,USDCHF,BASE,840030016,Nonfarm Payrolls,True,"840030015,840030016,840030018,840030019",USD_840030017:Participation Rate|USD_840030020:Average Weekly Hours|USD_840030022:Government Payrolls|USD_840030023:Private Nonfarm Payrolls|USD_840030024:U6 Unemployment Rate|USD_840030032:Manufacturing Payrolls|CAD_124010001:Building Permits m/m|CAD_124010028:Labor Productivity q/q,False,False,False,678.0,-413.0,467.0,481.0,1091.0,211.0,POSITIVE,POSITIVE,1,1,1,1,True,1646413200,2022.03.04 17:00:00,1800,True,True,0.001280,True,True,True,True,True,True,True,True,True,True,True,True,,,,,,
USD_NFP_1646411400,1646411400,2022.03.04 16:30:00,2022,CORE_2015_2025,NFP,USDJPY,BASE,840030016,Nonfarm Payrolls,True,"840030015,840030016,840030018,840030019",USD_840030017:Participation Rate|USD_840030020:Average Weekly Hours|USD_840030022:Government Payrolls|USD_840030023:Private Nonfarm Payrolls|USD_840030024:U6 Unemployment Rate|USD_840030032:Manufacturing Payrolls|CAD_124010001:Building Permits m/m|CAD_124010028:Labor Productivity q/q,False,False,False,678.0,-413.0,467.0,481.0,1091.0,211.0,POSITIVE,POSITIVE,1,1,1,1,True,1646413200,2022.03.04 17:00:00,1800,True,True,0.110565,True,True,True,True,True,True,True,True,True,True,True,True,,,,,,
USD_NFP_1648827000,1648827000,2022.04.01 15:30:00,2022,CORE_2015_2025,NFP,AUDUSD,QUOTE,840030016,Nonfarm Payrolls,True,"840030015,840030016,840030018,840030019",USD_840030017:Participation Rate|USD_840030020:Average Weekly Hours|USD_840030022:Government Payrolls|USD_840030023:Private Nonfarm Payrolls|USD_840030024:U6 Unemployment Rate|USD_840030032:Manufacturing Payrolls,False,False,False,431.0,80.0,678.0,750.0,351.0,-247.0,POSITIVE,NEGATIVE,1,-1,-1,1,True,1648828800,2022.04.01 16:00:00,1800,True,True,0.001334,True,True,True,True,True,True,True,True,True,True,True,True,,,,,,
USD_NFP_1648827000,1648827000,2022.04.01 15:30:00,2022,CORE_2015_2025,NFP,EURUSD,QUOTE,840030016,Nonfarm Payrolls,True,"840030015,840030016,840030018,840030019",USD_840030017:Participation Rate|USD_840030020:Average Weekly Hours|USD_840030022:Government Payrolls|USD_840030023:Private Nonfarm Payrolls|USD_840030024:U6 Unemployment Rate|USD_840030032:Manufacturing Payrolls,False,False,False,431.0,80.0,678.0,750.0,351.0,-247.0,POSITIVE,NEGATIVE,1,-1,-1,1,True,1648828800,2022.04.01 16:00:00,1800,True,True,0.001804,True,True,True,True,True,True,True,True,True,True,True,True,,,,,,
USD_NFP_1648827000,1648827000,2022.04.01 15:30:00,2022,CORE_2015_2025,NFP,GBPUSD,QUOTE,840030016,Nonfarm Payrolls,True,"840030015,840030016,840030018,840030019",USD_840030017:Participation Rate|USD_840030020:Average Weekly Hours|USD_840030022:Government Payrolls|USD_840030023:Private Nonfarm Payrolls|USD_840030024:U6 Unemployment Rate|USD_840030032:Manufacturing Payrolls,False,False,False,431.0,80.0,678.0,750.0,351.0,-247.0,POSITIVE,NEGATIVE,1,-1,-1,1,True,1648828800,2022.04.01 16:00:00,1800,True,True,0.001549,True,True,True,True,True,True,True,True,True,True,True,True,,,,,,
USD_NFP_1648827000,1648827000,2022.04.01 15:30:00,2022,CORE_2015_2025,NFP,NZDUSD,QUOTE,840030016,Nonfarm Payrolls,True,"840030015,840030016,840030018,840030019",USD_840030017:Participation Rate|USD_840030020:Average Weekly Hours|USD_840030022:Government Payrolls|USD_840030023:Private Nonfarm Payrolls|USD_840030024:U6 Unemployment Rate|USD_840030032:Manufacturing Payrolls,False,False,False,431.0,80.0,678.0,750.0,351.0,-247.0,POSITIVE,NEGATIVE,1,-1,-1,1,True,1648828800,2022.04.01 16:00:00,1800,True,True,0.001162,True,True,True,True,True,True,True,True,True,True,True,True,,,,,,
USD_NFP_1648827000,1648827000,2022.04.01 15:30:00,2022,CORE_2015_2025,NFP,USDCAD,BASE,840030016,Nonfarm Payrolls,True,"840030015,840030016,840030018,840030019",USD_840030017:Participation Rate|USD_840030020:Average Weekly Hours|USD_840030022:Government Payrolls|USD_840030023:Private Nonfarm Payrolls|USD_840030024:U6 Unemployment Rate|USD_840030032:Manufacturing Payrolls,False,False,False,431.0,80.0,678.0,750.0,351.0,-247.0,POSITIVE,NEGATIVE,1,1,-1,-1,True,1648828800,2022.04.01 16:00:00,1800,True,True,0.001426,True,True,True,True,True,True,True,True,True,True,True,True,,,,,,
USD_NFP_1648827000,1648827000,2022.04.01 15:30:00,2022,CORE_2015_2025,NFP,USDCHF,BASE,840030016,Nonfarm Payrolls,True,"840030015,840030016,840030018,840030019",USD_840030017:Participation Rate|USD_840030020:Average Weekly Hours|USD_840030022:Government Payrolls|USD_840030023:Private Nonfarm Payrolls|USD_840030024:U6 Unemployment Rate|USD_840030032:Manufacturing Payrolls,False,False,False,431.0,80.0,678.0,750.0,351.0,-247.0,POSITIVE,NEGATIVE,1,1,-1,-1,True,1648828800,2022.04.01 16:00:00,1800,True,True,0.001186,True,True,True,True,True,True,True,True,True,True,True,True,,,,,,
USD_NFP_1648827000,1648827000,2022.04.01 15:30:00,2022,CORE_2015_2025,NFP,USDJPY,BASE,840030016,Nonfarm Payrolls,True,"840030015,840030016,840030018,840030019",USD_840030017:Participation Rate|USD_840030020:Average Weekly Hours|USD_840030022:Government Payrolls|USD_840030023:Private Nonfarm Payrolls|USD_840030024:U6 Unemployment Rate|USD_840030032:Manufacturing Payrolls,False,False,False,431.0,80.0,678.0,750.0,351.0,-247.0,POSITIVE,NEGATIVE,1,1,-1,-1,True,1648828800,2022.04.01 16:00:00,1800,True,True,0.238134,True,True,True,True,True,True,True,True,True,True,True,True,,,,,,
USD_NFP_1651851000,1651851000,2022.05.06 15:30:00,2022,CORE_2015_2025,NFP,AUDUSD,QUOTE,840030016,Nonfarm Payrolls,True,"840030015,840030016,840030018,840030019",USD_840030017:Participation Rate|USD_840030020:Average Weekly Hours|USD_840030022:Government Payrolls|USD_840030023:Private Nonfarm Payrolls|USD_840030024:U6 Unemployment Rate|USD_840030032:Manufacturing Payrolls|CAD_124010011:Employment Change|CAD_124010012:Full-Time Employment Change|CAD_124010013:Part-Time Employment Change|CAD_124010014:Unemployment Rate|CAD_124010015:Participation Rate,True,False,False,428.0,317.0,431.0,428.0,111.0,-3.0,POSITIVE,NEGATIVE,1,-1,-1,1,True,1651852800,2022.05.06 16:00:00,1800,True,True,0.002212,True,True,True,True,True,True,True,True,True,True,True,True,,,,,,
USD_NFP_1651851000,1651851000,2022.05.06 15:30:00,2022,CORE_2015_2025,NFP,EURUSD,QUOTE,840030016,Nonfarm Payrolls,True,"840030015,840030016,840030018,840030019",USD_840030017:Participation Rate|USD_840030020:Average Weekly Hours|USD_840030022:Government Payrolls|USD_840030023:Private Nonfarm Payrolls|USD_840030024:U6 Unemployment Rate|USD_840030032:Manufacturing Payrolls|CAD_124010011:Employment Change|CAD_124010012:Full-Time Employment Change|CAD_124010013:Part-Time Employment Change|CAD_124010014:Unemployment Rate|CAD_124010015:Participation Rate,True,False,False,428.0,317.0,431.0,428.0,111.0,-3.0,POSITIVE,NEGATIVE,1,-1,-1,1,True,1651852800,2022.05.06 16:00:00,1800,True,True,0.002724,True,True,True,True,True,True,True,True,True,True,True,True,,,,,,
USD_NFP_1651851000,1651851000,2022.05.06 15:30:00,2022,CORE_2015_2025,NFP,GBPUSD,QUOTE,840030016,Nonfarm Payrolls,True,"840030015,840030016,840030018,840030019",USD_840030017:Participation Rate|USD_840030020:Average Weekly Hours|USD_840030022:Government Payrolls|USD_840030023:Private Nonfarm Payrolls|USD_840030024:U6 Unemployment Rate|USD_840030032:Manufacturing Payrolls|CAD_124010011:Employment Change|CAD_124010012:Full-Time Employment Change|CAD_124010013:Part-Time Employment Change|CAD_124010014:Unemployment Rate|CAD_124010015:Participation Rate,True,False,False,428.0,317.0,431.0,428.0,111.0,-3.0,POSITIVE,NEGATIVE,1,-1,-1,1,True,1651852800,2022.05.06 16:00:00,1800,True,True,0.003527,True,True,True,True,True,True,True,True,True,True,True,True,,,,,,
USD_NFP_1651851000,1651851000,2022.05.06 15:30:00,2022,CORE_2015_2025,NFP,NZDUSD,QUOTE,840030016,Nonfarm Payrolls,True,"840030015,840030016,840030018,840030019",USD_840030017:Participation Rate|USD_840030020:Average Weekly Hours|USD_840030022:Government Payrolls|USD_840030023:Private Nonfarm Payrolls|USD_840030024:U6 Unemployment Rate|USD_840030032:Manufacturing Payrolls|CAD_124010011:Employment Change|CAD_124010012:Full-Time Employment Change|CAD_124010013:Part-Time Employment Change|CAD_124010014:Unemployment Rate|CAD_124010015:Participation Rate,True,False,False,428.0,317.0,431.0,428.0,111.0,-3.0,POSITIVE,NEGATIVE,1,-1,-1,1,True,1651852800,2022.05.06 16:00:00,1800,True,True,0.001874,True,True,True,True,True,True,True,True,True,True,True,True,,,,,,
USD_NFP_1651851000,1651851000,2022.05.06 15:30:00,2022,CORE_2015_2025,NFP,USDCAD,BASE,840030016,Nonfarm Payrolls,True,"840030015,840030016,840030018,840030019",USD_840030017:Participation Rate|USD_840030020:Average Weekly Hours|USD_840030022:Government Payrolls|USD_840030023:Private Nonfarm Payrolls|USD_840030024:U6 Unemployment Rate|USD_840030032:Manufacturing Payrolls|CAD_124010011:Employment Change|CAD_124010012:Full-Time Employment Change|CAD_124010013:Part-Time Employment Change|CAD_124010014:Unemployment Rate|CAD_124010015:Participation Rate,True,False,False,428.0,317.0,431.0,428.0,111.0,-3.0,POSITIVE,NEGATIVE,1,1,-1,-1,True,1651852800,2022.05.06 16:00:00,1800,True,True,0.002083,True,True,True,True,True,True,True,True,True,True,True,True,,,,,,
USD_NFP_1651851000,1651851000,2022.05.06 15:30:00,2022,CORE_2015_2025,NFP,USDCHF,BASE,840030016,Nonfarm Payrolls,True,"840030015,840030016,840030018,840030019",USD_840030017:Participation Rate|USD_840030020:Average Weekly Hours|USD_840030022:Government Payrolls|USD_840030023:Private Nonfarm Payrolls|USD_840030024:U6 Unemployment Rate|USD_840030032:Manufacturing Payrolls|CAD_124010011:Employment Change|CAD_124010012:Full-Time Employment Change|CAD_124010013:Part-Time Employment Change|CAD_124010014:Unemployment Rate|CAD_124010015:Participation Rate,True,False,False,428.0,317.0,431.0,428.0,111.0,-3.0,POSITIVE,NEGATIVE,1,1,-1,-1,True,1651852800,2022.05.06 16:00:00,1800,True,True,0.002218,True,True,True,True,True,True,True,True,True,True,True,True,,,,,,
USD_NFP_1651851000,1651851000,2022.05.06 15:30:00,2022,CORE_2015_2025,NFP,USDJPY,BASE,840030016,Nonfarm Payrolls,True,"840030015,840030016,840030018,840030019",USD_840030017:Participation Rate|USD_840030020:Average Weekly Hours|USD_840030022:Government Payrolls|USD_840030023:Private Nonfarm Payrolls|USD_840030024:U6 Unemployment Rate|USD_840030032:Manufacturing Payrolls|CAD_124010011:Employment Change|CAD_124010012:Full-Time Employment Change|CAD_124010013:Part-Time Employment Change|CAD_124010014:Unemployment Rate|CAD_124010015:Participation Rate,True,False,False,428.0,317.0,431.0,428.0,111.0,-3.0,POSITIVE,NEGATIVE,1,1,-1,-1,True,1651852800,2022.05.06 16:00:00,1800,True,True,0.230951,True,True,True,True,True,True,True,True,True,True,True,True,,,,,,
USD_NFP_1654270200,1654270200,2022.06.03 15:30:00,2022,CORE_2015_2025,NFP,AUDUSD,QUOTE,840030016,Nonfarm Payrolls,True,"840030015,840030016,840030018,840030019",USD_840030017:Participation Rate|USD_840030020:Average Weekly Hours|USD_840030022:Government Payrolls|USD_840030023:Private Nonfarm Payrolls|USD_840030024:U6 Unemployment Rate|USD_840030032:Manufacturing Payrolls|CAD_124010028:Labor Productivity q/q,False,False,False,390.0,-19.0,428.0,436.0,409.0,-38.0,POSITIVE,NEGATIVE,1,-1,-1,1,True,1654272000,2022.06.03 16:00:00,1800,True,True,0.001202,True,True,True,True,True,True,True,True,True,True,True,True,,,,,,
USD_NFP_1654270200,1654270200,2022.06.03 15:30:00,2022,CORE_2015_2025,NFP,EURUSD,QUOTE,840030016,Nonfarm Payrolls,True,"840030015,840030016,840030018,840030019",USD_840030017:Participation Rate|USD_840030020:Average Weekly Hours|USD_840030022:Government Payrolls|USD_840030023:Private Nonfarm Payrolls|USD_840030024:U6 Unemployment Rate|USD_840030032:Manufacturing Payrolls|CAD_124010028:Labor Productivity q/q,False,False,False,390.0,-19.0,428.0,436.0,409.0,-38.0,POSITIVE,NEGATIVE,1,-1,-1,1,True,1654272000,2022.06.03 16:00:00,1800,True,True,0.001255,True,True,True,True,True,True,True,True,True,True,True,True,,,,,,
USD_NFP_1654270200,1654270200,2022.06.03 15:30:00,2022,CORE_2015_2025,NFP,GBPUSD,QUOTE,840030016,Nonfarm Payrolls,True,"840030015,840030016,840030018,840030019",USD_840030017:Participation Rate|USD_840030020:Average Weekly Hours|USD_840030022:Government Payrolls|USD_840030023:Private Nonfarm Payrolls|USD_840030024:U6 Unemployment Rate|USD_840030032:Manufacturing Payrolls|CAD_124010028:Labor Productivity q/q,False,False,False,390.0,-19.0,428.0,436.0,409.0,-38.0,POSITIVE,NEGATIVE,1,-1,-1,1,True,1654272000,2022.06.03 16:00:00,1800,True,True,0.001459,True,True,True,True,True,True,True,True,True,True,True,True,,,,,,
USD_NFP_1654270200,1654270200,2022.06.03 15:30:00,2022,CORE_2015_2025,NFP,NZDUSD,QUOTE,840030016,Nonfarm Payrolls,True,"840030015,840030016,840030018,840030019",USD_840030017:Participation Rate|USD_840030020:Average Weekly Hours|USD_840030022:Government Payrolls|USD_840030023:Private Nonfarm Payrolls|USD_840030024:U6 Unemployment Rate|USD_840030032:Manufacturing Payrolls|CAD_124010028:Labor Productivity q/q,False,False,False,390.0,-19.0,428.0,436.0,409.0,-38.0,POSITIVE,NEGATIVE,1,-1,-1,1,True,1654272000,2022.06.03 16:00:00,1800,True,True,0.001039,True,True,True,True,True,True,True,True,True,True,True,True,,,,,,
USD_NFP_1654270200,1654270200,2022.06.03 15:30:00,2022,CORE_2015_2025,NFP,USDCAD,BASE,840030016,Nonfarm Payrolls,True,"840030015,840030016,840030018,840030019",USD_840030017:Participation Rate|USD_840030020:Average Weekly Hours|USD_840030022:Government Payrolls|USD_840030023:Private Nonfarm Payrolls|USD_840030024:U6 Unemployment Rate|USD_840030032:Manufacturing Payrolls|CAD_124010028:Labor Productivity q/q,False,False,False,390.0,-19.0,428.0,436.0,409.0,-38.0,POSITIVE,NEGATIVE,1,1,-1,-1,True,1654272000,2022.06.03 16:00:00,1800,True,True,0.001265,True,True,True,True,True,True,True,True,True,True,True,True,,,,,,
USD_NFP_1654270200,1654270200,2022.06.03 15:30:00,2022,CORE_2015_2025,NFP,USDCHF,BASE,840030016,Nonfarm Payrolls,True,"840030015,840030016,840030018,840030019",USD_840030017:Participation Rate|USD_840030020:Average Weekly Hours|USD_840030022:Government Payrolls|USD_840030023:Private Nonfarm Payrolls|USD_840030024:U6 Unemployment Rate|USD_840030032:Manufacturing Payrolls|CAD_124010028:Labor Productivity q/q,False,False,False,390.0,-19.0,428.0,436.0,409.0,-38.0,POSITIVE,NEGATIVE,1,1,-1,-1,True,1654272000,2022.06.03 16:00:00,1800,True,True,0.001231,True,True,True,True,True,True,True,True,True,True,True,True,,,,,,
USD_NFP_1654270200,1654270200,2022.06.03 15:30:00,2022,CORE_2015_2025,NFP,USDJPY,BASE,840030016,Nonfarm Payrolls,True,"840030015,840030016,840030018,840030019",USD_840030017:Participation Rate|USD_840030020:Average Weekly Hours|USD_840030022:Government Payrolls|USD_840030023:Private Nonfarm Payrolls|USD_840030024:U6 Unemployment Rate|USD_840030032:Manufacturing Payrolls|CAD_124010028:Labor Productivity q/q,False,False,False,390.0,-19.0,428.0,436.0,409.0,-38.0,POSITIVE,NEGATIVE,1,1,-1,-1,True,1654272000,2022.06.03 16:00:00,1800,True,True,0.139247,True,True,True,True,True,True,True,True,True,True,True,True,,,,,,
USD_NFP_1657294200,1657294200,2022.07.08 15:30:00,2022,CORE_2015_2025,NFP,AUDUSD,QUOTE,840030016,Nonfarm Payrolls,True,"840030015,840030016,840030018,840030019",USD_840030017:Participation Rate|USD_840030020:Average Weekly Hours|USD_840030022:Government Payrolls|USD_840030023:Private Nonfarm Payrolls|USD_840030024:U6 Unemployment Rate|USD_840030032:Manufacturing Payrolls|USD_840230002:FOMC Member Williams Speech|CAD_124010011:Employment Change|CAD_124010012:Full-Time Employment Change|CAD_124010013:Part-Time Employment Change|CAD_124010014:Unemployment Rate|CAD_124010015:Participation Rate,True,False,False,372.0,-229.0,390.0,384.0,601.0,-18.0,POSITIVE,NEGATIVE,1,-1,-1,1,True,1657296000,2022.07.08 16:00:00,1800,True,True,0.001494,True,True,True,True,True,True,True,True,True,True,True,True,,,,,,
USD_NFP_1657294200,1657294200,2022.07.08 15:30:00,2022,CORE_2015_2025,NFP,EURUSD,QUOTE,840030016,Nonfarm Payrolls,True,"840030015,840030016,840030018,840030019",USD_840030017:Participation Rate|USD_840030020:Average Weekly Hours|USD_840030022:Government Payrolls|USD_840030023:Private Nonfarm Payrolls|USD_840030024:U6 Unemployment Rate|USD_840030032:Manufacturing Payrolls|USD_840230002:FOMC Member Williams Speech|CAD_124010011:Employment Change|CAD_124010012:Full-Time Employment Change|CAD_124010013:Part-Time Employment Change|CAD_124010014:Unemployment Rate|CAD_124010015:Participation Rate,True,False,False,372.0,-229.0,390.0,384.0,601.0,-18.0,POSITIVE,NEGATIVE,1,-1,-1,1,True,1657296000,2022.07.08 16:00:00,1800,True,True,0.002300,True,True,True,True,True,True,True,True,True,True,True,True,,,,,,
USD_NFP_1657294200,1657294200,2022.07.08 15:30:00,2022,CORE_2015_2025,NFP,GBPUSD,QUOTE,840030016,Nonfarm Payrolls,True,"840030015,840030016,840030018,840030019",USD_840030017:Participation Rate|USD_840030020:Average Weekly Hours|USD_840030022:Government Payrolls|USD_840030023:Private Nonfarm Payrolls|USD_840030024:U6 Unemployment Rate|USD_840030032:Manufacturing Payrolls|USD_840230002:FOMC Member Williams Speech|CAD_124010011:Employment Change|CAD_124010012:Full-Time Employment Change|CAD_124010013:Part-Time Employment Change|CAD_124010014:Unemployment Rate|CAD_124010015:Participation Rate,True,False,False,372.0,-229.0,390.0,384.0,601.0,-18.0,POSITIVE,NEGATIVE,1,-1,-1,1,True,1657296000,2022.07.08 16:00:00,1800,True,True,0.002758,True,True,True,True,True,True,True,True,True,True,True,True,,,,,,
USD_NFP_1657294200,1657294200,2022.07.08 15:30:00,2022,CORE_2015_2025,NFP,NZDUSD,QUOTE,840030016,Nonfarm Payrolls,True,"840030015,840030016,840030018,840030019",USD_840030017:Participation Rate|USD_840030020:Average Weekly Hours|USD_840030022:Government Payrolls|USD_840030023:Private Nonfarm Payrolls|USD_840030024:U6 Unemployment Rate|USD_840030032:Manufacturing Payrolls|USD_840230002:FOMC Member Williams Speech|CAD_124010011:Employment Change|CAD_124010012:Full-Time Employment Change|CAD_124010013:Part-Time Employment Change|CAD_124010014:Unemployment Rate|CAD_124010015:Participation Rate,True,False,False,372.0,-229.0,390.0,384.0,601.0,-18.0,POSITIVE,NEGATIVE,1,-1,-1,1,True,1657296000,2022.07.08 16:00:00,1800,True,True,0.001243,True,True,True,True,True,True,True,True,True,True,True,True,,,,,,
USD_NFP_1657294200,1657294200,2022.07.08 15:30:00,2022,CORE_2015_2025,NFP,USDCAD,BASE,840030016,Nonfarm Payrolls,True,"840030015,840030016,840030018,840030019",USD_840030017:Participation Rate|USD_840030020:Average Weekly Hours|USD_840030022:Government Payrolls|USD_840030023:Private Nonfarm Payrolls|USD_840030024:U6 Unemployment Rate|USD_840030032:Manufacturing Payrolls|USD_840230002:FOMC Member Williams Speech|CAD_124010011:Employment Change|CAD_124010012:Full-Time Employment Change|CAD_124010013:Part-Time Employment Change|CAD_124010014:Unemployment Rate|CAD_124010015:Participation Rate,True,False,False,372.0,-229.0,390.0,384.0,601.0,-18.0,POSITIVE,NEGATIVE,1,1,-1,-1,True,1657296000,2022.07.08 16:00:00,1800,True,True,0.001878,True,True,True,True,True,True,True,True,True,True,True,True,,,,,,
USD_NFP_1657294200,1657294200,2022.07.08 15:30:00,2022,CORE_2015_2025,NFP,USDCHF,BASE,840030016,Nonfarm Payrolls,True,"840030015,840030016,840030018,840030019",USD_840030017:Participation Rate|USD_840030020:Average Weekly Hours|USD_840030022:Government Payrolls|USD_840030023:Private Nonfarm Payrolls|USD_840030024:U6 Unemployment Rate|USD_840030032:Manufacturing Payrolls|USD_840230002:FOMC Member Williams Speech|CAD_124010011:Employment Change|CAD_124010012:Full-Time Employment Change|CAD_124010013:Part-Time Employment Change|CAD_124010014:Unemployment Rate|CAD_124010015:Participation Rate,True,False,False,372.0,-229.0,390.0,384.0,601.0,-18.0,POSITIVE,NEGATIVE,1,1,-1,-1,True,1657296000,2022.07.08 16:00:00,1800,True,True,0.001518,True,True,True,True,True,True,True,True,True,True,True,True,,,,,,
USD_NFP_1657294200,1657294200,2022.07.08 15:30:00,2022,CORE_2015_2025,NFP,USDJPY,BASE,840030016,Nonfarm Payrolls,True,"840030015,840030016,840030018,840030019",USD_840030017:Participation Rate|USD_840030020:Average Weekly Hours|USD_840030022:Government Payrolls|USD_840030023:Private Nonfarm Payrolls|USD_840030024:U6 Unemployment Rate|USD_840030032:Manufacturing Payrolls|USD_840230002:FOMC Member Williams Speech|CAD_124010011:Employment Change|CAD_124010012:Full-Time Employment Change|CAD_124010013:Part-Time Employment Change|CAD_124010014:Unemployment Rate|CAD_124010015:Participation Rate,True,False,False,372.0,-229.0,390.0,384.0,601.0,-18.0,POSITIVE,NEGATIVE,1,1,-1,-1,True,1657296000,2022.07.08 16:00:00,1800,True,True,0.240755,True,True,True,True,True,True,True,True,True,True,True,True,,,,,,
USD_NFP_1659713400,1659713400,2022.08.05 15:30:00,2022,CORE_2015_2025,NFP,AUDUSD,QUOTE,840030016,Nonfarm Payrolls,True,"840030015,840030016,840030018,840030019",USD_840030017:Participation Rate|USD_840030020:Average Weekly Hours|USD_840030022:Government Payrolls|USD_840030023:Private Nonfarm Payrolls|USD_840030024:U6 Unemployment Rate|USD_840030032:Manufacturing Payrolls|CAD_124010011:Employment Change|CAD_124010012:Full-Time Employment Change|CAD_124010013:Part-Time Employment Change|CAD_124010014:Unemployment Rate|CAD_124010015:Participation Rate,True,False,False,528.0,-19.0,372.0,398.0,547.0,156.0,POSITIVE,POSITIVE,1,-1,1,-1,True,1659715200,2022.08.05 16:00:00,1800,True,True,0.001139,True,True,True,True,True,True,True,True,True,True,True,True,,,,,,
USD_NFP_1659713400,1659713400,2022.08.05 15:30:00,2022,CORE_2015_2025,NFP,EURUSD,QUOTE,840030016,Nonfarm Payrolls,True,"840030015,840030016,840030018,840030019",USD_840030017:Participation Rate|USD_840030020:Average Weekly Hours|USD_840030022:Government Payrolls|USD_840030023:Private Nonfarm Payrolls|USD_840030024:U6 Unemployment Rate|USD_840030032:Manufacturing Payrolls|CAD_124010011:Employment Change|CAD_124010012:Full-Time Employment Change|CAD_124010013:Part-Time Employment Change|CAD_124010014:Unemployment Rate|CAD_124010015:Participation Rate,True,False,False,528.0,-19.0,372.0,398.0,547.0,156.0,POSITIVE,POSITIVE,1,-1,1,-1,True,1659715200,2022.08.05 16:00:00,1800,True,True,0.001245,True,True,True,True,True,True,True,True,True,True,True,True,,,,,,
USD_NFP_1659713400,1659713400,2022.08.05 15:30:00,2022,CORE_2015_2025,NFP,GBPUSD,QUOTE,840030016,Nonfarm Payrolls,True,"840030015,840030016,840030018,840030019",USD_840030017:Participation Rate|USD_840030020:Average Weekly Hours|USD_840030022:Government Payrolls|USD_840030023:Private Nonfarm Payrolls|USD_840030024:U6 Unemployment Rate|USD_840030032:Manufacturing Payrolls|CAD_124010011:Employment Change|CAD_124010012:Full-Time Employment Change|CAD_124010013:Part-Time Employment Change|CAD_124010014:Unemployment Rate|CAD_124010015:Participation Rate,True,False,False,528.0,-19.0,372.0,398.0,547.0,156.0,POSITIVE,POSITIVE,1,-1,1,-1,True,1659715200,2022.08.05 16:00:00,1800,True,True,0.001891,True,True,True,True,True,True,True,True,True,True,True,True,,,,,,
USD_NFP_1659713400,1659713400,2022.08.05 15:30:00,2022,CORE_2015_2025,NFP,NZDUSD,QUOTE,840030016,Nonfarm Payrolls,True,"840030015,840030016,840030018,840030019",USD_840030017:Participation Rate|USD_840030020:Average Weekly Hours|USD_840030022:Government Payrolls|USD_840030023:Private Nonfarm Payrolls|USD_840030024:U6 Unemployment Rate|USD_840030032:Manufacturing Payrolls|CAD_124010011:Employment Change|CAD_124010012:Full-Time Employment Change|CAD_124010013:Part-Time Employment Change|CAD_124010014:Unemployment Rate|CAD_124010015:Participation Rate,True,False,False,528.0,-19.0,372.0,398.0,547.0,156.0,POSITIVE,POSITIVE,1,-1,1,-1,True,1659715200,2022.08.05 16:00:00,1800,True,True,0.001127,True,True,True,True,True,True,True,True,True,True,True,True,,,,,,
USD_NFP_1659713400,1659713400,2022.08.05 15:30:00,2022,CORE_2015_2025,NFP,USDCAD,BASE,840030016,Nonfarm Payrolls,True,"840030015,840030016,840030018,840030019",USD_840030017:Participation Rate|USD_840030020:Average Weekly Hours|USD_840030022:Government Payrolls|USD_840030023:Private Nonfarm Payrolls|USD_840030024:U6 Unemployment Rate|USD_840030032:Manufacturing Payrolls|CAD_124010011:Employment Change|CAD_124010012:Full-Time Employment Change|CAD_124010013:Part-Time Employment Change|CAD_124010014:Unemployment Rate|CAD_124010015:Participation Rate,True,False,False,528.0,-19.0,372.0,398.0,547.0,156.0,POSITIVE,POSITIVE,1,1,1,1,True,1659715200,2022.08.05 16:00:00,1800,True,True,0.001164,True,True,True,True,True,True,True,True,True,True,True,True,,,,,,
USD_NFP_1659713400,1659713400,2022.08.05 15:30:00,2022,CORE_2015_2025,NFP,USDCHF,BASE,840030016,Nonfarm Payrolls,True,"840030015,840030016,840030018,840030019",USD_840030017:Participation Rate|USD_840030020:Average Weekly Hours|USD_840030022:Government Payrolls|USD_840030023:Private Nonfarm Payrolls|USD_840030024:U6 Unemployment Rate|USD_840030032:Manufacturing Payrolls|CAD_124010011:Employment Change|CAD_124010012:Full-Time Employment Change|CAD_124010013:Part-Time Employment Change|CAD_124010014:Unemployment Rate|CAD_124010015:Participation Rate,True,False,False,528.0,-19.0,372.0,398.0,547.0,156.0,POSITIVE,POSITIVE,1,1,1,1,True,1659715200,2022.08.05 16:00:00,1800,True,True,0.001198,True,True,True,True,True,True,True,True,True,True,True,True,,,,,,
USD_NFP_1659713400,1659713400,2022.08.05 15:30:00,2022,CORE_2015_2025,NFP,USDJPY,BASE,840030016,Nonfarm Payrolls,True,"840030015,840030016,840030018,840030019",USD_840030017:Participation Rate|USD_840030020:Average Weekly Hours|USD_840030022:Government Payrolls|USD_840030023:Private Nonfarm Payrolls|USD_840030024:U6 Unemployment Rate|USD_840030032:Manufacturing Payrolls|CAD_124010011:Employment Change|CAD_124010012:Full-Time Employment Change|CAD_124010013:Part-Time Employment Change|CAD_124010014:Unemployment Rate|CAD_124010015:Participation Rate,True,False,False,528.0,-19.0,372.0,398.0,547.0,156.0,POSITIVE,POSITIVE,1,1,1,1,True,1659715200,2022.08.05 16:00:00,1800,True,True,0.285558,True,True,True,True,True,True,True,True,True,True,True,True,,,,,,
USD_NFP_1662132600,1662132600,2022.09.02 15:30:00,2022,CORE_2015_2025,NFP,AUDUSD,QUOTE,840030016,Nonfarm Payrolls,True,"840030015,840030016,840030018,840030019",USD_840030017:Participation Rate|USD_840030020:Average Weekly Hours|USD_840030022:Government Payrolls|USD_840030023:Private Nonfarm Payrolls|USD_840030024:U6 Unemployment Rate|USD_840030032:Manufacturing Payrolls|CAD_124010028:Labor Productivity q/q,False,False,False,315.0,156.0,528.0,526.0,159.0,-213.0,POSITIVE,NEGATIVE,1,-1,-1,1,True,1662134400,2022.09.02 16:00:00,1800,True,True,0.001354,True,True,True,True,True,True,True,True,True,True,True,True,,,,,,
USD_NFP_1662132600,1662132600,2022.09.02 15:30:00,2022,CORE_2015_2025,NFP,EURUSD,QUOTE,840030016,Nonfarm Payrolls,True,"840030015,840030016,840030018,840030019",USD_840030017:Participation Rate|USD_840030020:Average Weekly Hours|USD_840030022:Government Payrolls|USD_840030023:Private Nonfarm Payrolls|USD_840030024:U6 Unemployment Rate|USD_840030032:Manufacturing Payrolls|CAD_124010028:Labor Productivity q/q,False,False,False,315.0,156.0,528.0,526.0,159.0,-213.0,POSITIVE,NEGATIVE,1,-1,-1,1,True,1662134400,2022.09.02 16:00:00,1800,True,True,0.001764,True,True,True,True,True,True,True,True,True,True,True,True,,,,,,
USD_NFP_1662132600,1662132600,2022.09.02 15:30:00,2022,CORE_2015_2025,NFP,GBPUSD,QUOTE,840030016,Nonfarm Payrolls,True,"840030015,840030016,840030018,840030019",USD_840030017:Participation Rate|USD_840030020:Average Weekly Hours|USD_840030022:Government Payrolls|USD_840030023:Private Nonfarm Payrolls|USD_840030024:U6 Unemployment Rate|USD_840030032:Manufacturing Payrolls|CAD_124010028:Labor Productivity q/q,False,False,False,315.0,156.0,528.0,526.0,159.0,-213.0,POSITIVE,NEGATIVE,1,-1,-1,1,True,1662134400,2022.09.02 16:00:00,1800,True,True,0.001846,True,True,True,True,True,True,True,True,True,True,True,True,,,,,,
USD_NFP_1662132600,1662132600,2022.09.02 15:30:00,2022,CORE_2015_2025,NFP,NZDUSD,QUOTE,840030016,Nonfarm Payrolls,True,"840030015,840030016,840030018,840030019",USD_840030017:Participation Rate|USD_840030020:Average Weekly Hours|USD_840030022:Government Payrolls|USD_840030023:Private Nonfarm Payrolls|USD_840030024:U6 Unemployment Rate|USD_840030032:Manufacturing Payrolls|CAD_124010028:Labor Productivity q/q,False,False,False,315.0,156.0,528.0,526.0,159.0,-213.0,POSITIVE,NEGATIVE,1,-1,-1,1,True,1662134400,2022.09.02 16:00:00,1800,True,True,0.001198,True,True,True,True,True,True,True,True,True,True,True,True,,,,,,
USD_NFP_1662132600,1662132600,2022.09.02 15:30:00,2022,CORE_2015_2025,NFP,USDCAD,BASE,840030016,Nonfarm Payrolls,True,"840030015,840030016,840030018,840030019",USD_840030017:Participation Rate|USD_840030020:Average Weekly Hours|USD_840030022:Government Payrolls|USD_840030023:Private Nonfarm Payrolls|USD_840030024:U6 Unemployment Rate|USD_840030032:Manufacturing Payrolls|CAD_124010028:Labor Productivity q/q,False,False,False,315.0,156.0,528.0,526.0,159.0,-213.0,POSITIVE,NEGATIVE,1,1,-1,-1,True,1662134400,2022.09.02 16:00:00,1800,True,True,0.001549,True,True,True,True,True,True,True,True,True,True,True,True,,,,,,
USD_NFP_1662132600,1662132600,2022.09.02 15:30:00,2022,CORE_2015_2025,NFP,USDCHF,BASE,840030016,Nonfarm Payrolls,True,"840030015,840030016,840030018,840030019",USD_840030017:Participation Rate|USD_840030020:Average Weekly Hours|USD_840030022:Government Payrolls|USD_840030023:Private Nonfarm Payrolls|USD_840030024:U6 Unemployment Rate|USD_840030032:Manufacturing Payrolls|CAD_124010028:Labor Productivity q/q,False,False,False,315.0,156.0,528.0,526.0,159.0,-213.0,POSITIVE,NEGATIVE,1,1,-1,-1,True,1662134400,2022.09.02 16:00:00,1800,True,True,0.001453,True,True,True,True,True,True,True,True,True,True,True,True,,,,,,
USD_NFP_1662132600,1662132600,2022.09.02 15:30:00,2022,CORE_2015_2025,NFP,USDJPY,BASE,840030016,Nonfarm Payrolls,True,"840030015,840030016,840030018,840030019",USD_840030017:Participation Rate|USD_840030020:Average Weekly Hours|USD_840030022:Government Payrolls|USD_840030023:Private Nonfarm Payrolls|USD_840030024:U6 Unemployment Rate|USD_840030032:Manufacturing Payrolls|CAD_124010028:Labor Productivity q/q,False,False,False,315.0,156.0,528.0,526.0,159.0,-213.0,POSITIVE,NEGATIVE,1,1,-1,-1,True,1662134400,2022.09.02 16:00:00,1800,True,True,0.182854,True,True,True,True,True,True,True,True,True,True,True,True,,,,,,
USD_NFP_1665156600,1665156600,2022.10.07 15:30:00,2022,CORE_2015_2025,NFP,AUDUSD,QUOTE,840030016,Nonfarm Payrolls,True,"840030015,840030016,840030018,840030019",USD_840030017:Participation Rate|USD_840030020:Average Weekly Hours|USD_840030022:Government Payrolls|USD_840030023:Private Nonfarm Payrolls|USD_840030024:U6 Unemployment Rate|USD_840030032:Manufacturing Payrolls|CAD_124010011:Employment Change|CAD_124010012:Full-Time Employment Change|CAD_124010013:Part-Time Employment Change|CAD_124010014:Unemployment Rate|CAD_124010015:Participation Rate,True,False,False,263.0,33.0,315.0,,230.0,-52.0,POSITIVE,NEGATIVE,1,-1,-1,1,True,1665158400,2022.10.07 16:00:00,1800,True,True,0.001835,True,True,True,True,True,True,True,True,True,True,True,True,,,,,,
USD_NFP_1665156600,1665156600,2022.10.07 15:30:00,2022,CORE_2015_2025,NFP,EURUSD,QUOTE,840030016,Nonfarm Payrolls,True,"840030015,840030016,840030018,840030019",USD_840030017:Participation Rate|USD_840030020:Average Weekly Hours|USD_840030022:Government Payrolls|USD_840030023:Private Nonfarm Payrolls|USD_840030024:U6 Unemployment Rate|USD_840030032:Manufacturing Payrolls|CAD_124010011:Employment Change|CAD_124010012:Full-Time Employment Change|CAD_124010013:Part-Time Employment Change|CAD_124010014:Unemployment Rate|CAD_124010015:Participation Rate,True,False,False,263.0,33.0,315.0,,230.0,-52.0,POSITIVE,NEGATIVE,1,-1,-1,1,True,1665158400,2022.10.07 16:00:00,1800,True,True,0.001939,True,True,True,True,True,True,True,True,True,True,True,True,,,,,,
USD_NFP_1665156600,1665156600,2022.10.07 15:30:00,2022,CORE_2015_2025,NFP,GBPUSD,QUOTE,840030016,Nonfarm Payrolls,True,"840030015,840030016,840030018,840030019",USD_840030017:Participation Rate|USD_840030020:Average Weekly Hours|USD_840030022:Government Payrolls|USD_840030023:Private Nonfarm Payrolls|USD_840030024:U6 Unemployment Rate|USD_840030032:Manufacturing Payrolls|CAD_124010011:Employment Change|CAD_124010012:Full-Time Employment Change|CAD_124010013:Part-Time Employment Change|CAD_124010014:Unemployment Rate|CAD_124010015:Participation Rate,True,False,False,263.0,33.0,315.0,,230.0,-52.0,POSITIVE,NEGATIVE,1,-1,-1,1,True,1665158400,2022.10.07 16:00:00,1800,True,True,0.003474,True,True,True,True,True,True,True,True,True,True,True,True,,,,,,
USD_NFP_1665156600,1665156600,2022.10.07 15:30:00,2022,CORE_2015_2025,NFP,NZDUSD,QUOTE,840030016,Nonfarm Payrolls,True,"840030015,840030016,840030018,840030019",USD_840030017:Participation Rate|USD_840030020:Average Weekly Hours|USD_840030022:Government Payrolls|USD_840030023:Private Nonfarm Payrolls|USD_840030024:U6 Unemployment Rate|USD_840030032:Manufacturing Payrolls|CAD_124010011:Employment Change|CAD_124010012:Full-Time Employment Change|CAD_124010013:Part-Time Employment Change|CAD_124010014:Unemployment Rate|CAD_124010015:Participation Rate,True,False,False,263.0,33.0,315.0,,230.0,-52.0,POSITIVE,NEGATIVE,1,-1,-1,1,True,1665158400,2022.10.07 16:00:00,1800,True,True,0.001737,True,True,True,True,True,True,True,True,True,True,True,True,,,,,,
USD_NFP_1665156600,1665156600,2022.10.07 15:30:00,2022,CORE_2015_2025,NFP,USDCAD,BASE,840030016,Nonfarm Payrolls,True,"840030015,840030016,840030018,840030019",USD_840030017:Participation Rate|USD_840030020:Average Weekly Hours|USD_840030022:Government Payrolls|USD_840030023:Private Nonfarm Payrolls|USD_840030024:U6 Unemployment Rate|USD_840030032:Manufacturing Payrolls|CAD_124010011:Employment Change|CAD_124010012:Full-Time Employment Change|CAD_124010013:Part-Time Employment Change|CAD_124010014:Unemployment Rate|CAD_124010015:Participation Rate,True,False,False,263.0,33.0,315.0,,230.0,-52.0,POSITIVE,NEGATIVE,1,1,-1,-1,True,1665158400,2022.10.07 16:00:00,1800,True,True,0.002072,True,True,True,True,True,True,True,True,True,True,True,True,,,,,,
USD_NFP_1665156600,1665156600,2022.10.07 15:30:00,2022,CORE_2015_2025,NFP,USDCHF,BASE,840030016,Nonfarm Payrolls,True,"840030015,840030016,840030018,840030019",USD_840030017:Participation Rate|USD_840030020:Average Weekly Hours|USD_840030022:Government Payrolls|USD_840030023:Private Nonfarm Payrolls|USD_840030024:U6 Unemployment Rate|USD_840030032:Manufacturing Payrolls|CAD_124010011:Employment Change|CAD_124010012:Full-Time Employment Change|CAD_124010013:Part-Time Employment Change|CAD_124010014:Unemployment Rate|CAD_124010015:Participation Rate,True,False,False,263.0,33.0,315.0,,230.0,-52.0,POSITIVE,NEGATIVE,1,1,-1,-1,True,1665158400,2022.10.07 16:00:00,1800,True,True,0.001553,True,True,True,True,True,True,True,True,True,True,True,True,,,,,,
USD_NFP_1665156600,1665156600,2022.10.07 15:30:00,2022,CORE_2015_2025,NFP,USDJPY,BASE,840030016,Nonfarm Payrolls,True,"840030015,840030016,840030018,840030019",USD_840030017:Participation Rate|USD_840030020:Average Weekly Hours|USD_840030022:Government Payrolls|USD_840030023:Private Nonfarm Payrolls|USD_840030024:U6 Unemployment Rate|USD_840030032:Manufacturing Payrolls|CAD_124010011:Employment Change|CAD_124010012:Full-Time Employment Change|CAD_124010013:Part-Time Employment Change|CAD_124010014:Unemployment Rate|CAD_124010015:Participation Rate,True,False,False,263.0,33.0,315.0,,230.0,-52.0,POSITIVE,NEGATIVE,1,1,-1,-1,True,1665158400,2022.10.07 16:00:00,1800,True,True,0.135020,True,True,True,True,True,True,True,True,True,True,True,True,,,,,,
USD_NFP_1667575800,1667575800,2022.11.04 15:30:00,2022,CORE_2015_2025,NFP,AUDUSD,QUOTE,840030016,Nonfarm Payrolls,True,"840030015,840030016,840030018,840030019",USD_840030017:Participation Rate|USD_840030020:Average Weekly Hours|USD_840030022:Government Payrolls|USD_840030023:Private Nonfarm Payrolls|USD_840030024:U6 Unemployment Rate|USD_840030032:Manufacturing Payrolls|EUR_999010021:ECB Supervisory Board Chair Enria Speech|CAD_124010011:Employment Change|CAD_124010012:Full-Time Employment Change|CAD_124010013:Part-Time Employment Change|CAD_124010014:Unemployment Rate|CAD_124010015:Participation Rate,True,False,False,261.0,-97.0,263.0,315.0,358.0,-2.0,POSITIVE,NEGATIVE,1,-1,-1,1,True,1667577600,2022.11.04 16:00:00,1800,True,True,0.002536,True,True,True,True,True,True,True,True,True,True,True,True,,,,,,
USD_NFP_1667575800,1667575800,2022.11.04 15:30:00,2022,CORE_2015_2025,NFP,EURUSD,QUOTE,840030016,Nonfarm Payrolls,True,"840030015,840030016,840030018,840030019",USD_840030017:Participation Rate|USD_840030020:Average Weekly Hours|USD_840030022:Government Payrolls|USD_840030023:Private Nonfarm Payrolls|USD_840030024:U6 Unemployment Rate|USD_840030032:Manufacturing Payrolls|EUR_999010021:ECB Supervisory Board Chair Enria Speech|CAD_124010011:Employment Change|CAD_124010012:Full-Time Employment Change|CAD_124010013:Part-Time Employment Change|CAD_124010014:Unemployment Rate|CAD_124010015:Participation Rate,True,False,False,261.0,-97.0,263.0,315.0,358.0,-2.0,POSITIVE,NEGATIVE,1,-1,-1,1,True,1667577600,2022.11.04 16:00:00,1800,True,True,0.002499,True,True,True,True,True,True,True,True,True,True,True,True,,,,,,
USD_NFP_1667575800,1667575800,2022.11.04 15:30:00,2022,CORE_2015_2025,NFP,GBPUSD,QUOTE,840030016,Nonfarm Payrolls,True,"840030015,840030016,840030018,840030019",USD_840030017:Participation Rate|USD_840030020:Average Weekly Hours|USD_840030022:Government Payrolls|USD_840030023:Private Nonfarm Payrolls|USD_840030024:U6 Unemployment Rate|USD_840030032:Manufacturing Payrolls|EUR_999010021:ECB Supervisory Board Chair Enria Speech|CAD_124010011:Employment Change|CAD_124010012:Full-Time Employment Change|CAD_124010013:Part-Time Employment Change|CAD_124010014:Unemployment Rate|CAD_124010015:Participation Rate,True,False,False,261.0,-97.0,263.0,315.0,358.0,-2.0,POSITIVE,NEGATIVE,1,-1,-1,1,True,1667577600,2022.11.04 16:00:00,1800,True,True,0.003762,True,True,True,True,True,True,True,True,True,True,True,True,,,,,,
USD_NFP_1667575800,1667575800,2022.11.04 15:30:00,2022,CORE_2015_2025,NFP,NZDUSD,QUOTE,840030016,Nonfarm Payrolls,True,"840030015,840030016,840030018,840030019",USD_840030017:Participation Rate|USD_840030020:Average Weekly Hours|USD_840030022:Government Payrolls|USD_840030023:Private Nonfarm Payrolls|USD_840030024:U6 Unemployment Rate|USD_840030032:Manufacturing Payrolls|EUR_999010021:ECB Supervisory Board Chair Enria Speech|CAD_124010011:Employment Change|CAD_124010012:Full-Time Employment Change|CAD_124010013:Part-Time Employment Change|CAD_124010014:Unemployment Rate|CAD_124010015:Participation Rate,True,False,False,261.0,-97.0,263.0,315.0,358.0,-2.0,POSITIVE,NEGATIVE,1,-1,-1,1,True,1667577600,2022.11.04 16:00:00,1800,True,True,0.002276,True,True,True,True,True,True,True,True,True,True,True,True,,,,,,
USD_NFP_1667575800,1667575800,2022.11.04 15:30:00,2022,CORE_2015_2025,NFP,USDCAD,BASE,840030016,Nonfarm Payrolls,True,"840030015,840030016,840030018,840030019",USD_840030017:Participation Rate|USD_840030020:Average Weekly Hours|USD_840030022:Government Payrolls|USD_840030023:Private Nonfarm Payrolls|USD_840030024:U6 Unemployment Rate|USD_840030032:Manufacturing Payrolls|EUR_999010021:ECB Supervisory Board Chair Enria Speech|CAD_124010011:Employment Change|CAD_124010012:Full-Time Employment Change|CAD_124010013:Part-Time Employment Change|CAD_124010014:Unemployment Rate|CAD_124010015:Participation Rate,True,False,False,261.0,-97.0,263.0,315.0,358.0,-2.0,POSITIVE,NEGATIVE,1,1,-1,-1,True,1667577600,2022.11.04 16:00:00,1800,True,True,0.003242,True,True,True,True,True,True,True,True,True,True,True,True,,,,,,
USD_NFP_1667575800,1667575800,2022.11.04 15:30:00,2022,CORE_2015_2025,NFP,USDCHF,BASE,840030016,Nonfarm Payrolls,True,"840030015,840030016,840030018,840030019",USD_840030017:Participation Rate|USD_840030020:Average Weekly Hours|USD_840030022:Government Payrolls|USD_840030023:Private Nonfarm Payrolls|USD_840030024:U6 Unemployment Rate|USD_840030032:Manufacturing Payrolls|EUR_999010021:ECB Supervisory Board Chair Enria Speech|CAD_124010011:Employment Change|CAD_124010012:Full-Time Employment Change|CAD_124010013:Part-Time Employment Change|CAD_124010014:Unemployment Rate|CAD_124010015:Participation Rate,True,False,False,261.0,-97.0,263.0,315.0,358.0,-2.0,POSITIVE,NEGATIVE,1,1,-1,-1,True,1667577600,2022.11.04 16:00:00,1800,True,True,0.002463,True,True,True,True,True,True,True,True,True,True,True,True,,,,,,
USD_NFP_1667575800,1667575800,2022.11.04 15:30:00,2022,CORE_2015_2025,NFP,USDJPY,BASE,840030016,Nonfarm Payrolls,True,"840030015,840030016,840030018,840030019",USD_840030017:Participation Rate|USD_840030020:Average Weekly Hours|USD_840030022:Government Payrolls|USD_840030023:Private Nonfarm Payrolls|USD_840030024:U6 Unemployment Rate|USD_840030032:Manufacturing Payrolls|EUR_999010021:ECB Supervisory Board Chair Enria Speech|CAD_124010011:Employment Change|CAD_124010012:Full-Time Employment Change|CAD_124010013:Part-Time Employment Change|CAD_124010014:Unemployment Rate|CAD_124010015:Participation Rate,True,False,False,261.0,-97.0,263.0,315.0,358.0,-2.0,POSITIVE,NEGATIVE,1,1,-1,-1,True,1667577600,2022.11.04 16:00:00,1800,True,True,0.307091,True,True,True,True,True,True,True,True,True,True,True,True,,,,,,
USD_NFP_1669998600,1669998600,2022.12.02 16:30:00,2022,CORE_2015_2025,NFP,AUDUSD,QUOTE,840030016,Nonfarm Payrolls,True,"840030015,840030016,840030018,840030019",USD_840030017:Participation Rate|USD_840030020:Average Weekly Hours|USD_840030022:Government Payrolls|USD_840030023:Private Nonfarm Payrolls|USD_840030024:U6 Unemployment Rate|USD_840030032:Manufacturing Payrolls|EUR_276050008:Bbk President Nagel Speech|CAD_124010011:Employment Change|CAD_124010012:Full-Time Employment Change|CAD_124010013:Part-Time Employment Change|CAD_124010014:Unemployment Rate|CAD_124010015:Participation Rate,True,False,False,263.0,-30.0,261.0,284.0,293.0,2.0,POSITIVE,POSITIVE,1,-1,1,-1,True,1670000400,2022.12.02 17:00:00,1800,True,True,0.002070,True,True,True,True,True,True,True,True,True,True,True,True,,,,,,
USD_NFP_1669998600,1669998600,2022.12.02 16:30:00,2022,CORE_2015_2025,NFP,EURUSD,QUOTE,840030016,Nonfarm Payrolls,True,"840030015,840030016,840030018,840030019",USD_840030017:Participation Rate|USD_840030020:Average Weekly Hours|USD_840030022:Government Payrolls|USD_840030023:Private Nonfarm Payrolls|USD_840030024:U6 Unemployment Rate|USD_840030032:Manufacturing Payrolls|EUR_276050008:Bbk President Nagel Speech|CAD_124010011:Employment Change|CAD_124010012:Full-Time Employment Change|CAD_124010013:Part-Time Employment Change|CAD_124010014:Unemployment Rate|CAD_124010015:Participation Rate,True,False,False,263.0,-30.0,261.0,284.0,293.0,2.0,POSITIVE,POSITIVE,1,-1,1,-1,True,1670000400,2022.12.02 17:00:00,1800,True,True,0.002763,True,True,True,True,True,True,True,True,True,True,True,True,,,,,,
USD_NFP_1669998600,1669998600,2022.12.02 16:30:00,2022,CORE_2015_2025,NFP,GBPUSD,QUOTE,840030016,Nonfarm Payrolls,True,"840030015,840030016,840030018,840030019",USD_840030017:Participation Rate|USD_840030020:Average Weekly Hours|USD_840030022:Government Payrolls|USD_840030023:Private Nonfarm Payrolls|USD_840030024:U6 Unemployment Rate|USD_840030032:Manufacturing Payrolls|EUR_276050008:Bbk President Nagel Speech|CAD_124010011:Employment Change|CAD_124010012:Full-Time Employment Change|CAD_124010013:Part-Time Employment Change|CAD_124010014:Unemployment Rate|CAD_124010015:Participation Rate,True,False,False,263.0,-30.0,261.0,284.0,293.0,2.0,POSITIVE,POSITIVE,1,-1,1,-1,True,1670000400,2022.12.02 17:00:00,1800,True,True,0.003755,True,True,True,True,True,True,True,True,True,True,True,True,,,,,,
USD_NFP_1669998600,1669998600,2022.12.02 16:30:00,2022,CORE_2015_2025,NFP,NZDUSD,QUOTE,840030016,Nonfarm Payrolls,True,"840030015,840030016,840030018,840030019",USD_840030017:Participation Rate|USD_840030020:Average Weekly Hours|USD_840030022:Government Payrolls|USD_840030023:Private Nonfarm Payrolls|USD_840030024:U6 Unemployment Rate|USD_840030032:Manufacturing Payrolls|EUR_276050008:Bbk President Nagel Speech|CAD_124010011:Employment Change|CAD_124010012:Full-Time Employment Change|CAD_124010013:Part-Time Employment Change|CAD_124010014:Unemployment Rate|CAD_124010015:Participation Rate,True,False,False,263.0,-30.0,261.0,284.0,293.0,2.0,POSITIVE,POSITIVE,1,-1,1,-1,True,1670000400,2022.12.02 17:00:00,1800,True,True,0.002097,True,True,True,True,True,True,True,True,True,True,True,True,,,,,,
USD_NFP_1669998600,1669998600,2022.12.02 16:30:00,2022,CORE_2015_2025,NFP,USDCAD,BASE,840030016,Nonfarm Payrolls,True,"840030015,840030016,840030018,840030019",USD_840030017:Participation Rate|USD_840030020:Average Weekly Hours|USD_840030022:Government Payrolls|USD_840030023:Private Nonfarm Payrolls|USD_840030024:U6 Unemployment Rate|USD_840030032:Manufacturing Payrolls|EUR_276050008:Bbk President Nagel Speech|CAD_124010011:Employment Change|CAD_124010012:Full-Time Employment Change|CAD_124010013:Part-Time Employment Change|CAD_124010014:Unemployment Rate|CAD_124010015:Participation Rate,True,False,False,263.0,-30.0,261.0,284.0,293.0,2.0,POSITIVE,POSITIVE,1,1,1,1,True,1670000400,2022.12.02 17:00:00,1800,True,True,0.002477,True,True,True,True,True,True,True,True,True,True,True,True,,,,,,
USD_NFP_1669998600,1669998600,2022.12.02 16:30:00,2022,CORE_2015_2025,NFP,USDCHF,BASE,840030016,Nonfarm Payrolls,True,"840030015,840030016,840030018,840030019",USD_840030017:Participation Rate|USD_840030020:Average Weekly Hours|USD_840030022:Government Payrolls|USD_840030023:Private Nonfarm Payrolls|USD_840030024:U6 Unemployment Rate|USD_840030032:Manufacturing Payrolls|EUR_276050008:Bbk President Nagel Speech|CAD_124010011:Employment Change|CAD_124010012:Full-Time Employment Change|CAD_124010013:Part-Time Employment Change|CAD_124010014:Unemployment Rate|CAD_124010015:Participation Rate,True,False,False,263.0,-30.0,261.0,284.0,293.0,2.0,POSITIVE,POSITIVE,1,1,1,1,True,1670000400,2022.12.02 17:00:00,1800,True,True,0.002493,True,True,True,True,True,True,True,True,True,True,True,True,,,,,,
USD_NFP_1669998600,1669998600,2022.12.02 16:30:00,2022,CORE_2015_2025,NFP,USDJPY,BASE,840030016,Nonfarm Payrolls,True,"840030015,840030016,840030018,840030019",USD_840030017:Participation Rate|USD_840030020:Average Weekly Hours|USD_840030022:Government Payrolls|USD_840030023:Private Nonfarm Payrolls|USD_840030024:U6 Unemployment Rate|USD_840030032:Manufacturing Payrolls|EUR_276050008:Bbk President Nagel Speech|CAD_124010011:Employment Change|CAD_124010012:Full-Time Employment Change|CAD_124010013:Part-Time Employment Change|CAD_124010014:Unemployment Rate|CAD_124010015:Participation Rate,True,False,False,263.0,-30.0,261.0,284.0,293.0,2.0,POSITIVE,POSITIVE,1,1,1,1,True,1670000400,2022.12.02 17:00:00,1800,True,True,0.500014,True,True,True,True,True,True,True,True,True,True,True,True,,,,,,
USD_NFP_1673022600,1673022600,2023.01.06 16:30:00,2023,CORE_2015_2025,NFP,AUDUSD,QUOTE,840030016,Nonfarm Payrolls,True,"840030015,840030016,840030018,840030019",USD_840030017:Participation Rate|USD_840030020:Average Weekly Hours|USD_840030022:Government Payrolls|USD_840030023:Private Nonfarm Payrolls|USD_840030024:U6 Unemployment Rate|USD_840030032:Manufacturing Payrolls|CAD_124010011:Employment Change|CAD_124010012:Full-Time Employment Change|CAD_124010013:Part-Time Employment Change|CAD_124010014:Unemployment Rate|CAD_124010015:Participation Rate,True,False,False,223.0,57.0,263.0,256.0,166.0,-40.0,POSITIVE,NEGATIVE,1,-1,-1,1,True,1673024400,2023.01.06 17:00:00,1800,True,True,0.002102,True,True,True,True,True,True,True,True,True,True,True,True,,,,,,
USD_NFP_1673022600,1673022600,2023.01.06 16:30:00,2023,CORE_2015_2025,NFP,EURUSD,QUOTE,840030016,Nonfarm Payrolls,True,"840030015,840030016,840030018,840030019",USD_840030017:Participation Rate|USD_840030020:Average Weekly Hours|USD_840030022:Government Payrolls|USD_840030023:Private Nonfarm Payrolls|USD_840030024:U6 Unemployment Rate|USD_840030032:Manufacturing Payrolls|CAD_124010011:Employment Change|CAD_124010012:Full-Time Employment Change|CAD_124010013:Part-Time Employment Change|CAD_124010014:Unemployment Rate|CAD_124010015:Participation Rate,True,False,False,223.0,57.0,263.0,256.0,166.0,-40.0,POSITIVE,NEGATIVE,1,-1,-1,1,True,1673024400,2023.01.06 17:00:00,1800,True,True,0.001909,True,True,True,True,True,True,True,True,True,True,True,True,,,,,,
USD_NFP_1673022600,1673022600,2023.01.06 16:30:00,2023,CORE_2015_2025,NFP,GBPUSD,QUOTE,840030016,Nonfarm Payrolls,True,"840030015,840030016,840030018,840030019",USD_840030017:Participation Rate|USD_840030020:Average Weekly Hours|USD_840030022:Government Payrolls|USD_840030023:Private Nonfarm Payrolls|USD_840030024:U6 Unemployment Rate|USD_840030032:Manufacturing Payrolls|CAD_124010011:Employment Change|CAD_124010012:Full-Time Employment Change|CAD_124010013:Part-Time Employment Change|CAD_124010014:Unemployment Rate|CAD_124010015:Participation Rate,True,False,False,223.0,57.0,263.0,256.0,166.0,-40.0,POSITIVE,NEGATIVE,1,-1,-1,1,True,1673024400,2023.01.06 17:00:00,1800,True,True,0.002825,True,True,True,True,True,True,True,True,True,True,True,True,,,,,,
USD_NFP_1673022600,1673022600,2023.01.06 16:30:00,2023,CORE_2015_2025,NFP,NZDUSD,QUOTE,840030016,Nonfarm Payrolls,True,"840030015,840030016,840030018,840030019",USD_840030017:Participation Rate|USD_840030020:Average Weekly Hours|USD_840030022:Government Payrolls|USD_840030023:Private Nonfarm Payrolls|USD_840030024:U6 Unemployment Rate|USD_840030032:Manufacturing Payrolls|CAD_124010011:Employment Change|CAD_124010012:Full-Time Employment Change|CAD_124010013:Part-Time Employment Change|CAD_124010014:Unemployment Rate|CAD_124010015:Participation Rate,True,False,False,223.0,57.0,263.0,256.0,166.0,-40.0,POSITIVE,NEGATIVE,1,-1,-1,1,True,1673024400,2023.01.06 17:00:00,1800,True,True,0.002036,True,True,True,True,True,True,True,True,True,True,True,True,,,,,,
USD_NFP_1673022600,1673022600,2023.01.06 16:30:00,2023,CORE_2015_2025,NFP,USDCAD,BASE,840030016,Nonfarm Payrolls,True,"840030015,840030016,840030018,840030019",USD_840030017:Participation Rate|USD_840030020:Average Weekly Hours|USD_840030022:Government Payrolls|USD_840030023:Private Nonfarm Payrolls|USD_840030024:U6 Unemployment Rate|USD_840030032:Manufacturing Payrolls|CAD_124010011:Employment Change|CAD_124010012:Full-Time Employment Change|CAD_124010013:Part-Time Employment Change|CAD_124010014:Unemployment Rate|CAD_124010015:Participation Rate,True,False,False,223.0,57.0,263.0,256.0,166.0,-40.0,POSITIVE,NEGATIVE,1,1,-1,-1,True,1673024400,2023.01.06 17:00:00,1800,True,True,0.002715,True,True,True,True,True,True,True,True,True,True,True,True,,,,,,
USD_NFP_1673022600,1673022600,2023.01.06 16:30:00,2023,CORE_2015_2025,NFP,USDCHF,BASE,840030016,Nonfarm Payrolls,True,"840030015,840030016,840030018,840030019",USD_840030017:Participation Rate|USD_840030020:Average Weekly Hours|USD_840030022:Government Payrolls|USD_840030023:Private Nonfarm Payrolls|USD_840030024:U6 Unemployment Rate|USD_840030032:Manufacturing Payrolls|CAD_124010011:Employment Change|CAD_124010012:Full-Time Employment Change|CAD_124010013:Part-Time Employment Change|CAD_124010014:Unemployment Rate|CAD_124010015:Participation Rate,True,False,False,223.0,57.0,263.0,256.0,166.0,-40.0,POSITIVE,NEGATIVE,1,1,-1,-1,True,1673024400,2023.01.06 17:00:00,1800,True,True,0.001813,True,True,True,True,True,True,True,True,True,True,True,True,,,,,,
USD_NFP_1673022600,1673022600,2023.01.06 16:30:00,2023,CORE_2015_2025,NFP,USDJPY,BASE,840030016,Nonfarm Payrolls,True,"840030015,840030016,840030018,840030019",USD_840030017:Participation Rate|USD_840030020:Average Weekly Hours|USD_840030022:Government Payrolls|USD_840030023:Private Nonfarm Payrolls|USD_840030024:U6 Unemployment Rate|USD_840030032:Manufacturing Payrolls|CAD_124010011:Employment Change|CAD_124010012:Full-Time Employment Change|CAD_124010013:Part-Time Employment Change|CAD_124010014:Unemployment Rate|CAD_124010015:Participation Rate,True,False,False,223.0,57.0,263.0,256.0,166.0,-40.0,POSITIVE,NEGATIVE,1,1,-1,-1,True,1673024400,2023.01.06 17:00:00,1800,True,True,0.405506,True,True,True,True,True,True,True,True,True,True,True,True,,,,,,
USD_NFP_1675441800,1675441800,2023.02.03 16:30:00,2023,CORE_2015_2025,NFP,AUDUSD,QUOTE,840030016,Nonfarm Payrolls,True,"840030015,840030016,840030018,840030019",USD_840030017:Participation Rate|USD_840030020:Average Weekly Hours|USD_840030022:Government Payrolls|USD_840030023:Private Nonfarm Payrolls|USD_840030024:U6 Unemployment Rate|USD_840030032:Manufacturing Payrolls,False,False,False,517.0,16.0,223.0,260.0,501.0,294.0,POSITIVE,POSITIVE,1,-1,1,-1,True,1675443600,2023.02.03 17:00:00,1800,True,True,0.001962,True,True,True,True,True,True,True,True,True,True,True,True,,,,,,
USD_NFP_1675441800,1675441800,2023.02.03 16:30:00,2023,CORE_2015_2025,NFP,EURUSD,QUOTE,840030016,Nonfarm Payrolls,True,"840030015,840030016,840030018,840030019",USD_840030017:Participation Rate|USD_840030020:Average Weekly Hours|USD_840030022:Government Payrolls|USD_840030023:Private Nonfarm Payrolls|USD_840030024:U6 Unemployment Rate|USD_840030032:Manufacturing Payrolls,False,False,False,517.0,16.0,223.0,260.0,501.0,294.0,POSITIVE,POSITIVE,1,-1,1,-1,True,1675443600,2023.02.03 17:00:00,1800,True,True,0.002384,True,True,True,True,True,True,True,True,True,True,True,True,,,,,,
USD_NFP_1675441800,1675441800,2023.02.03 16:30:00,2023,CORE_2015_2025,NFP,GBPUSD,QUOTE,840030016,Nonfarm Payrolls,True,"840030015,840030016,840030018,840030019",USD_840030017:Participation Rate|USD_840030020:Average Weekly Hours|USD_840030022:Government Payrolls|USD_840030023:Private Nonfarm Payrolls|USD_840030024:U6 Unemployment Rate|USD_840030032:Manufacturing Payrolls,False,False,False,517.0,16.0,223.0,260.0,501.0,294.0,POSITIVE,POSITIVE,1,-1,1,-1,True,1675443600,2023.02.03 17:00:00,1800,True,True,0.003474,True,True,True,True,True,True,True,True,True,True,True,True,,,,,,
USD_NFP_1675441800,1675441800,2023.02.03 16:30:00,2023,CORE_2015_2025,NFP,NZDUSD,QUOTE,840030016,Nonfarm Payrolls,True,"840030015,840030016,840030018,840030019",USD_840030017:Participation Rate|USD_840030020:Average Weekly Hours|USD_840030022:Government Payrolls|USD_840030023:Private Nonfarm Payrolls|USD_840030024:U6 Unemployment Rate|USD_840030032:Manufacturing Payrolls,False,False,False,517.0,16.0,223.0,260.0,501.0,294.0,POSITIVE,POSITIVE,1,-1,1,-1,True,1675443600,2023.02.03 17:00:00,1800,True,True,0.001954,True,True,True,True,True,True,True,True,True,True,True,True,,,,,,
USD_NFP_1675441800,1675441800,2023.02.03 16:30:00,2023,CORE_2015_2025,NFP,USDCAD,BASE,840030016,Nonfarm Payrolls,True,"840030015,840030016,840030018,840030019",USD_840030017:Participation Rate|USD_840030020:Average Weekly Hours|USD_840030022:Government Payrolls|USD_840030023:Private Nonfarm Payrolls|USD_840030024:U6 Unemployment Rate|USD_840030032:Manufacturing Payrolls,False,False,False,517.0,16.0,223.0,260.0,501.0,294.0,POSITIVE,POSITIVE,1,1,1,1,True,1675443600,2023.02.03 17:00:00,1800,True,True,0.002117,True,True,True,True,True,True,True,True,True,True,True,True,,,,,,
USD_NFP_1675441800,1675441800,2023.02.03 16:30:00,2023,CORE_2015_2025,NFP,USDCHF,BASE,840030016,Nonfarm Payrolls,True,"840030015,840030016,840030018,840030019",USD_840030017:Participation Rate|USD_840030020:Average Weekly Hours|USD_840030022:Government Payrolls|USD_840030023:Private Nonfarm Payrolls|USD_840030024:U6 Unemployment Rate|USD_840030032:Manufacturing Payrolls,False,False,False,517.0,16.0,223.0,260.0,501.0,294.0,POSITIVE,POSITIVE,1,1,1,1,True,1675443600,2023.02.03 17:00:00,1800,True,True,0.002103,True,True,True,True,True,True,True,True,True,True,True,True,,,,,,
USD_NFP_1675441800,1675441800,2023.02.03 16:30:00,2023,CORE_2015_2025,NFP,USDJPY,BASE,840030016,Nonfarm Payrolls,True,"840030015,840030016,840030018,840030019",USD_840030017:Participation Rate|USD_840030020:Average Weekly Hours|USD_840030022:Government Payrolls|USD_840030023:Private Nonfarm Payrolls|USD_840030024:U6 Unemployment Rate|USD_840030032:Manufacturing Payrolls,False,False,False,517.0,16.0,223.0,260.0,501.0,294.0,POSITIVE,POSITIVE,1,1,1,1,True,1675443600,2023.02.03 17:00:00,1800,True,True,0.318022,True,True,True,True,True,True,True,True,True,True,True,True,,,,,,
USD_NFP_1678465800,1678465800,2023.03.10 16:30:00,2023,CORE_2015_2025,NFP,AUDUSD,QUOTE,840030016,Nonfarm Payrolls,True,"840030015,840030016,840030018,840030019",USD_840030017:Participation Rate|USD_840030020:Average Weekly Hours|USD_840030022:Government Payrolls|USD_840030023:Private Nonfarm Payrolls|USD_840030024:U6 Unemployment Rate|USD_840030032:Manufacturing Payrolls|CAD_124010002:Capacity Utilization Rate|CAD_124010011:Employment Change|CAD_124010012:Full-Time Employment Change|CAD_124010013:Part-Time Employment Change|CAD_124010014:Unemployment Rate|CAD_124010015:Participation Rate,True,False,False,311.0,-35.0,517.0,504.0,346.0,-206.0,POSITIVE,NEGATIVE,1,-1,-1,1,True,1678467600,2023.03.10 17:00:00,1800,True,True,0.001618,True,True,True,True,True,True,True,True,True,True,True,True,,,,,,
USD_NFP_1678465800,1678465800,2023.03.10 16:30:00,2023,CORE_2015_2025,NFP,EURUSD,QUOTE,840030016,Nonfarm Payrolls,True,"840030015,840030016,840030018,840030019",USD_840030017:Participation Rate|USD_840030020:Average Weekly Hours|USD_840030022:Government Payrolls|USD_840030023:Private Nonfarm Payrolls|USD_840030024:U6 Unemployment Rate|USD_840030032:Manufacturing Payrolls|CAD_124010002:Capacity Utilization Rate|CAD_124010011:Employment Change|CAD_124010012:Full-Time Employment Change|CAD_124010013:Part-Time Employment Change|CAD_124010014:Unemployment Rate|CAD_124010015:Participation Rate,True,False,False,311.0,-35.0,517.0,504.0,346.0,-206.0,POSITIVE,NEGATIVE,1,-1,-1,1,True,1678467600,2023.03.10 17:00:00,1800,True,True,0.001859,True,True,True,True,True,True,True,True,True,True,True,True,,,,,,
USD_NFP_1678465800,1678465800,2023.03.10 16:30:00,2023,CORE_2015_2025,NFP,GBPUSD,QUOTE,840030016,Nonfarm Payrolls,True,"840030015,840030016,840030018,840030019",USD_840030017:Participation Rate|USD_840030020:Average Weekly Hours|USD_840030022:Government Payrolls|USD_840030023:Private Nonfarm Payrolls|USD_840030024:U6 Unemployment Rate|USD_840030032:Manufacturing Payrolls|CAD_124010002:Capacity Utilization Rate|CAD_124010011:Employment Change|CAD_124010012:Full-Time Employment Change|CAD_124010013:Part-Time Employment Change|CAD_124010014:Unemployment Rate|CAD_124010015:Participation Rate,True,False,False,311.0,-35.0,517.0,504.0,346.0,-206.0,POSITIVE,NEGATIVE,1,-1,-1,1,True,1678467600,2023.03.10 17:00:00,1800,True,True,0.002714,True,True,True,True,True,True,True,True,True,True,True,True,,,,,,
USD_NFP_1678465800,1678465800,2023.03.10 16:30:00,2023,CORE_2015_2025,NFP,NZDUSD,QUOTE,840030016,Nonfarm Payrolls,True,"840030015,840030016,840030018,840030019",USD_840030017:Participation Rate|USD_840030020:Average Weekly Hours|USD_840030022:Government Payrolls|USD_840030023:Private Nonfarm Payrolls|USD_840030024:U6 Unemployment Rate|USD_840030032:Manufacturing Payrolls|CAD_124010002:Capacity Utilization Rate|CAD_124010011:Employment Change|CAD_124010012:Full-Time Employment Change|CAD_124010013:Part-Time Employment Change|CAD_124010014:Unemployment Rate|CAD_124010015:Participation Rate,True,False,False,311.0,-35.0,517.0,504.0,346.0,-206.0,POSITIVE,NEGATIVE,1,-1,-1,1,True,1678467600,2023.03.10 17:00:00,1800,True,True,0.001486,True,True,True,True,True,True,True,True,True,True,True,True,,,,,,
USD_NFP_1678465800,1678465800,2023.03.10 16:30:00,2023,CORE_2015_2025,NFP,USDCAD,BASE,840030016,Nonfarm Payrolls,True,"840030015,840030016,840030018,840030019",USD_840030017:Participation Rate|USD_840030020:Average Weekly Hours|USD_840030022:Government Payrolls|USD_840030023:Private Nonfarm Payrolls|USD_840030024:U6 Unemployment Rate|USD_840030032:Manufacturing Payrolls|CAD_124010002:Capacity Utilization Rate|CAD_124010011:Employment Change|CAD_124010012:Full-Time Employment Change|CAD_124010013:Part-Time Employment Change|CAD_124010014:Unemployment Rate|CAD_124010015:Participation Rate,True,False,False,311.0,-35.0,517.0,504.0,346.0,-206.0,POSITIVE,NEGATIVE,1,1,-1,-1,True,1678467600,2023.03.10 17:00:00,1800,True,True,0.002051,True,True,True,True,True,True,True,True,True,True,True,True,,,,,,
USD_NFP_1678465800,1678465800,2023.03.10 16:30:00,2023,CORE_2015_2025,NFP,USDCHF,BASE,840030016,Nonfarm Payrolls,True,"840030015,840030016,840030018,840030019",USD_840030017:Participation Rate|USD_840030020:Average Weekly Hours|USD_840030022:Government Payrolls|USD_840030023:Private Nonfarm Payrolls|USD_840030024:U6 Unemployment Rate|USD_840030032:Manufacturing Payrolls|CAD_124010002:Capacity Utilization Rate|CAD_124010011:Employment Change|CAD_124010012:Full-Time Employment Change|CAD_124010013:Part-Time Employment Change|CAD_124010014:Unemployment Rate|CAD_124010015:Participation Rate,True,False,False,311.0,-35.0,517.0,504.0,346.0,-206.0,POSITIVE,NEGATIVE,1,1,-1,-1,True,1678467600,2023.03.10 17:00:00,1800,True,True,0.002137,True,True,True,True,True,True,True,True,True,True,True,True,,,,,,
USD_NFP_1678465800,1678465800,2023.03.10 16:30:00,2023,CORE_2015_2025,NFP,USDJPY,BASE,840030016,Nonfarm Payrolls,True,"840030015,840030016,840030018,840030019",USD_840030017:Participation Rate|USD_840030020:Average Weekly Hours|USD_840030022:Government Payrolls|USD_840030023:Private Nonfarm Payrolls|USD_840030024:U6 Unemployment Rate|USD_840030032:Manufacturing Payrolls|CAD_124010002:Capacity Utilization Rate|CAD_124010011:Employment Change|CAD_124010012:Full-Time Employment Change|CAD_124010013:Part-Time Employment Change|CAD_124010014:Unemployment Rate|CAD_124010015:Participation Rate,True,False,False,311.0,-35.0,517.0,504.0,346.0,-206.0,POSITIVE,NEGATIVE,1,1,-1,-1,True,1678467600,2023.03.10 17:00:00,1800,True,True,0.365578,True,True,True,True,True,True,True,True,True,True,True,True,,,,,,
USD_NFP_1680881400,1680881400,2023.04.07 15:30:00,2023,CORE_2015_2025,NFP,AUDUSD,QUOTE,840030016,Nonfarm Payrolls,True,"840030015,840030016,840030018,840030019",USD_840030017:Participation Rate|USD_840030020:Average Weekly Hours|USD_840030022:Government Payrolls|USD_840030023:Private Nonfarm Payrolls|USD_840030024:U6 Unemployment Rate|USD_840030032:Manufacturing Payrolls,False,False,False,236.0,-8.0,311.0,326.0,244.0,-75.0,POSITIVE,NEGATIVE,1,-1,-1,1,True,1680883200,2023.04.07 16:00:00,1800,True,True,0.000781,True,True,True,True,True,True,True,True,True,True,True,True,,,,,,
USD_NFP_1680881400,1680881400,2023.04.07 15:30:00,2023,CORE_2015_2025,NFP,EURUSD,QUOTE,840030016,Nonfarm Payrolls,True,"840030015,840030016,840030018,840030019",USD_840030017:Participation Rate|USD_840030020:Average Weekly Hours|USD_840030022:Government Payrolls|USD_840030023:Private Nonfarm Payrolls|USD_840030024:U6 Unemployment Rate|USD_840030032:Manufacturing Payrolls,False,False,False,236.0,-8.0,311.0,326.0,244.0,-75.0,POSITIVE,NEGATIVE,1,-1,-1,1,True,1680883200,2023.04.07 16:00:00,1800,True,True,0.000823,True,True,True,True,True,True,True,True,True,True,True,True,,,,,,
USD_NFP_1680881400,1680881400,2023.04.07 15:30:00,2023,CORE_2015_2025,NFP,GBPUSD,QUOTE,840030016,Nonfarm Payrolls,True,"840030015,840030016,840030018,840030019",USD_840030017:Participation Rate|USD_840030020:Average Weekly Hours|USD_840030022:Government Payrolls|USD_840030023:Private Nonfarm Payrolls|USD_840030024:U6 Unemployment Rate|USD_840030032:Manufacturing Payrolls,False,False,False,236.0,-8.0,311.0,326.0,244.0,-75.0,POSITIVE,NEGATIVE,1,-1,-1,1,True,1680883200,2023.04.07 16:00:00,1800,True,True,0.001139,True,True,True,True,True,True,True,True,True,True,True,True,,,,,,
USD_NFP_1680881400,1680881400,2023.04.07 15:30:00,2023,CORE_2015_2025,NFP,NZDUSD,QUOTE,840030016,Nonfarm Payrolls,True,"840030015,840030016,840030018,840030019",USD_840030017:Participation Rate|USD_840030020:Average Weekly Hours|USD_840030022:Government Payrolls|USD_840030023:Private Nonfarm Payrolls|USD_840030024:U6 Unemployment Rate|USD_840030032:Manufacturing Payrolls,False,False,False,236.0,-8.0,311.0,326.0,244.0,-75.0,POSITIVE,NEGATIVE,1,-1,-1,1,True,1680883200,2023.04.07 16:00:00,1800,True,True,0.000778,True,True,True,True,True,True,True,True,True,True,True,True,,,,,,
USD_NFP_1680881400,1680881400,2023.04.07 15:30:00,2023,CORE_2015_2025,NFP,USDCAD,BASE,840030016,Nonfarm Payrolls,True,"840030015,840030016,840030018,840030019",USD_840030017:Participation Rate|USD_840030020:Average Weekly Hours|USD_840030022:Government Payrolls|USD_840030023:Private Nonfarm Payrolls|USD_840030024:U6 Unemployment Rate|USD_840030032:Manufacturing Payrolls,False,False,False,236.0,-8.0,311.0,326.0,244.0,-75.0,POSITIVE,NEGATIVE,1,1,-1,-1,True,1680883200,2023.04.07 16:00:00,1800,True,True,0.001073,True,True,True,True,True,True,True,True,True,True,True,True,,,,,,
USD_NFP_1680881400,1680881400,2023.04.07 15:30:00,2023,CORE_2015_2025,NFP,USDCHF,BASE,840030016,Nonfarm Payrolls,True,"840030015,840030016,840030018,840030019",USD_840030017:Participation Rate|USD_840030020:Average Weekly Hours|USD_840030022:Government Payrolls|USD_840030023:Private Nonfarm Payrolls|USD_840030024:U6 Unemployment Rate|USD_840030032:Manufacturing Payrolls,False,False,False,236.0,-8.0,311.0,326.0,244.0,-75.0,POSITIVE,NEGATIVE,1,1,-1,-1,True,1680883200,2023.04.07 16:00:00,1800,True,True,0.000812,True,True,True,True,True,True,True,True,True,True,True,True,,,,,,
USD_NFP_1680881400,1680881400,2023.04.07 15:30:00,2023,CORE_2015_2025,NFP,USDJPY,BASE,840030016,Nonfarm Payrolls,True,"840030015,840030016,840030018,840030019",USD_840030017:Participation Rate|USD_840030020:Average Weekly Hours|USD_840030022:Government Payrolls|USD_840030023:Private Nonfarm Payrolls|USD_840030024:U6 Unemployment Rate|USD_840030032:Manufacturing Payrolls,False,False,False,236.0,-8.0,311.0,326.0,244.0,-75.0,POSITIVE,NEGATIVE,1,1,-1,-1,True,1680883200,2023.04.07 16:00:00,1800,True,True,0.171422,True,True,True,True,True,True,True,True,True,True,True,True,,,,,,
USD_NFP_1683300600,1683300600,2023.05.05 15:30:00,2023,CORE_2015_2025,NFP,AUDUSD,QUOTE,840030016,Nonfarm Payrolls,True,"840030015,840030016,840030018,840030019",USD_840030017:Participation Rate|USD_840030020:Average Weekly Hours|USD_840030022:Government Payrolls|USD_840030023:Private Nonfarm Payrolls|USD_840030024:U6 Unemployment Rate|USD_840030032:Manufacturing Payrolls|CAD_124010011:Employment Change|CAD_124010012:Full-Time Employment Change|CAD_124010013:Part-Time Employment Change|CAD_124010014:Unemployment Rate|CAD_124010015:Participation Rate,True,False,False,253.0,23.0,236.0,165.0,230.0,17.0,POSITIVE,POSITIVE,1,-1,1,-1,True,1683302400,2023.05.05 16:00:00,1800,True,True,0.001139,True,True,True,True,True,True,True,True,True,True,True,True,,,,,,
USD_NFP_1683300600,1683300600,2023.05.05 15:30:00,2023,CORE_2015_2025,NFP,EURUSD,QUOTE,840030016,Nonfarm Payrolls,True,"840030015,840030016,840030018,840030019",USD_840030017:Participation Rate|USD_840030020:Average Weekly Hours|USD_840030022:Government Payrolls|USD_840030023:Private Nonfarm Payrolls|USD_840030024:U6 Unemployment Rate|USD_840030032:Manufacturing Payrolls|CAD_124010011:Employment Change|CAD_124010012:Full-Time Employment Change|CAD_124010013:Part-Time Employment Change|CAD_124010014:Unemployment Rate|CAD_124010015:Participation Rate,True,False,False,253.0,23.0,236.0,165.0,230.0,17.0,POSITIVE,POSITIVE,1,-1,1,-1,True,1683302400,2023.05.05 16:00:00,1800,True,True,0.001418,True,True,True,True,True,True,True,True,True,True,True,True,,,,,,
USD_NFP_1683300600,1683300600,2023.05.05 15:30:00,2023,CORE_2015_2025,NFP,GBPUSD,QUOTE,840030016,Nonfarm Payrolls,True,"840030015,840030016,840030018,840030019",USD_840030017:Participation Rate|USD_840030020:Average Weekly Hours|USD_840030022:Government Payrolls|USD_840030023:Private Nonfarm Payrolls|USD_840030024:U6 Unemployment Rate|USD_840030032:Manufacturing Payrolls|CAD_124010011:Employment Change|CAD_124010012:Full-Time Employment Change|CAD_124010013:Part-Time Employment Change|CAD_124010014:Unemployment Rate|CAD_124010015:Participation Rate,True,False,False,253.0,23.0,236.0,165.0,230.0,17.0,POSITIVE,POSITIVE,1,-1,1,-1,True,1683302400,2023.05.05 16:00:00,1800,True,True,0.001581,True,True,True,True,True,True,True,True,True,True,True,True,,,,,,
USD_NFP_1683300600,1683300600,2023.05.05 15:30:00,2023,CORE_2015_2025,NFP,NZDUSD,QUOTE,840030016,Nonfarm Payrolls,True,"840030015,840030016,840030018,840030019",USD_840030017:Participation Rate|USD_840030020:Average Weekly Hours|USD_840030022:Government Payrolls|USD_840030023:Private Nonfarm Payrolls|USD_840030024:U6 Unemployment Rate|USD_840030032:Manufacturing Payrolls|CAD_124010011:Employment Change|CAD_124010012:Full-Time Employment Change|CAD_124010013:Part-Time Employment Change|CAD_124010014:Unemployment Rate|CAD_124010015:Participation Rate,True,False,False,253.0,23.0,236.0,165.0,230.0,17.0,POSITIVE,POSITIVE,1,-1,1,-1,True,1683302400,2023.05.05 16:00:00,1800,True,True,0.001034,True,True,True,True,True,True,True,True,True,True,True,True,,,,,,
USD_NFP_1683300600,1683300600,2023.05.05 15:30:00,2023,CORE_2015_2025,NFP,USDCAD,BASE,840030016,Nonfarm Payrolls,True,"840030015,840030016,840030018,840030019",USD_840030017:Participation Rate|USD_840030020:Average Weekly Hours|USD_840030022:Government Payrolls|USD_840030023:Private Nonfarm Payrolls|USD_840030024:U6 Unemployment Rate|USD_840030032:Manufacturing Payrolls|CAD_124010011:Employment Change|CAD_124010012:Full-Time Employment Change|CAD_124010013:Part-Time Employment Change|CAD_124010014:Unemployment Rate|CAD_124010015:Participation Rate,True,False,False,253.0,23.0,236.0,165.0,230.0,17.0,POSITIVE,POSITIVE,1,1,1,1,True,1683302400,2023.05.05 16:00:00,1800,True,True,0.001517,True,True,True,True,True,True,True,True,True,True,True,True,,,,,,
USD_NFP_1683300600,1683300600,2023.05.05 15:30:00,2023,CORE_2015_2025,NFP,USDCHF,BASE,840030016,Nonfarm Payrolls,True,"840030015,840030016,840030018,840030019",USD_840030017:Participation Rate|USD_840030020:Average Weekly Hours|USD_840030022:Government Payrolls|USD_840030023:Private Nonfarm Payrolls|USD_840030024:U6 Unemployment Rate|USD_840030032:Manufacturing Payrolls|CAD_124010011:Employment Change|CAD_124010012:Full-Time Employment Change|CAD_124010013:Part-Time Employment Change|CAD_124010014:Unemployment Rate|CAD_124010015:Participation Rate,True,False,False,253.0,23.0,236.0,165.0,230.0,17.0,POSITIVE,POSITIVE,1,1,1,1,True,1683302400,2023.05.05 16:00:00,1800,True,True,0.001630,True,True,True,True,True,True,True,True,True,True,True,True,,,,,,
USD_NFP_1683300600,1683300600,2023.05.05 15:30:00,2023,CORE_2015_2025,NFP,USDJPY,BASE,840030016,Nonfarm Payrolls,True,"840030015,840030016,840030018,840030019",USD_840030017:Participation Rate|USD_840030020:Average Weekly Hours|USD_840030022:Government Payrolls|USD_840030023:Private Nonfarm Payrolls|USD_840030024:U6 Unemployment Rate|USD_840030032:Manufacturing Payrolls|CAD_124010011:Employment Change|CAD_124010012:Full-Time Employment Change|CAD_124010013:Part-Time Employment Change|CAD_124010014:Unemployment Rate|CAD_124010015:Participation Rate,True,False,False,253.0,23.0,236.0,165.0,230.0,17.0,POSITIVE,POSITIVE,1,1,1,1,True,1683302400,2023.05.05 16:00:00,1800,True,True,0.205958,True,True,True,True,True,True,True,True,True,True,True,True,,,,,,
USD_NFP_1685719800,1685719800,2023.06.02 15:30:00,2023,CORE_2015_2025,NFP,AUDUSD,QUOTE,840030016,Nonfarm Payrolls,True,"840030015,840030016,840030018,840030019",USD_840030017:Participation Rate|USD_840030020:Average Weekly Hours|USD_840030022:Government Payrolls|USD_840030023:Private Nonfarm Payrolls|USD_840030024:U6 Unemployment Rate|USD_840030032:Manufacturing Payrolls,False,False,False,339.0,1.0,253.0,294.0,338.0,86.0,POSITIVE,POSITIVE,1,-1,1,-1,True,1685721600,2023.06.02 16:00:00,1800,True,True,0.001179,True,True,True,True,True,True,True,True,True,True,True,True,,,,,,
USD_NFP_1685719800,1685719800,2023.06.02 15:30:00,2023,CORE_2015_2025,NFP,EURUSD,QUOTE,840030016,Nonfarm Payrolls,True,"840030015,840030016,840030018,840030019",USD_840030017:Participation Rate|USD_840030020:Average Weekly Hours|USD_840030022:Government Payrolls|USD_840030023:Private Nonfarm Payrolls|USD_840030024:U6 Unemployment Rate|USD_840030032:Manufacturing Payrolls,False,False,False,339.0,1.0,253.0,294.0,338.0,86.0,POSITIVE,POSITIVE,1,-1,1,-1,True,1685721600,2023.06.02 16:00:00,1800,True,True,0.001181,True,True,True,True,True,True,True,True,True,True,True,True,,,,,,
USD_NFP_1685719800,1685719800,2023.06.02 15:30:00,2023,CORE_2015_2025,NFP,GBPUSD,QUOTE,840030016,Nonfarm Payrolls,True,"840030015,840030016,840030018,840030019",USD_840030017:Participation Rate|USD_840030020:Average Weekly Hours|USD_840030022:Government Payrolls|USD_840030023:Private Nonfarm Payrolls|USD_840030024:U6 Unemployment Rate|USD_840030032:Manufacturing Payrolls,False,False,False,339.0,1.0,253.0,294.0,338.0,86.0,POSITIVE,POSITIVE,1,-1,1,-1,True,1685721600,2023.06.02 16:00:00,1800,True,True,0.001448,True,True,True,True,True,True,True,True,True,True,True,True,,,,,,
USD_NFP_1685719800,1685719800,2023.06.02 15:30:00,2023,CORE_2015_2025,NFP,NZDUSD,QUOTE,840030016,Nonfarm Payrolls,True,"840030015,840030016,840030018,840030019",USD_840030017:Participation Rate|USD_840030020:Average Weekly Hours|USD_840030022:Government Payrolls|USD_840030023:Private Nonfarm Payrolls|USD_840030024:U6 Unemployment Rate|USD_840030032:Manufacturing Payrolls,False,False,False,339.0,1.0,253.0,294.0,338.0,86.0,POSITIVE,POSITIVE,1,-1,1,-1,True,1685721600,2023.06.02 16:00:00,1800,True,True,0.001263,True,True,True,True,True,True,True,True,True,True,True,True,,,,,,
USD_NFP_1685719800,1685719800,2023.06.02 15:30:00,2023,CORE_2015_2025,NFP,USDCAD,BASE,840030016,Nonfarm Payrolls,True,"840030015,840030016,840030018,840030019",USD_840030017:Participation Rate|USD_840030020:Average Weekly Hours|USD_840030022:Government Payrolls|USD_840030023:Private Nonfarm Payrolls|USD_840030024:U6 Unemployment Rate|USD_840030032:Manufacturing Payrolls,False,False,False,339.0,1.0,253.0,294.0,338.0,86.0,POSITIVE,POSITIVE,1,1,1,1,True,1685721600,2023.06.02 16:00:00,1800,True,True,0.001334,True,True,True,True,True,True,True,True,True,True,True,True,,,,,,
USD_NFP_1685719800,1685719800,2023.06.02 15:30:00,2023,CORE_2015_2025,NFP,USDCHF,BASE,840030016,Nonfarm Payrolls,True,"840030015,840030016,840030018,840030019",USD_840030017:Participation Rate|USD_840030020:Average Weekly Hours|USD_840030022:Government Payrolls|USD_840030023:Private Nonfarm Payrolls|USD_840030024:U6 Unemployment Rate|USD_840030032:Manufacturing Payrolls,False,False,False,339.0,1.0,253.0,294.0,338.0,86.0,POSITIVE,POSITIVE,1,1,1,1,True,1685721600,2023.06.02 16:00:00,1800,True,True,0.001123,True,True,True,True,True,True,True,True,True,True,True,True,,,,,,
USD_NFP_1685719800,1685719800,2023.06.02 15:30:00,2023,CORE_2015_2025,NFP,USDJPY,BASE,840030016,Nonfarm Payrolls,True,"840030015,840030016,840030018,840030019",USD_840030017:Participation Rate|USD_840030020:Average Weekly Hours|USD_840030022:Government Payrolls|USD_840030023:Private Nonfarm Payrolls|USD_840030024:U6 Unemployment Rate|USD_840030032:Manufacturing Payrolls,False,False,False,339.0,1.0,253.0,294.0,338.0,86.0,POSITIVE,POSITIVE,1,1,1,1,True,1685721600,2023.06.02 16:00:00,1800,True,True,0.196775,True,True,True,True,True,True,True,True,True,True,True,True,,,,,,
USD_NFP_1688743800,1688743800,2023.07.07 15:30:00,2023,CORE_2015_2025,NFP,AUDUSD,QUOTE,840030016,Nonfarm Payrolls,True,"840030015,840030016,840030018,840030019",USD_840030017:Participation Rate|USD_840030020:Average Weekly Hours|USD_840030022:Government Payrolls|USD_840030023:Private Nonfarm Payrolls|USD_840030024:U6 Unemployment Rate|USD_840030032:Manufacturing Payrolls|CAD_124010011:Employment Change|CAD_124010012:Full-Time Employment Change|CAD_124010013:Part-Time Employment Change|CAD_124010014:Unemployment Rate|CAD_124010015:Participation Rate,True,False,False,209.0,-19.0,339.0,306.0,228.0,-130.0,POSITIVE,NEGATIVE,1,-1,-1,1,True,1688745600,2023.07.07 16:00:00,1800,True,True,0.001088,True,True,True,True,True,True,True,True,True,True,True,True,,,,,,
USD_NFP_1688743800,1688743800,2023.07.07 15:30:00,2023,CORE_2015_2025,NFP,EURUSD,QUOTE,840030016,Nonfarm Payrolls,True,"840030015,840030016,840030018,840030019",USD_840030017:Participation Rate|USD_840030020:Average Weekly Hours|USD_840030022:Government Payrolls|USD_840030023:Private Nonfarm Payrolls|USD_840030024:U6 Unemployment Rate|USD_840030032:Manufacturing Payrolls|CAD_124010011:Employment Change|CAD_124010012:Full-Time Employment Change|CAD_124010013:Part-Time Employment Change|CAD_124010014:Unemployment Rate|CAD_124010015:Participation Rate,True,False,False,209.0,-19.0,339.0,306.0,228.0,-130.0,POSITIVE,NEGATIVE,1,-1,-1,1,True,1688745600,2023.07.07 16:00:00,1800,True,True,0.001302,True,True,True,True,True,True,True,True,True,True,True,True,,,,,,
USD_NFP_1688743800,1688743800,2023.07.07 15:30:00,2023,CORE_2015_2025,NFP,GBPUSD,QUOTE,840030016,Nonfarm Payrolls,True,"840030015,840030016,840030018,840030019",USD_840030017:Participation Rate|USD_840030020:Average Weekly Hours|USD_840030022:Government Payrolls|USD_840030023:Private Nonfarm Payrolls|USD_840030024:U6 Unemployment Rate|USD_840030032:Manufacturing Payrolls|CAD_124010011:Employment Change|CAD_124010012:Full-Time Employment Change|CAD_124010013:Part-Time Employment Change|CAD_124010014:Unemployment Rate|CAD_124010015:Participation Rate,True,False,False,209.0,-19.0,339.0,306.0,228.0,-130.0,POSITIVE,NEGATIVE,1,-1,-1,1,True,1688745600,2023.07.07 16:00:00,1800,True,True,0.001593,True,True,True,True,True,True,True,True,True,True,True,True,,,,,,
USD_NFP_1688743800,1688743800,2023.07.07 15:30:00,2023,CORE_2015_2025,NFP,NZDUSD,QUOTE,840030016,Nonfarm Payrolls,True,"840030015,840030016,840030018,840030019",USD_840030017:Participation Rate|USD_840030020:Average Weekly Hours|USD_840030022:Government Payrolls|USD_840030023:Private Nonfarm Payrolls|USD_840030024:U6 Unemployment Rate|USD_840030032:Manufacturing Payrolls|CAD_124010011:Employment Change|CAD_124010012:Full-Time Employment Change|CAD_124010013:Part-Time Employment Change|CAD_124010014:Unemployment Rate|CAD_124010015:Participation Rate,True,False,False,209.0,-19.0,339.0,306.0,228.0,-130.0,POSITIVE,NEGATIVE,1,-1,-1,1,True,1688745600,2023.07.07 16:00:00,1800,True,True,0.001132,True,True,True,True,True,True,True,True,True,True,True,True,,,,,,
USD_NFP_1688743800,1688743800,2023.07.07 15:30:00,2023,CORE_2015_2025,NFP,USDCAD,BASE,840030016,Nonfarm Payrolls,True,"840030015,840030016,840030018,840030019",USD_840030017:Participation Rate|USD_840030020:Average Weekly Hours|USD_840030022:Government Payrolls|USD_840030023:Private Nonfarm Payrolls|USD_840030024:U6 Unemployment Rate|USD_840030032:Manufacturing Payrolls|CAD_124010011:Employment Change|CAD_124010012:Full-Time Employment Change|CAD_124010013:Part-Time Employment Change|CAD_124010014:Unemployment Rate|CAD_124010015:Participation Rate,True,False,False,209.0,-19.0,339.0,306.0,228.0,-130.0,POSITIVE,NEGATIVE,1,1,-1,-1,True,1688745600,2023.07.07 16:00:00,1800,True,True,0.001128,True,True,True,True,True,True,True,True,True,True,True,True,,,,,,
USD_NFP_1688743800,1688743800,2023.07.07 15:30:00,2023,CORE_2015_2025,NFP,USDCHF,BASE,840030016,Nonfarm Payrolls,True,"840030015,840030016,840030018,840030019",USD_840030017:Participation Rate|USD_840030020:Average Weekly Hours|USD_840030022:Government Payrolls|USD_840030023:Private Nonfarm Payrolls|USD_840030024:U6 Unemployment Rate|USD_840030032:Manufacturing Payrolls|CAD_124010011:Employment Change|CAD_124010012:Full-Time Employment Change|CAD_124010013:Part-Time Employment Change|CAD_124010014:Unemployment Rate|CAD_124010015:Participation Rate,True,False,False,209.0,-19.0,339.0,306.0,228.0,-130.0,POSITIVE,NEGATIVE,1,1,-1,-1,True,1688745600,2023.07.07 16:00:00,1800,True,True,0.000949,True,True,True,True,True,True,True,True,True,True,True,True,,,,,,
USD_NFP_1688743800,1688743800,2023.07.07 15:30:00,2023,CORE_2015_2025,NFP,USDJPY,BASE,840030016,Nonfarm Payrolls,True,"840030015,840030016,840030018,840030019",USD_840030017:Participation Rate|USD_840030020:Average Weekly Hours|USD_840030022:Government Payrolls|USD_840030023:Private Nonfarm Payrolls|USD_840030024:U6 Unemployment Rate|USD_840030032:Manufacturing Payrolls|CAD_124010011:Employment Change|CAD_124010012:Full-Time Employment Change|CAD_124010013:Part-Time Employment Change|CAD_124010014:Unemployment Rate|CAD_124010015:Participation Rate,True,False,False,209.0,-19.0,339.0,306.0,228.0,-130.0,POSITIVE,NEGATIVE,1,1,-1,-1,True,1688745600,2023.07.07 16:00:00,1800,True,True,0.225986,True,True,True,True,True,True,True,True,True,True,True,True,,,,,,
USD_NFP_1691163000,1691163000,2023.08.04 15:30:00,2023,CORE_2015_2025,NFP,AUDUSD,QUOTE,840030016,Nonfarm Payrolls,True,"840030015,840030016,840030018,840030019",USD_840030017:Participation Rate|USD_840030020:Average Weekly Hours|USD_840030022:Government Payrolls|USD_840030023:Private Nonfarm Payrolls|USD_840030024:U6 Unemployment Rate|USD_840030032:Manufacturing Payrolls|CAD_124010011:Employment Change|CAD_124010012:Full-Time Employment Change|CAD_124010013:Part-Time Employment Change|CAD_124010014:Unemployment Rate|CAD_124010015:Participation Rate,True,False,False,187.0,-1.0,209.0,185.0,188.0,-22.0,POSITIVE,NEGATIVE,1,-1,-1,1,True,1691164800,2023.08.04 16:00:00,1800,True,True,0.001283,True,True,True,True,True,True,True,True,True,True,True,True,,,,,,
USD_NFP_1691163000,1691163000,2023.08.04 15:30:00,2023,CORE_2015_2025,NFP,EURUSD,QUOTE,840030016,Nonfarm Payrolls,True,"840030015,840030016,840030018,840030019",USD_840030017:Participation Rate|USD_840030020:Average Weekly Hours|USD_840030022:Government Payrolls|USD_840030023:Private Nonfarm Payrolls|USD_840030024:U6 Unemployment Rate|USD_840030032:Manufacturing Payrolls|CAD_124010011:Employment Change|CAD_124010012:Full-Time Employment Change|CAD_124010013:Part-Time Employment Change|CAD_124010014:Unemployment Rate|CAD_124010015:Participation Rate,True,False,False,187.0,-1.0,209.0,185.0,188.0,-22.0,POSITIVE,NEGATIVE,1,-1,-1,1,True,1691164800,2023.08.04 16:00:00,1800,True,True,0.001117,True,True,True,True,True,True,True,True,True,True,True,True,,,,,,
USD_NFP_1691163000,1691163000,2023.08.04 15:30:00,2023,CORE_2015_2025,NFP,GBPUSD,QUOTE,840030016,Nonfarm Payrolls,True,"840030015,840030016,840030018,840030019",USD_840030017:Participation Rate|USD_840030020:Average Weekly Hours|USD_840030022:Government Payrolls|USD_840030023:Private Nonfarm Payrolls|USD_840030024:U6 Unemployment Rate|USD_840030032:Manufacturing Payrolls|CAD_124010011:Employment Change|CAD_124010012:Full-Time Employment Change|CAD_124010013:Part-Time Employment Change|CAD_124010014:Unemployment Rate|CAD_124010015:Participation Rate,True,False,False,187.0,-1.0,209.0,185.0,188.0,-22.0,POSITIVE,NEGATIVE,1,-1,-1,1,True,1691164800,2023.08.04 16:00:00,1800,True,True,0.001553,True,True,True,True,True,True,True,True,True,True,True,True,,,,,,
USD_NFP_1691163000,1691163000,2023.08.04 15:30:00,2023,CORE_2015_2025,NFP,NZDUSD,QUOTE,840030016,Nonfarm Payrolls,True,"840030015,840030016,840030018,840030019",USD_840030017:Participation Rate|USD_840030020:Average Weekly Hours|USD_840030022:Government Payrolls|USD_840030023:Private Nonfarm Payrolls|USD_840030024:U6 Unemployment Rate|USD_840030032:Manufacturing Payrolls|CAD_124010011:Employment Change|CAD_124010012:Full-Time Employment Change|CAD_124010013:Part-Time Employment Change|CAD_124010014:Unemployment Rate|CAD_124010015:Participation Rate,True,False,False,187.0,-1.0,209.0,185.0,188.0,-22.0,POSITIVE,NEGATIVE,1,-1,-1,1,True,1691164800,2023.08.04 16:00:00,1800,True,True,0.001122,True,True,True,True,True,True,True,True,True,True,True,True,,,,,,
USD_NFP_1691163000,1691163000,2023.08.04 15:30:00,2023,CORE_2015_2025,NFP,USDCAD,BASE,840030016,Nonfarm Payrolls,True,"840030015,840030016,840030018,840030019",USD_840030017:Participation Rate|USD_840030020:Average Weekly Hours|USD_840030022:Government Payrolls|USD_840030023:Private Nonfarm Payrolls|USD_840030024:U6 Unemployment Rate|USD_840030032:Manufacturing Payrolls|CAD_124010011:Employment Change|CAD_124010012:Full-Time Employment Change|CAD_124010013:Part-Time Employment Change|CAD_124010014:Unemployment Rate|CAD_124010015:Participation Rate,True,False,False,187.0,-1.0,209.0,185.0,188.0,-22.0,POSITIVE,NEGATIVE,1,1,-1,-1,True,1691164800,2023.08.04 16:00:00,1800,True,True,0.001157,True,True,True,True,True,True,True,True,True,True,True,True,,,,,,
USD_NFP_1691163000,1691163000,2023.08.04 15:30:00,2023,CORE_2015_2025,NFP,USDCHF,BASE,840030016,Nonfarm Payrolls,True,"840030015,840030016,840030018,840030019",USD_840030017:Participation Rate|USD_840030020:Average Weekly Hours|USD_840030022:Government Payrolls|USD_840030023:Private Nonfarm Payrolls|USD_840030024:U6 Unemployment Rate|USD_840030032:Manufacturing Payrolls|CAD_124010011:Employment Change|CAD_124010012:Full-Time Employment Change|CAD_124010013:Part-Time Employment Change|CAD_124010014:Unemployment Rate|CAD_124010015:Participation Rate,True,False,False,187.0,-1.0,209.0,185.0,188.0,-22.0,POSITIVE,NEGATIVE,1,1,-1,-1,True,1691164800,2023.08.04 16:00:00,1800,True,True,0.001121,True,True,True,True,True,True,True,True,True,True,True,True,,,,,,
USD_NFP_1691163000,1691163000,2023.08.04 15:30:00,2023,CORE_2015_2025,NFP,USDJPY,BASE,840030016,Nonfarm Payrolls,True,"840030015,840030016,840030018,840030019",USD_840030017:Participation Rate|USD_840030020:Average Weekly Hours|USD_840030022:Government Payrolls|USD_840030023:Private Nonfarm Payrolls|USD_840030024:U6 Unemployment Rate|USD_840030032:Manufacturing Payrolls|CAD_124010011:Employment Change|CAD_124010012:Full-Time Employment Change|CAD_124010013:Part-Time Employment Change|CAD_124010014:Unemployment Rate|CAD_124010015:Participation Rate,True,False,False,187.0,-1.0,209.0,185.0,188.0,-22.0,POSITIVE,NEGATIVE,1,1,-1,-1,True,1691164800,2023.08.04 16:00:00,1800,True,True,0.216998,True,True,True,True,True,True,True,True,True,True,True,True,,,,,,
USD_NFP_1693582200,1693582200,2023.09.01 15:30:00,2023,CORE_2015_2025,NFP,AUDUSD,QUOTE,840030016,Nonfarm Payrolls,True,"840030015,840030016,840030018,840030019",USD_840030017:Participation Rate|USD_840030020:Average Weekly Hours|USD_840030022:Government Payrolls|USD_840030023:Private Nonfarm Payrolls|USD_840030024:U6 Unemployment Rate|USD_840030032:Manufacturing Payrolls|CAD_124010021:GDP m/m|CAD_124010022:GDP q/q|CAD_124010023:GDP Implicit Price Index q/q|CAD_124010035:GDP y/y|CAD_124010036:GDP Annualized q/q,False,False,False,187.0,12.0,187.0,157.0,175.0,0.0,POSITIVE,ZERO,1,-1,,,True,1693584000,2023.09.01 16:00:00,1800,True,True,0.001219,True,True,True,True,True,True,True,True,True,False,False,False,,,,excluded_zero_signal,excluded_zero_signal,excluded_zero_signal
USD_NFP_1693582200,1693582200,2023.09.01 15:30:00,2023,CORE_2015_2025,NFP,EURUSD,QUOTE,840030016,Nonfarm Payrolls,True,"840030015,840030016,840030018,840030019",USD_840030017:Participation Rate|USD_840030020:Average Weekly Hours|USD_840030022:Government Payrolls|USD_840030023:Private Nonfarm Payrolls|USD_840030024:U6 Unemployment Rate|USD_840030032:Manufacturing Payrolls|CAD_124010021:GDP m/m|CAD_124010022:GDP q/q|CAD_124010023:GDP Implicit Price Index q/q|CAD_124010035:GDP y/y|CAD_124010036:GDP Annualized q/q,False,False,False,187.0,12.0,187.0,157.0,175.0,0.0,POSITIVE,ZERO,1,-1,,,True,1693584000,2023.09.01 16:00:00,1800,True,True,0.001120,True,True,True,True,True,True,True,True,True,False,False,False,,,,excluded_zero_signal,excluded_zero_signal,excluded_zero_signal
USD_NFP_1693582200,1693582200,2023.09.01 15:30:00,2023,CORE_2015_2025,NFP,GBPUSD,QUOTE,840030016,Nonfarm Payrolls,True,"840030015,840030016,840030018,840030019",USD_840030017:Participation Rate|USD_840030020:Average Weekly Hours|USD_840030022:Government Payrolls|USD_840030023:Private Nonfarm Payrolls|USD_840030024:U6 Unemployment Rate|USD_840030032:Manufacturing Payrolls|CAD_124010021:GDP m/m|CAD_124010022:GDP q/q|CAD_124010023:GDP Implicit Price Index q/q|CAD_124010035:GDP y/y|CAD_124010036:GDP Annualized q/q,False,False,False,187.0,12.0,187.0,157.0,175.0,0.0,POSITIVE,ZERO,1,-1,,,True,1693584000,2023.09.01 16:00:00,1800,True,True,0.001479,True,True,True,True,True,True,True,True,True,False,False,False,,,,excluded_zero_signal,excluded_zero_signal,excluded_zero_signal
USD_NFP_1693582200,1693582200,2023.09.01 15:30:00,2023,CORE_2015_2025,NFP,NZDUSD,QUOTE,840030016,Nonfarm Payrolls,True,"840030015,840030016,840030018,840030019",USD_840030017:Participation Rate|USD_840030020:Average Weekly Hours|USD_840030022:Government Payrolls|USD_840030023:Private Nonfarm Payrolls|USD_840030024:U6 Unemployment Rate|USD_840030032:Manufacturing Payrolls|CAD_124010021:GDP m/m|CAD_124010022:GDP q/q|CAD_124010023:GDP Implicit Price Index q/q|CAD_124010035:GDP y/y|CAD_124010036:GDP Annualized q/q,False,False,False,187.0,12.0,187.0,157.0,175.0,0.0,POSITIVE,ZERO,1,-1,,,True,1693584000,2023.09.01 16:00:00,1800,True,True,0.001199,True,True,True,True,True,True,True,True,True,False,False,False,,,,excluded_zero_signal,excluded_zero_signal,excluded_zero_signal
USD_NFP_1693582200,1693582200,2023.09.01 15:30:00,2023,CORE_2015_2025,NFP,USDCAD,BASE,840030016,Nonfarm Payrolls,True,"840030015,840030016,840030018,840030019",USD_840030017:Participation Rate|USD_840030020:Average Weekly Hours|USD_840030022:Government Payrolls|USD_840030023:Private Nonfarm Payrolls|USD_840030024:U6 Unemployment Rate|USD_840030032:Manufacturing Payrolls|CAD_124010021:GDP m/m|CAD_124010022:GDP q/q|CAD_124010023:GDP Implicit Price Index q/q|CAD_124010035:GDP y/y|CAD_124010036:GDP Annualized q/q,False,False,False,187.0,12.0,187.0,157.0,175.0,0.0,POSITIVE,ZERO,1,1,,,True,1693584000,2023.09.01 16:00:00,1800,True,True,0.001323,True,True,True,True,True,True,True,True,True,False,False,False,,,,excluded_zero_signal,excluded_zero_signal,excluded_zero_signal
USD_NFP_1693582200,1693582200,2023.09.01 15:30:00,2023,CORE_2015_2025,NFP,USDCHF,BASE,840030016,Nonfarm Payrolls,True,"840030015,840030016,840030018,840030019",USD_840030017:Participation Rate|USD_840030020:Average Weekly Hours|USD_840030022:Government Payrolls|USD_840030023:Private Nonfarm Payrolls|USD_840030024:U6 Unemployment Rate|USD_840030032:Manufacturing Payrolls|CAD_124010021:GDP m/m|CAD_124010022:GDP q/q|CAD_124010023:GDP Implicit Price Index q/q|CAD_124010035:GDP y/y|CAD_124010036:GDP Annualized q/q,False,False,False,187.0,12.0,187.0,157.0,175.0,0.0,POSITIVE,ZERO,1,1,,,True,1693584000,2023.09.01 16:00:00,1800,True,True,0.001056,True,True,True,True,True,True,True,True,True,False,False,False,,,,excluded_zero_signal,excluded_zero_signal,excluded_zero_signal
USD_NFP_1693582200,1693582200,2023.09.01 15:30:00,2023,CORE_2015_2025,NFP,USDJPY,BASE,840030016,Nonfarm Payrolls,True,"840030015,840030016,840030018,840030019",USD_840030017:Participation Rate|USD_840030020:Average Weekly Hours|USD_840030022:Government Payrolls|USD_840030023:Private Nonfarm Payrolls|USD_840030024:U6 Unemployment Rate|USD_840030032:Manufacturing Payrolls|CAD_124010021:GDP m/m|CAD_124010022:GDP q/q|CAD_124010023:GDP Implicit Price Index q/q|CAD_124010035:GDP y/y|CAD_124010036:GDP Annualized q/q,False,False,False,187.0,12.0,187.0,157.0,175.0,0.0,POSITIVE,ZERO,1,1,,,True,1693584000,2023.09.01 16:00:00,1800,True,True,0.170099,True,True,True,True,True,True,True,True,True,False,False,False,,,,excluded_zero_signal,excluded_zero_signal,excluded_zero_signal
USD_NFP_1696606200,1696606200,2023.10.06 15:30:00,2023,CORE_2015_2025,NFP,AUDUSD,QUOTE,840030016,Nonfarm Payrolls,True,"840030015,840030016,840030018,840030019",USD_840030017:Participation Rate|USD_840030020:Average Weekly Hours|USD_840030022:Government Payrolls|USD_840030023:Private Nonfarm Payrolls|USD_840030024:U6 Unemployment Rate|USD_840030032:Manufacturing Payrolls|CAD_124010011:Employment Change|CAD_124010012:Full-Time Employment Change|CAD_124010013:Part-Time Employment Change|CAD_124010014:Unemployment Rate|CAD_124010015:Participation Rate,True,False,False,336.0,1.0,187.0,227.0,335.0,149.0,POSITIVE,POSITIVE,1,-1,1,-1,True,1696608000,2023.10.06 16:00:00,1800,True,True,0.001023,True,True,True,True,True,True,True,True,True,True,True,True,,,,,,
USD_NFP_1696606200,1696606200,2023.10.06 15:30:00,2023,CORE_2015_2025,NFP,EURUSD,QUOTE,840030016,Nonfarm Payrolls,True,"840030015,840030016,840030018,840030019",USD_840030017:Participation Rate|USD_840030020:Average Weekly Hours|USD_840030022:Government Payrolls|USD_840030023:Private Nonfarm Payrolls|USD_840030024:U6 Unemployment Rate|USD_840030032:Manufacturing Payrolls|CAD_124010011:Employment Change|CAD_124010012:Full-Time Employment Change|CAD_124010013:Part-Time Employment Change|CAD_124010014:Unemployment Rate|CAD_124010015:Participation Rate,True,False,False,336.0,1.0,187.0,227.0,335.0,149.0,POSITIVE,POSITIVE,1,-1,1,-1,True,1696608000,2023.10.06 16:00:00,1800,True,True,0.001082,True,True,True,True,True,True,True,True,True,True,True,True,,,,,,
USD_NFP_1696606200,1696606200,2023.10.06 15:30:00,2023,CORE_2015_2025,NFP,GBPUSD,QUOTE,840030016,Nonfarm Payrolls,True,"840030015,840030016,840030018,840030019",USD_840030017:Participation Rate|USD_840030020:Average Weekly Hours|USD_840030022:Government Payrolls|USD_840030023:Private Nonfarm Payrolls|USD_840030024:U6 Unemployment Rate|USD_840030032:Manufacturing Payrolls|CAD_124010011:Employment Change|CAD_124010012:Full-Time Employment Change|CAD_124010013:Part-Time Employment Change|CAD_124010014:Unemployment Rate|CAD_124010015:Participation Rate,True,False,False,336.0,1.0,187.0,227.0,335.0,149.0,POSITIVE,POSITIVE,1,-1,1,-1,True,1696608000,2023.10.06 16:00:00,1800,True,True,0.001475,True,True,True,True,True,True,True,True,True,True,True,True,,,,,,
USD_NFP_1696606200,1696606200,2023.10.06 15:30:00,2023,CORE_2015_2025,NFP,NZDUSD,QUOTE,840030016,Nonfarm Payrolls,True,"840030015,840030016,840030018,840030019",USD_840030017:Participation Rate|USD_840030020:Average Weekly Hours|USD_840030022:Government Payrolls|USD_840030023:Private Nonfarm Payrolls|USD_840030024:U6 Unemployment Rate|USD_840030032:Manufacturing Payrolls|CAD_124010011:Employment Change|CAD_124010012:Full-Time Employment Change|CAD_124010013:Part-Time Employment Change|CAD_124010014:Unemployment Rate|CAD_124010015:Participation Rate,True,False,False,336.0,1.0,187.0,227.0,335.0,149.0,POSITIVE,POSITIVE,1,-1,1,-1,True,1696608000,2023.10.06 16:00:00,1800,True,True,0.000946,True,True,True,True,True,True,True,True,True,True,True,True,,,,,,
USD_NFP_1696606200,1696606200,2023.10.06 15:30:00,2023,CORE_2015_2025,NFP,USDCAD,BASE,840030016,Nonfarm Payrolls,True,"840030015,840030016,840030018,840030019",USD_840030017:Participation Rate|USD_840030020:Average Weekly Hours|USD_840030022:Government Payrolls|USD_840030023:Private Nonfarm Payrolls|USD_840030024:U6 Unemployment Rate|USD_840030032:Manufacturing Payrolls|CAD_124010011:Employment Change|CAD_124010012:Full-Time Employment Change|CAD_124010013:Part-Time Employment Change|CAD_124010014:Unemployment Rate|CAD_124010015:Participation Rate,True,False,False,336.0,1.0,187.0,227.0,335.0,149.0,POSITIVE,POSITIVE,1,1,1,1,True,1696608000,2023.10.06 16:00:00,1800,True,True,0.001379,True,True,True,True,True,True,True,True,True,True,True,True,,,,,,
USD_NFP_1696606200,1696606200,2023.10.06 15:30:00,2023,CORE_2015_2025,NFP,USDCHF,BASE,840030016,Nonfarm Payrolls,True,"840030015,840030016,840030018,840030019",USD_840030017:Participation Rate|USD_840030020:Average Weekly Hours|USD_840030022:Government Payrolls|USD_840030023:Private Nonfarm Payrolls|USD_840030024:U6 Unemployment Rate|USD_840030032:Manufacturing Payrolls|CAD_124010011:Employment Change|CAD_124010012:Full-Time Employment Change|CAD_124010013:Part-Time Employment Change|CAD_124010014:Unemployment Rate|CAD_124010015:Participation Rate,True,False,False,336.0,1.0,187.0,227.0,335.0,149.0,POSITIVE,POSITIVE,1,1,1,1,True,1696608000,2023.10.06 16:00:00,1800,True,True,0.001162,True,True,True,True,True,True,True,True,True,True,True,True,,,,,,
USD_NFP_1696606200,1696606200,2023.10.06 15:30:00,2023,CORE_2015_2025,NFP,USDJPY,BASE,840030016,Nonfarm Payrolls,True,"840030015,840030016,840030018,840030019",USD_840030017:Participation Rate|USD_840030020:Average Weekly Hours|USD_840030022:Government Payrolls|USD_840030023:Private Nonfarm Payrolls|USD_840030024:U6 Unemployment Rate|USD_840030032:Manufacturing Payrolls|CAD_124010011:Employment Change|CAD_124010012:Full-Time Employment Change|CAD_124010013:Part-Time Employment Change|CAD_124010014:Unemployment Rate|CAD_124010015:Participation Rate,True,False,False,336.0,1.0,187.0,227.0,335.0,149.0,POSITIVE,POSITIVE,1,1,1,1,True,1696608000,2023.10.06 16:00:00,1800,True,True,0.146976,True,True,True,True,True,True,True,True,True,True,True,True,,,,,,
USD_NFP_1699025400,1699025400,2023.11.03 15:30:00,2023,CORE_2015_2025,NFP,AUDUSD,QUOTE,840030016,Nonfarm Payrolls,True,"840030015,840030016,840030018,840030019",USD_840030017:Participation Rate|USD_840030020:Average Weekly Hours|USD_840030022:Government Payrolls|USD_840030023:Private Nonfarm Payrolls|USD_840030024:U6 Unemployment Rate|USD_840030032:Manufacturing Payrolls|CAD_124010011:Employment Change|CAD_124010012:Full-Time Employment Change|CAD_124010013:Part-Time Employment Change|CAD_124010014:Unemployment Rate|CAD_124010015:Participation Rate,True,False,False,150.0,-8.0,336.0,297.0,158.0,-186.0,POSITIVE,NEGATIVE,1,-1,-1,1,True,1699027200,2023.11.03 16:00:00,1800,True,True,0.001296,True,True,True,True,True,True,True,True,True,True,True,True,,,,,,
USD_NFP_1699025400,1699025400,2023.11.03 15:30:00,2023,CORE_2015_2025,NFP,EURUSD,QUOTE,840030016,Nonfarm Payrolls,True,"840030015,840030016,840030018,840030019",USD_840030017:Participation Rate|USD_840030020:Average Weekly Hours|USD_840030022:Government Payrolls|USD_840030023:Private Nonfarm Payrolls|USD_840030024:U6 Unemployment Rate|USD_840030032:Manufacturing Payrolls|CAD_124010011:Employment Change|CAD_124010012:Full-Time Employment Change|CAD_124010013:Part-Time Employment Change|CAD_124010014:Unemployment Rate|CAD_124010015:Participation Rate,True,False,False,150.0,-8.0,336.0,297.0,158.0,-186.0,POSITIVE,NEGATIVE,1,-1,-1,1,True,1699027200,2023.11.03 16:00:00,1800,True,True,0.001530,True,True,True,True,True,True,True,True,True,True,True,True,,,,,,
USD_NFP_1699025400,1699025400,2023.11.03 15:30:00,2023,CORE_2015_2025,NFP,GBPUSD,QUOTE,840030016,Nonfarm Payrolls,True,"840030015,840030016,840030018,840030019",USD_840030017:Participation Rate|USD_840030020:Average Weekly Hours|USD_840030022:Government Payrolls|USD_840030023:Private Nonfarm Payrolls|USD_840030024:U6 Unemployment Rate|USD_840030032:Manufacturing Payrolls|CAD_124010011:Employment Change|CAD_124010012:Full-Time Employment Change|CAD_124010013:Part-Time Employment Change|CAD_124010014:Unemployment Rate|CAD_124010015:Participation Rate,True,False,False,150.0,-8.0,336.0,297.0,158.0,-186.0,POSITIVE,NEGATIVE,1,-1,-1,1,True,1699027200,2023.11.03 16:00:00,1800,True,True,0.001943,True,True,True,True,True,True,True,True,True,True,True,True,,,,,,
USD_NFP_1699025400,1699025400,2023.11.03 15:30:00,2023,CORE_2015_2025,NFP,NZDUSD,QUOTE,840030016,Nonfarm Payrolls,True,"840030015,840030016,840030018,840030019",USD_840030017:Participation Rate|USD_840030020:Average Weekly Hours|USD_840030022:Government Payrolls|USD_840030023:Private Nonfarm Payrolls|USD_840030024:U6 Unemployment Rate|USD_840030032:Manufacturing Payrolls|CAD_124010011:Employment Change|CAD_124010012:Full-Time Employment Change|CAD_124010013:Part-Time Employment Change|CAD_124010014:Unemployment Rate|CAD_124010015:Participation Rate,True,False,False,150.0,-8.0,336.0,297.0,158.0,-186.0,POSITIVE,NEGATIVE,1,-1,-1,1,True,1699027200,2023.11.03 16:00:00,1800,True,True,0.001290,True,True,True,True,True,True,True,True,True,True,True,True,,,,,,
USD_NFP_1699025400,1699025400,2023.11.03 15:30:00,2023,CORE_2015_2025,NFP,USDCAD,BASE,840030016,Nonfarm Payrolls,True,"840030015,840030016,840030018,840030019",USD_840030017:Participation Rate|USD_840030020:Average Weekly Hours|USD_840030022:Government Payrolls|USD_840030023:Private Nonfarm Payrolls|USD_840030024:U6 Unemployment Rate|USD_840030032:Manufacturing Payrolls|CAD_124010011:Employment Change|CAD_124010012:Full-Time Employment Change|CAD_124010013:Part-Time Employment Change|CAD_124010014:Unemployment Rate|CAD_124010015:Participation Rate,True,False,False,150.0,-8.0,336.0,297.0,158.0,-186.0,POSITIVE,NEGATIVE,1,1,-1,-1,True,1699027200,2023.11.03 16:00:00,1800,True,True,0.001497,True,True,True,True,True,True,True,True,True,True,True,True,,,,,,
USD_NFP_1699025400,1699025400,2023.11.03 15:30:00,2023,CORE_2015_2025,NFP,USDCHF,BASE,840030016,Nonfarm Payrolls,True,"840030015,840030016,840030018,840030019",USD_840030017:Participation Rate|USD_840030020:Average Weekly Hours|USD_840030022:Government Payrolls|USD_840030023:Private Nonfarm Payrolls|USD_840030024:U6 Unemployment Rate|USD_840030032:Manufacturing Payrolls|CAD_124010011:Employment Change|CAD_124010012:Full-Time Employment Change|CAD_124010013:Part-Time Employment Change|CAD_124010014:Unemployment Rate|CAD_124010015:Participation Rate,True,False,False,150.0,-8.0,336.0,297.0,158.0,-186.0,POSITIVE,NEGATIVE,1,1,-1,-1,True,1699027200,2023.11.03 16:00:00,1800,True,True,0.001387,True,True,True,True,True,True,True,True,True,True,True,True,,,,,,
USD_NFP_1699025400,1699025400,2023.11.03 15:30:00,2023,CORE_2015_2025,NFP,USDJPY,BASE,840030016,Nonfarm Payrolls,True,"840030015,840030016,840030018,840030019",USD_840030017:Participation Rate|USD_840030020:Average Weekly Hours|USD_840030022:Government Payrolls|USD_840030023:Private Nonfarm Payrolls|USD_840030024:U6 Unemployment Rate|USD_840030032:Manufacturing Payrolls|CAD_124010011:Employment Change|CAD_124010012:Full-Time Employment Change|CAD_124010013:Part-Time Employment Change|CAD_124010014:Unemployment Rate|CAD_124010015:Participation Rate,True,False,False,150.0,-8.0,336.0,297.0,158.0,-186.0,POSITIVE,NEGATIVE,1,1,-1,-1,True,1699027200,2023.11.03 16:00:00,1800,True,True,0.182184,True,True,True,True,True,True,True,True,True,True,True,True,,,,,,
USD_NFP_1702053000,1702053000,2023.12.08 16:30:00,2023,CORE_2015_2025,NFP,AUDUSD,QUOTE,840030016,Nonfarm Payrolls,True,"840030015,840030016,840030018,840030019",USD_840030017:Participation Rate|USD_840030020:Average Weekly Hours|USD_840030022:Government Payrolls|USD_840030023:Private Nonfarm Payrolls|USD_840030024:U6 Unemployment Rate|USD_840030032:Manufacturing Payrolls|CAD_124010002:Capacity Utilization Rate,False,False,False,199.0,-3.0,150.0,,202.0,49.0,POSITIVE,POSITIVE,1,-1,1,-1,True,1702054800,2023.12.08 17:00:00,1800,True,True,0.001285,True,True,True,True,True,True,True,True,True,True,True,True,,,,,,
USD_NFP_1702053000,1702053000,2023.12.08 16:30:00,2023,CORE_2015_2025,NFP,EURUSD,QUOTE,840030016,Nonfarm Payrolls,True,"840030015,840030016,840030018,840030019",USD_840030017:Participation Rate|USD_840030020:Average Weekly Hours|USD_840030022:Government Payrolls|USD_840030023:Private Nonfarm Payrolls|USD_840030024:U6 Unemployment Rate|USD_840030032:Manufacturing Payrolls|CAD_124010002:Capacity Utilization Rate,False,False,False,199.0,-3.0,150.0,,202.0,49.0,POSITIVE,POSITIVE,1,-1,1,-1,True,1702054800,2023.12.08 17:00:00,1800,True,True,0.001486,True,True,True,True,True,True,True,True,True,True,True,True,,,,,,
USD_NFP_1702053000,1702053000,2023.12.08 16:30:00,2023,CORE_2015_2025,NFP,GBPUSD,QUOTE,840030016,Nonfarm Payrolls,True,"840030015,840030016,840030018,840030019",USD_840030017:Participation Rate|USD_840030020:Average Weekly Hours|USD_840030022:Government Payrolls|USD_840030023:Private Nonfarm Payrolls|USD_840030024:U6 Unemployment Rate|USD_840030032:Manufacturing Payrolls|CAD_124010002:Capacity Utilization Rate,False,False,False,199.0,-3.0,150.0,,202.0,49.0,POSITIVE,POSITIVE,1,-1,1,-1,True,1702054800,2023.12.08 17:00:00,1800,True,True,0.001946,True,True,True,True,True,True,True,True,True,True,True,True,,,,,,
USD_NFP_1702053000,1702053000,2023.12.08 16:30:00,2023,CORE_2015_2025,NFP,NZDUSD,QUOTE,840030016,Nonfarm Payrolls,True,"840030015,840030016,840030018,840030019",USD_840030017:Participation Rate|USD_840030020:Average Weekly Hours|USD_840030022:Government Payrolls|USD_840030023:Private Nonfarm Payrolls|USD_840030024:U6 Unemployment Rate|USD_840030032:Manufacturing Payrolls|CAD_124010002:Capacity Utilization Rate,False,False,False,199.0,-3.0,150.0,,202.0,49.0,POSITIVE,POSITIVE,1,-1,1,-1,True,1702054800,2023.12.08 17:00:00,1800,True,True,0.001291,True,True,True,True,True,True,True,True,True,True,True,True,,,,,,
USD_NFP_1702053000,1702053000,2023.12.08 16:30:00,2023,CORE_2015_2025,NFP,USDCAD,BASE,840030016,Nonfarm Payrolls,True,"840030015,840030016,840030018,840030019",USD_840030017:Participation Rate|USD_840030020:Average Weekly Hours|USD_840030022:Government Payrolls|USD_840030023:Private Nonfarm Payrolls|USD_840030024:U6 Unemployment Rate|USD_840030032:Manufacturing Payrolls|CAD_124010002:Capacity Utilization Rate,False,False,False,199.0,-3.0,150.0,,202.0,49.0,POSITIVE,POSITIVE,1,1,1,1,True,1702054800,2023.12.08 17:00:00,1800,True,True,0.001346,True,True,True,True,True,True,True,True,True,True,True,True,,,,,,
USD_NFP_1702053000,1702053000,2023.12.08 16:30:00,2023,CORE_2015_2025,NFP,USDCHF,BASE,840030016,Nonfarm Payrolls,True,"840030015,840030016,840030018,840030019",USD_840030017:Participation Rate|USD_840030020:Average Weekly Hours|USD_840030022:Government Payrolls|USD_840030023:Private Nonfarm Payrolls|USD_840030024:U6 Unemployment Rate|USD_840030032:Manufacturing Payrolls|CAD_124010002:Capacity Utilization Rate,False,False,False,199.0,-3.0,150.0,,202.0,49.0,POSITIVE,POSITIVE,1,1,1,1,True,1702054800,2023.12.08 17:00:00,1800,True,True,0.001441,True,True,True,True,True,True,True,True,True,True,True,True,,,,,,
USD_NFP_1702053000,1702053000,2023.12.08 16:30:00,2023,CORE_2015_2025,NFP,USDJPY,BASE,840030016,Nonfarm Payrolls,True,"840030015,840030016,840030018,840030019",USD_840030017:Participation Rate|USD_840030020:Average Weekly Hours|USD_840030022:Government Payrolls|USD_840030023:Private Nonfarm Payrolls|USD_840030024:U6 Unemployment Rate|USD_840030032:Manufacturing Payrolls|CAD_124010002:Capacity Utilization Rate,False,False,False,199.0,-3.0,150.0,,202.0,49.0,POSITIVE,POSITIVE,1,1,1,1,True,1702054800,2023.12.08 17:00:00,1800,True,True,0.557397,True,True,True,True,True,True,True,True,True,True,True,True,,,,,,
USD_NFP_1704472200,1704472200,2024.01.05 16:30:00,2024,CORE_2015_2025,NFP,AUDUSD,QUOTE,840030016,Nonfarm Payrolls,True,"840030015,840030016,840030018,840030019",USD_840030017:Participation Rate|USD_840030020:Average Weekly Hours|USD_840030022:Government Payrolls|USD_840030023:Private Nonfarm Payrolls|USD_840030024:U6 Unemployment Rate|USD_840030032:Manufacturing Payrolls|CAD_124010011:Employment Change|CAD_124010012:Full-Time Employment Change|CAD_124010013:Part-Time Employment Change|CAD_124010014:Unemployment Rate|CAD_124010015:Participation Rate,True,False,False,216.0,1.0,199.0,173.0,215.0,17.0,POSITIVE,POSITIVE,1,-1,1,-1,True,1704474000,2024.01.05 17:00:00,1800,True,True,0.001363,True,True,True,True,True,True,True,True,True,True,True,True,,,,,,
USD_NFP_1704472200,1704472200,2024.01.05 16:30:00,2024,CORE_2015_2025,NFP,EURUSD,QUOTE,840030016,Nonfarm Payrolls,True,"840030015,840030016,840030018,840030019",USD_840030017:Participation Rate|USD_840030020:Average Weekly Hours|USD_840030022:Government Payrolls|USD_840030023:Private Nonfarm Payrolls|USD_840030024:U6 Unemployment Rate|USD_840030032:Manufacturing Payrolls|CAD_124010011:Employment Change|CAD_124010012:Full-Time Employment Change|CAD_124010013:Part-Time Employment Change|CAD_124010014:Unemployment Rate|CAD_124010015:Participation Rate,True,False,False,216.0,1.0,199.0,173.0,215.0,17.0,POSITIVE,POSITIVE,1,-1,1,-1,True,1704474000,2024.01.05 17:00:00,1800,True,True,0.001390,True,True,True,True,True,True,True,True,True,True,True,True,,,,,,
USD_NFP_1704472200,1704472200,2024.01.05 16:30:00,2024,CORE_2015_2025,NFP,GBPUSD,QUOTE,840030016,Nonfarm Payrolls,True,"840030015,840030016,840030018,840030019",USD_840030017:Participation Rate|USD_840030020:Average Weekly Hours|USD_840030022:Government Payrolls|USD_840030023:Private Nonfarm Payrolls|USD_840030024:U6 Unemployment Rate|USD_840030032:Manufacturing Payrolls|CAD_124010011:Employment Change|CAD_124010012:Full-Time Employment Change|CAD_124010013:Part-Time Employment Change|CAD_124010014:Unemployment Rate|CAD_124010015:Participation Rate,True,False,False,216.0,1.0,199.0,173.0,215.0,17.0,POSITIVE,POSITIVE,1,-1,1,-1,True,1704474000,2024.01.05 17:00:00,1800,True,True,0.001689,True,True,True,True,True,True,True,True,True,True,True,True,,,,,,
USD_NFP_1704472200,1704472200,2024.01.05 16:30:00,2024,CORE_2015_2025,NFP,NZDUSD,QUOTE,840030016,Nonfarm Payrolls,True,"840030015,840030016,840030018,840030019",USD_840030017:Participation Rate|USD_840030020:Average Weekly Hours|USD_840030022:Government Payrolls|USD_840030023:Private Nonfarm Payrolls|USD_840030024:U6 Unemployment Rate|USD_840030032:Manufacturing Payrolls|CAD_124010011:Employment Change|CAD_124010012:Full-Time Employment Change|CAD_124010013:Part-Time Employment Change|CAD_124010014:Unemployment Rate|CAD_124010015:Participation Rate,True,False,False,216.0,1.0,199.0,173.0,215.0,17.0,POSITIVE,POSITIVE,1,-1,1,-1,True,1704474000,2024.01.05 17:00:00,1800,True,True,0.001262,True,True,True,True,True,True,True,True,True,True,True,True,,,,,,
USD_NFP_1704472200,1704472200,2024.01.05 16:30:00,2024,CORE_2015_2025,NFP,USDCAD,BASE,840030016,Nonfarm Payrolls,True,"840030015,840030016,840030018,840030019",USD_840030017:Participation Rate|USD_840030020:Average Weekly Hours|USD_840030022:Government Payrolls|USD_840030023:Private Nonfarm Payrolls|USD_840030024:U6 Unemployment Rate|USD_840030032:Manufacturing Payrolls|CAD_124010011:Employment Change|CAD_124010012:Full-Time Employment Change|CAD_124010013:Part-Time Employment Change|CAD_124010014:Unemployment Rate|CAD_124010015:Participation Rate,True,False,False,216.0,1.0,199.0,173.0,215.0,17.0,POSITIVE,POSITIVE,1,1,1,1,True,1704474000,2024.01.05 17:00:00,1800,True,True,0.001246,True,True,True,True,True,True,True,True,True,True,True,True,,,,,,
USD_NFP_1704472200,1704472200,2024.01.05 16:30:00,2024,CORE_2015_2025,NFP,USDCHF,BASE,840030016,Nonfarm Payrolls,True,"840030015,840030016,840030018,840030019",USD_840030017:Participation Rate|USD_840030020:Average Weekly Hours|USD_840030022:Government Payrolls|USD_840030023:Private Nonfarm Payrolls|USD_840030024:U6 Unemployment Rate|USD_840030032:Manufacturing Payrolls|CAD_124010011:Employment Change|CAD_124010012:Full-Time Employment Change|CAD_124010013:Part-Time Employment Change|CAD_124010014:Unemployment Rate|CAD_124010015:Participation Rate,True,False,False,216.0,1.0,199.0,173.0,215.0,17.0,POSITIVE,POSITIVE,1,1,1,1,True,1704474000,2024.01.05 17:00:00,1800,True,True,0.001450,True,True,True,True,True,True,True,True,True,True,True,True,,,,,,
USD_NFP_1704472200,1704472200,2024.01.05 16:30:00,2024,CORE_2015_2025,NFP,USDJPY,BASE,840030016,Nonfarm Payrolls,True,"840030015,840030016,840030018,840030019",USD_840030017:Participation Rate|USD_840030020:Average Weekly Hours|USD_840030022:Government Payrolls|USD_840030023:Private Nonfarm Payrolls|USD_840030024:U6 Unemployment Rate|USD_840030032:Manufacturing Payrolls|CAD_124010011:Employment Change|CAD_124010012:Full-Time Employment Change|CAD_124010013:Part-Time Employment Change|CAD_124010014:Unemployment Rate|CAD_124010015:Participation Rate,True,False,False,216.0,1.0,199.0,173.0,215.0,17.0,POSITIVE,POSITIVE,1,1,1,1,True,1704474000,2024.01.05 17:00:00,1800,True,True,0.284873,True,True,True,True,True,True,True,True,True,True,True,True,,,,,,
USD_NFP_1706891400,1706891400,2024.02.02 16:30:00,2024,CORE_2015_2025,NFP,AUDUSD,QUOTE,840030016,Nonfarm Payrolls,True,"840030015,840030016,840030018,840030019",USD_840030017:Participation Rate|USD_840030020:Average Weekly Hours|USD_840030022:Government Payrolls|USD_840030023:Private Nonfarm Payrolls|USD_840030024:U6 Unemployment Rate|USD_840030032:Manufacturing Payrolls,False,False,False,353.0,186.0,216.0,333.0,167.0,137.0,POSITIVE,POSITIVE,1,-1,1,-1,True,1706893200,2024.02.02 17:00:00,1800,True,True,0.001414,True,True,True,True,True,True,True,True,True,True,True,True,,,,,,
USD_NFP_1706891400,1706891400,2024.02.02 16:30:00,2024,CORE_2015_2025,NFP,EURUSD,QUOTE,840030016,Nonfarm Payrolls,True,"840030015,840030016,840030018,840030019",USD_840030017:Participation Rate|USD_840030020:Average Weekly Hours|USD_840030022:Government Payrolls|USD_840030023:Private Nonfarm Payrolls|USD_840030024:U6 Unemployment Rate|USD_840030032:Manufacturing Payrolls,False,False,False,353.0,186.0,216.0,333.0,167.0,137.0,POSITIVE,POSITIVE,1,-1,1,-1,True,1706893200,2024.02.02 17:00:00,1800,True,True,0.001650,True,True,True,True,True,True,True,True,True,True,True,True,,,,,,
USD_NFP_1706891400,1706891400,2024.02.02 16:30:00,2024,CORE_2015_2025,NFP,GBPUSD,QUOTE,840030016,Nonfarm Payrolls,True,"840030015,840030016,840030018,840030019",USD_840030017:Participation Rate|USD_840030020:Average Weekly Hours|USD_840030022:Government Payrolls|USD_840030023:Private Nonfarm Payrolls|USD_840030024:U6 Unemployment Rate|USD_840030032:Manufacturing Payrolls,False,False,False,353.0,186.0,216.0,333.0,167.0,137.0,POSITIVE,POSITIVE,1,-1,1,-1,True,1706893200,2024.02.02 17:00:00,1800,True,True,0.002096,True,True,True,True,True,True,True,True,True,True,True,True,,,,,,
USD_NFP_1706891400,1706891400,2024.02.02 16:30:00,2024,CORE_2015_2025,NFP,NZDUSD,QUOTE,840030016,Nonfarm Payrolls,True,"840030015,840030016,840030018,840030019",USD_840030017:Participation Rate|USD_840030020:Average Weekly Hours|USD_840030022:Government Payrolls|USD_840030023:Private Nonfarm Payrolls|USD_840030024:U6 Unemployment Rate|USD_840030032:Manufacturing Payrolls,False,False,False,353.0,186.0,216.0,333.0,167.0,137.0,POSITIVE,POSITIVE,1,-1,1,-1,True,1706893200,2024.02.02 17:00:00,1800,True,True,0.001292,True,True,True,True,True,True,True,True,True,True,True,True,,,,,,
USD_NFP_1706891400,1706891400,2024.02.02 16:30:00,2024,CORE_2015_2025,NFP,USDCAD,BASE,840030016,Nonfarm Payrolls,True,"840030015,840030016,840030018,840030019",USD_840030017:Participation Rate|USD_840030020:Average Weekly Hours|USD_840030022:Government Payrolls|USD_840030023:Private Nonfarm Payrolls|USD_840030024:U6 Unemployment Rate|USD_840030032:Manufacturing Payrolls,False,False,False,353.0,186.0,216.0,333.0,167.0,137.0,POSITIVE,POSITIVE,1,1,1,1,True,1706893200,2024.02.02 17:00:00,1800,True,True,0.001478,True,True,True,True,True,True,True,True,True,True,True,True,,,,,,
USD_NFP_1706891400,1706891400,2024.02.02 16:30:00,2024,CORE_2015_2025,NFP,USDCHF,BASE,840030016,Nonfarm Payrolls,True,"840030015,840030016,840030018,840030019",USD_840030017:Participation Rate|USD_840030020:Average Weekly Hours|USD_840030022:Government Payrolls|USD_840030023:Private Nonfarm Payrolls|USD_840030024:U6 Unemployment Rate|USD_840030032:Manufacturing Payrolls,False,False,False,353.0,186.0,216.0,333.0,167.0,137.0,POSITIVE,POSITIVE,1,1,1,1,True,1706893200,2024.02.02 17:00:00,1800,True,True,0.001580,True,True,True,True,True,True,True,True,True,True,True,True,,,,,,
USD_NFP_1706891400,1706891400,2024.02.02 16:30:00,2024,CORE_2015_2025,NFP,USDJPY,BASE,840030016,Nonfarm Payrolls,True,"840030015,840030016,840030018,840030019",USD_840030017:Participation Rate|USD_840030020:Average Weekly Hours|USD_840030022:Government Payrolls|USD_840030023:Private Nonfarm Payrolls|USD_840030024:U6 Unemployment Rate|USD_840030032:Manufacturing Payrolls,False,False,False,353.0,186.0,216.0,333.0,167.0,137.0,POSITIVE,POSITIVE,1,1,1,1,True,1706893200,2024.02.02 17:00:00,1800,True,True,0.280150,True,True,True,True,True,True,True,True,True,True,True,True,,,,,,
USD_NFP_1709915400,1709915400,2024.03.08 16:30:00,2024,CORE_2015_2025,NFP,AUDUSD,QUOTE,840030016,Nonfarm Payrolls,True,"840030015,840030016,840030018,840030019",USD_840030017:Participation Rate|USD_840030020:Average Weekly Hours|USD_840030022:Government Payrolls|USD_840030023:Private Nonfarm Payrolls|USD_840030024:U6 Unemployment Rate|USD_840030032:Manufacturing Payrolls|CAD_124010002:Capacity Utilization Rate|CAD_124010011:Employment Change|CAD_124010012:Full-Time Employment Change|CAD_124010013:Part-Time Employment Change|CAD_124010014:Unemployment Rate|CAD_124010015:Participation Rate,True,False,False,275.0,220.0,353.0,229.0,55.0,-78.0,POSITIVE,NEGATIVE,1,-1,-1,1,True,1709917200,2024.03.08 17:00:00,1800,True,True,0.001102,True,True,True,True,True,True,True,True,True,True,True,True,,,,,,
USD_NFP_1709915400,1709915400,2024.03.08 16:30:00,2024,CORE_2015_2025,NFP,EURUSD,QUOTE,840030016,Nonfarm Payrolls,True,"840030015,840030016,840030018,840030019",USD_840030017:Participation Rate|USD_840030020:Average Weekly Hours|USD_840030022:Government Payrolls|USD_840030023:Private Nonfarm Payrolls|USD_840030024:U6 Unemployment Rate|USD_840030032:Manufacturing Payrolls|CAD_124010002:Capacity Utilization Rate|CAD_124010011:Employment Change|CAD_124010012:Full-Time Employment Change|CAD_124010013:Part-Time Employment Change|CAD_124010014:Unemployment Rate|CAD_124010015:Participation Rate,True,False,False,275.0,220.0,353.0,229.0,55.0,-78.0,POSITIVE,NEGATIVE,1,-1,-1,1,True,1709917200,2024.03.08 17:00:00,1800,True,True,0.001313,True,True,True,True,True,True,True,True,True,True,True,True,,,,,,
USD_NFP_1709915400,1709915400,2024.03.08 16:30:00,2024,CORE_2015_2025,NFP,GBPUSD,QUOTE,840030016,Nonfarm Payrolls,True,"840030015,840030016,840030018,840030019",USD_840030017:Participation Rate|USD_840030020:Average Weekly Hours|USD_840030022:Government Payrolls|USD_840030023:Private Nonfarm Payrolls|USD_840030024:U6 Unemployment Rate|USD_840030032:Manufacturing Payrolls|CAD_124010002:Capacity Utilization Rate|CAD_124010011:Employment Change|CAD_124010012:Full-Time Employment Change|CAD_124010013:Part-Time Employment Change|CAD_124010014:Unemployment Rate|CAD_124010015:Participation Rate,True,False,False,275.0,220.0,353.0,229.0,55.0,-78.0,POSITIVE,NEGATIVE,1,-1,-1,1,True,1709917200,2024.03.08 17:00:00,1800,True,True,0.001561,True,True,True,True,True,True,True,True,True,True,True,True,,,,,,
USD_NFP_1709915400,1709915400,2024.03.08 16:30:00,2024,CORE_2015_2025,NFP,NZDUSD,QUOTE,840030016,Nonfarm Payrolls,True,"840030015,840030016,840030018,840030019",USD_840030017:Participation Rate|USD_840030020:Average Weekly Hours|USD_840030022:Government Payrolls|USD_840030023:Private Nonfarm Payrolls|USD_840030024:U6 Unemployment Rate|USD_840030032:Manufacturing Payrolls|CAD_124010002:Capacity Utilization Rate|CAD_124010011:Employment Change|CAD_124010012:Full-Time Employment Change|CAD_124010013:Part-Time Employment Change|CAD_124010014:Unemployment Rate|CAD_124010015:Participation Rate,True,False,False,275.0,220.0,353.0,229.0,55.0,-78.0,POSITIVE,NEGATIVE,1,-1,-1,1,True,1709917200,2024.03.08 17:00:00,1800,True,True,0.000999,True,True,True,True,True,True,True,True,True,True,True,True,,,,,,
USD_NFP_1709915400,1709915400,2024.03.08 16:30:00,2024,CORE_2015_2025,NFP,USDCAD,BASE,840030016,Nonfarm Payrolls,True,"840030015,840030016,840030018,840030019",USD_840030017:Participation Rate|USD_840030020:Average Weekly Hours|USD_840030022:Government Payrolls|USD_840030023:Private Nonfarm Payrolls|USD_840030024:U6 Unemployment Rate|USD_840030032:Manufacturing Payrolls|CAD_124010002:Capacity Utilization Rate|CAD_124010011:Employment Change|CAD_124010012:Full-Time Employment Change|CAD_124010013:Part-Time Employment Change|CAD_124010014:Unemployment Rate|CAD_124010015:Participation Rate,True,False,False,275.0,220.0,353.0,229.0,55.0,-78.0,POSITIVE,NEGATIVE,1,1,-1,-1,True,1709917200,2024.03.08 17:00:00,1800,True,True,0.001208,True,True,True,True,True,True,True,True,True,True,True,True,,,,,,
USD_NFP_1709915400,1709915400,2024.03.08 16:30:00,2024,CORE_2015_2025,NFP,USDCHF,BASE,840030016,Nonfarm Payrolls,True,"840030015,840030016,840030018,840030019",USD_840030017:Participation Rate|USD_840030020:Average Weekly Hours|USD_840030022:Government Payrolls|USD_840030023:Private Nonfarm Payrolls|USD_840030024:U6 Unemployment Rate|USD_840030032:Manufacturing Payrolls|CAD_124010002:Capacity Utilization Rate|CAD_124010011:Employment Change|CAD_124010012:Full-Time Employment Change|CAD_124010013:Part-Time Employment Change|CAD_124010014:Unemployment Rate|CAD_124010015:Participation Rate,True,False,False,275.0,220.0,353.0,229.0,55.0,-78.0,POSITIVE,NEGATIVE,1,1,-1,-1,True,1709917200,2024.03.08 17:00:00,1800,True,True,0.001131,True,True,True,True,True,True,True,True,True,True,True,True,,,,,,
USD_NFP_1709915400,1709915400,2024.03.08 16:30:00,2024,CORE_2015_2025,NFP,USDJPY,BASE,840030016,Nonfarm Payrolls,True,"840030015,840030016,840030018,840030019",USD_840030017:Participation Rate|USD_840030020:Average Weekly Hours|USD_840030022:Government Payrolls|USD_840030023:Private Nonfarm Payrolls|USD_840030024:U6 Unemployment Rate|USD_840030032:Manufacturing Payrolls|CAD_124010002:Capacity Utilization Rate|CAD_124010011:Employment Change|CAD_124010012:Full-Time Employment Change|CAD_124010013:Part-Time Employment Change|CAD_124010014:Unemployment Rate|CAD_124010015:Participation Rate,True,False,False,275.0,220.0,353.0,229.0,55.0,-78.0,POSITIVE,NEGATIVE,1,1,-1,-1,True,1709917200,2024.03.08 17:00:00,1800,True,True,0.303110,True,True,True,True,True,True,True,True,True,True,True,True,,,,,,
USD_NFP_1712331000,1712331000,2024.04.05 15:30:00,2024,CORE_2015_2025,NFP,AUDUSD,QUOTE,840030016,Nonfarm Payrolls,True,"840030015,840030016,840030018,840030019",USD_840030017:Participation Rate|USD_840030020:Average Weekly Hours|USD_840030022:Government Payrolls|USD_840030023:Private Nonfarm Payrolls|USD_840030024:U6 Unemployment Rate|USD_840030032:Manufacturing Payrolls|AUD_36010009:Exports m/m|AUD_36010010:Imports m/m|AUD_36010011:Trade Balance|CAD_124010011:Employment Change|CAD_124010012:Full-Time Employment Change|CAD_124010013:Part-Time Employment Change|CAD_124010014:Unemployment Rate|CAD_124010015:Participation Rate,True,False,False,303.0,176.0,275.0,270.0,127.0,28.0,POSITIVE,POSITIVE,1,-1,1,-1,True,1712332800,2024.04.05 16:00:00,1800,True,True,0.000815,True,True,True,True,True,True,True,True,True,True,True,True,,,,,,
USD_NFP_1712331000,1712331000,2024.04.05 15:30:00,2024,CORE_2015_2025,NFP,EURUSD,QUOTE,840030016,Nonfarm Payrolls,True,"840030015,840030016,840030018,840030019",USD_840030017:Participation Rate|USD_840030020:Average Weekly Hours|USD_840030022:Government Payrolls|USD_840030023:Private Nonfarm Payrolls|USD_840030024:U6 Unemployment Rate|USD_840030032:Manufacturing Payrolls|AUD_36010009:Exports m/m|AUD_36010010:Imports m/m|AUD_36010011:Trade Balance|CAD_124010011:Employment Change|CAD_124010012:Full-Time Employment Change|CAD_124010013:Part-Time Employment Change|CAD_124010014:Unemployment Rate|CAD_124010015:Participation Rate,True,False,False,303.0,176.0,275.0,270.0,127.0,28.0,POSITIVE,POSITIVE,1,-1,1,-1,True,1712332800,2024.04.05 16:00:00,1800,True,True,0.000831,True,True,True,True,True,True,True,True,True,True,True,True,,,,,,
USD_NFP_1712331000,1712331000,2024.04.05 15:30:00,2024,CORE_2015_2025,NFP,GBPUSD,QUOTE,840030016,Nonfarm Payrolls,True,"840030015,840030016,840030018,840030019",USD_840030017:Participation Rate|USD_840030020:Average Weekly Hours|USD_840030022:Government Payrolls|USD_840030023:Private Nonfarm Payrolls|USD_840030024:U6 Unemployment Rate|USD_840030032:Manufacturing Payrolls|AUD_36010009:Exports m/m|AUD_36010010:Imports m/m|AUD_36010011:Trade Balance|CAD_124010011:Employment Change|CAD_124010012:Full-Time Employment Change|CAD_124010013:Part-Time Employment Change|CAD_124010014:Unemployment Rate|CAD_124010015:Participation Rate,True,False,False,303.0,176.0,275.0,270.0,127.0,28.0,POSITIVE,POSITIVE,1,-1,1,-1,True,1712332800,2024.04.05 16:00:00,1800,True,True,0.001032,True,True,True,True,True,True,True,True,True,True,True,True,,,,,,
USD_NFP_1712331000,1712331000,2024.04.05 15:30:00,2024,CORE_2015_2025,NFP,NZDUSD,QUOTE,840030016,Nonfarm Payrolls,True,"840030015,840030016,840030018,840030019",USD_840030017:Participation Rate|USD_840030020:Average Weekly Hours|USD_840030022:Government Payrolls|USD_840030023:Private Nonfarm Payrolls|USD_840030024:U6 Unemployment Rate|USD_840030032:Manufacturing Payrolls|AUD_36010009:Exports m/m|AUD_36010010:Imports m/m|AUD_36010011:Trade Balance|CAD_124010011:Employment Change|CAD_124010012:Full-Time Employment Change|CAD_124010013:Part-Time Employment Change|CAD_124010014:Unemployment Rate|CAD_124010015:Participation Rate,True,False,False,303.0,176.0,275.0,270.0,127.0,28.0,POSITIVE,POSITIVE,1,-1,1,-1,True,1712332800,2024.04.05 16:00:00,1800,True,True,0.000761,True,True,True,True,True,True,True,True,True,True,True,True,,,,,,
USD_NFP_1712331000,1712331000,2024.04.05 15:30:00,2024,CORE_2015_2025,NFP,USDCAD,BASE,840030016,Nonfarm Payrolls,True,"840030015,840030016,840030018,840030019",USD_840030017:Participation Rate|USD_840030020:Average Weekly Hours|USD_840030022:Government Payrolls|USD_840030023:Private Nonfarm Payrolls|USD_840030024:U6 Unemployment Rate|USD_840030032:Manufacturing Payrolls|AUD_36010009:Exports m/m|AUD_36010010:Imports m/m|AUD_36010011:Trade Balance|CAD_124010011:Employment Change|CAD_124010012:Full-Time Employment Change|CAD_124010013:Part-Time Employment Change|CAD_124010014:Unemployment Rate|CAD_124010015:Participation Rate,True,False,False,303.0,176.0,275.0,270.0,127.0,28.0,POSITIVE,POSITIVE,1,1,1,1,True,1712332800,2024.04.05 16:00:00,1800,True,True,0.000994,True,True,True,True,True,True,True,True,True,True,True,True,,,,,,
USD_NFP_1712331000,1712331000,2024.04.05 15:30:00,2024,CORE_2015_2025,NFP,USDCHF,BASE,840030016,Nonfarm Payrolls,True,"840030015,840030016,840030018,840030019",USD_840030017:Participation Rate|USD_840030020:Average Weekly Hours|USD_840030022:Government Payrolls|USD_840030023:Private Nonfarm Payrolls|USD_840030024:U6 Unemployment Rate|USD_840030032:Manufacturing Payrolls|AUD_36010009:Exports m/m|AUD_36010010:Imports m/m|AUD_36010011:Trade Balance|CAD_124010011:Employment Change|CAD_124010012:Full-Time Employment Change|CAD_124010013:Part-Time Employment Change|CAD_124010014:Unemployment Rate|CAD_124010015:Participation Rate,True,False,False,303.0,176.0,275.0,270.0,127.0,28.0,POSITIVE,POSITIVE,1,1,1,1,True,1712332800,2024.04.05 16:00:00,1800,True,True,0.001079,True,True,True,True,True,True,True,True,True,True,True,True,,,,,,
USD_NFP_1712331000,1712331000,2024.04.05 15:30:00,2024,CORE_2015_2025,NFP,USDJPY,BASE,840030016,Nonfarm Payrolls,True,"840030015,840030016,840030018,840030019",USD_840030017:Participation Rate|USD_840030020:Average Weekly Hours|USD_840030022:Government Payrolls|USD_840030023:Private Nonfarm Payrolls|USD_840030024:U6 Unemployment Rate|USD_840030032:Manufacturing Payrolls|AUD_36010009:Exports m/m|AUD_36010010:Imports m/m|AUD_36010011:Trade Balance|CAD_124010011:Employment Change|CAD_124010012:Full-Time Employment Change|CAD_124010013:Part-Time Employment Change|CAD_124010014:Unemployment Rate|CAD_124010015:Participation Rate,True,False,False,303.0,176.0,275.0,270.0,127.0,28.0,POSITIVE,POSITIVE,1,1,1,1,True,1712332800,2024.04.05 16:00:00,1800,True,True,0.138831,True,True,True,True,True,True,True,True,True,True,True,True,,,,,,
USD_NFP_1714750200,1714750200,2024.05.03 15:30:00,2024,CORE_2015_2025,NFP,AUDUSD,QUOTE,840030016,Nonfarm Payrolls,True,"840030015,840030016,840030018,840030019",USD_840030017:Participation Rate|USD_840030020:Average Weekly Hours|USD_840030022:Government Payrolls|USD_840030023:Private Nonfarm Payrolls|USD_840030024:U6 Unemployment Rate|USD_840030032:Manufacturing Payrolls,False,False,False,175.0,197.0,303.0,315.0,-22.0,-128.0,NEGATIVE,NEGATIVE,-1,1,-1,1,True,1714752000,2024.05.03 16:00:00,1800,True,True,0.000919,True,True,True,True,True,True,True,True,True,True,True,True,,,,,,
USD_NFP_1714750200,1714750200,2024.05.03 15:30:00,2024,CORE_2015_2025,NFP,EURUSD,QUOTE,840030016,Nonfarm Payrolls,True,"840030015,840030016,840030018,840030019",USD_840030017:Participation Rate|USD_840030020:Average Weekly Hours|USD_840030022:Government Payrolls|USD_840030023:Private Nonfarm Payrolls|USD_840030024:U6 Unemployment Rate|USD_840030032:Manufacturing Payrolls,False,False,False,175.0,197.0,303.0,315.0,-22.0,-128.0,NEGATIVE,NEGATIVE,-1,1,-1,1,True,1714752000,2024.05.03 16:00:00,1800,True,True,0.000904,True,True,True,True,True,True,True,True,True,True,True,True,,,,,,
USD_NFP_1714750200,1714750200,2024.05.03 15:30:00,2024,CORE_2015_2025,NFP,GBPUSD,QUOTE,840030016,Nonfarm Payrolls,True,"840030015,840030016,840030018,840030019",USD_840030017:Participation Rate|USD_840030020:Average Weekly Hours|USD_840030022:Government Payrolls|USD_840030023:Private Nonfarm Payrolls|USD_840030024:U6 Unemployment Rate|USD_840030032:Manufacturing Payrolls,False,False,False,175.0,197.0,303.0,315.0,-22.0,-128.0,NEGATIVE,NEGATIVE,-1,1,-1,1,True,1714752000,2024.05.03 16:00:00,1800,True,True,0.001224,True,True,True,True,True,True,True,True,True,True,True,True,,,,,,
USD_NFP_1714750200,1714750200,2024.05.03 15:30:00,2024,CORE_2015_2025,NFP,NZDUSD,QUOTE,840030016,Nonfarm Payrolls,True,"840030015,840030016,840030018,840030019",USD_840030017:Participation Rate|USD_840030020:Average Weekly Hours|USD_840030022:Government Payrolls|USD_840030023:Private Nonfarm Payrolls|USD_840030024:U6 Unemployment Rate|USD_840030032:Manufacturing Payrolls,False,False,False,175.0,197.0,303.0,315.0,-22.0,-128.0,NEGATIVE,NEGATIVE,-1,1,-1,1,True,1714752000,2024.05.03 16:00:00,1800,True,True,0.000899,True,True,True,True,True,True,True,True,True,True,True,True,,,,,,
USD_NFP_1714750200,1714750200,2024.05.03 15:30:00,2024,CORE_2015_2025,NFP,USDCAD,BASE,840030016,Nonfarm Payrolls,True,"840030015,840030016,840030018,840030019",USD_840030017:Participation Rate|USD_840030020:Average Weekly Hours|USD_840030022:Government Payrolls|USD_840030023:Private Nonfarm Payrolls|USD_840030024:U6 Unemployment Rate|USD_840030032:Manufacturing Payrolls,False,False,False,175.0,197.0,303.0,315.0,-22.0,-128.0,NEGATIVE,NEGATIVE,-1,-1,-1,-1,True,1714752000,2024.05.03 16:00:00,1800,True,True,0.000983,True,True,True,True,True,True,True,True,True,True,True,True,,,,,,
USD_NFP_1714750200,1714750200,2024.05.03 15:30:00,2024,CORE_2015_2025,NFP,USDCHF,BASE,840030016,Nonfarm Payrolls,True,"840030015,840030016,840030018,840030019",USD_840030017:Participation Rate|USD_840030020:Average Weekly Hours|USD_840030022:Government Payrolls|USD_840030023:Private Nonfarm Payrolls|USD_840030024:U6 Unemployment Rate|USD_840030032:Manufacturing Payrolls,False,False,False,175.0,197.0,303.0,315.0,-22.0,-128.0,NEGATIVE,NEGATIVE,-1,-1,-1,-1,True,1714752000,2024.05.03 16:00:00,1800,True,True,0.001112,True,True,True,True,True,True,True,True,True,True,True,True,,,,,,
USD_NFP_1714750200,1714750200,2024.05.03 15:30:00,2024,CORE_2015_2025,NFP,USDJPY,BASE,840030016,Nonfarm Payrolls,True,"840030015,840030016,840030018,840030019",USD_840030017:Participation Rate|USD_840030020:Average Weekly Hours|USD_840030022:Government Payrolls|USD_840030023:Private Nonfarm Payrolls|USD_840030024:U6 Unemployment Rate|USD_840030032:Manufacturing Payrolls,False,False,False,175.0,197.0,303.0,315.0,-22.0,-128.0,NEGATIVE,NEGATIVE,-1,-1,-1,-1,True,1714752000,2024.05.03 16:00:00,1800,True,True,0.327349,True,True,True,True,True,True,True,True,True,True,True,True,,,,,,
USD_NFP_1717774200,1717774200,2024.06.07 15:30:00,2024,CORE_2015_2025,NFP,AUDUSD,QUOTE,840030016,Nonfarm Payrolls,True,"840030015,840030016,840030018,840030019",USD_840030017:Participation Rate|USD_840030020:Average Weekly Hours|USD_840030022:Government Payrolls|USD_840030023:Private Nonfarm Payrolls|USD_840030024:U6 Unemployment Rate|USD_840030032:Manufacturing Payrolls|CAD_124010002:Capacity Utilization Rate|CAD_124010011:Employment Change|CAD_124010012:Full-Time Employment Change|CAD_124010013:Part-Time Employment Change|CAD_124010014:Unemployment Rate|CAD_124010015:Participation Rate,True,False,False,272.0,218.0,175.0,165.0,54.0,97.0,POSITIVE,POSITIVE,1,-1,1,-1,True,1717776000,2024.06.07 16:00:00,1800,True,True,0.000816,True,True,True,True,True,True,True,True,True,True,True,True,,,,,,
USD_NFP_1717774200,1717774200,2024.06.07 15:30:00,2024,CORE_2015_2025,NFP,EURUSD,QUOTE,840030016,Nonfarm Payrolls,True,"840030015,840030016,840030018,840030019",USD_840030017:Participation Rate|USD_840030020:Average Weekly Hours|USD_840030022:Government Payrolls|USD_840030023:Private Nonfarm Payrolls|USD_840030024:U6 Unemployment Rate|USD_840030032:Manufacturing Payrolls|CAD_124010002:Capacity Utilization Rate|CAD_124010011:Employment Change|CAD_124010012:Full-Time Employment Change|CAD_124010013:Part-Time Employment Change|CAD_124010014:Unemployment Rate|CAD_124010015:Participation Rate,True,False,False,272.0,218.0,175.0,165.0,54.0,97.0,POSITIVE,POSITIVE,1,-1,1,-1,True,1717776000,2024.06.07 16:00:00,1800,True,True,0.000824,True,True,True,True,True,True,True,True,True,True,True,True,,,,,,
USD_NFP_1717774200,1717774200,2024.06.07 15:30:00,2024,CORE_2015_2025,NFP,GBPUSD,QUOTE,840030016,Nonfarm Payrolls,True,"840030015,840030016,840030018,840030019",USD_840030017:Participation Rate|USD_840030020:Average Weekly Hours|USD_840030022:Government Payrolls|USD_840030023:Private Nonfarm Payrolls|USD_840030024:U6 Unemployment Rate|USD_840030032:Manufacturing Payrolls|CAD_124010002:Capacity Utilization Rate|CAD_124010011:Employment Change|CAD_124010012:Full-Time Employment Change|CAD_124010013:Part-Time Employment Change|CAD_124010014:Unemployment Rate|CAD_124010015:Participation Rate,True,False,False,272.0,218.0,175.0,165.0,54.0,97.0,POSITIVE,POSITIVE,1,-1,1,-1,True,1717776000,2024.06.07 16:00:00,1800,True,True,0.001061,True,True,True,True,True,True,True,True,True,True,True,True,,,,,,
USD_NFP_1717774200,1717774200,2024.06.07 15:30:00,2024,CORE_2015_2025,NFP,NZDUSD,QUOTE,840030016,Nonfarm Payrolls,True,"840030015,840030016,840030018,840030019",USD_840030017:Participation Rate|USD_840030020:Average Weekly Hours|USD_840030022:Government Payrolls|USD_840030023:Private Nonfarm Payrolls|USD_840030024:U6 Unemployment Rate|USD_840030032:Manufacturing Payrolls|CAD_124010002:Capacity Utilization Rate|CAD_124010011:Employment Change|CAD_124010012:Full-Time Employment Change|CAD_124010013:Part-Time Employment Change|CAD_124010014:Unemployment Rate|CAD_124010015:Participation Rate,True,False,False,272.0,218.0,175.0,165.0,54.0,97.0,POSITIVE,POSITIVE,1,-1,1,-1,True,1717776000,2024.06.07 16:00:00,1800,True,True,0.000737,True,True,True,True,True,True,True,True,True,True,True,True,,,,,,
USD_NFP_1717774200,1717774200,2024.06.07 15:30:00,2024,CORE_2015_2025,NFP,USDCAD,BASE,840030016,Nonfarm Payrolls,True,"840030015,840030016,840030018,840030019",USD_840030017:Participation Rate|USD_840030020:Average Weekly Hours|USD_840030022:Government Payrolls|USD_840030023:Private Nonfarm Payrolls|USD_840030024:U6 Unemployment Rate|USD_840030032:Manufacturing Payrolls|CAD_124010002:Capacity Utilization Rate|CAD_124010011:Employment Change|CAD_124010012:Full-Time Employment Change|CAD_124010013:Part-Time Employment Change|CAD_124010014:Unemployment Rate|CAD_124010015:Participation Rate,True,False,False,272.0,218.0,175.0,165.0,54.0,97.0,POSITIVE,POSITIVE,1,1,1,1,True,1717776000,2024.06.07 16:00:00,1800,True,True,0.000976,True,True,True,True,True,True,True,True,True,True,True,True,,,,,,
USD_NFP_1717774200,1717774200,2024.06.07 15:30:00,2024,CORE_2015_2025,NFP,USDCHF,BASE,840030016,Nonfarm Payrolls,True,"840030015,840030016,840030018,840030019",USD_840030017:Participation Rate|USD_840030020:Average Weekly Hours|USD_840030022:Government Payrolls|USD_840030023:Private Nonfarm Payrolls|USD_840030024:U6 Unemployment Rate|USD_840030032:Manufacturing Payrolls|CAD_124010002:Capacity Utilization Rate|CAD_124010011:Employment Change|CAD_124010012:Full-Time Employment Change|CAD_124010013:Part-Time Employment Change|CAD_124010014:Unemployment Rate|CAD_124010015:Participation Rate,True,False,False,272.0,218.0,175.0,165.0,54.0,97.0,POSITIVE,POSITIVE,1,1,1,1,True,1717776000,2024.06.07 16:00:00,1800,True,True,0.000761,True,True,True,True,True,True,True,True,True,True,True,True,,,,,,
USD_NFP_1717774200,1717774200,2024.06.07 15:30:00,2024,CORE_2015_2025,NFP,USDJPY,BASE,840030016,Nonfarm Payrolls,True,"840030015,840030016,840030018,840030019",USD_840030017:Participation Rate|USD_840030020:Average Weekly Hours|USD_840030022:Government Payrolls|USD_840030023:Private Nonfarm Payrolls|USD_840030024:U6 Unemployment Rate|USD_840030032:Manufacturing Payrolls|CAD_124010002:Capacity Utilization Rate|CAD_124010011:Employment Change|CAD_124010012:Full-Time Employment Change|CAD_124010013:Part-Time Employment Change|CAD_124010014:Unemployment Rate|CAD_124010015:Participation Rate,True,False,False,272.0,218.0,175.0,165.0,54.0,97.0,POSITIVE,POSITIVE,1,1,1,1,True,1717776000,2024.06.07 16:00:00,1800,True,True,0.225890,True,True,True,True,True,True,True,True,True,True,True,True,,,,,,
USD_NFP_1720193400,1720193400,2024.07.05 15:30:00,2024,CORE_2015_2025,NFP,AUDUSD,QUOTE,840030016,Nonfarm Payrolls,True,"840030015,840030016,840030018,840030019",USD_840030017:Participation Rate|USD_840030020:Average Weekly Hours|USD_840030022:Government Payrolls|USD_840030023:Private Nonfarm Payrolls|USD_840030024:U6 Unemployment Rate|USD_840030032:Manufacturing Payrolls|CAD_124010011:Employment Change|CAD_124010012:Full-Time Employment Change|CAD_124010013:Part-Time Employment Change|CAD_124010014:Unemployment Rate|CAD_124010015:Participation Rate,True,False,False,206.0,287.0,272.0,218.0,-81.0,-66.0,NEGATIVE,NEGATIVE,-1,1,-1,1,True,1720195200,2024.07.05 16:00:00,1800,True,True,0.000571,True,True,True,True,True,True,True,True,True,True,True,True,,,,,,
USD_NFP_1720193400,1720193400,2024.07.05 15:30:00,2024,CORE_2015_2025,NFP,EURUSD,QUOTE,840030016,Nonfarm Payrolls,True,"840030015,840030016,840030018,840030019",USD_840030017:Participation Rate|USD_840030020:Average Weekly Hours|USD_840030022:Government Payrolls|USD_840030023:Private Nonfarm Payrolls|USD_840030024:U6 Unemployment Rate|USD_840030032:Manufacturing Payrolls|CAD_124010011:Employment Change|CAD_124010012:Full-Time Employment Change|CAD_124010013:Part-Time Employment Change|CAD_124010014:Unemployment Rate|CAD_124010015:Participation Rate,True,False,False,206.0,287.0,272.0,218.0,-81.0,-66.0,NEGATIVE,NEGATIVE,-1,1,-1,1,True,1720195200,2024.07.05 16:00:00,1800,True,True,0.000619,True,True,True,True,True,True,True,True,True,True,True,True,,,,,,
USD_NFP_1720193400,1720193400,2024.07.05 15:30:00,2024,CORE_2015_2025,NFP,GBPUSD,QUOTE,840030016,Nonfarm Payrolls,True,"840030015,840030016,840030018,840030019",USD_840030017:Participation Rate|USD_840030020:Average Weekly Hours|USD_840030022:Government Payrolls|USD_840030023:Private Nonfarm Payrolls|USD_840030024:U6 Unemployment Rate|USD_840030032:Manufacturing Payrolls|CAD_124010011:Employment Change|CAD_124010012:Full-Time Employment Change|CAD_124010013:Part-Time Employment Change|CAD_124010014:Unemployment Rate|CAD_124010015:Participation Rate,True,False,False,206.0,287.0,272.0,218.0,-81.0,-66.0,NEGATIVE,NEGATIVE,-1,1,-1,1,True,1720195200,2024.07.05 16:00:00,1800,True,True,0.000775,True,True,True,True,True,True,True,True,True,True,True,True,,,,,,
USD_NFP_1720193400,1720193400,2024.07.05 15:30:00,2024,CORE_2015_2025,NFP,NZDUSD,QUOTE,840030016,Nonfarm Payrolls,True,"840030015,840030016,840030018,840030019",USD_840030017:Participation Rate|USD_840030020:Average Weekly Hours|USD_840030022:Government Payrolls|USD_840030023:Private Nonfarm Payrolls|USD_840030024:U6 Unemployment Rate|USD_840030032:Manufacturing Payrolls|CAD_124010011:Employment Change|CAD_124010012:Full-Time Employment Change|CAD_124010013:Part-Time Employment Change|CAD_124010014:Unemployment Rate|CAD_124010015:Participation Rate,True,False,False,206.0,287.0,272.0,218.0,-81.0,-66.0,NEGATIVE,NEGATIVE,-1,1,-1,1,True,1720195200,2024.07.05 16:00:00,1800,True,True,0.000485,True,True,True,True,True,True,True,True,True,True,True,True,,,,,,
USD_NFP_1720193400,1720193400,2024.07.05 15:30:00,2024,CORE_2015_2025,NFP,USDCAD,BASE,840030016,Nonfarm Payrolls,True,"840030015,840030016,840030018,840030019",USD_840030017:Participation Rate|USD_840030020:Average Weekly Hours|USD_840030022:Government Payrolls|USD_840030023:Private Nonfarm Payrolls|USD_840030024:U6 Unemployment Rate|USD_840030032:Manufacturing Payrolls|CAD_124010011:Employment Change|CAD_124010012:Full-Time Employment Change|CAD_124010013:Part-Time Employment Change|CAD_124010014:Unemployment Rate|CAD_124010015:Participation Rate,True,False,False,206.0,287.0,272.0,218.0,-81.0,-66.0,NEGATIVE,NEGATIVE,-1,-1,-1,-1,True,1720195200,2024.07.05 16:00:00,1800,True,True,0.000595,True,True,True,True,True,True,True,True,True,True,True,True,,,,,,
USD_NFP_1720193400,1720193400,2024.07.05 15:30:00,2024,CORE_2015_2025,NFP,USDCHF,BASE,840030016,Nonfarm Payrolls,True,"840030015,840030016,840030018,840030019",USD_840030017:Participation Rate|USD_840030020:Average Weekly Hours|USD_840030022:Government Payrolls|USD_840030023:Private Nonfarm Payrolls|USD_840030024:U6 Unemployment Rate|USD_840030032:Manufacturing Payrolls|CAD_124010011:Employment Change|CAD_124010012:Full-Time Employment Change|CAD_124010013:Part-Time Employment Change|CAD_124010014:Unemployment Rate|CAD_124010015:Participation Rate,True,False,False,206.0,287.0,272.0,218.0,-81.0,-66.0,NEGATIVE,NEGATIVE,-1,-1,-1,-1,True,1720195200,2024.07.05 16:00:00,1800,True,True,0.000669,True,True,True,True,True,True,True,True,True,True,True,True,,,,,,
USD_NFP_1720193400,1720193400,2024.07.05 15:30:00,2024,CORE_2015_2025,NFP,USDJPY,BASE,840030016,Nonfarm Payrolls,True,"840030015,840030016,840030018,840030019",USD_840030017:Participation Rate|USD_840030020:Average Weekly Hours|USD_840030022:Government Payrolls|USD_840030023:Private Nonfarm Payrolls|USD_840030024:U6 Unemployment Rate|USD_840030032:Manufacturing Payrolls|CAD_124010011:Employment Change|CAD_124010012:Full-Time Employment Change|CAD_124010013:Part-Time Employment Change|CAD_124010014:Unemployment Rate|CAD_124010015:Participation Rate,True,False,False,206.0,287.0,272.0,218.0,-81.0,-66.0,NEGATIVE,NEGATIVE,-1,-1,-1,-1,True,1720195200,2024.07.05 16:00:00,1800,True,True,0.176830,True,True,True,True,True,True,True,True,True,True,True,True,,,,,,
USD_NFP_1722612600,1722612600,2024.08.02 15:30:00,2024,CORE_2015_2025,NFP,AUDUSD,QUOTE,840030016,Nonfarm Payrolls,True,"840030015,840030016,840030018,840030019",USD_840030017:Participation Rate|USD_840030020:Average Weekly Hours|USD_840030022:Government Payrolls|USD_840030023:Private Nonfarm Payrolls|USD_840030024:U6 Unemployment Rate|USD_840030032:Manufacturing Payrolls,False,False,False,114.0,241.0,206.0,179.0,-127.0,-92.0,NEGATIVE,NEGATIVE,-1,1,-1,1,True,1722614400,2024.08.02 16:00:00,1800,True,True,0.001173,True,True,True,True,True,True,True,True,True,True,True,True,,,,,,
USD_NFP_1722612600,1722612600,2024.08.02 15:30:00,2024,CORE_2015_2025,NFP,EURUSD,QUOTE,840030016,Nonfarm Payrolls,True,"840030015,840030016,840030018,840030019",USD_840030017:Participation Rate|USD_840030020:Average Weekly Hours|USD_840030022:Government Payrolls|USD_840030023:Private Nonfarm Payrolls|USD_840030024:U6 Unemployment Rate|USD_840030032:Manufacturing Payrolls,False,False,False,114.0,241.0,206.0,179.0,-127.0,-92.0,NEGATIVE,NEGATIVE,-1,1,-1,1,True,1722614400,2024.08.02 16:00:00,1800,True,True,0.001093,True,True,True,True,True,True,True,True,True,True,True,True,,,,,,
USD_NFP_1722612600,1722612600,2024.08.02 15:30:00,2024,CORE_2015_2025,NFP,GBPUSD,QUOTE,840030016,Nonfarm Payrolls,True,"840030015,840030016,840030018,840030019",USD_840030017:Participation Rate|USD_840030020:Average Weekly Hours|USD_840030022:Government Payrolls|USD_840030023:Private Nonfarm Payrolls|USD_840030024:U6 Unemployment Rate|USD_840030032:Manufacturing Payrolls,False,False,False,114.0,241.0,206.0,179.0,-127.0,-92.0,NEGATIVE,NEGATIVE,-1,1,-1,1,True,1722614400,2024.08.02 16:00:00,1800,True,True,0.001547,True,True,True,True,True,True,True,True,True,True,True,True,,,,,,
USD_NFP_1722612600,1722612600,2024.08.02 15:30:00,2024,CORE_2015_2025,NFP,NZDUSD,QUOTE,840030016,Nonfarm Payrolls,True,"840030015,840030016,840030018,840030019",USD_840030017:Participation Rate|USD_840030020:Average Weekly Hours|USD_840030022:Government Payrolls|USD_840030023:Private Nonfarm Payrolls|USD_840030024:U6 Unemployment Rate|USD_840030032:Manufacturing Payrolls,False,False,False,114.0,241.0,206.0,179.0,-127.0,-92.0,NEGATIVE,NEGATIVE,-1,1,-1,1,True,1722614400,2024.08.02 16:00:00,1800,True,True,0.000954,True,True,True,True,True,True,True,True,True,True,True,True,,,,,,
USD_NFP_1722612600,1722612600,2024.08.02 15:30:00,2024,CORE_2015_2025,NFP,USDCAD,BASE,840030016,Nonfarm Payrolls,True,"840030015,840030016,840030018,840030019",USD_840030017:Participation Rate|USD_840030020:Average Weekly Hours|USD_840030022:Government Payrolls|USD_840030023:Private Nonfarm Payrolls|USD_840030024:U6 Unemployment Rate|USD_840030032:Manufacturing Payrolls,False,False,False,114.0,241.0,206.0,179.0,-127.0,-92.0,NEGATIVE,NEGATIVE,-1,-1,-1,-1,True,1722614400,2024.08.02 16:00:00,1800,True,True,0.001254,True,True,True,True,True,True,True,True,True,True,True,True,,,,,,
USD_NFP_1722612600,1722612600,2024.08.02 15:30:00,2024,CORE_2015_2025,NFP,USDCHF,BASE,840030016,Nonfarm Payrolls,True,"840030015,840030016,840030018,840030019",USD_840030017:Participation Rate|USD_840030020:Average Weekly Hours|USD_840030022:Government Payrolls|USD_840030023:Private Nonfarm Payrolls|USD_840030024:U6 Unemployment Rate|USD_840030032:Manufacturing Payrolls,False,False,False,114.0,241.0,206.0,179.0,-127.0,-92.0,NEGATIVE,NEGATIVE,-1,-1,-1,-1,True,1722614400,2024.08.02 16:00:00,1800,True,True,0.001164,True,True,True,True,True,True,True,True,True,True,True,True,,,,,,
USD_NFP_1722612600,1722612600,2024.08.02 15:30:00,2024,CORE_2015_2025,NFP,USDJPY,BASE,840030016,Nonfarm Payrolls,True,"840030015,840030016,840030018,840030019",USD_840030017:Participation Rate|USD_840030020:Average Weekly Hours|USD_840030022:Government Payrolls|USD_840030023:Private Nonfarm Payrolls|USD_840030024:U6 Unemployment Rate|USD_840030032:Manufacturing Payrolls,False,False,False,114.0,241.0,206.0,179.0,-127.0,-92.0,NEGATIVE,NEGATIVE,-1,-1,-1,-1,True,1722614400,2024.08.02 16:00:00,1800,True,True,0.421881,True,True,True,True,True,True,True,True,True,True,True,True,,,,,,
USD_NFP_1725636600,1725636600,2024.09.06 15:30:00,2024,CORE_2015_2025,NFP,AUDUSD,QUOTE,840030016,Nonfarm Payrolls,True,"840030015,840030016,840030018,840030019",USD_840030017:Participation Rate|USD_840030020:Average Weekly Hours|USD_840030022:Government Payrolls|USD_840030023:Private Nonfarm Payrolls|USD_840030024:U6 Unemployment Rate|USD_840030032:Manufacturing Payrolls|CAD_124010011:Employment Change|CAD_124010012:Full-Time Employment Change|CAD_124010013:Part-Time Employment Change|CAD_124010014:Unemployment Rate|CAD_124010015:Participation Rate,True,False,False,142.0,104.0,114.0,89.0,38.0,28.0,POSITIVE,POSITIVE,1,-1,1,-1,True,1725638400,2024.09.06 16:00:00,1800,True,True,0.000827,True,True,True,True,True,True,True,True,True,True,True,True,,,,,,
USD_NFP_1725636600,1725636600,2024.09.06 15:30:00,2024,CORE_2015_2025,NFP,EURUSD,QUOTE,840030016,Nonfarm Payrolls,True,"840030015,840030016,840030018,840030019",USD_840030017:Participation Rate|USD_840030020:Average Weekly Hours|USD_840030022:Government Payrolls|USD_840030023:Private Nonfarm Payrolls|USD_840030024:U6 Unemployment Rate|USD_840030032:Manufacturing Payrolls|CAD_124010011:Employment Change|CAD_124010012:Full-Time Employment Change|CAD_124010013:Part-Time Employment Change|CAD_124010014:Unemployment Rate|CAD_124010015:Participation Rate,True,False,False,142.0,104.0,114.0,89.0,38.0,28.0,POSITIVE,POSITIVE,1,-1,1,-1,True,1725638400,2024.09.06 16:00:00,1800,True,True,0.000797,True,True,True,True,True,True,True,True,True,True,True,True,,,,,,
USD_NFP_1725636600,1725636600,2024.09.06 15:30:00,2024,CORE_2015_2025,NFP,GBPUSD,QUOTE,840030016,Nonfarm Payrolls,True,"840030015,840030016,840030018,840030019",USD_840030017:Participation Rate|USD_840030020:Average Weekly Hours|USD_840030022:Government Payrolls|USD_840030023:Private Nonfarm Payrolls|USD_840030024:U6 Unemployment Rate|USD_840030032:Manufacturing Payrolls|CAD_124010011:Employment Change|CAD_124010012:Full-Time Employment Change|CAD_124010013:Part-Time Employment Change|CAD_124010014:Unemployment Rate|CAD_124010015:Participation Rate,True,False,False,142.0,104.0,114.0,89.0,38.0,28.0,POSITIVE,POSITIVE,1,-1,1,-1,True,1725638400,2024.09.06 16:00:00,1800,True,True,0.001114,True,True,True,True,True,True,True,True,True,True,True,True,,,,,,
USD_NFP_1725636600,1725636600,2024.09.06 15:30:00,2024,CORE_2015_2025,NFP,NZDUSD,QUOTE,840030016,Nonfarm Payrolls,True,"840030015,840030016,840030018,840030019",USD_840030017:Participation Rate|USD_840030020:Average Weekly Hours|USD_840030022:Government Payrolls|USD_840030023:Private Nonfarm Payrolls|USD_840030024:U6 Unemployment Rate|USD_840030032:Manufacturing Payrolls|CAD_124010011:Employment Change|CAD_124010012:Full-Time Employment Change|CAD_124010013:Part-Time Employment Change|CAD_124010014:Unemployment Rate|CAD_124010015:Participation Rate,True,False,False,142.0,104.0,114.0,89.0,38.0,28.0,POSITIVE,POSITIVE,1,-1,1,-1,True,1725638400,2024.09.06 16:00:00,1800,True,True,0.000759,True,True,True,True,True,True,True,True,True,True,True,True,,,,,,
USD_NFP_1725636600,1725636600,2024.09.06 15:30:00,2024,CORE_2015_2025,NFP,USDCAD,BASE,840030016,Nonfarm Payrolls,True,"840030015,840030016,840030018,840030019",USD_840030017:Participation Rate|USD_840030020:Average Weekly Hours|USD_840030022:Government Payrolls|USD_840030023:Private Nonfarm Payrolls|USD_840030024:U6 Unemployment Rate|USD_840030032:Manufacturing Payrolls|CAD_124010011:Employment Change|CAD_124010012:Full-Time Employment Change|CAD_124010013:Part-Time Employment Change|CAD_124010014:Unemployment Rate|CAD_124010015:Participation Rate,True,False,False,142.0,104.0,114.0,89.0,38.0,28.0,POSITIVE,POSITIVE,1,1,1,1,True,1725638400,2024.09.06 16:00:00,1800,True,True,0.000867,True,True,True,True,True,True,True,True,True,True,True,True,,,,,,
USD_NFP_1725636600,1725636600,2024.09.06 15:30:00,2024,CORE_2015_2025,NFP,USDCHF,BASE,840030016,Nonfarm Payrolls,True,"840030015,840030016,840030018,840030019",USD_840030017:Participation Rate|USD_840030020:Average Weekly Hours|USD_840030022:Government Payrolls|USD_840030023:Private Nonfarm Payrolls|USD_840030024:U6 Unemployment Rate|USD_840030032:Manufacturing Payrolls|CAD_124010011:Employment Change|CAD_124010012:Full-Time Employment Change|CAD_124010013:Part-Time Employment Change|CAD_124010014:Unemployment Rate|CAD_124010015:Participation Rate,True,False,False,142.0,104.0,114.0,89.0,38.0,28.0,POSITIVE,POSITIVE,1,1,1,1,True,1725638400,2024.09.06 16:00:00,1800,True,True,0.001096,True,True,True,True,True,True,True,True,True,True,True,True,,,,,,
USD_NFP_1725636600,1725636600,2024.09.06 15:30:00,2024,CORE_2015_2025,NFP,USDJPY,BASE,840030016,Nonfarm Payrolls,True,"840030015,840030016,840030018,840030019",USD_840030017:Participation Rate|USD_840030020:Average Weekly Hours|USD_840030022:Government Payrolls|USD_840030023:Private Nonfarm Payrolls|USD_840030024:U6 Unemployment Rate|USD_840030032:Manufacturing Payrolls|CAD_124010011:Employment Change|CAD_124010012:Full-Time Employment Change|CAD_124010013:Part-Time Employment Change|CAD_124010014:Unemployment Rate|CAD_124010015:Participation Rate,True,False,False,142.0,104.0,114.0,89.0,38.0,28.0,POSITIVE,POSITIVE,1,1,1,1,True,1725638400,2024.09.06 16:00:00,1800,True,True,0.292679,True,True,True,True,True,True,True,True,True,True,True,True,,,,,,
USD_NFP_1728055800,1728055800,2024.10.04 15:30:00,2024,CORE_2015_2025,NFP,AUDUSD,QUOTE,840030016,Nonfarm Payrolls,True,"840030015,840030016,840030018,840030019",USD_840030017:Participation Rate|USD_840030020:Average Weekly Hours|USD_840030022:Government Payrolls|USD_840030023:Private Nonfarm Payrolls|USD_840030024:U6 Unemployment Rate|USD_840030032:Manufacturing Payrolls,False,False,False,254.0,267.0,142.0,159.0,-13.0,112.0,NEGATIVE,POSITIVE,-1,1,1,-1,True,1728057600,2024.10.04 16:00:00,1800,True,True,0.000842,True,True,True,True,True,True,True,True,True,True,True,True,,,,,,
USD_NFP_1728055800,1728055800,2024.10.04 15:30:00,2024,CORE_2015_2025,NFP,EURUSD,QUOTE,840030016,Nonfarm Payrolls,True,"840030015,840030016,840030018,840030019",USD_840030017:Participation Rate|USD_840030020:Average Weekly Hours|USD_840030022:Government Payrolls|USD_840030023:Private Nonfarm Payrolls|USD_840030024:U6 Unemployment Rate|USD_840030032:Manufacturing Payrolls,False,False,False,254.0,267.0,142.0,159.0,-13.0,112.0,NEGATIVE,POSITIVE,-1,1,1,-1,True,1728057600,2024.10.04 16:00:00,1800,True,True,0.000876,True,True,True,True,True,True,True,True,True,True,True,True,,,,,,
USD_NFP_1728055800,1728055800,2024.10.04 15:30:00,2024,CORE_2015_2025,NFP,GBPUSD,QUOTE,840030016,Nonfarm Payrolls,True,"840030015,840030016,840030018,840030019",USD_840030017:Participation Rate|USD_840030020:Average Weekly Hours|USD_840030022:Government Payrolls|USD_840030023:Private Nonfarm Payrolls|USD_840030024:U6 Unemployment Rate|USD_840030032:Manufacturing Payrolls,False,False,False,254.0,267.0,142.0,159.0,-13.0,112.0,NEGATIVE,POSITIVE,-1,1,1,-1,True,1728057600,2024.10.04 16:00:00,1800,True,True,0.001548,True,True,True,True,True,True,True,True,True,True,True,True,,,,,,
USD_NFP_1728055800,1728055800,2024.10.04 15:30:00,2024,CORE_2015_2025,NFP,NZDUSD,QUOTE,840030016,Nonfarm Payrolls,True,"840030015,840030016,840030018,840030019",USD_840030017:Participation Rate|USD_840030020:Average Weekly Hours|USD_840030022:Government Payrolls|USD_840030023:Private Nonfarm Payrolls|USD_840030024:U6 Unemployment Rate|USD_840030032:Manufacturing Payrolls,False,False,False,254.0,267.0,142.0,159.0,-13.0,112.0,NEGATIVE,POSITIVE,-1,1,1,-1,True,1728057600,2024.10.04 16:00:00,1800,True,True,0.000762,True,True,True,True,True,True,True,True,True,True,True,True,,,,,,
USD_NFP_1728055800,1728055800,2024.10.04 15:30:00,2024,CORE_2015_2025,NFP,USDCAD,BASE,840030016,Nonfarm Payrolls,True,"840030015,840030016,840030018,840030019",USD_840030017:Participation Rate|USD_840030020:Average Weekly Hours|USD_840030022:Government Payrolls|USD_840030023:Private Nonfarm Payrolls|USD_840030024:U6 Unemployment Rate|USD_840030032:Manufacturing Payrolls,False,False,False,254.0,267.0,142.0,159.0,-13.0,112.0,NEGATIVE,POSITIVE,-1,-1,1,1,True,1728057600,2024.10.04 16:00:00,1800,True,True,0.000922,True,True,True,True,True,True,True,True,True,True,True,True,,,,,,
USD_NFP_1728055800,1728055800,2024.10.04 15:30:00,2024,CORE_2015_2025,NFP,USDCHF,BASE,840030016,Nonfarm Payrolls,True,"840030015,840030016,840030018,840030019",USD_840030017:Participation Rate|USD_840030020:Average Weekly Hours|USD_840030022:Government Payrolls|USD_840030023:Private Nonfarm Payrolls|USD_840030024:U6 Unemployment Rate|USD_840030032:Manufacturing Payrolls,False,False,False,254.0,267.0,142.0,159.0,-13.0,112.0,NEGATIVE,POSITIVE,-1,-1,1,1,True,1728057600,2024.10.04 16:00:00,1800,True,True,0.001010,True,True,True,True,True,True,True,True,True,True,True,True,,,,,,
USD_NFP_1728055800,1728055800,2024.10.04 15:30:00,2024,CORE_2015_2025,NFP,USDJPY,BASE,840030016,Nonfarm Payrolls,True,"840030015,840030016,840030018,840030019",USD_840030017:Participation Rate|USD_840030020:Average Weekly Hours|USD_840030022:Government Payrolls|USD_840030023:Private Nonfarm Payrolls|USD_840030024:U6 Unemployment Rate|USD_840030032:Manufacturing Payrolls,False,False,False,254.0,267.0,142.0,159.0,-13.0,112.0,NEGATIVE,POSITIVE,-1,-1,1,1,True,1728057600,2024.10.04 16:00:00,1800,True,True,0.222158,True,True,True,True,True,True,True,True,True,True,True,True,,,,,,
USD_NFP_1730475000,1730475000,2024.11.01 15:30:00,2024,CORE_2015_2025,NFP,AUDUSD,QUOTE,840030016,Nonfarm Payrolls,True,"840030015,840030016,840030018,840030019",USD_840030017:Participation Rate|USD_840030020:Average Weekly Hours|USD_840030022:Government Payrolls|USD_840030023:Private Nonfarm Payrolls|USD_840030024:U6 Unemployment Rate|USD_840030032:Manufacturing Payrolls,False,False,False,12.0,229.0,254.0,223.0,-217.0,-242.0,NEGATIVE,NEGATIVE,-1,1,-1,1,True,1730476800,2024.11.01 16:00:00,1800,True,True,0.001003,True,True,True,True,True,True,True,True,True,True,True,True,,,,,,
USD_NFP_1730475000,1730475000,2024.11.01 15:30:00,2024,CORE_2015_2025,NFP,EURUSD,QUOTE,840030016,Nonfarm Payrolls,True,"840030015,840030016,840030018,840030019",USD_840030017:Participation Rate|USD_840030020:Average Weekly Hours|USD_840030022:Government Payrolls|USD_840030023:Private Nonfarm Payrolls|USD_840030024:U6 Unemployment Rate|USD_840030032:Manufacturing Payrolls,False,False,False,12.0,229.0,254.0,223.0,-217.0,-242.0,NEGATIVE,NEGATIVE,-1,1,-1,1,True,1730476800,2024.11.01 16:00:00,1800,True,True,0.001170,True,True,True,True,True,True,True,True,True,True,True,True,,,,,,
USD_NFP_1730475000,1730475000,2024.11.01 15:30:00,2024,CORE_2015_2025,NFP,GBPUSD,QUOTE,840030016,Nonfarm Payrolls,True,"840030015,840030016,840030018,840030019",USD_840030017:Participation Rate|USD_840030020:Average Weekly Hours|USD_840030022:Government Payrolls|USD_840030023:Private Nonfarm Payrolls|USD_840030024:U6 Unemployment Rate|USD_840030032:Manufacturing Payrolls,False,False,False,12.0,229.0,254.0,223.0,-217.0,-242.0,NEGATIVE,NEGATIVE,-1,1,-1,1,True,1730476800,2024.11.01 16:00:00,1800,True,True,0.001859,True,True,True,True,True,True,True,True,True,True,True,True,,,,,,
USD_NFP_1730475000,1730475000,2024.11.01 15:30:00,2024,CORE_2015_2025,NFP,NZDUSD,QUOTE,840030016,Nonfarm Payrolls,True,"840030015,840030016,840030018,840030019",USD_840030017:Participation Rate|USD_840030020:Average Weekly Hours|USD_840030022:Government Payrolls|USD_840030023:Private Nonfarm Payrolls|USD_840030024:U6 Unemployment Rate|USD_840030032:Manufacturing Payrolls,False,False,False,12.0,229.0,254.0,223.0,-217.0,-242.0,NEGATIVE,NEGATIVE,-1,1,-1,1,True,1730476800,2024.11.01 16:00:00,1800,True,True,0.001068,True,True,True,True,True,True,True,True,True,True,True,True,,,,,,
USD_NFP_1730475000,1730475000,2024.11.01 15:30:00,2024,CORE_2015_2025,NFP,USDCAD,BASE,840030016,Nonfarm Payrolls,True,"840030015,840030016,840030018,840030019",USD_840030017:Participation Rate|USD_840030020:Average Weekly Hours|USD_840030022:Government Payrolls|USD_840030023:Private Nonfarm Payrolls|USD_840030024:U6 Unemployment Rate|USD_840030032:Manufacturing Payrolls,False,False,False,12.0,229.0,254.0,223.0,-217.0,-242.0,NEGATIVE,NEGATIVE,-1,-1,-1,-1,True,1730476800,2024.11.01 16:00:00,1800,True,True,0.001130,True,True,True,True,True,True,True,True,True,True,True,True,,,,,,
USD_NFP_1730475000,1730475000,2024.11.01 15:30:00,2024,CORE_2015_2025,NFP,USDCHF,BASE,840030016,Nonfarm Payrolls,True,"840030015,840030016,840030018,840030019",USD_840030017:Participation Rate|USD_840030020:Average Weekly Hours|USD_840030022:Government Payrolls|USD_840030023:Private Nonfarm Payrolls|USD_840030024:U6 Unemployment Rate|USD_840030032:Manufacturing Payrolls,False,False,False,12.0,229.0,254.0,223.0,-217.0,-242.0,NEGATIVE,NEGATIVE,-1,-1,-1,-1,True,1730476800,2024.11.01 16:00:00,1800,True,True,0.001274,True,True,True,True,True,True,True,True,True,True,True,True,,,,,,
USD_NFP_1730475000,1730475000,2024.11.01 15:30:00,2024,CORE_2015_2025,NFP,USDJPY,BASE,840030016,Nonfarm Payrolls,True,"840030015,840030016,840030018,840030019",USD_840030017:Participation Rate|USD_840030020:Average Weekly Hours|USD_840030022:Government Payrolls|USD_840030023:Private Nonfarm Payrolls|USD_840030024:U6 Unemployment Rate|USD_840030032:Manufacturing Payrolls,False,False,False,12.0,229.0,254.0,223.0,-217.0,-242.0,NEGATIVE,NEGATIVE,-1,-1,-1,-1,True,1730476800,2024.11.01 16:00:00,1800,True,True,0.320325,True,True,True,True,True,True,True,True,True,True,True,True,,,,,,
USD_NFP_1733502600,1733502600,2024.12.06 16:30:00,2024,CORE_2015_2025,NFP,AUDUSD,QUOTE,840030016,Nonfarm Payrolls,True,"840030015,840030016,840030018,840030019",USD_840030017:Participation Rate|USD_840030020:Average Weekly Hours|USD_840030022:Government Payrolls|USD_840030023:Private Nonfarm Payrolls|USD_840030024:U6 Unemployment Rate|USD_840030032:Manufacturing Payrolls|CAD_124010011:Employment Change|CAD_124010012:Full-Time Employment Change|CAD_124010013:Part-Time Employment Change|CAD_124010014:Unemployment Rate|CAD_124010015:Participation Rate,True,False,False,227.0,176.0,12.0,36.0,51.0,215.0,POSITIVE,POSITIVE,1,-1,1,-1,True,1733504400,2024.12.06 17:00:00,1800,True,True,0.001174,True,True,True,True,True,True,True,True,True,True,True,True,,,,,,
USD_NFP_1733502600,1733502600,2024.12.06 16:30:00,2024,CORE_2015_2025,NFP,EURUSD,QUOTE,840030016,Nonfarm Payrolls,True,"840030015,840030016,840030018,840030019",USD_840030017:Participation Rate|USD_840030020:Average Weekly Hours|USD_840030022:Government Payrolls|USD_840030023:Private Nonfarm Payrolls|USD_840030024:U6 Unemployment Rate|USD_840030032:Manufacturing Payrolls|CAD_124010011:Employment Change|CAD_124010012:Full-Time Employment Change|CAD_124010013:Part-Time Employment Change|CAD_124010014:Unemployment Rate|CAD_124010015:Participation Rate,True,False,False,227.0,176.0,12.0,36.0,51.0,215.0,POSITIVE,POSITIVE,1,-1,1,-1,True,1733504400,2024.12.06 17:00:00,1800,True,True,0.001477,True,True,True,True,True,True,True,True,True,True,True,True,,,,,,
USD_NFP_1733502600,1733502600,2024.12.06 16:30:00,2024,CORE_2015_2025,NFP,GBPUSD,QUOTE,840030016,Nonfarm Payrolls,True,"840030015,840030016,840030018,840030019",USD_840030017:Participation Rate|USD_840030020:Average Weekly Hours|USD_840030022:Government Payrolls|USD_840030023:Private Nonfarm Payrolls|USD_840030024:U6 Unemployment Rate|USD_840030032:Manufacturing Payrolls|CAD_124010011:Employment Change|CAD_124010012:Full-Time Employment Change|CAD_124010013:Part-Time Employment Change|CAD_124010014:Unemployment Rate|CAD_124010015:Participation Rate,True,False,False,227.0,176.0,12.0,36.0,51.0,215.0,POSITIVE,POSITIVE,1,-1,1,-1,True,1733504400,2024.12.06 17:00:00,1800,True,True,0.001537,True,True,True,True,True,True,True,True,True,True,True,True,,,,,,
USD_NFP_1733502600,1733502600,2024.12.06 16:30:00,2024,CORE_2015_2025,NFP,NZDUSD,QUOTE,840030016,Nonfarm Payrolls,True,"840030015,840030016,840030018,840030019",USD_840030017:Participation Rate|USD_840030020:Average Weekly Hours|USD_840030022:Government Payrolls|USD_840030023:Private Nonfarm Payrolls|USD_840030024:U6 Unemployment Rate|USD_840030032:Manufacturing Payrolls|CAD_124010011:Employment Change|CAD_124010012:Full-Time Employment Change|CAD_124010013:Part-Time Employment Change|CAD_124010014:Unemployment Rate|CAD_124010015:Participation Rate,True,False,False,227.0,176.0,12.0,36.0,51.0,215.0,POSITIVE,POSITIVE,1,-1,1,-1,True,1733504400,2024.12.06 17:00:00,1800,True,True,0.001097,True,True,True,True,True,True,True,True,True,True,True,True,,,,,,
USD_NFP_1733502600,1733502600,2024.12.06 16:30:00,2024,CORE_2015_2025,NFP,USDCAD,BASE,840030016,Nonfarm Payrolls,True,"840030015,840030016,840030018,840030019",USD_840030017:Participation Rate|USD_840030020:Average Weekly Hours|USD_840030022:Government Payrolls|USD_840030023:Private Nonfarm Payrolls|USD_840030024:U6 Unemployment Rate|USD_840030032:Manufacturing Payrolls|CAD_124010011:Employment Change|CAD_124010012:Full-Time Employment Change|CAD_124010013:Part-Time Employment Change|CAD_124010014:Unemployment Rate|CAD_124010015:Participation Rate,True,False,False,227.0,176.0,12.0,36.0,51.0,215.0,POSITIVE,POSITIVE,1,1,1,1,True,1733504400,2024.12.06 17:00:00,1800,True,True,0.001363,True,True,True,True,True,True,True,True,True,True,True,True,,,,,,
USD_NFP_1733502600,1733502600,2024.12.06 16:30:00,2024,CORE_2015_2025,NFP,USDCHF,BASE,840030016,Nonfarm Payrolls,True,"840030015,840030016,840030018,840030019",USD_840030017:Participation Rate|USD_840030020:Average Weekly Hours|USD_840030022:Government Payrolls|USD_840030023:Private Nonfarm Payrolls|USD_840030024:U6 Unemployment Rate|USD_840030032:Manufacturing Payrolls|CAD_124010011:Employment Change|CAD_124010012:Full-Time Employment Change|CAD_124010013:Part-Time Employment Change|CAD_124010014:Unemployment Rate|CAD_124010015:Participation Rate,True,False,False,227.0,176.0,12.0,36.0,51.0,215.0,POSITIVE,POSITIVE,1,1,1,1,True,1733504400,2024.12.06 17:00:00,1800,True,True,0.001174,True,True,True,True,True,True,True,True,True,True,True,True,,,,,,
USD_NFP_1733502600,1733502600,2024.12.06 16:30:00,2024,CORE_2015_2025,NFP,USDJPY,BASE,840030016,Nonfarm Payrolls,True,"840030015,840030016,840030018,840030019",USD_840030017:Participation Rate|USD_840030020:Average Weekly Hours|USD_840030022:Government Payrolls|USD_840030023:Private Nonfarm Payrolls|USD_840030024:U6 Unemployment Rate|USD_840030032:Manufacturing Payrolls|CAD_124010011:Employment Change|CAD_124010012:Full-Time Employment Change|CAD_124010013:Part-Time Employment Change|CAD_124010014:Unemployment Rate|CAD_124010015:Participation Rate,True,False,False,227.0,176.0,12.0,36.0,51.0,215.0,POSITIVE,POSITIVE,1,1,1,1,True,1733504400,2024.12.06 17:00:00,1800,True,True,0.294474,True,True,True,True,True,True,True,True,True,True,True,True,,,,,,
USD_NFP_1736526600,1736526600,2025.01.10 16:30:00,2025,CORE_2015_2025,NFP,AUDUSD,QUOTE,840030016,Nonfarm Payrolls,True,"840030015,840030016,840030018,840030019",USD_840030017:Participation Rate|USD_840030020:Average Weekly Hours|USD_840030022:Government Payrolls|USD_840030023:Private Nonfarm Payrolls|USD_840030024:U6 Unemployment Rate|USD_840030032:Manufacturing Payrolls|EUR_276010024:Current Account n.s.a.|CAD_124010001:Building Permits m/m|CAD_124010011:Employment Change|CAD_124010012:Full-Time Employment Change|CAD_124010013:Part-Time Employment Change|CAD_124010014:Unemployment Rate|CAD_124010015:Participation Rate,True,False,False,256.0,213.0,227.0,212.0,43.0,29.0,POSITIVE,POSITIVE,1,-1,1,-1,True,1736528400,2025.01.10 17:00:00,1800,True,True,0.001077,True,True,True,True,True,True,True,True,True,True,True,True,,,,,,
USD_NFP_1736526600,1736526600,2025.01.10 16:30:00,2025,CORE_2015_2025,NFP,EURUSD,QUOTE,840030016,Nonfarm Payrolls,True,"840030015,840030016,840030018,840030019",USD_840030017:Participation Rate|USD_840030020:Average Weekly Hours|USD_840030022:Government Payrolls|USD_840030023:Private Nonfarm Payrolls|USD_840030024:U6 Unemployment Rate|USD_840030032:Manufacturing Payrolls|EUR_276010024:Current Account n.s.a.|CAD_124010001:Building Permits m/m|CAD_124010011:Employment Change|CAD_124010012:Full-Time Employment Change|CAD_124010013:Part-Time Employment Change|CAD_124010014:Unemployment Rate|CAD_124010015:Participation Rate,True,False,False,256.0,213.0,227.0,212.0,43.0,29.0,POSITIVE,POSITIVE,1,-1,1,-1,True,1736528400,2025.01.10 17:00:00,1800,True,True,0.001589,True,True,True,True,True,True,True,True,True,True,True,True,,,,,,
USD_NFP_1736526600,1736526600,2025.01.10 16:30:00,2025,CORE_2015_2025,NFP,GBPUSD,QUOTE,840030016,Nonfarm Payrolls,True,"840030015,840030016,840030018,840030019",USD_840030017:Participation Rate|USD_840030020:Average Weekly Hours|USD_840030022:Government Payrolls|USD_840030023:Private Nonfarm Payrolls|USD_840030024:U6 Unemployment Rate|USD_840030032:Manufacturing Payrolls|EUR_276010024:Current Account n.s.a.|CAD_124010001:Building Permits m/m|CAD_124010011:Employment Change|CAD_124010012:Full-Time Employment Change|CAD_124010013:Part-Time Employment Change|CAD_124010014:Unemployment Rate|CAD_124010015:Participation Rate,True,False,False,256.0,213.0,227.0,212.0,43.0,29.0,POSITIVE,POSITIVE,1,-1,1,-1,True,1736528400,2025.01.10 17:00:00,1800,True,True,0.002595,True,True,True,True,True,True,True,True,True,True,True,True,,,,,,
USD_NFP_1736526600,1736526600,2025.01.10 16:30:00,2025,CORE_2015_2025,NFP,NZDUSD,QUOTE,840030016,Nonfarm Payrolls,True,"840030015,840030016,840030018,840030019",USD_840030017:Participation Rate|USD_840030020:Average Weekly Hours|USD_840030022:Government Payrolls|USD_840030023:Private Nonfarm Payrolls|USD_840030024:U6 Unemployment Rate|USD_840030032:Manufacturing Payrolls|EUR_276010024:Current Account n.s.a.|CAD_124010001:Building Permits m/m|CAD_124010011:Employment Change|CAD_124010012:Full-Time Employment Change|CAD_124010013:Part-Time Employment Change|CAD_124010014:Unemployment Rate|CAD_124010015:Participation Rate,True,False,False,256.0,213.0,227.0,212.0,43.0,29.0,POSITIVE,POSITIVE,1,-1,1,-1,True,1736528400,2025.01.10 17:00:00,1800,True,True,0.001002,True,True,True,True,True,True,True,True,True,True,True,True,,,,,,
USD_NFP_1736526600,1736526600,2025.01.10 16:30:00,2025,CORE_2015_2025,NFP,USDCAD,BASE,840030016,Nonfarm Payrolls,True,"840030015,840030016,840030018,840030019",USD_840030017:Participation Rate|USD_840030020:Average Weekly Hours|USD_840030022:Government Payrolls|USD_840030023:Private Nonfarm Payrolls|USD_840030024:U6 Unemployment Rate|USD_840030032:Manufacturing Payrolls|EUR_276010024:Current Account n.s.a.|CAD_124010001:Building Permits m/m|CAD_124010011:Employment Change|CAD_124010012:Full-Time Employment Change|CAD_124010013:Part-Time Employment Change|CAD_124010014:Unemployment Rate|CAD_124010015:Participation Rate,True,False,False,256.0,213.0,227.0,212.0,43.0,29.0,POSITIVE,POSITIVE,1,1,1,1,True,1736528400,2025.01.10 17:00:00,1800,True,True,0.001296,True,True,True,True,True,True,True,True,True,True,True,True,,,,,,
USD_NFP_1736526600,1736526600,2025.01.10 16:30:00,2025,CORE_2015_2025,NFP,USDCHF,BASE,840030016,Nonfarm Payrolls,True,"840030015,840030016,840030018,840030019",USD_840030017:Participation Rate|USD_840030020:Average Weekly Hours|USD_840030022:Government Payrolls|USD_840030023:Private Nonfarm Payrolls|USD_840030024:U6 Unemployment Rate|USD_840030032:Manufacturing Payrolls|EUR_276010024:Current Account n.s.a.|CAD_124010001:Building Permits m/m|CAD_124010011:Employment Change|CAD_124010012:Full-Time Employment Change|CAD_124010013:Part-Time Employment Change|CAD_124010014:Unemployment Rate|CAD_124010015:Participation Rate,True,False,False,256.0,213.0,227.0,212.0,43.0,29.0,POSITIVE,POSITIVE,1,1,1,1,True,1736528400,2025.01.10 17:00:00,1800,True,True,0.001098,True,True,True,True,True,True,True,True,True,True,True,True,,,,,,
USD_NFP_1736526600,1736526600,2025.01.10 16:30:00,2025,CORE_2015_2025,NFP,USDJPY,BASE,840030016,Nonfarm Payrolls,True,"840030015,840030016,840030018,840030019",USD_840030017:Participation Rate|USD_840030020:Average Weekly Hours|USD_840030022:Government Payrolls|USD_840030023:Private Nonfarm Payrolls|USD_840030024:U6 Unemployment Rate|USD_840030032:Manufacturing Payrolls|EUR_276010024:Current Account n.s.a.|CAD_124010001:Building Permits m/m|CAD_124010011:Employment Change|CAD_124010012:Full-Time Employment Change|CAD_124010013:Part-Time Employment Change|CAD_124010014:Unemployment Rate|CAD_124010015:Participation Rate,True,False,False,256.0,213.0,227.0,212.0,43.0,29.0,POSITIVE,POSITIVE,1,1,1,1,True,1736528400,2025.01.10 17:00:00,1800,True,True,0.255026,True,True,True,True,True,True,True,True,True,True,True,True,,,,,,
USD_NFP_1738945800,1738945800,2025.02.07 16:30:00,2025,CORE_2015_2025,NFP,AUDUSD,QUOTE,840030016,Nonfarm Payrolls,True,"840030015,840030016,840030018,840030019",USD_840030017:Participation Rate|USD_840030020:Average Weekly Hours|USD_840030022:Government Payrolls|USD_840030023:Private Nonfarm Payrolls|USD_840030024:U6 Unemployment Rate|USD_840030032:Manufacturing Payrolls|CAD_124010011:Employment Change|CAD_124010012:Full-Time Employment Change|CAD_124010013:Part-Time Employment Change|CAD_124010014:Unemployment Rate|CAD_124010015:Participation Rate,True,False,False,143.0,208.0,256.0,307.0,-65.0,-113.0,NEGATIVE,NEGATIVE,-1,1,-1,1,True,1738947600,2025.02.07 17:00:00,1800,True,True,0.000922,True,True,True,True,True,True,True,True,True,True,True,True,,,,,,
USD_NFP_1738945800,1738945800,2025.02.07 16:30:00,2025,CORE_2015_2025,NFP,EURUSD,QUOTE,840030016,Nonfarm Payrolls,True,"840030015,840030016,840030018,840030019",USD_840030017:Participation Rate|USD_840030020:Average Weekly Hours|USD_840030022:Government Payrolls|USD_840030023:Private Nonfarm Payrolls|USD_840030024:U6 Unemployment Rate|USD_840030032:Manufacturing Payrolls|CAD_124010011:Employment Change|CAD_124010012:Full-Time Employment Change|CAD_124010013:Part-Time Employment Change|CAD_124010014:Unemployment Rate|CAD_124010015:Participation Rate,True,False,False,143.0,208.0,256.0,307.0,-65.0,-113.0,NEGATIVE,NEGATIVE,-1,1,-1,1,True,1738947600,2025.02.07 17:00:00,1800,True,True,0.001437,True,True,True,True,True,True,True,True,True,True,True,True,,,,,,
USD_NFP_1738945800,1738945800,2025.02.07 16:30:00,2025,CORE_2015_2025,NFP,GBPUSD,QUOTE,840030016,Nonfarm Payrolls,True,"840030015,840030016,840030018,840030019",USD_840030017:Participation Rate|USD_840030020:Average Weekly Hours|USD_840030022:Government Payrolls|USD_840030023:Private Nonfarm Payrolls|USD_840030024:U6 Unemployment Rate|USD_840030032:Manufacturing Payrolls|CAD_124010011:Employment Change|CAD_124010012:Full-Time Employment Change|CAD_124010013:Part-Time Employment Change|CAD_124010014:Unemployment Rate|CAD_124010015:Participation Rate,True,False,False,143.0,208.0,256.0,307.0,-65.0,-113.0,NEGATIVE,NEGATIVE,-1,1,-1,1,True,1738947600,2025.02.07 17:00:00,1800,True,True,0.001999,True,True,True,True,True,True,True,True,True,True,True,True,,,,,,
USD_NFP_1738945800,1738945800,2025.02.07 16:30:00,2025,CORE_2015_2025,NFP,NZDUSD,QUOTE,840030016,Nonfarm Payrolls,True,"840030015,840030016,840030018,840030019",USD_840030017:Participation Rate|USD_840030020:Average Weekly Hours|USD_840030022:Government Payrolls|USD_840030023:Private Nonfarm Payrolls|USD_840030024:U6 Unemployment Rate|USD_840030032:Manufacturing Payrolls|CAD_124010011:Employment Change|CAD_124010012:Full-Time Employment Change|CAD_124010013:Part-Time Employment Change|CAD_124010014:Unemployment Rate|CAD_124010015:Participation Rate,True,False,False,143.0,208.0,256.0,307.0,-65.0,-113.0,NEGATIVE,NEGATIVE,-1,1,-1,1,True,1738947600,2025.02.07 17:00:00,1800,True,True,0.000890,True,True,True,True,True,True,True,True,True,True,True,True,,,,,,
USD_NFP_1738945800,1738945800,2025.02.07 16:30:00,2025,CORE_2015_2025,NFP,USDCAD,BASE,840030016,Nonfarm Payrolls,True,"840030015,840030016,840030018,840030019",USD_840030017:Participation Rate|USD_840030020:Average Weekly Hours|USD_840030022:Government Payrolls|USD_840030023:Private Nonfarm Payrolls|USD_840030024:U6 Unemployment Rate|USD_840030032:Manufacturing Payrolls|CAD_124010011:Employment Change|CAD_124010012:Full-Time Employment Change|CAD_124010013:Part-Time Employment Change|CAD_124010014:Unemployment Rate|CAD_124010015:Participation Rate,True,False,False,143.0,208.0,256.0,307.0,-65.0,-113.0,NEGATIVE,NEGATIVE,-1,-1,-1,-1,True,1738947600,2025.02.07 17:00:00,1800,True,True,0.001592,True,True,True,True,True,True,True,True,True,True,True,True,,,,,,
USD_NFP_1738945800,1738945800,2025.02.07 16:30:00,2025,CORE_2015_2025,NFP,USDCHF,BASE,840030016,Nonfarm Payrolls,True,"840030015,840030016,840030018,840030019",USD_840030017:Participation Rate|USD_840030020:Average Weekly Hours|USD_840030022:Government Payrolls|USD_840030023:Private Nonfarm Payrolls|USD_840030024:U6 Unemployment Rate|USD_840030032:Manufacturing Payrolls|CAD_124010011:Employment Change|CAD_124010012:Full-Time Employment Change|CAD_124010013:Part-Time Employment Change|CAD_124010014:Unemployment Rate|CAD_124010015:Participation Rate,True,False,False,143.0,208.0,256.0,307.0,-65.0,-113.0,NEGATIVE,NEGATIVE,-1,-1,-1,-1,True,1738947600,2025.02.07 17:00:00,1800,True,True,0.001063,True,True,True,True,True,True,True,True,True,True,True,True,,,,,,
USD_NFP_1738945800,1738945800,2025.02.07 16:30:00,2025,CORE_2015_2025,NFP,USDJPY,BASE,840030016,Nonfarm Payrolls,True,"840030015,840030016,840030018,840030019",USD_840030017:Participation Rate|USD_840030020:Average Weekly Hours|USD_840030022:Government Payrolls|USD_840030023:Private Nonfarm Payrolls|USD_840030024:U6 Unemployment Rate|USD_840030032:Manufacturing Payrolls|CAD_124010011:Employment Change|CAD_124010012:Full-Time Employment Change|CAD_124010013:Part-Time Employment Change|CAD_124010014:Unemployment Rate|CAD_124010015:Participation Rate,True,False,False,143.0,208.0,256.0,307.0,-65.0,-113.0,NEGATIVE,NEGATIVE,-1,-1,-1,-1,True,1738947600,2025.02.07 17:00:00,1800,True,True,0.311479,True,True,True,True,True,True,True,True,True,True,True,True,,,,,,
USD_NFP_1741365000,1741365000,2025.03.07 16:30:00,2025,CORE_2015_2025,NFP,AUDUSD,QUOTE,840030016,Nonfarm Payrolls,True,"840030015,840030016,840030018,840030019",USD_840030017:Participation Rate|USD_840030020:Average Weekly Hours|USD_840030022:Government Payrolls|USD_840030023:Private Nonfarm Payrolls|USD_840030024:U6 Unemployment Rate|USD_840030032:Manufacturing Payrolls|CAD_124010002:Capacity Utilization Rate|CAD_124010011:Employment Change|CAD_124010012:Full-Time Employment Change|CAD_124010013:Part-Time Employment Change|CAD_124010014:Unemployment Rate|CAD_124010015:Participation Rate,True,False,False,151.0,193.0,143.0,125.0,-42.0,8.0,NEGATIVE,POSITIVE,-1,1,1,-1,True,1741366800,2025.03.07 17:00:00,1800,True,True,0.001230,True,True,True,True,True,True,True,True,True,True,True,True,,,,,,
USD_NFP_1741365000,1741365000,2025.03.07 16:30:00,2025,CORE_2015_2025,NFP,EURUSD,QUOTE,840030016,Nonfarm Payrolls,True,"840030015,840030016,840030018,840030019",USD_840030017:Participation Rate|USD_840030020:Average Weekly Hours|USD_840030022:Government Payrolls|USD_840030023:Private Nonfarm Payrolls|USD_840030024:U6 Unemployment Rate|USD_840030032:Manufacturing Payrolls|CAD_124010002:Capacity Utilization Rate|CAD_124010011:Employment Change|CAD_124010012:Full-Time Employment Change|CAD_124010013:Part-Time Employment Change|CAD_124010014:Unemployment Rate|CAD_124010015:Participation Rate,True,False,False,151.0,193.0,143.0,125.0,-42.0,8.0,NEGATIVE,POSITIVE,-1,1,1,-1,True,1741366800,2025.03.07 17:00:00,1800,True,True,0.002100,True,True,True,True,True,True,True,True,True,True,True,True,,,,,,
USD_NFP_1741365000,1741365000,2025.03.07 16:30:00,2025,CORE_2015_2025,NFP,GBPUSD,QUOTE,840030016,Nonfarm Payrolls,True,"840030015,840030016,840030018,840030019",USD_840030017:Participation Rate|USD_840030020:Average Weekly Hours|USD_840030022:Government Payrolls|USD_840030023:Private Nonfarm Payrolls|USD_840030024:U6 Unemployment Rate|USD_840030032:Manufacturing Payrolls|CAD_124010002:Capacity Utilization Rate|CAD_124010011:Employment Change|CAD_124010012:Full-Time Employment Change|CAD_124010013:Part-Time Employment Change|CAD_124010014:Unemployment Rate|CAD_124010015:Participation Rate,True,False,False,151.0,193.0,143.0,125.0,-42.0,8.0,NEGATIVE,POSITIVE,-1,1,1,-1,True,1741366800,2025.03.07 17:00:00,1800,True,True,0.001922,True,True,True,True,True,True,True,True,True,True,True,True,,,,,,
USD_NFP_1741365000,1741365000,2025.03.07 16:30:00,2025,CORE_2015_2025,NFP,NZDUSD,QUOTE,840030016,Nonfarm Payrolls,True,"840030015,840030016,840030018,840030019",USD_840030017:Participation Rate|USD_840030020:Average Weekly Hours|USD_840030022:Government Payrolls|USD_840030023:Private Nonfarm Payrolls|USD_840030024:U6 Unemployment Rate|USD_840030032:Manufacturing Payrolls|CAD_124010002:Capacity Utilization Rate|CAD_124010011:Employment Change|CAD_124010012:Full-Time Employment Change|CAD_124010013:Part-Time Employment Change|CAD_124010014:Unemployment Rate|CAD_124010015:Participation Rate,True,False,False,151.0,193.0,143.0,125.0,-42.0,8.0,NEGATIVE,POSITIVE,-1,1,1,-1,True,1741366800,2025.03.07 17:00:00,1800,True,True,0.001025,True,True,True,True,True,True,True,True,True,True,True,True,,,,,,
USD_NFP_1741365000,1741365000,2025.03.07 16:30:00,2025,CORE_2015_2025,NFP,USDCAD,BASE,840030016,Nonfarm Payrolls,True,"840030015,840030016,840030018,840030019",USD_840030017:Participation Rate|USD_840030020:Average Weekly Hours|USD_840030022:Government Payrolls|USD_840030023:Private Nonfarm Payrolls|USD_840030024:U6 Unemployment Rate|USD_840030032:Manufacturing Payrolls|CAD_124010002:Capacity Utilization Rate|CAD_124010011:Employment Change|CAD_124010012:Full-Time Employment Change|CAD_124010013:Part-Time Employment Change|CAD_124010014:Unemployment Rate|CAD_124010015:Participation Rate,True,False,False,151.0,193.0,143.0,125.0,-42.0,8.0,NEGATIVE,POSITIVE,-1,-1,1,1,True,1741366800,2025.03.07 17:00:00,1800,True,True,0.002131,True,True,True,True,True,True,True,True,True,True,True,True,,,,,,
USD_NFP_1741365000,1741365000,2025.03.07 16:30:00,2025,CORE_2015_2025,NFP,USDCHF,BASE,840030016,Nonfarm Payrolls,True,"840030015,840030016,840030018,840030019",USD_840030017:Participation Rate|USD_840030020:Average Weekly Hours|USD_840030022:Government Payrolls|USD_840030023:Private Nonfarm Payrolls|USD_840030024:U6 Unemployment Rate|USD_840030032:Manufacturing Payrolls|CAD_124010002:Capacity Utilization Rate|CAD_124010011:Employment Change|CAD_124010012:Full-Time Employment Change|CAD_124010013:Part-Time Employment Change|CAD_124010014:Unemployment Rate|CAD_124010015:Participation Rate,True,False,False,151.0,193.0,143.0,125.0,-42.0,8.0,NEGATIVE,POSITIVE,-1,-1,1,1,True,1741366800,2025.03.07 17:00:00,1800,True,True,0.001636,True,True,True,True,True,True,True,True,True,True,True,True,,,,,,
USD_NFP_1741365000,1741365000,2025.03.07 16:30:00,2025,CORE_2015_2025,NFP,USDJPY,BASE,840030016,Nonfarm Payrolls,True,"840030015,840030016,840030018,840030019",USD_840030017:Participation Rate|USD_840030020:Average Weekly Hours|USD_840030022:Government Payrolls|USD_840030023:Private Nonfarm Payrolls|USD_840030024:U6 Unemployment Rate|USD_840030032:Manufacturing Payrolls|CAD_124010002:Capacity Utilization Rate|CAD_124010011:Employment Change|CAD_124010012:Full-Time Employment Change|CAD_124010013:Part-Time Employment Change|CAD_124010014:Unemployment Rate|CAD_124010015:Participation Rate,True,False,False,151.0,193.0,143.0,125.0,-42.0,8.0,NEGATIVE,POSITIVE,-1,-1,1,1,True,1741366800,2025.03.07 17:00:00,1800,True,True,0.347789,True,True,True,True,True,True,True,True,True,True,True,True,,,,,,
USD_NFP_1743780600,1743780600,2025.04.04 15:30:00,2025,CORE_2015_2025,NFP,AUDUSD,QUOTE,840030016,Nonfarm Payrolls,True,"840030015,840030016,840030018,840030019",USD_840030017:Participation Rate|USD_840030020:Average Weekly Hours|USD_840030022:Government Payrolls|USD_840030023:Private Nonfarm Payrolls|USD_840030024:U6 Unemployment Rate|USD_840030032:Manufacturing Payrolls|CAD_124010011:Employment Change|CAD_124010012:Full-Time Employment Change|CAD_124010013:Part-Time Employment Change|CAD_124010014:Unemployment Rate|CAD_124010015:Participation Rate,True,False,False,228.0,139.0,151.0,117.0,89.0,77.0,POSITIVE,POSITIVE,1,-1,1,-1,True,1743782400,2025.04.04 16:00:00,1800,True,True,0.002885,True,True,True,True,True,True,True,True,True,True,True,True,,,,,,
USD_NFP_1743780600,1743780600,2025.04.04 15:30:00,2025,CORE_2015_2025,NFP,EURUSD,QUOTE,840030016,Nonfarm Payrolls,True,"840030015,840030016,840030018,840030019",USD_840030017:Participation Rate|USD_840030020:Average Weekly Hours|USD_840030022:Government Payrolls|USD_840030023:Private Nonfarm Payrolls|USD_840030024:U6 Unemployment Rate|USD_840030032:Manufacturing Payrolls|CAD_124010011:Employment Change|CAD_124010012:Full-Time Employment Change|CAD_124010013:Part-Time Employment Change|CAD_124010014:Unemployment Rate|CAD_124010015:Participation Rate,True,False,False,228.0,139.0,151.0,117.0,89.0,77.0,POSITIVE,POSITIVE,1,-1,1,-1,True,1743782400,2025.04.04 16:00:00,1800,True,True,0.003836,True,True,True,True,True,True,True,True,True,True,True,True,,,,,,
USD_NFP_1743780600,1743780600,2025.04.04 15:30:00,2025,CORE_2015_2025,NFP,GBPUSD,QUOTE,840030016,Nonfarm Payrolls,True,"840030015,840030016,840030018,840030019",USD_840030017:Participation Rate|USD_840030020:Average Weekly Hours|USD_840030022:Government Payrolls|USD_840030023:Private Nonfarm Payrolls|USD_840030024:U6 Unemployment Rate|USD_840030032:Manufacturing Payrolls|CAD_124010011:Employment Change|CAD_124010012:Full-Time Employment Change|CAD_124010013:Part-Time Employment Change|CAD_124010014:Unemployment Rate|CAD_124010015:Participation Rate,True,False,False,228.0,139.0,151.0,117.0,89.0,77.0,POSITIVE,POSITIVE,1,-1,1,-1,True,1743782400,2025.04.04 16:00:00,1800,True,True,0.003149,True,True,True,True,True,True,True,True,True,True,True,True,,,,,,
USD_NFP_1743780600,1743780600,2025.04.04 15:30:00,2025,CORE_2015_2025,NFP,NZDUSD,QUOTE,840030016,Nonfarm Payrolls,True,"840030015,840030016,840030018,840030019",USD_840030017:Participation Rate|USD_840030020:Average Weekly Hours|USD_840030022:Government Payrolls|USD_840030023:Private Nonfarm Payrolls|USD_840030024:U6 Unemployment Rate|USD_840030032:Manufacturing Payrolls|CAD_124010011:Employment Change|CAD_124010012:Full-Time Employment Change|CAD_124010013:Part-Time Employment Change|CAD_124010014:Unemployment Rate|CAD_124010015:Participation Rate,True,False,False,228.0,139.0,151.0,117.0,89.0,77.0,POSITIVE,POSITIVE,1,-1,1,-1,True,1743782400,2025.04.04 16:00:00,1800,True,True,0.002263,True,True,True,True,True,True,True,True,True,True,True,True,,,,,,
USD_NFP_1743780600,1743780600,2025.04.04 15:30:00,2025,CORE_2015_2025,NFP,USDCAD,BASE,840030016,Nonfarm Payrolls,True,"840030015,840030016,840030018,840030019",USD_840030017:Participation Rate|USD_840030020:Average Weekly Hours|USD_840030022:Government Payrolls|USD_840030023:Private Nonfarm Payrolls|USD_840030024:U6 Unemployment Rate|USD_840030032:Manufacturing Payrolls|CAD_124010011:Employment Change|CAD_124010012:Full-Time Employment Change|CAD_124010013:Part-Time Employment Change|CAD_124010014:Unemployment Rate|CAD_124010015:Participation Rate,True,False,False,228.0,139.0,151.0,117.0,89.0,77.0,POSITIVE,POSITIVE,1,1,1,1,True,1743782400,2025.04.04 16:00:00,1800,True,True,0.003101,True,True,True,True,True,True,True,True,True,True,True,True,,,,,,
USD_NFP_1743780600,1743780600,2025.04.04 15:30:00,2025,CORE_2015_2025,NFP,USDCHF,BASE,840030016,Nonfarm Payrolls,True,"840030015,840030016,840030018,840030019",USD_840030017:Participation Rate|USD_840030020:Average Weekly Hours|USD_840030022:Government Payrolls|USD_840030023:Private Nonfarm Payrolls|USD_840030024:U6 Unemployment Rate|USD_840030032:Manufacturing Payrolls|CAD_124010011:Employment Change|CAD_124010012:Full-Time Employment Change|CAD_124010013:Part-Time Employment Change|CAD_124010014:Unemployment Rate|CAD_124010015:Participation Rate,True,False,False,228.0,139.0,151.0,117.0,89.0,77.0,POSITIVE,POSITIVE,1,1,1,1,True,1743782400,2025.04.04 16:00:00,1800,True,True,0.002551,True,True,True,True,True,True,True,True,True,True,True,True,,,,,,
USD_NFP_1743780600,1743780600,2025.04.04 15:30:00,2025,CORE_2015_2025,NFP,USDJPY,BASE,840030016,Nonfarm Payrolls,True,"840030015,840030016,840030018,840030019",USD_840030017:Participation Rate|USD_840030020:Average Weekly Hours|USD_840030022:Government Payrolls|USD_840030023:Private Nonfarm Payrolls|USD_840030024:U6 Unemployment Rate|USD_840030032:Manufacturing Payrolls|CAD_124010011:Employment Change|CAD_124010012:Full-Time Employment Change|CAD_124010013:Part-Time Employment Change|CAD_124010014:Unemployment Rate|CAD_124010015:Participation Rate,True,False,False,228.0,139.0,151.0,117.0,89.0,77.0,POSITIVE,POSITIVE,1,1,1,1,True,1743782400,2025.04.04 16:00:00,1800,True,True,0.548696,True,True,True,True,True,True,True,True,True,True,True,True,,,,,,
USD_NFP_1746199800,1746199800,2025.05.02 15:30:00,2025,CORE_2015_2025,NFP,AUDUSD,QUOTE,840030016,Nonfarm Payrolls,True,"840030015,840030016,840030018,840030019",USD_840030017:Participation Rate|USD_840030020:Average Weekly Hours|USD_840030022:Government Payrolls|USD_840030023:Private Nonfarm Payrolls|USD_840030024:U6 Unemployment Rate|USD_840030032:Manufacturing Payrolls,False,False,False,177.0,126.0,228.0,185.0,51.0,-51.0,POSITIVE,NEGATIVE,1,-1,-1,1,True,1746201600,2025.05.02 16:00:00,1800,True,True,0.001363,True,True,True,True,True,True,True,True,True,True,True,True,,,,,,
USD_NFP_1746199800,1746199800,2025.05.02 15:30:00,2025,CORE_2015_2025,NFP,EURUSD,QUOTE,840030016,Nonfarm Payrolls,True,"840030015,840030016,840030018,840030019",USD_840030017:Participation Rate|USD_840030020:Average Weekly Hours|USD_840030022:Government Payrolls|USD_840030023:Private Nonfarm Payrolls|USD_840030024:U6 Unemployment Rate|USD_840030032:Manufacturing Payrolls,False,False,False,177.0,126.0,228.0,185.0,51.0,-51.0,POSITIVE,NEGATIVE,1,-1,-1,1,True,1746201600,2025.05.02 16:00:00,1800,True,True,0.001909,True,True,True,True,True,True,True,True,True,True,True,True,,,,,,
USD_NFP_1746199800,1746199800,2025.05.02 15:30:00,2025,CORE_2015_2025,NFP,GBPUSD,QUOTE,840030016,Nonfarm Payrolls,True,"840030015,840030016,840030018,840030019",USD_840030017:Participation Rate|USD_840030020:Average Weekly Hours|USD_840030022:Government Payrolls|USD_840030023:Private Nonfarm Payrolls|USD_840030024:U6 Unemployment Rate|USD_840030032:Manufacturing Payrolls,False,False,False,177.0,126.0,228.0,185.0,51.0,-51.0,POSITIVE,NEGATIVE,1,-1,-1,1,True,1746201600,2025.05.02 16:00:00,1800,True,True,0.001817,True,True,True,True,True,True,True,True,True,True,True,True,,,,,,
USD_NFP_1746199800,1746199800,2025.05.02 15:30:00,2025,CORE_2015_2025,NFP,NZDUSD,QUOTE,840030016,Nonfarm Payrolls,True,"840030015,840030016,840030018,840030019",USD_840030017:Participation Rate|USD_840030020:Average Weekly Hours|USD_840030022:Government Payrolls|USD_840030023:Private Nonfarm Payrolls|USD_840030024:U6 Unemployment Rate|USD_840030032:Manufacturing Payrolls,False,False,False,177.0,126.0,228.0,185.0,51.0,-51.0,POSITIVE,NEGATIVE,1,-1,-1,1,True,1746201600,2025.05.02 16:00:00,1800,True,True,0.001290,True,True,True,True,True,True,True,True,True,True,True,True,,,,,,
USD_NFP_1746199800,1746199800,2025.05.02 15:30:00,2025,CORE_2015_2025,NFP,USDCAD,BASE,840030016,Nonfarm Payrolls,True,"840030015,840030016,840030018,840030019",USD_840030017:Participation Rate|USD_840030020:Average Weekly Hours|USD_840030022:Government Payrolls|USD_840030023:Private Nonfarm Payrolls|USD_840030024:U6 Unemployment Rate|USD_840030032:Manufacturing Payrolls,False,False,False,177.0,126.0,228.0,185.0,51.0,-51.0,POSITIVE,NEGATIVE,1,1,-1,-1,True,1746201600,2025.05.02 16:00:00,1800,True,True,0.001507,True,True,True,True,True,True,True,True,True,True,True,True,,,,,,
USD_NFP_1746199800,1746199800,2025.05.02 15:30:00,2025,CORE_2015_2025,NFP,USDCHF,BASE,840030016,Nonfarm Payrolls,True,"840030015,840030016,840030018,840030019",USD_840030017:Participation Rate|USD_840030020:Average Weekly Hours|USD_840030022:Government Payrolls|USD_840030023:Private Nonfarm Payrolls|USD_840030024:U6 Unemployment Rate|USD_840030032:Manufacturing Payrolls,False,False,False,177.0,126.0,228.0,185.0,51.0,-51.0,POSITIVE,NEGATIVE,1,1,-1,-1,True,1746201600,2025.05.02 16:00:00,1800,True,True,0.002092,True,True,True,True,True,True,True,True,True,True,True,True,,,,,,
USD_NFP_1746199800,1746199800,2025.05.02 15:30:00,2025,CORE_2015_2025,NFP,USDJPY,BASE,840030016,Nonfarm Payrolls,True,"840030015,840030016,840030018,840030019",USD_840030017:Participation Rate|USD_840030020:Average Weekly Hours|USD_840030022:Government Payrolls|USD_840030023:Private Nonfarm Payrolls|USD_840030024:U6 Unemployment Rate|USD_840030032:Manufacturing Payrolls,False,False,False,177.0,126.0,228.0,185.0,51.0,-51.0,POSITIVE,NEGATIVE,1,1,-1,-1,True,1746201600,2025.05.02 16:00:00,1800,True,True,0.312620,True,True,True,True,True,True,True,True,True,True,True,True,,,,,,
USD_NFP_1749223800,1749223800,2025.06.06 15:30:00,2025,CORE_2015_2025,NFP,AUDUSD,QUOTE,840030016,Nonfarm Payrolls,True,"840030015,840030016,840030018,840030019",USD_840030017:Participation Rate|USD_840030020:Average Weekly Hours|USD_840030022:Government Payrolls|USD_840030023:Private Nonfarm Payrolls|USD_840030024:U6 Unemployment Rate|USD_840030032:Manufacturing Payrolls|CAD_124010011:Employment Change|CAD_124010012:Full-Time Employment Change|CAD_124010013:Part-Time Employment Change|CAD_124010014:Unemployment Rate|CAD_124010015:Participation Rate,True,False,False,139.0,131.0,177.0,147.0,8.0,-38.0,POSITIVE,NEGATIVE,1,-1,-1,1,True,1749225600,2025.06.06 16:00:00,1800,True,True,0.000865,True,True,True,True,True,True,True,True,True,True,True,True,,,,,,
USD_NFP_1749223800,1749223800,2025.06.06 15:30:00,2025,CORE_2015_2025,NFP,EURUSD,QUOTE,840030016,Nonfarm Payrolls,True,"840030015,840030016,840030018,840030019",USD_840030017:Participation Rate|USD_840030020:Average Weekly Hours|USD_840030022:Government Payrolls|USD_840030023:Private Nonfarm Payrolls|USD_840030024:U6 Unemployment Rate|USD_840030032:Manufacturing Payrolls|CAD_124010011:Employment Change|CAD_124010012:Full-Time Employment Change|CAD_124010013:Part-Time Employment Change|CAD_124010014:Unemployment Rate|CAD_124010015:Participation Rate,True,False,False,139.0,131.0,177.0,147.0,8.0,-38.0,POSITIVE,NEGATIVE,1,-1,-1,1,True,1749225600,2025.06.06 16:00:00,1800,True,True,0.001317,True,True,True,True,True,True,True,True,True,True,True,True,,,,,,
USD_NFP_1749223800,1749223800,2025.06.06 15:30:00,2025,CORE_2015_2025,NFP,GBPUSD,QUOTE,840030016,Nonfarm Payrolls,True,"840030015,840030016,840030018,840030019",USD_840030017:Participation Rate|USD_840030020:Average Weekly Hours|USD_840030022:Government Payrolls|USD_840030023:Private Nonfarm Payrolls|USD_840030024:U6 Unemployment Rate|USD_840030032:Manufacturing Payrolls|CAD_124010011:Employment Change|CAD_124010012:Full-Time Employment Change|CAD_124010013:Part-Time Employment Change|CAD_124010014:Unemployment Rate|CAD_124010015:Participation Rate,True,False,False,139.0,131.0,177.0,147.0,8.0,-38.0,POSITIVE,NEGATIVE,1,-1,-1,1,True,1749225600,2025.06.06 16:00:00,1800,True,True,0.001363,True,True,True,True,True,True,True,True,True,True,True,True,,,,,,
USD_NFP_1749223800,1749223800,2025.06.06 15:30:00,2025,CORE_2015_2025,NFP,NZDUSD,QUOTE,840030016,Nonfarm Payrolls,True,"840030015,840030016,840030018,840030019",USD_840030017:Participation Rate|USD_840030020:Average Weekly Hours|USD_840030022:Government Payrolls|USD_840030023:Private Nonfarm Payrolls|USD_840030024:U6 Unemployment Rate|USD_840030032:Manufacturing Payrolls|CAD_124010011:Employment Change|CAD_124010012:Full-Time Employment Change|CAD_124010013:Part-Time Employment Change|CAD_124010014:Unemployment Rate|CAD_124010015:Participation Rate,True,False,False,139.0,131.0,177.0,147.0,8.0,-38.0,POSITIVE,NEGATIVE,1,-1,-1,1,True,1749225600,2025.06.06 16:00:00,1800,True,True,0.000957,True,True,True,True,True,True,True,True,True,True,True,True,,,,,,
USD_NFP_1749223800,1749223800,2025.06.06 15:30:00,2025,CORE_2015_2025,NFP,USDCAD,BASE,840030016,Nonfarm Payrolls,True,"840030015,840030016,840030018,840030019",USD_840030017:Participation Rate|USD_840030020:Average Weekly Hours|USD_840030022:Government Payrolls|USD_840030023:Private Nonfarm Payrolls|USD_840030024:U6 Unemployment Rate|USD_840030032:Manufacturing Payrolls|CAD_124010011:Employment Change|CAD_124010012:Full-Time Employment Change|CAD_124010013:Part-Time Employment Change|CAD_124010014:Unemployment Rate|CAD_124010015:Participation Rate,True,False,False,139.0,131.0,177.0,147.0,8.0,-38.0,POSITIVE,NEGATIVE,1,1,-1,-1,True,1749225600,2025.06.06 16:00:00,1800,True,True,0.000981,True,True,True,True,True,True,True,True,True,True,True,True,,,,,,
USD_NFP_1749223800,1749223800,2025.06.06 15:30:00,2025,CORE_2015_2025,NFP,USDCHF,BASE,840030016,Nonfarm Payrolls,True,"840030015,840030016,840030018,840030019",USD_840030017:Participation Rate|USD_840030020:Average Weekly Hours|USD_840030022:Government Payrolls|USD_840030023:Private Nonfarm Payrolls|USD_840030024:U6 Unemployment Rate|USD_840030032:Manufacturing Payrolls|CAD_124010011:Employment Change|CAD_124010012:Full-Time Employment Change|CAD_124010013:Part-Time Employment Change|CAD_124010014:Unemployment Rate|CAD_124010015:Participation Rate,True,False,False,139.0,131.0,177.0,147.0,8.0,-38.0,POSITIVE,NEGATIVE,1,1,-1,-1,True,1749225600,2025.06.06 16:00:00,1800,True,True,0.001164,True,True,True,True,True,True,True,True,True,True,True,True,,,,,,
USD_NFP_1749223800,1749223800,2025.06.06 15:30:00,2025,CORE_2015_2025,NFP,USDJPY,BASE,840030016,Nonfarm Payrolls,True,"840030015,840030016,840030018,840030019",USD_840030017:Participation Rate|USD_840030020:Average Weekly Hours|USD_840030022:Government Payrolls|USD_840030023:Private Nonfarm Payrolls|USD_840030024:U6 Unemployment Rate|USD_840030032:Manufacturing Payrolls|CAD_124010011:Employment Change|CAD_124010012:Full-Time Employment Change|CAD_124010013:Part-Time Employment Change|CAD_124010014:Unemployment Rate|CAD_124010015:Participation Rate,True,False,False,139.0,131.0,177.0,147.0,8.0,-38.0,POSITIVE,NEGATIVE,1,1,-1,-1,True,1749225600,2025.06.06 16:00:00,1800,True,True,0.235689,True,True,True,True,True,True,True,True,True,True,True,True,,,,,,
USD_NFP_1751556600,1751556600,2025.07.03 15:30:00,2025,CORE_2015_2025,NFP,AUDUSD,QUOTE,840030016,Nonfarm Payrolls,True,"840030015,840030016,840030018,840030019",USD_840020001:Trade Balance|USD_840020023:Exports|USD_840020024:Imports|USD_840030017:Participation Rate|USD_840030020:Average Weekly Hours|USD_840030022:Government Payrolls|USD_840030023:Private Nonfarm Payrolls|USD_840030024:U6 Unemployment Rate|USD_840030032:Manufacturing Payrolls|USD_840140001:Initial Jobless Claims|USD_840140002:Continuing Jobless Claims|USD_840140003:Initial Jobless Claims 4-Week Average|CAD_124010016:Imports|CAD_124010017:Exports|CAD_124010018:Trade Balance,False,True,False,147.0,130.0,139.0,144.0,17.0,8.0,POSITIVE,POSITIVE,1,-1,1,-1,True,1751558400,2025.07.03 16:00:00,1800,True,True,0.000818,True,True,True,True,True,True,True,True,True,True,True,True,,,,,,
USD_NFP_1751556600,1751556600,2025.07.03 15:30:00,2025,CORE_2015_2025,NFP,EURUSD,QUOTE,840030016,Nonfarm Payrolls,True,"840030015,840030016,840030018,840030019",USD_840020001:Trade Balance|USD_840020023:Exports|USD_840020024:Imports|USD_840030017:Participation Rate|USD_840030020:Average Weekly Hours|USD_840030022:Government Payrolls|USD_840030023:Private Nonfarm Payrolls|USD_840030024:U6 Unemployment Rate|USD_840030032:Manufacturing Payrolls|USD_840140001:Initial Jobless Claims|USD_840140002:Continuing Jobless Claims|USD_840140003:Initial Jobless Claims 4-Week Average|CAD_124010016:Imports|CAD_124010017:Exports|CAD_124010018:Trade Balance,False,True,False,147.0,130.0,139.0,144.0,17.0,8.0,POSITIVE,POSITIVE,1,-1,1,-1,True,1751558400,2025.07.03 16:00:00,1800,True,True,0.001192,True,True,True,True,True,True,True,True,True,True,True,True,,,,,,
USD_NFP_1751556600,1751556600,2025.07.03 15:30:00,2025,CORE_2015_2025,NFP,GBPUSD,QUOTE,840030016,Nonfarm Payrolls,True,"840030015,840030016,840030018,840030019",USD_840020001:Trade Balance|USD_840020023:Exports|USD_840020024:Imports|USD_840030017:Participation Rate|USD_840030020:Average Weekly Hours|USD_840030022:Government Payrolls|USD_840030023:Private Nonfarm Payrolls|USD_840030024:U6 Unemployment Rate|USD_840030032:Manufacturing Payrolls|USD_840140001:Initial Jobless Claims|USD_840140002:Continuing Jobless Claims|USD_840140003:Initial Jobless Claims 4-Week Average|CAD_124010016:Imports|CAD_124010017:Exports|CAD_124010018:Trade Balance,False,True,False,147.0,130.0,139.0,144.0,17.0,8.0,POSITIVE,POSITIVE,1,-1,1,-1,True,1751558400,2025.07.03 16:00:00,1800,True,True,0.001745,True,True,True,True,True,True,True,True,True,True,True,True,,,,,,
USD_NFP_1751556600,1751556600,2025.07.03 15:30:00,2025,CORE_2015_2025,NFP,NZDUSD,QUOTE,840030016,Nonfarm Payrolls,True,"840030015,840030016,840030018,840030019",USD_840020001:Trade Balance|USD_840020023:Exports|USD_840020024:Imports|USD_840030017:Participation Rate|USD_840030020:Average Weekly Hours|USD_840030022:Government Payrolls|USD_840030023:Private Nonfarm Payrolls|USD_840030024:U6 Unemployment Rate|USD_840030032:Manufacturing Payrolls|USD_840140001:Initial Jobless Claims|USD_840140002:Continuing Jobless Claims|USD_840140003:Initial Jobless Claims 4-Week Average|CAD_124010016:Imports|CAD_124010017:Exports|CAD_124010018:Trade Balance,False,True,False,147.0,130.0,139.0,144.0,17.0,8.0,POSITIVE,POSITIVE,1,-1,1,-1,True,1751558400,2025.07.03 16:00:00,1800,True,True,0.000846,True,True,True,True,True,True,True,True,True,True,True,True,,,,,,
USD_NFP_1751556600,1751556600,2025.07.03 15:30:00,2025,CORE_2015_2025,NFP,USDCAD,BASE,840030016,Nonfarm Payrolls,True,"840030015,840030016,840030018,840030019",USD_840020001:Trade Balance|USD_840020023:Exports|USD_840020024:Imports|USD_840030017:Participation Rate|USD_840030020:Average Weekly Hours|USD_840030022:Government Payrolls|USD_840030023:Private Nonfarm Payrolls|USD_840030024:U6 Unemployment Rate|USD_840030032:Manufacturing Payrolls|USD_840140001:Initial Jobless Claims|USD_840140002:Continuing Jobless Claims|USD_840140003:Initial Jobless Claims 4-Week Average|CAD_124010016:Imports|CAD_124010017:Exports|CAD_124010018:Trade Balance,False,True,False,147.0,130.0,139.0,144.0,17.0,8.0,POSITIVE,POSITIVE,1,1,1,1,True,1751558400,2025.07.03 16:00:00,1800,True,True,0.000932,True,True,True,True,True,True,True,True,True,True,True,True,,,,,,
USD_NFP_1751556600,1751556600,2025.07.03 15:30:00,2025,CORE_2015_2025,NFP,USDCHF,BASE,840030016,Nonfarm Payrolls,True,"840030015,840030016,840030018,840030019",USD_840020001:Trade Balance|USD_840020023:Exports|USD_840020024:Imports|USD_840030017:Participation Rate|USD_840030020:Average Weekly Hours|USD_840030022:Government Payrolls|USD_840030023:Private Nonfarm Payrolls|USD_840030024:U6 Unemployment Rate|USD_840030032:Manufacturing Payrolls|USD_840140001:Initial Jobless Claims|USD_840140002:Continuing Jobless Claims|USD_840140003:Initial Jobless Claims 4-Week Average|CAD_124010016:Imports|CAD_124010017:Exports|CAD_124010018:Trade Balance,False,True,False,147.0,130.0,139.0,144.0,17.0,8.0,POSITIVE,POSITIVE,1,1,1,1,True,1751558400,2025.07.03 16:00:00,1800,True,True,0.000947,True,True,True,True,True,True,True,True,True,True,True,True,,,,,,
USD_NFP_1751556600,1751556600,2025.07.03 15:30:00,2025,CORE_2015_2025,NFP,USDJPY,BASE,840030016,Nonfarm Payrolls,True,"840030015,840030016,840030018,840030019",USD_840020001:Trade Balance|USD_840020023:Exports|USD_840020024:Imports|USD_840030017:Participation Rate|USD_840030020:Average Weekly Hours|USD_840030022:Government Payrolls|USD_840030023:Private Nonfarm Payrolls|USD_840030024:U6 Unemployment Rate|USD_840030032:Manufacturing Payrolls|USD_840140001:Initial Jobless Claims|USD_840140002:Continuing Jobless Claims|USD_840140003:Initial Jobless Claims 4-Week Average|CAD_124010016:Imports|CAD_124010017:Exports|CAD_124010018:Trade Balance,False,True,False,147.0,130.0,139.0,144.0,17.0,8.0,POSITIVE,POSITIVE,1,1,1,1,True,1751558400,2025.07.03 16:00:00,1800,True,True,0.178149,True,True,True,True,True,True,True,True,True,True,True,True,,,,,,
USD_NFP_1754062200,1754062200,2025.08.01 15:30:00,2025,CORE_2015_2025,NFP,AUDUSD,QUOTE,840030016,Nonfarm Payrolls,True,"840030015,840030016,840030018,840030019",USD_840030017:Participation Rate|USD_840030020:Average Weekly Hours|USD_840030022:Government Payrolls|USD_840030023:Private Nonfarm Payrolls|USD_840030024:U6 Unemployment Rate|USD_840030032:Manufacturing Payrolls,False,False,False,73.0,132.0,147.0,14.0,-59.0,-74.0,NEGATIVE,NEGATIVE,-1,1,-1,1,True,1754064000,2025.08.01 16:00:00,1800,True,True,0.000910,True,True,True,True,True,True,True,True,True,True,True,True,,,,,,
USD_NFP_1754062200,1754062200,2025.08.01 15:30:00,2025,CORE_2015_2025,NFP,EURUSD,QUOTE,840030016,Nonfarm Payrolls,True,"840030015,840030016,840030018,840030019",USD_840030017:Participation Rate|USD_840030020:Average Weekly Hours|USD_840030022:Government Payrolls|USD_840030023:Private Nonfarm Payrolls|USD_840030024:U6 Unemployment Rate|USD_840030032:Manufacturing Payrolls,False,False,False,73.0,132.0,147.0,14.0,-59.0,-74.0,NEGATIVE,NEGATIVE,-1,1,-1,1,True,1754064000,2025.08.01 16:00:00,1800,True,True,0.001637,True,True,True,True,True,True,True,True,True,True,True,True,,,,,,
USD_NFP_1754062200,1754062200,2025.08.01 15:30:00,2025,CORE_2015_2025,NFP,GBPUSD,QUOTE,840030016,Nonfarm Payrolls,True,"840030015,840030016,840030018,840030019",USD_840030017:Participation Rate|USD_840030020:Average Weekly Hours|USD_840030022:Government Payrolls|USD_840030023:Private Nonfarm Payrolls|USD_840030024:U6 Unemployment Rate|USD_840030032:Manufacturing Payrolls,False,False,False,73.0,132.0,147.0,14.0,-59.0,-74.0,NEGATIVE,NEGATIVE,-1,1,-1,1,True,1754064000,2025.08.01 16:00:00,1800,True,True,0.001854,True,True,True,True,True,True,True,True,True,True,True,True,,,,,,
USD_NFP_1754062200,1754062200,2025.08.01 15:30:00,2025,CORE_2015_2025,NFP,NZDUSD,QUOTE,840030016,Nonfarm Payrolls,True,"840030015,840030016,840030018,840030019",USD_840030017:Participation Rate|USD_840030020:Average Weekly Hours|USD_840030022:Government Payrolls|USD_840030023:Private Nonfarm Payrolls|USD_840030024:U6 Unemployment Rate|USD_840030032:Manufacturing Payrolls,False,False,False,73.0,132.0,147.0,14.0,-59.0,-74.0,NEGATIVE,NEGATIVE,-1,1,-1,1,True,1754064000,2025.08.01 16:00:00,1800,True,True,0.000890,True,True,True,True,True,True,True,True,True,True,True,True,,,,,,
USD_NFP_1754062200,1754062200,2025.08.01 15:30:00,2025,CORE_2015_2025,NFP,USDCAD,BASE,840030016,Nonfarm Payrolls,True,"840030015,840030016,840030018,840030019",USD_840030017:Participation Rate|USD_840030020:Average Weekly Hours|USD_840030022:Government Payrolls|USD_840030023:Private Nonfarm Payrolls|USD_840030024:U6 Unemployment Rate|USD_840030032:Manufacturing Payrolls,False,False,False,73.0,132.0,147.0,14.0,-59.0,-74.0,NEGATIVE,NEGATIVE,-1,-1,-1,-1,True,1754064000,2025.08.01 16:00:00,1800,True,True,0.001229,True,True,True,True,True,True,True,True,True,True,True,True,,,,,,
USD_NFP_1754062200,1754062200,2025.08.01 15:30:00,2025,CORE_2015_2025,NFP,USDCHF,BASE,840030016,Nonfarm Payrolls,True,"840030015,840030016,840030018,840030019",USD_840030017:Participation Rate|USD_840030020:Average Weekly Hours|USD_840030022:Government Payrolls|USD_840030023:Private Nonfarm Payrolls|USD_840030024:U6 Unemployment Rate|USD_840030032:Manufacturing Payrolls,False,False,False,73.0,132.0,147.0,14.0,-59.0,-74.0,NEGATIVE,NEGATIVE,-1,-1,-1,-1,True,1754064000,2025.08.01 16:00:00,1800,True,True,0.001247,True,True,True,True,True,True,True,True,True,True,True,True,,,,,,
USD_NFP_1754062200,1754062200,2025.08.01 15:30:00,2025,CORE_2015_2025,NFP,USDJPY,BASE,840030016,Nonfarm Payrolls,True,"840030015,840030016,840030018,840030019",USD_840030017:Participation Rate|USD_840030020:Average Weekly Hours|USD_840030022:Government Payrolls|USD_840030023:Private Nonfarm Payrolls|USD_840030024:U6 Unemployment Rate|USD_840030032:Manufacturing Payrolls,False,False,False,73.0,132.0,147.0,14.0,-59.0,-74.0,NEGATIVE,NEGATIVE,-1,-1,-1,-1,True,1754064000,2025.08.01 16:00:00,1800,True,True,0.218150,True,True,True,True,True,True,True,True,True,True,True,True,,,,,,
USD_NFP_1757086200,1757086200,2025.09.05 15:30:00,2025,CORE_2015_2025,NFP,AUDUSD,QUOTE,840030016,Nonfarm Payrolls,True,"840030015,840030016,840030018,840030019",USD_840030017:Participation Rate|USD_840030020:Average Weekly Hours|USD_840030022:Government Payrolls|USD_840030023:Private Nonfarm Payrolls|USD_840030024:U6 Unemployment Rate|USD_840030032:Manufacturing Payrolls|CAD_124010011:Employment Change|CAD_124010012:Full-Time Employment Change|CAD_124010013:Part-Time Employment Change|CAD_124010014:Unemployment Rate|CAD_124010015:Participation Rate,True,False,False,22.0,129.0,73.0,79.0,-107.0,-51.0,NEGATIVE,NEGATIVE,-1,1,-1,1,True,1757088000,2025.09.05 16:00:00,1800,True,True,0.000651,True,True,True,True,True,True,True,True,True,True,True,True,,,,,,
USD_NFP_1757086200,1757086200,2025.09.05 15:30:00,2025,CORE_2015_2025,NFP,EURUSD,QUOTE,840030016,Nonfarm Payrolls,True,"840030015,840030016,840030018,840030019",USD_840030017:Participation Rate|USD_840030020:Average Weekly Hours|USD_840030022:Government Payrolls|USD_840030023:Private Nonfarm Payrolls|USD_840030024:U6 Unemployment Rate|USD_840030032:Manufacturing Payrolls|CAD_124010011:Employment Change|CAD_124010012:Full-Time Employment Change|CAD_124010013:Part-Time Employment Change|CAD_124010014:Unemployment Rate|CAD_124010015:Participation Rate,True,False,False,22.0,129.0,73.0,79.0,-107.0,-51.0,NEGATIVE,NEGATIVE,-1,1,-1,1,True,1757088000,2025.09.05 16:00:00,1800,True,True,0.001089,True,True,True,True,True,True,True,True,True,True,True,True,,,,,,
USD_NFP_1757086200,1757086200,2025.09.05 15:30:00,2025,CORE_2015_2025,NFP,GBPUSD,QUOTE,840030016,Nonfarm Payrolls,True,"840030015,840030016,840030018,840030019",USD_840030017:Participation Rate|USD_840030020:Average Weekly Hours|USD_840030022:Government Payrolls|USD_840030023:Private Nonfarm Payrolls|USD_840030024:U6 Unemployment Rate|USD_840030032:Manufacturing Payrolls|CAD_124010011:Employment Change|CAD_124010012:Full-Time Employment Change|CAD_124010013:Part-Time Employment Change|CAD_124010014:Unemployment Rate|CAD_124010015:Participation Rate,True,False,False,22.0,129.0,73.0,79.0,-107.0,-51.0,NEGATIVE,NEGATIVE,-1,1,-1,1,True,1757088000,2025.09.05 16:00:00,1800,True,True,0.001284,True,True,True,True,True,True,True,True,True,True,True,True,,,,,,
USD_NFP_1757086200,1757086200,2025.09.05 15:30:00,2025,CORE_2015_2025,NFP,NZDUSD,QUOTE,840030016,Nonfarm Payrolls,True,"840030015,840030016,840030018,840030019",USD_840030017:Participation Rate|USD_840030020:Average Weekly Hours|USD_840030022:Government Payrolls|USD_840030023:Private Nonfarm Payrolls|USD_840030024:U6 Unemployment Rate|USD_840030032:Manufacturing Payrolls|CAD_124010011:Employment Change|CAD_124010012:Full-Time Employment Change|CAD_124010013:Part-Time Employment Change|CAD_124010014:Unemployment Rate|CAD_124010015:Participation Rate,True,False,False,22.0,129.0,73.0,79.0,-107.0,-51.0,NEGATIVE,NEGATIVE,-1,1,-1,1,True,1757088000,2025.09.05 16:00:00,1800,True,True,0.000640,True,True,True,True,True,True,True,True,True,True,True,True,,,,,,
USD_NFP_1757086200,1757086200,2025.09.05 15:30:00,2025,CORE_2015_2025,NFP,USDCAD,BASE,840030016,Nonfarm Payrolls,True,"840030015,840030016,840030018,840030019",USD_840030017:Participation Rate|USD_840030020:Average Weekly Hours|USD_840030022:Government Payrolls|USD_840030023:Private Nonfarm Payrolls|USD_840030024:U6 Unemployment Rate|USD_840030032:Manufacturing Payrolls|CAD_124010011:Employment Change|CAD_124010012:Full-Time Employment Change|CAD_124010013:Part-Time Employment Change|CAD_124010014:Unemployment Rate|CAD_124010015:Participation Rate,True,False,False,22.0,129.0,73.0,79.0,-107.0,-51.0,NEGATIVE,NEGATIVE,-1,-1,-1,-1,True,1757088000,2025.09.05 16:00:00,1800,True,True,0.000843,True,True,True,True,True,True,True,True,True,True,True,True,,,,,,
USD_NFP_1757086200,1757086200,2025.09.05 15:30:00,2025,CORE_2015_2025,NFP,USDCHF,BASE,840030016,Nonfarm Payrolls,True,"840030015,840030016,840030018,840030019",USD_840030017:Participation Rate|USD_840030020:Average Weekly Hours|USD_840030022:Government Payrolls|USD_840030023:Private Nonfarm Payrolls|USD_840030024:U6 Unemployment Rate|USD_840030032:Manufacturing Payrolls|CAD_124010011:Employment Change|CAD_124010012:Full-Time Employment Change|CAD_124010013:Part-Time Employment Change|CAD_124010014:Unemployment Rate|CAD_124010015:Participation Rate,True,False,False,22.0,129.0,73.0,79.0,-107.0,-51.0,NEGATIVE,NEGATIVE,-1,-1,-1,-1,True,1757088000,2025.09.05 16:00:00,1800,True,True,0.000766,True,True,True,True,True,True,True,True,True,True,True,True,,,,,,
USD_NFP_1757086200,1757086200,2025.09.05 15:30:00,2025,CORE_2015_2025,NFP,USDJPY,BASE,840030016,Nonfarm Payrolls,True,"840030015,840030016,840030018,840030019",USD_840030017:Participation Rate|USD_840030020:Average Weekly Hours|USD_840030022:Government Payrolls|USD_840030023:Private Nonfarm Payrolls|USD_840030024:U6 Unemployment Rate|USD_840030032:Manufacturing Payrolls|CAD_124010011:Employment Change|CAD_124010012:Full-Time Employment Change|CAD_124010013:Part-Time Employment Change|CAD_124010014:Unemployment Rate|CAD_124010015:Participation Rate,True,False,False,22.0,129.0,73.0,79.0,-107.0,-51.0,NEGATIVE,NEGATIVE,-1,-1,-1,-1,True,1757088000,2025.09.05 16:00:00,1800,True,True,0.139250,True,True,True,True,True,True,True,True,True,True,True,True,,,,,,
USD_NFP_1763652600,1763652600,2025.11.20 15:30:00,2025,CORE_2015_2025,NFP,AUDUSD,QUOTE,840030016,Nonfarm Payrolls,True,"840030015,840030016,840030018,840030019",USD_840030017:Participation Rate|USD_840030020:Average Weekly Hours|USD_840030022:Government Payrolls|USD_840030023:Private Nonfarm Payrolls|USD_840030024:U6 Unemployment Rate|USD_840030032:Manufacturing Payrolls,False,False,False,119.0,84.0,22.0,-4.0,35.0,97.0,POSITIVE,POSITIVE,1,-1,1,-1,True,1763654400,2025.11.20 16:00:00,1800,True,True,0.000893,True,True,True,True,True,True,True,True,True,True,True,True,,,,,,
USD_NFP_1763652600,1763652600,2025.11.20 15:30:00,2025,CORE_2015_2025,NFP,EURUSD,QUOTE,840030016,Nonfarm Payrolls,True,"840030015,840030016,840030018,840030019",USD_840030017:Participation Rate|USD_840030020:Average Weekly Hours|USD_840030022:Government Payrolls|USD_840030023:Private Nonfarm Payrolls|USD_840030024:U6 Unemployment Rate|USD_840030032:Manufacturing Payrolls,False,False,False,119.0,84.0,22.0,-4.0,35.0,97.0,POSITIVE,POSITIVE,1,-1,1,-1,True,1763654400,2025.11.20 16:00:00,1800,True,True,0.001036,True,True,True,True,True,True,True,True,True,True,True,True,,,,,,
USD_NFP_1763652600,1763652600,2025.11.20 15:30:00,2025,CORE_2015_2025,NFP,GBPUSD,QUOTE,840030016,Nonfarm Payrolls,True,"840030015,840030016,840030018,840030019",USD_840030017:Participation Rate|USD_840030020:Average Weekly Hours|USD_840030022:Government Payrolls|USD_840030023:Private Nonfarm Payrolls|USD_840030024:U6 Unemployment Rate|USD_840030032:Manufacturing Payrolls,False,False,False,119.0,84.0,22.0,-4.0,35.0,97.0,POSITIVE,POSITIVE,1,-1,1,-1,True,1763654400,2025.11.20 16:00:00,1800,True,True,0.001489,True,True,True,True,True,True,True,True,True,True,True,True,,,,,,
USD_NFP_1763652600,1763652600,2025.11.20 15:30:00,2025,CORE_2015_2025,NFP,NZDUSD,QUOTE,840030016,Nonfarm Payrolls,True,"840030015,840030016,840030018,840030019",USD_840030017:Participation Rate|USD_840030020:Average Weekly Hours|USD_840030022:Government Payrolls|USD_840030023:Private Nonfarm Payrolls|USD_840030024:U6 Unemployment Rate|USD_840030032:Manufacturing Payrolls,False,False,False,119.0,84.0,22.0,-4.0,35.0,97.0,POSITIVE,POSITIVE,1,-1,1,-1,True,1763654400,2025.11.20 16:00:00,1800,True,True,0.000813,True,True,True,True,True,True,True,True,True,True,True,True,,,,,,
USD_NFP_1763652600,1763652600,2025.11.20 15:30:00,2025,CORE_2015_2025,NFP,USDCAD,BASE,840030016,Nonfarm Payrolls,True,"840030015,840030016,840030018,840030019",USD_840030017:Participation Rate|USD_840030020:Average Weekly Hours|USD_840030022:Government Payrolls|USD_840030023:Private Nonfarm Payrolls|USD_840030024:U6 Unemployment Rate|USD_840030032:Manufacturing Payrolls,False,False,False,119.0,84.0,22.0,-4.0,35.0,97.0,POSITIVE,POSITIVE,1,1,1,1,True,1763654400,2025.11.20 16:00:00,1800,True,True,0.000907,True,True,True,True,True,True,True,True,True,True,True,True,,,,,,
USD_NFP_1763652600,1763652600,2025.11.20 15:30:00,2025,CORE_2015_2025,NFP,USDCHF,BASE,840030016,Nonfarm Payrolls,True,"840030015,840030016,840030018,840030019",USD_840030017:Participation Rate|USD_840030020:Average Weekly Hours|USD_840030022:Government Payrolls|USD_840030023:Private Nonfarm Payrolls|USD_840030024:U6 Unemployment Rate|USD_840030032:Manufacturing Payrolls,False,False,False,119.0,84.0,22.0,-4.0,35.0,97.0,POSITIVE,POSITIVE,1,1,1,1,True,1763654400,2025.11.20 16:00:00,1800,True,True,0.000923,True,True,True,True,True,True,True,True,True,True,True,True,,,,,,
USD_NFP_1763652600,1763652600,2025.11.20 15:30:00,2025,CORE_2015_2025,NFP,USDJPY,BASE,840030016,Nonfarm Payrolls,True,"840030015,840030016,840030018,840030019",USD_840030017:Participation Rate|USD_840030020:Average Weekly Hours|USD_840030022:Government Payrolls|USD_840030023:Private Nonfarm Payrolls|USD_840030024:U6 Unemployment Rate|USD_840030032:Manufacturing Payrolls,False,False,False,119.0,84.0,22.0,-4.0,35.0,97.0,POSITIVE,POSITIVE,1,1,1,1,True,1763654400,2025.11.20 16:00:00,1800,True,True,0.231421,True,True,True,True,True,True,True,True,True,True,True,True,,,,,,
USD_NFP_1765902600,1765902600,2025.12.16 16:30:00,2025,CORE_2015_2025,NFP,AUDUSD,QUOTE,840030016,Nonfarm Payrolls,True,"840030015,840030016,840030018,840030019",USD_840020010:Retail Sales m/m|USD_840020011:Core Retail Sales m/m|USD_840020012:Retail Control m/m|USD_840020021:Retail Sales excl. Autos and Gas m/m|USD_840020025:Retail Sales y/y|USD_840030017:Participation Rate|USD_840030020:Average Weekly Hours|USD_840030022:Government Payrolls|USD_840030023:Private Nonfarm Payrolls|USD_840030024:U6 Unemployment Rate|USD_840030032:Manufacturing Payrolls,False,False,False,64.0,120.0,119.0,-105.0,-56.0,-55.0,NEGATIVE,NEGATIVE,-1,1,-1,1,True,1765904400,2025.12.16 17:00:00,1800,True,True,0.000918,True,True,True,True,True,True,True,True,True,True,True,True,,,,,,
USD_NFP_1765902600,1765902600,2025.12.16 16:30:00,2025,CORE_2015_2025,NFP,EURUSD,QUOTE,840030016,Nonfarm Payrolls,True,"840030015,840030016,840030018,840030019",USD_840020010:Retail Sales m/m|USD_840020011:Core Retail Sales m/m|USD_840020012:Retail Control m/m|USD_840020021:Retail Sales excl. Autos and Gas m/m|USD_840020025:Retail Sales y/y|USD_840030017:Participation Rate|USD_840030020:Average Weekly Hours|USD_840030022:Government Payrolls|USD_840030023:Private Nonfarm Payrolls|USD_840030024:U6 Unemployment Rate|USD_840030032:Manufacturing Payrolls,False,False,False,64.0,120.0,119.0,-105.0,-56.0,-55.0,NEGATIVE,NEGATIVE,-1,1,-1,1,True,1765904400,2025.12.16 17:00:00,1800,True,True,0.001215,True,True,True,True,True,True,True,True,True,True,True,True,,,,,,
USD_NFP_1765902600,1765902600,2025.12.16 16:30:00,2025,CORE_2015_2025,NFP,GBPUSD,QUOTE,840030016,Nonfarm Payrolls,True,"840030015,840030016,840030018,840030019",USD_840020010:Retail Sales m/m|USD_840020011:Core Retail Sales m/m|USD_840020012:Retail Control m/m|USD_840020021:Retail Sales excl. Autos and Gas m/m|USD_840020025:Retail Sales y/y|USD_840030017:Participation Rate|USD_840030020:Average Weekly Hours|USD_840030022:Government Payrolls|USD_840030023:Private Nonfarm Payrolls|USD_840030024:U6 Unemployment Rate|USD_840030032:Manufacturing Payrolls,False,False,False,64.0,120.0,119.0,-105.0,-56.0,-55.0,NEGATIVE,NEGATIVE,-1,1,-1,1,True,1765904400,2025.12.16 17:00:00,1800,True,True,0.001573,True,True,True,True,True,True,True,True,True,True,True,True,,,,,,
USD_NFP_1765902600,1765902600,2025.12.16 16:30:00,2025,CORE_2015_2025,NFP,NZDUSD,QUOTE,840030016,Nonfarm Payrolls,True,"840030015,840030016,840030018,840030019",USD_840020010:Retail Sales m/m|USD_840020011:Core Retail Sales m/m|USD_840020012:Retail Control m/m|USD_840020021:Retail Sales excl. Autos and Gas m/m|USD_840020025:Retail Sales y/y|USD_840030017:Participation Rate|USD_840030020:Average Weekly Hours|USD_840030022:Government Payrolls|USD_840030023:Private Nonfarm Payrolls|USD_840030024:U6 Unemployment Rate|USD_840030032:Manufacturing Payrolls,False,False,False,64.0,120.0,119.0,-105.0,-56.0,-55.0,NEGATIVE,NEGATIVE,-1,1,-1,1,True,1765904400,2025.12.16 17:00:00,1800,True,True,0.000899,True,True,True,True,True,True,True,True,True,True,True,True,,,,,,
USD_NFP_1765902600,1765902600,2025.12.16 16:30:00,2025,CORE_2015_2025,NFP,USDCAD,BASE,840030016,Nonfarm Payrolls,True,"840030015,840030016,840030018,840030019",USD_840020010:Retail Sales m/m|USD_840020011:Core Retail Sales m/m|USD_840020012:Retail Control m/m|USD_840020021:Retail Sales excl. Autos and Gas m/m|USD_840020025:Retail Sales y/y|USD_840030017:Participation Rate|USD_840030020:Average Weekly Hours|USD_840030022:Government Payrolls|USD_840030023:Private Nonfarm Payrolls|USD_840030024:U6 Unemployment Rate|USD_840030032:Manufacturing Payrolls,False,False,False,64.0,120.0,119.0,-105.0,-56.0,-55.0,NEGATIVE,NEGATIVE,-1,-1,-1,-1,True,1765904400,2025.12.16 17:00:00,1800,True,True,0.001038,True,True,True,True,True,True,True,True,True,True,True,True,,,,,,
USD_NFP_1765902600,1765902600,2025.12.16 16:30:00,2025,CORE_2015_2025,NFP,USDCHF,BASE,840030016,Nonfarm Payrolls,True,"840030015,840030016,840030018,840030019",USD_840020010:Retail Sales m/m|USD_840020011:Core Retail Sales m/m|USD_840020012:Retail Control m/m|USD_840020021:Retail Sales excl. Autos and Gas m/m|USD_840020025:Retail Sales y/y|USD_840030017:Participation Rate|USD_840030020:Average Weekly Hours|USD_840030022:Government Payrolls|USD_840030023:Private Nonfarm Payrolls|USD_840030024:U6 Unemployment Rate|USD_840030032:Manufacturing Payrolls,False,False,False,64.0,120.0,119.0,-105.0,-56.0,-55.0,NEGATIVE,NEGATIVE,-1,-1,-1,-1,True,1765904400,2025.12.16 17:00:00,1800,True,True,0.000989,True,True,True,True,True,True,True,True,True,True,True,True,,,,,,
USD_NFP_1765902600,1765902600,2025.12.16 16:30:00,2025,CORE_2015_2025,NFP,USDJPY,BASE,840030016,Nonfarm Payrolls,True,"840030015,840030016,840030018,840030019",USD_840020010:Retail Sales m/m|USD_840020011:Core Retail Sales m/m|USD_840020012:Retail Control m/m|USD_840020021:Retail Sales excl. Autos and Gas m/m|USD_840020025:Retail Sales y/y|USD_840030017:Participation Rate|USD_840030020:Average Weekly Hours|USD_840030022:Government Payrolls|USD_840030023:Private Nonfarm Payrolls|USD_840030024:U6 Unemployment Rate|USD_840030032:Manufacturing Payrolls,False,False,False,64.0,120.0,119.0,-105.0,-56.0,-55.0,NEGATIVE,NEGATIVE,-1,-1,-1,-1,True,1765904400,2025.12.16 17:00:00,1800,True,True,0.198789,True,True,True,True,True,True,True,True,True,True,True,True,,,,,,
USD_NFP_1767976200,1767976200,2026.01.09 16:30:00,2026,PARTIAL_2026,NFP,AUDUSD,QUOTE,840030016,Nonfarm Payrolls,True,"840030015,840030016,840030018,840030019",USD_840020004:Housing Starts|USD_840020004:Housing Starts|USD_840020005:Building Permits|USD_840020005:Building Permits|USD_840020015:Housing Starts m/m|USD_840020015:Housing Starts m/m|USD_840020016:Building Permits m/m|USD_840020016:Building Permits m/m|USD_840030017:Participation Rate|USD_840030020:Average Weekly Hours|USD_840030022:Government Payrolls|USD_840030023:Private Nonfarm Payrolls|USD_840030024:U6 Unemployment Rate|USD_840030032:Manufacturing Payrolls|CAD_124010011:Employment Change|CAD_124010012:Full-Time Employment Change|CAD_124010013:Part-Time Employment Change|CAD_124010014:Unemployment Rate|CAD_124010015:Participation Rate,True,False,False,50.0,100.0,64.0,56.0,-50.0,-14.0,NEGATIVE,NEGATIVE,-1,1,-1,1,True,1767978000,2026.01.09 17:00:00,1800,True,True,0.000905,True,True,True,True,True,True,True,True,True,True,True,True,,,,,,
USD_NFP_1767976200,1767976200,2026.01.09 16:30:00,2026,PARTIAL_2026,NFP,EURUSD,QUOTE,840030016,Nonfarm Payrolls,True,"840030015,840030016,840030018,840030019",USD_840020004:Housing Starts|USD_840020004:Housing Starts|USD_840020005:Building Permits|USD_840020005:Building Permits|USD_840020015:Housing Starts m/m|USD_840020015:Housing Starts m/m|USD_840020016:Building Permits m/m|USD_840020016:Building Permits m/m|USD_840030017:Participation Rate|USD_840030020:Average Weekly Hours|USD_840030022:Government Payrolls|USD_840030023:Private Nonfarm Payrolls|USD_840030024:U6 Unemployment Rate|USD_840030032:Manufacturing Payrolls|CAD_124010011:Employment Change|CAD_124010012:Full-Time Employment Change|CAD_124010013:Part-Time Employment Change|CAD_124010014:Unemployment Rate|CAD_124010015:Participation Rate,True,False,False,50.0,100.0,64.0,56.0,-50.0,-14.0,NEGATIVE,NEGATIVE,-1,1,-1,1,True,1767978000,2026.01.09 17:00:00,1800,True,True,0.000997,True,True,True,True,True,True,True,True,True,True,True,True,,,,,,
USD_NFP_1767976200,1767976200,2026.01.09 16:30:00,2026,PARTIAL_2026,NFP,GBPUSD,QUOTE,840030016,Nonfarm Payrolls,True,"840030015,840030016,840030018,840030019",USD_840020004:Housing Starts|USD_840020004:Housing Starts|USD_840020005:Building Permits|USD_840020005:Building Permits|USD_840020015:Housing Starts m/m|USD_840020015:Housing Starts m/m|USD_840020016:Building Permits m/m|USD_840020016:Building Permits m/m|USD_840030017:Participation Rate|USD_840030020:Average Weekly Hours|USD_840030022:Government Payrolls|USD_840030023:Private Nonfarm Payrolls|USD_840030024:U6 Unemployment Rate|USD_840030032:Manufacturing Payrolls|CAD_124010011:Employment Change|CAD_124010012:Full-Time Employment Change|CAD_124010013:Part-Time Employment Change|CAD_124010014:Unemployment Rate|CAD_124010015:Participation Rate,True,False,False,50.0,100.0,64.0,56.0,-50.0,-14.0,NEGATIVE,NEGATIVE,-1,1,-1,1,True,1767978000,2026.01.09 17:00:00,1800,True,True,0.001415,True,True,True,True,True,True,True,True,True,True,True,True,,,,,,
USD_NFP_1767976200,1767976200,2026.01.09 16:30:00,2026,PARTIAL_2026,NFP,NZDUSD,QUOTE,840030016,Nonfarm Payrolls,True,"840030015,840030016,840030018,840030019",USD_840020004:Housing Starts|USD_840020004:Housing Starts|USD_840020005:Building Permits|USD_840020005:Building Permits|USD_840020015:Housing Starts m/m|USD_840020015:Housing Starts m/m|USD_840020016:Building Permits m/m|USD_840020016:Building Permits m/m|USD_840030017:Participation Rate|USD_840030020:Average Weekly Hours|USD_840030022:Government Payrolls|USD_840030023:Private Nonfarm Payrolls|USD_840030024:U6 Unemployment Rate|USD_840030032:Manufacturing Payrolls|CAD_124010011:Employment Change|CAD_124010012:Full-Time Employment Change|CAD_124010013:Part-Time Employment Change|CAD_124010014:Unemployment Rate|CAD_124010015:Participation Rate,True,False,False,50.0,100.0,64.0,56.0,-50.0,-14.0,NEGATIVE,NEGATIVE,-1,1,-1,1,True,1767978000,2026.01.09 17:00:00,1800,True,True,0.000814,True,True,True,True,True,True,True,True,True,True,True,True,,,,,,
USD_NFP_1767976200,1767976200,2026.01.09 16:30:00,2026,PARTIAL_2026,NFP,USDCAD,BASE,840030016,Nonfarm Payrolls,True,"840030015,840030016,840030018,840030019",USD_840020004:Housing Starts|USD_840020004:Housing Starts|USD_840020005:Building Permits|USD_840020005:Building Permits|USD_840020015:Housing Starts m/m|USD_840020015:Housing Starts m/m|USD_840020016:Building Permits m/m|USD_840020016:Building Permits m/m|USD_840030017:Participation Rate|USD_840030020:Average Weekly Hours|USD_840030022:Government Payrolls|USD_840030023:Private Nonfarm Payrolls|USD_840030024:U6 Unemployment Rate|USD_840030032:Manufacturing Payrolls|CAD_124010011:Employment Change|CAD_124010012:Full-Time Employment Change|CAD_124010013:Part-Time Employment Change|CAD_124010014:Unemployment Rate|CAD_124010015:Participation Rate,True,False,False,50.0,100.0,64.0,56.0,-50.0,-14.0,NEGATIVE,NEGATIVE,-1,-1,-1,-1,True,1767978000,2026.01.09 17:00:00,1800,True,True,0.000918,True,True,True,True,True,True,True,True,True,True,True,True,,,,,,
USD_NFP_1767976200,1767976200,2026.01.09 16:30:00,2026,PARTIAL_2026,NFP,USDCHF,BASE,840030016,Nonfarm Payrolls,True,"840030015,840030016,840030018,840030019",USD_840020004:Housing Starts|USD_840020004:Housing Starts|USD_840020005:Building Permits|USD_840020005:Building Permits|USD_840020015:Housing Starts m/m|USD_840020015:Housing Starts m/m|USD_840020016:Building Permits m/m|USD_840020016:Building Permits m/m|USD_840030017:Participation Rate|USD_840030020:Average Weekly Hours|USD_840030022:Government Payrolls|USD_840030023:Private Nonfarm Payrolls|USD_840030024:U6 Unemployment Rate|USD_840030032:Manufacturing Payrolls|CAD_124010011:Employment Change|CAD_124010012:Full-Time Employment Change|CAD_124010013:Part-Time Employment Change|CAD_124010014:Unemployment Rate|CAD_124010015:Participation Rate,True,False,False,50.0,100.0,64.0,56.0,-50.0,-14.0,NEGATIVE,NEGATIVE,-1,-1,-1,-1,True,1767978000,2026.01.09 17:00:00,1800,True,True,0.000799,True,True,True,True,True,True,True,True,True,True,True,True,,,,,,
USD_NFP_1767976200,1767976200,2026.01.09 16:30:00,2026,PARTIAL_2026,NFP,USDJPY,BASE,840030016,Nonfarm Payrolls,True,"840030015,840030016,840030018,840030019",USD_840020004:Housing Starts|USD_840020004:Housing Starts|USD_840020005:Building Permits|USD_840020005:Building Permits|USD_840020015:Housing Starts m/m|USD_840020015:Housing Starts m/m|USD_840020016:Building Permits m/m|USD_840020016:Building Permits m/m|USD_840030017:Participation Rate|USD_840030020:Average Weekly Hours|USD_840030022:Government Payrolls|USD_840030023:Private Nonfarm Payrolls|USD_840030024:U6 Unemployment Rate|USD_840030032:Manufacturing Payrolls|CAD_124010011:Employment Change|CAD_124010012:Full-Time Employment Change|CAD_124010013:Part-Time Employment Change|CAD_124010014:Unemployment Rate|CAD_124010015:Participation Rate,True,False,False,50.0,100.0,64.0,56.0,-50.0,-14.0,NEGATIVE,NEGATIVE,-1,-1,-1,-1,True,1767978000,2026.01.09 17:00:00,1800,True,True,0.169137,True,True,True,True,True,True,True,True,True,True,True,True,,,,,,
USD_NFP_1770827400,1770827400,2026.02.11 16:30:00,2026,PARTIAL_2026,NFP,AUDUSD,QUOTE,840030016,Nonfarm Payrolls,True,"840030015,840030016,840030018,840030019",USD_840030017:Participation Rate|USD_840030020:Average Weekly Hours|USD_840030022:Government Payrolls|USD_840030023:Private Nonfarm Payrolls|USD_840030024:U6 Unemployment Rate|USD_840030032:Manufacturing Payrolls|CAD_124010001:Building Permits m/m,False,False,False,130.0,89.0,50.0,48.0,41.0,80.0,POSITIVE,POSITIVE,1,-1,1,-1,True,1770829200,2026.02.11 17:00:00,1800,True,True,0.001439,True,True,True,True,True,True,True,True,True,True,True,True,,,,,,
USD_NFP_1770827400,1770827400,2026.02.11 16:30:00,2026,PARTIAL_2026,NFP,EURUSD,QUOTE,840030016,Nonfarm Payrolls,True,"840030015,840030016,840030018,840030019",USD_840030017:Participation Rate|USD_840030020:Average Weekly Hours|USD_840030022:Government Payrolls|USD_840030023:Private Nonfarm Payrolls|USD_840030024:U6 Unemployment Rate|USD_840030032:Manufacturing Payrolls|CAD_124010001:Building Permits m/m,False,False,False,130.0,89.0,50.0,48.0,41.0,80.0,POSITIVE,POSITIVE,1,-1,1,-1,True,1770829200,2026.02.11 17:00:00,1800,True,True,0.001584,True,True,True,True,True,True,True,True,True,True,True,True,,,,,,
USD_NFP_1770827400,1770827400,2026.02.11 16:30:00,2026,PARTIAL_2026,NFP,GBPUSD,QUOTE,840030016,Nonfarm Payrolls,True,"840030015,840030016,840030018,840030019",USD_840030017:Participation Rate|USD_840030020:Average Weekly Hours|USD_840030022:Government Payrolls|USD_840030023:Private Nonfarm Payrolls|USD_840030024:U6 Unemployment Rate|USD_840030032:Manufacturing Payrolls|CAD_124010001:Building Permits m/m,False,False,False,130.0,89.0,50.0,48.0,41.0,80.0,POSITIVE,POSITIVE,1,-1,1,-1,True,1770829200,2026.02.11 17:00:00,1800,True,True,0.002027,True,True,True,True,True,True,True,True,True,True,True,True,,,,,,
USD_NFP_1770827400,1770827400,2026.02.11 16:30:00,2026,PARTIAL_2026,NFP,NZDUSD,QUOTE,840030016,Nonfarm Payrolls,True,"840030015,840030016,840030018,840030019",USD_840030017:Participation Rate|USD_840030020:Average Weekly Hours|USD_840030022:Government Payrolls|USD_840030023:Private Nonfarm Payrolls|USD_840030024:U6 Unemployment Rate|USD_840030032:Manufacturing Payrolls|CAD_124010001:Building Permits m/m,False,False,False,130.0,89.0,50.0,48.0,41.0,80.0,POSITIVE,POSITIVE,1,-1,1,-1,True,1770829200,2026.02.11 17:00:00,1800,True,True,0.001092,True,True,True,True,True,True,True,True,True,True,True,True,,,,,,
USD_NFP_1770827400,1770827400,2026.02.11 16:30:00,2026,PARTIAL_2026,NFP,USDCAD,BASE,840030016,Nonfarm Payrolls,True,"840030015,840030016,840030018,840030019",USD_840030017:Participation Rate|USD_840030020:Average Weekly Hours|USD_840030022:Government Payrolls|USD_840030023:Private Nonfarm Payrolls|USD_840030024:U6 Unemployment Rate|USD_840030032:Manufacturing Payrolls|CAD_124010001:Building Permits m/m,False,False,False,130.0,89.0,50.0,48.0,41.0,80.0,POSITIVE,POSITIVE,1,1,1,1,True,1770829200,2026.02.11 17:00:00,1800,True,True,0.001700,True,True,True,True,True,True,True,True,True,True,True,True,,,,,,
USD_NFP_1770827400,1770827400,2026.02.11 16:30:00,2026,PARTIAL_2026,NFP,USDCHF,BASE,840030016,Nonfarm Payrolls,True,"840030015,840030016,840030018,840030019",USD_840030017:Participation Rate|USD_840030020:Average Weekly Hours|USD_840030022:Government Payrolls|USD_840030023:Private Nonfarm Payrolls|USD_840030024:U6 Unemployment Rate|USD_840030032:Manufacturing Payrolls|CAD_124010001:Building Permits m/m,False,False,False,130.0,89.0,50.0,48.0,41.0,80.0,POSITIVE,POSITIVE,1,1,1,1,True,1770829200,2026.02.11 17:00:00,1800,True,True,0.001445,True,True,True,True,True,True,True,True,True,True,True,True,,,,,,
USD_NFP_1770827400,1770827400,2026.02.11 16:30:00,2026,PARTIAL_2026,NFP,USDJPY,BASE,840030016,Nonfarm Payrolls,True,"840030015,840030016,840030018,840030019",USD_840030017:Participation Rate|USD_840030020:Average Weekly Hours|USD_840030022:Government Payrolls|USD_840030023:Private Nonfarm Payrolls|USD_840030024:U6 Unemployment Rate|USD_840030032:Manufacturing Payrolls|CAD_124010001:Building Permits m/m,False,False,False,130.0,89.0,50.0,48.0,41.0,80.0,POSITIVE,POSITIVE,1,1,1,1,True,1770829200,2026.02.11 17:00:00,1800,True,True,0.374929,True,True,True,True,True,True,True,True,True,True,True,True,,,,,,
USD_NFP_1772814600,1772814600,2026.03.06 16:30:00,2026,PARTIAL_2026,NFP,AUDUSD,QUOTE,840030016,Nonfarm Payrolls,True,"840030015,840030016,840030018,840030019",USD_840020010:Retail Sales m/m|USD_840020011:Core Retail Sales m/m|USD_840020012:Retail Control m/m|USD_840020021:Retail Sales excl. Autos and Gas m/m|USD_840020025:Retail Sales y/y|USD_840030017:Participation Rate|USD_840030020:Average Weekly Hours|USD_840030022:Government Payrolls|USD_840030023:Private Nonfarm Payrolls|USD_840030024:U6 Unemployment Rate|USD_840030032:Manufacturing Payrolls,False,False,False,-92.0,79.0,130.0,126.0,-171.0,-222.0,NEGATIVE,NEGATIVE,-1,1,-1,1,True,1772816400,2026.03.06 17:00:00,1800,True,True,0.002018,True,True,True,True,True,True,True,True,True,True,True,True,,,,,,
USD_NFP_1772814600,1772814600,2026.03.06 16:30:00,2026,PARTIAL_2026,NFP,EURUSD,QUOTE,840030016,Nonfarm Payrolls,True,"840030015,840030016,840030018,840030019",USD_840020010:Retail Sales m/m|USD_840020011:Core Retail Sales m/m|USD_840020012:Retail Control m/m|USD_840020021:Retail Sales excl. Autos and Gas m/m|USD_840020025:Retail Sales y/y|USD_840030017:Participation Rate|USD_840030020:Average Weekly Hours|USD_840030022:Government Payrolls|USD_840030023:Private Nonfarm Payrolls|USD_840030024:U6 Unemployment Rate|USD_840030032:Manufacturing Payrolls,False,False,False,-92.0,79.0,130.0,126.0,-171.0,-222.0,NEGATIVE,NEGATIVE,-1,1,-1,1,True,1772816400,2026.03.06 17:00:00,1800,True,True,0.001811,True,True,True,True,True,True,True,True,True,True,True,True,,,,,,
USD_NFP_1772814600,1772814600,2026.03.06 16:30:00,2026,PARTIAL_2026,NFP,GBPUSD,QUOTE,840030016,Nonfarm Payrolls,True,"840030015,840030016,840030018,840030019",USD_840020010:Retail Sales m/m|USD_840020011:Core Retail Sales m/m|USD_840020012:Retail Control m/m|USD_840020021:Retail Sales excl. Autos and Gas m/m|USD_840020025:Retail Sales y/y|USD_840030017:Participation Rate|USD_840030020:Average Weekly Hours|USD_840030022:Government Payrolls|USD_840030023:Private Nonfarm Payrolls|USD_840030024:U6 Unemployment Rate|USD_840030032:Manufacturing Payrolls,False,False,False,-92.0,79.0,130.0,126.0,-171.0,-222.0,NEGATIVE,NEGATIVE,-1,1,-1,1,True,1772816400,2026.03.06 17:00:00,1800,True,True,0.002487,True,True,True,True,True,True,True,True,True,True,True,True,,,,,,
USD_NFP_1772814600,1772814600,2026.03.06 16:30:00,2026,PARTIAL_2026,NFP,NZDUSD,QUOTE,840030016,Nonfarm Payrolls,True,"840030015,840030016,840030018,840030019",USD_840020010:Retail Sales m/m|USD_840020011:Core Retail Sales m/m|USD_840020012:Retail Control m/m|USD_840020021:Retail Sales excl. Autos and Gas m/m|USD_840020025:Retail Sales y/y|USD_840030017:Participation Rate|USD_840030020:Average Weekly Hours|USD_840030022:Government Payrolls|USD_840030023:Private Nonfarm Payrolls|USD_840030024:U6 Unemployment Rate|USD_840030032:Manufacturing Payrolls,False,False,False,-92.0,79.0,130.0,126.0,-171.0,-222.0,NEGATIVE,NEGATIVE,-1,1,-1,1,True,1772816400,2026.03.06 17:00:00,1800,True,True,0.001487,True,True,True,True,True,True,True,True,True,True,True,True,,,,,,
USD_NFP_1772814600,1772814600,2026.03.06 16:30:00,2026,PARTIAL_2026,NFP,USDCAD,BASE,840030016,Nonfarm Payrolls,True,"840030015,840030016,840030018,840030019",USD_840020010:Retail Sales m/m|USD_840020011:Core Retail Sales m/m|USD_840020012:Retail Control m/m|USD_840020021:Retail Sales excl. Autos and Gas m/m|USD_840020025:Retail Sales y/y|USD_840030017:Participation Rate|USD_840030020:Average Weekly Hours|USD_840030022:Government Payrolls|USD_840030023:Private Nonfarm Payrolls|USD_840030024:U6 Unemployment Rate|USD_840030032:Manufacturing Payrolls,False,False,False,-92.0,79.0,130.0,126.0,-171.0,-222.0,NEGATIVE,NEGATIVE,-1,-1,-1,-1,True,1772816400,2026.03.06 17:00:00,1800,True,True,0.001641,True,True,True,True,True,True,True,True,True,True,True,True,,,,,,
USD_NFP_1772814600,1772814600,2026.03.06 16:30:00,2026,PARTIAL_2026,NFP,USDCHF,BASE,840030016,Nonfarm Payrolls,True,"840030015,840030016,840030018,840030019",USD_840020010:Retail Sales m/m|USD_840020011:Core Retail Sales m/m|USD_840020012:Retail Control m/m|USD_840020021:Retail Sales excl. Autos and Gas m/m|USD_840020025:Retail Sales y/y|USD_840030017:Participation Rate|USD_840030020:Average Weekly Hours|USD_840030022:Government Payrolls|USD_840030023:Private Nonfarm Payrolls|USD_840030024:U6 Unemployment Rate|USD_840030032:Manufacturing Payrolls,False,False,False,-92.0,79.0,130.0,126.0,-171.0,-222.0,NEGATIVE,NEGATIVE,-1,-1,-1,-1,True,1772816400,2026.03.06 17:00:00,1800,True,True,0.001314,True,True,True,True,True,True,True,True,True,True,True,True,,,,,,
USD_NFP_1772814600,1772814600,2026.03.06 16:30:00,2026,PARTIAL_2026,NFP,USDJPY,BASE,840030016,Nonfarm Payrolls,True,"840030015,840030016,840030018,840030019",USD_840020010:Retail Sales m/m|USD_840020011:Core Retail Sales m/m|USD_840020012:Retail Control m/m|USD_840020021:Retail Sales excl. Autos and Gas m/m|USD_840020025:Retail Sales y/y|USD_840030017:Participation Rate|USD_840030020:Average Weekly Hours|USD_840030022:Government Payrolls|USD_840030023:Private Nonfarm Payrolls|USD_840030024:U6 Unemployment Rate|USD_840030032:Manufacturing Payrolls,False,False,False,-92.0,79.0,130.0,126.0,-171.0,-222.0,NEGATIVE,NEGATIVE,-1,-1,-1,-1,True,1772816400,2026.03.06 17:00:00,1800,True,True,0.235464,True,True,True,True,True,True,True,True,True,True,True,True,,,,,,
USD_NFP_1775230200,1775230200,2026.04.03 15:30:00,2026,PARTIAL_2026,NFP,AUDUSD,QUOTE,840030016,Nonfarm Payrolls,True,"840030015,840030016,840030018,840030019",USD_840030017:Participation Rate|USD_840030020:Average Weekly Hours|USD_840030022:Government Payrolls|USD_840030023:Private Nonfarm Payrolls|USD_840030024:U6 Unemployment Rate|USD_840030032:Manufacturing Payrolls,False,False,False,178.0,-6.0,-92.0,-133.0,184.0,270.0,POSITIVE,POSITIVE,1,-1,1,-1,True,1775232000,2026.04.03 16:00:00,1800,True,True,0.000781,True,True,True,True,True,True,True,True,True,True,True,True,,,,,,
USD_NFP_1775230200,1775230200,2026.04.03 15:30:00,2026,PARTIAL_2026,NFP,EURUSD,QUOTE,840030016,Nonfarm Payrolls,True,"840030015,840030016,840030018,840030019",USD_840030017:Participation Rate|USD_840030020:Average Weekly Hours|USD_840030022:Government Payrolls|USD_840030023:Private Nonfarm Payrolls|USD_840030024:U6 Unemployment Rate|USD_840030032:Manufacturing Payrolls,False,False,False,178.0,-6.0,-92.0,-133.0,184.0,270.0,POSITIVE,POSITIVE,1,-1,1,-1,True,1775232000,2026.04.03 16:00:00,1800,True,True,0.000867,True,True,True,True,True,True,True,True,True,True,True,True,,,,,,
USD_NFP_1775230200,1775230200,2026.04.03 15:30:00,2026,PARTIAL_2026,NFP,GBPUSD,QUOTE,840030016,Nonfarm Payrolls,True,"840030015,840030016,840030018,840030019",USD_840030017:Participation Rate|USD_840030020:Average Weekly Hours|USD_840030022:Government Payrolls|USD_840030023:Private Nonfarm Payrolls|USD_840030024:U6 Unemployment Rate|USD_840030032:Manufacturing Payrolls,False,False,False,178.0,-6.0,-92.0,-133.0,184.0,270.0,POSITIVE,POSITIVE,1,-1,1,-1,True,1775232000,2026.04.03 16:00:00,1800,True,True,0.001123,True,True,True,True,True,True,True,True,True,True,True,True,,,,,,
USD_NFP_1775230200,1775230200,2026.04.03 15:30:00,2026,PARTIAL_2026,NFP,NZDUSD,QUOTE,840030016,Nonfarm Payrolls,True,"840030015,840030016,840030018,840030019",USD_840030017:Participation Rate|USD_840030020:Average Weekly Hours|USD_840030022:Government Payrolls|USD_840030023:Private Nonfarm Payrolls|USD_840030024:U6 Unemployment Rate|USD_840030032:Manufacturing Payrolls,False,False,False,178.0,-6.0,-92.0,-133.0,184.0,270.0,POSITIVE,POSITIVE,1,-1,1,-1,True,1775232000,2026.04.03 16:00:00,1800,True,True,0.000642,True,True,True,True,True,True,True,True,True,True,True,True,,,,,,
USD_NFP_1775230200,1775230200,2026.04.03 15:30:00,2026,PARTIAL_2026,NFP,USDCAD,BASE,840030016,Nonfarm Payrolls,True,"840030015,840030016,840030018,840030019",USD_840030017:Participation Rate|USD_840030020:Average Weekly Hours|USD_840030022:Government Payrolls|USD_840030023:Private Nonfarm Payrolls|USD_840030024:U6 Unemployment Rate|USD_840030032:Manufacturing Payrolls,False,False,False,178.0,-6.0,-92.0,-133.0,184.0,270.0,POSITIVE,POSITIVE,1,1,1,1,True,1775232000,2026.04.03 16:00:00,1800,True,True,0.000667,True,True,True,True,True,True,True,True,True,True,True,True,,,,,,
USD_NFP_1775230200,1775230200,2026.04.03 15:30:00,2026,PARTIAL_2026,NFP,USDCHF,BASE,840030016,Nonfarm Payrolls,True,"840030015,840030016,840030018,840030019",USD_840030017:Participation Rate|USD_840030020:Average Weekly Hours|USD_840030022:Government Payrolls|USD_840030023:Private Nonfarm Payrolls|USD_840030024:U6 Unemployment Rate|USD_840030032:Manufacturing Payrolls,False,False,False,178.0,-6.0,-92.0,-133.0,184.0,270.0,POSITIVE,POSITIVE,1,1,1,1,True,1775232000,2026.04.03 16:00:00,1800,True,True,0.000671,True,True,True,True,True,True,True,True,True,True,True,True,,,,,,
USD_NFP_1775230200,1775230200,2026.04.03 15:30:00,2026,PARTIAL_2026,NFP,USDJPY,BASE,840030016,Nonfarm Payrolls,True,"840030015,840030016,840030018,840030019",USD_840030017:Participation Rate|USD_840030020:Average Weekly Hours|USD_840030022:Government Payrolls|USD_840030023:Private Nonfarm Payrolls|USD_840030024:U6 Unemployment Rate|USD_840030032:Manufacturing Payrolls,False,False,False,178.0,-6.0,-92.0,-133.0,184.0,270.0,POSITIVE,POSITIVE,1,1,1,1,True,1775232000,2026.04.03 16:00:00,1800,True,True,0.116291,True,True,True,True,True,True,True,True,True,True,True,True,,,,,,
USD_NFP_1778254200,1778254200,2026.05.08 15:30:00,2026,PARTIAL_2026,NFP,AUDUSD,QUOTE,840030016,Nonfarm Payrolls,True,"840030015,840030016,840030018,840030019",USD_840030017:Participation Rate|USD_840030020:Average Weekly Hours|USD_840030022:Government Payrolls|USD_840030023:Private Nonfarm Payrolls|USD_840030024:U6 Unemployment Rate|USD_840030032:Manufacturing Payrolls|CAD_124010011:Employment Change|CAD_124010012:Full-Time Employment Change|CAD_124010013:Part-Time Employment Change|CAD_124010014:Unemployment Rate|CAD_124010015:Participation Rate,True,False,False,115.0,90.0,178.0,185.0,25.0,-63.0,POSITIVE,NEGATIVE,1,-1,-1,1,True,1778256000,2026.05.08 16:00:00,1800,True,True,0.001020,True,True,True,True,True,True,True,True,True,True,True,True,,,,,,
USD_NFP_1778254200,1778254200,2026.05.08 15:30:00,2026,PARTIAL_2026,NFP,EURUSD,QUOTE,840030016,Nonfarm Payrolls,True,"840030015,840030016,840030018,840030019",USD_840030017:Participation Rate|USD_840030020:Average Weekly Hours|USD_840030022:Government Payrolls|USD_840030023:Private Nonfarm Payrolls|USD_840030024:U6 Unemployment Rate|USD_840030032:Manufacturing Payrolls|CAD_124010011:Employment Change|CAD_124010012:Full-Time Employment Change|CAD_124010013:Part-Time Employment Change|CAD_124010014:Unemployment Rate|CAD_124010015:Participation Rate,True,False,False,115.0,90.0,178.0,185.0,25.0,-63.0,POSITIVE,NEGATIVE,1,-1,-1,1,True,1778256000,2026.05.08 16:00:00,1800,True,True,0.001101,True,True,True,True,True,True,True,True,True,True,True,True,,,,,,
USD_NFP_1778254200,1778254200,2026.05.08 15:30:00,2026,PARTIAL_2026,NFP,GBPUSD,QUOTE,840030016,Nonfarm Payrolls,True,"840030015,840030016,840030018,840030019",USD_840030017:Participation Rate|USD_840030020:Average Weekly Hours|USD_840030022:Government Payrolls|USD_840030023:Private Nonfarm Payrolls|USD_840030024:U6 Unemployment Rate|USD_840030032:Manufacturing Payrolls|CAD_124010011:Employment Change|CAD_124010012:Full-Time Employment Change|CAD_124010013:Part-Time Employment Change|CAD_124010014:Unemployment Rate|CAD_124010015:Participation Rate,True,False,False,115.0,90.0,178.0,185.0,25.0,-63.0,POSITIVE,NEGATIVE,1,-1,-1,1,True,1778256000,2026.05.08 16:00:00,1800,True,True,0.001502,True,True,True,True,True,True,True,True,True,True,True,True,,,,,,
USD_NFP_1778254200,1778254200,2026.05.08 15:30:00,2026,PARTIAL_2026,NFP,NZDUSD,QUOTE,840030016,Nonfarm Payrolls,True,"840030015,840030016,840030018,840030019",USD_840030017:Participation Rate|USD_840030020:Average Weekly Hours|USD_840030022:Government Payrolls|USD_840030023:Private Nonfarm Payrolls|USD_840030024:U6 Unemployment Rate|USD_840030032:Manufacturing Payrolls|CAD_124010011:Employment Change|CAD_124010012:Full-Time Employment Change|CAD_124010013:Part-Time Employment Change|CAD_124010014:Unemployment Rate|CAD_124010015:Participation Rate,True,False,False,115.0,90.0,178.0,185.0,25.0,-63.0,POSITIVE,NEGATIVE,1,-1,-1,1,True,1778256000,2026.05.08 16:00:00,1800,True,True,0.000905,True,True,True,True,True,True,True,True,True,True,True,True,,,,,,
USD_NFP_1778254200,1778254200,2026.05.08 15:30:00,2026,PARTIAL_2026,NFP,USDCAD,BASE,840030016,Nonfarm Payrolls,True,"840030015,840030016,840030018,840030019",USD_840030017:Participation Rate|USD_840030020:Average Weekly Hours|USD_840030022:Government Payrolls|USD_840030023:Private Nonfarm Payrolls|USD_840030024:U6 Unemployment Rate|USD_840030032:Manufacturing Payrolls|CAD_124010011:Employment Change|CAD_124010012:Full-Time Employment Change|CAD_124010013:Part-Time Employment Change|CAD_124010014:Unemployment Rate|CAD_124010015:Participation Rate,True,False,False,115.0,90.0,178.0,185.0,25.0,-63.0,POSITIVE,NEGATIVE,1,1,-1,-1,True,1778256000,2026.05.08 16:00:00,1800,True,True,0.000842,True,True,True,True,True,True,True,True,True,True,True,True,,,,,,
USD_NFP_1778254200,1778254200,2026.05.08 15:30:00,2026,PARTIAL_2026,NFP,USDCHF,BASE,840030016,Nonfarm Payrolls,True,"840030015,840030016,840030018,840030019",USD_840030017:Participation Rate|USD_840030020:Average Weekly Hours|USD_840030022:Government Payrolls|USD_840030023:Private Nonfarm Payrolls|USD_840030024:U6 Unemployment Rate|USD_840030032:Manufacturing Payrolls|CAD_124010011:Employment Change|CAD_124010012:Full-Time Employment Change|CAD_124010013:Part-Time Employment Change|CAD_124010014:Unemployment Rate|CAD_124010015:Participation Rate,True,False,False,115.0,90.0,178.0,185.0,25.0,-63.0,POSITIVE,NEGATIVE,1,1,-1,-1,True,1778256000,2026.05.08 16:00:00,1800,True,True,0.000858,True,True,True,True,True,True,True,True,True,True,True,True,,,,,,
USD_NFP_1778254200,1778254200,2026.05.08 15:30:00,2026,PARTIAL_2026,NFP,USDJPY,BASE,840030016,Nonfarm Payrolls,True,"840030015,840030016,840030018,840030019",USD_840030017:Participation Rate|USD_840030020:Average Weekly Hours|USD_840030022:Government Payrolls|USD_840030023:Private Nonfarm Payrolls|USD_840030024:U6 Unemployment Rate|USD_840030032:Manufacturing Payrolls|CAD_124010011:Employment Change|CAD_124010012:Full-Time Employment Change|CAD_124010013:Part-Time Employment Change|CAD_124010014:Unemployment Rate|CAD_124010015:Participation Rate,True,False,False,115.0,90.0,178.0,185.0,25.0,-63.0,POSITIVE,NEGATIVE,1,1,-1,-1,True,1778256000,2026.05.08 16:00:00,1800,True,True,0.147333,True,True,True,True,True,True,True,True,True,True,True,True,,,,,,
USD_NFP_1780673400,1780673400,2026.06.05 15:30:00,2026,PARTIAL_2026,NFP,AUDUSD,QUOTE,840030016,Nonfarm Payrolls,True,"840030015,840030016,840030018,840030019",USD_840030017:Participation Rate|USD_840030020:Average Weekly Hours|USD_840030022:Government Payrolls|USD_840030023:Private Nonfarm Payrolls|USD_840030024:U6 Unemployment Rate|USD_840030032:Manufacturing Payrolls|CAD_124010011:Employment Change|CAD_124010012:Full-Time Employment Change|CAD_124010013:Part-Time Employment Change|CAD_124010014:Unemployment Rate|CAD_124010015:Participation Rate,True,False,False,172.0,77.0,115.0,179.0,95.0,57.0,POSITIVE,POSITIVE,1,-1,1,-1,True,1780675200,2026.06.05 16:00:00,1800,True,True,0.000821,True,True,True,True,True,True,True,True,True,True,True,True,,,,,,
USD_NFP_1780673400,1780673400,2026.06.05 15:30:00,2026,PARTIAL_2026,NFP,EURUSD,QUOTE,840030016,Nonfarm Payrolls,True,"840030015,840030016,840030018,840030019",USD_840030017:Participation Rate|USD_840030020:Average Weekly Hours|USD_840030022:Government Payrolls|USD_840030023:Private Nonfarm Payrolls|USD_840030024:U6 Unemployment Rate|USD_840030032:Manufacturing Payrolls|CAD_124010011:Employment Change|CAD_124010012:Full-Time Employment Change|CAD_124010013:Part-Time Employment Change|CAD_124010014:Unemployment Rate|CAD_124010015:Participation Rate,True,False,False,172.0,77.0,115.0,179.0,95.0,57.0,POSITIVE,POSITIVE,1,-1,1,-1,True,1780675200,2026.06.05 16:00:00,1800,True,True,0.000724,True,True,True,True,True,True,True,True,True,True,True,True,,,,,,
USD_NFP_1780673400,1780673400,2026.06.05 15:30:00,2026,PARTIAL_2026,NFP,GBPUSD,QUOTE,840030016,Nonfarm Payrolls,True,"840030015,840030016,840030018,840030019",USD_840030017:Participation Rate|USD_840030020:Average Weekly Hours|USD_840030022:Government Payrolls|USD_840030023:Private Nonfarm Payrolls|USD_840030024:U6 Unemployment Rate|USD_840030032:Manufacturing Payrolls|CAD_124010011:Employment Change|CAD_124010012:Full-Time Employment Change|CAD_124010013:Part-Time Employment Change|CAD_124010014:Unemployment Rate|CAD_124010015:Participation Rate,True,False,False,172.0,77.0,115.0,179.0,95.0,57.0,POSITIVE,POSITIVE,1,-1,1,-1,True,1780675200,2026.06.05 16:00:00,1800,True,True,0.001039,True,True,True,True,True,True,True,True,True,True,True,True,,,,,,
USD_NFP_1780673400,1780673400,2026.06.05 15:30:00,2026,PARTIAL_2026,NFP,NZDUSD,QUOTE,840030016,Nonfarm Payrolls,True,"840030015,840030016,840030018,840030019",USD_840030017:Participation Rate|USD_840030020:Average Weekly Hours|USD_840030022:Government Payrolls|USD_840030023:Private Nonfarm Payrolls|USD_840030024:U6 Unemployment Rate|USD_840030032:Manufacturing Payrolls|CAD_124010011:Employment Change|CAD_124010012:Full-Time Employment Change|CAD_124010013:Part-Time Employment Change|CAD_124010014:Unemployment Rate|CAD_124010015:Participation Rate,True,False,False,172.0,77.0,115.0,179.0,95.0,57.0,POSITIVE,POSITIVE,1,-1,1,-1,True,1780675200,2026.06.05 16:00:00,1800,True,True,0.000717,True,True,True,True,True,True,True,True,True,True,True,True,,,,,,
USD_NFP_1780673400,1780673400,2026.06.05 15:30:00,2026,PARTIAL_2026,NFP,USDCAD,BASE,840030016,Nonfarm Payrolls,True,"840030015,840030016,840030018,840030019",USD_840030017:Participation Rate|USD_840030020:Average Weekly Hours|USD_840030022:Government Payrolls|USD_840030023:Private Nonfarm Payrolls|USD_840030024:U6 Unemployment Rate|USD_840030032:Manufacturing Payrolls|CAD_124010011:Employment Change|CAD_124010012:Full-Time Employment Change|CAD_124010013:Part-Time Employment Change|CAD_124010014:Unemployment Rate|CAD_124010015:Participation Rate,True,False,False,172.0,77.0,115.0,179.0,95.0,57.0,POSITIVE,POSITIVE,1,1,1,1,True,1780675200,2026.06.05 16:00:00,1800,True,True,0.000867,True,True,True,True,True,True,True,True,True,True,True,True,,,,,,
USD_NFP_1780673400,1780673400,2026.06.05 15:30:00,2026,PARTIAL_2026,NFP,USDCHF,BASE,840030016,Nonfarm Payrolls,True,"840030015,840030016,840030018,840030019",USD_840030017:Participation Rate|USD_840030020:Average Weekly Hours|USD_840030022:Government Payrolls|USD_840030023:Private Nonfarm Payrolls|USD_840030024:U6 Unemployment Rate|USD_840030032:Manufacturing Payrolls|CAD_124010011:Employment Change|CAD_124010012:Full-Time Employment Change|CAD_124010013:Part-Time Employment Change|CAD_124010014:Unemployment Rate|CAD_124010015:Participation Rate,True,False,False,172.0,77.0,115.0,179.0,95.0,57.0,POSITIVE,POSITIVE,1,1,1,1,True,1780675200,2026.06.05 16:00:00,1800,True,True,0.000738,True,True,True,True,True,True,True,True,True,True,True,True,,,,,,
USD_NFP_1780673400,1780673400,2026.06.05 15:30:00,2026,PARTIAL_2026,NFP,USDJPY,BASE,840030016,Nonfarm Payrolls,True,"840030015,840030016,840030018,840030019",USD_840030017:Participation Rate|USD_840030020:Average Weekly Hours|USD_840030022:Government Payrolls|USD_840030023:Private Nonfarm Payrolls|USD_840030024:U6 Unemployment Rate|USD_840030032:Manufacturing Payrolls|CAD_124010011:Employment Change|CAD_124010012:Full-Time Employment Change|CAD_124010013:Part-Time Employment Change|CAD_124010014:Unemployment Rate|CAD_124010015:Participation Rate,True,False,False,172.0,77.0,115.0,179.0,95.0,57.0,POSITIVE,POSITIVE,1,1,1,1,True,1780675200,2026.06.05 16:00:00,1800,True,True,0.064926,True,True,True,True,True,True,True,True,True,True,True,True,,,,,,
USD_NFP_1783006200,1783006200,2026.07.02 15:30:00,2026,PARTIAL_2026,NFP,AUDUSD,QUOTE,840030016,Nonfarm Payrolls,True,"840030015,840030016,840030018,840030019",USD_840030017:Participation Rate|USD_840030020:Average Weekly Hours|USD_840030022:Government Payrolls|USD_840030023:Private Nonfarm Payrolls|USD_840030024:U6 Unemployment Rate|USD_840030032:Manufacturing Payrolls|USD_840140001:Initial Jobless Claims|USD_840140002:Continuing Jobless Claims|USD_840140003:Initial Jobless Claims 4-Week Average,False,False,False,57.0,43.0,172.0,129.0,14.0,-115.0,POSITIVE,NEGATIVE,1,-1,-1,1,True,1783008000,2026.07.02 16:00:00,1800,True,True,0.000889,True,True,True,True,True,True,True,True,True,True,True,True,,,,,,
USD_NFP_1783006200,1783006200,2026.07.02 15:30:00,2026,PARTIAL_2026,NFP,EURUSD,QUOTE,840030016,Nonfarm Payrolls,True,"840030015,840030016,840030018,840030019",USD_840030017:Participation Rate|USD_840030020:Average Weekly Hours|USD_840030022:Government Payrolls|USD_840030023:Private Nonfarm Payrolls|USD_840030024:U6 Unemployment Rate|USD_840030032:Manufacturing Payrolls|USD_840140001:Initial Jobless Claims|USD_840140002:Continuing Jobless Claims|USD_840140003:Initial Jobless Claims 4-Week Average,False,False,False,57.0,43.0,172.0,129.0,14.0,-115.0,POSITIVE,NEGATIVE,1,-1,-1,1,True,1783008000,2026.07.02 16:00:00,1800,True,True,0.001112,True,True,True,True,True,True,True,True,True,True,True,True,,,,,,
USD_NFP_1783006200,1783006200,2026.07.02 15:30:00,2026,PARTIAL_2026,NFP,GBPUSD,QUOTE,840030016,Nonfarm Payrolls,True,"840030015,840030016,840030018,840030019",USD_840030017:Participation Rate|USD_840030020:Average Weekly Hours|USD_840030022:Government Payrolls|USD_840030023:Private Nonfarm Payrolls|USD_840030024:U6 Unemployment Rate|USD_840030032:Manufacturing Payrolls|USD_840140001:Initial Jobless Claims|USD_840140002:Continuing Jobless Claims|USD_840140003:Initial Jobless Claims 4-Week Average,False,False,False,57.0,43.0,172.0,129.0,14.0,-115.0,POSITIVE,NEGATIVE,1,-1,-1,1,True,1783008000,2026.07.02 16:00:00,1800,True,True,0.001719,True,True,True,True,True,True,True,True,True,True,True,True,,,,,,
USD_NFP_1783006200,1783006200,2026.07.02 15:30:00,2026,PARTIAL_2026,NFP,NZDUSD,QUOTE,840030016,Nonfarm Payrolls,True,"840030015,840030016,840030018,840030019",USD_840030017:Participation Rate|USD_840030020:Average Weekly Hours|USD_840030022:Government Payrolls|USD_840030023:Private Nonfarm Payrolls|USD_840030024:U6 Unemployment Rate|USD_840030032:Manufacturing Payrolls|USD_840140001:Initial Jobless Claims|USD_840140002:Continuing Jobless Claims|USD_840140003:Initial Jobless Claims 4-Week Average,False,False,False,57.0,43.0,172.0,129.0,14.0,-115.0,POSITIVE,NEGATIVE,1,-1,-1,1,True,1783008000,2026.07.02 16:00:00,1800,True,True,0.000833,True,True,True,True,True,True,True,True,True,True,True,True,,,,,,
USD_NFP_1783006200,1783006200,2026.07.02 15:30:00,2026,PARTIAL_2026,NFP,USDCAD,BASE,840030016,Nonfarm Payrolls,True,"840030015,840030016,840030018,840030019",USD_840030017:Participation Rate|USD_840030020:Average Weekly Hours|USD_840030022:Government Payrolls|USD_840030023:Private Nonfarm Payrolls|USD_840030024:U6 Unemployment Rate|USD_840030032:Manufacturing Payrolls|USD_840140001:Initial Jobless Claims|USD_840140002:Continuing Jobless Claims|USD_840140003:Initial Jobless Claims 4-Week Average,False,False,False,57.0,43.0,172.0,129.0,14.0,-115.0,POSITIVE,NEGATIVE,1,1,-1,-1,True,1783008000,2026.07.02 16:00:00,1800,True,True,0.001049,True,True,True,True,True,True,True,True,True,True,True,True,,,,,,
USD_NFP_1783006200,1783006200,2026.07.02 15:30:00,2026,PARTIAL_2026,NFP,USDCHF,BASE,840030016,Nonfarm Payrolls,True,"840030015,840030016,840030018,840030019",USD_840030017:Participation Rate|USD_840030020:Average Weekly Hours|USD_840030022:Government Payrolls|USD_840030023:Private Nonfarm Payrolls|USD_840030024:U6 Unemployment Rate|USD_840030032:Manufacturing Payrolls|USD_840140001:Initial Jobless Claims|USD_840140002:Continuing Jobless Claims|USD_840140003:Initial Jobless Claims 4-Week Average,False,False,False,57.0,43.0,172.0,129.0,14.0,-115.0,POSITIVE,NEGATIVE,1,1,-1,-1,True,1783008000,2026.07.02 16:00:00,1800,True,True,0.001020,True,True,True,True,True,True,True,True,True,True,True,True,,,,,,
USD_NFP_1783006200,1783006200,2026.07.02 15:30:00,2026,PARTIAL_2026,NFP,USDJPY,BASE,840030016,Nonfarm Payrolls,True,"840030015,840030016,840030018,840030019",USD_840030017:Participation Rate|USD_840030020:Average Weekly Hours|USD_840030022:Government Payrolls|USD_840030023:Private Nonfarm Payrolls|USD_840030024:U6 Unemployment Rate|USD_840030032:Manufacturing Payrolls|USD_840140001:Initial Jobless Claims|USD_840140002:Continuing Jobless Claims|USD_840140003:Initial Jobless Claims 4-Week Average,False,False,False,57.0,43.0,172.0,129.0,14.0,-115.0,POSITIVE,NEGATIVE,1,1,-1,-1,True,1783008000,2026.07.02 16:00:00,1800,True,True,0.242475,True,True,True,True,True,True,True,True,True,True,True,True,,,,,,
USD_NFP_1786116600,1786116600,2026.08.07 15:30:00,2026,PARTIAL_2026,NFP,AUDUSD,QUOTE,840030016,Nonfarm Payrolls,True,"840030015,840030016,840030018,840030019",USD_840030017:Participation Rate|USD_840030020:Average Weekly Hours|USD_840030022:Government Payrolls|USD_840030023:Private Nonfarm Payrolls|USD_840030024:U6 Unemployment Rate|USD_840030032:Manufacturing Payrolls|CAD_124010011:Employment Change|CAD_124010012:Full-Time Employment Change|CAD_124010013:Part-Time Employment Change|CAD_124010014:Unemployment Rate|CAD_124010015:Participation Rate,True,False,False,-23.0,41.0,57.0,20.0,-64.0,-80.0,NEGATIVE,NEGATIVE,-1,1,-1,1,True,1786118400,2026.08.07 16:00:00,1800,True,True,0.000599,True,True,True,True,True,True,True,True,True,True,True,True,,,,,,
USD_NFP_1786116600,1786116600,2026.08.07 15:30:00,2026,PARTIAL_2026,NFP,EURUSD,QUOTE,840030016,Nonfarm Payrolls,True,"840030015,840030016,840030018,840030019",USD_840030017:Participation Rate|USD_840030020:Average Weekly Hours|USD_840030022:Government Payrolls|USD_840030023:Private Nonfarm Payrolls|USD_840030024:U6 Unemployment Rate|USD_840030032:Manufacturing Payrolls|CAD_124010011:Employment Change|CAD_124010012:Full-Time Employment Change|CAD_124010013:Part-Time Employment Change|CAD_124010014:Unemployment Rate|CAD_124010015:Participation Rate,True,False,False,-23.0,41.0,57.0,20.0,-64.0,-80.0,NEGATIVE,NEGATIVE,-1,1,-1,1,True,1786118400,2026.08.07 16:00:00,1800,True,True,0.000600,True,True,True,True,True,True,True,True,True,True,True,True,,,,,,
USD_NFP_1786116600,1786116600,2026.08.07 15:30:00,2026,PARTIAL_2026,NFP,GBPUSD,QUOTE,840030016,Nonfarm Payrolls,True,"840030015,840030016,840030018,840030019",USD_840030017:Participation Rate|USD_840030020:Average Weekly Hours|USD_840030022:Government Payrolls|USD_840030023:Private Nonfarm Payrolls|USD_840030024:U6 Unemployment Rate|USD_840030032:Manufacturing Payrolls|CAD_124010011:Employment Change|CAD_124010012:Full-Time Employment Change|CAD_124010013:Part-Time Employment Change|CAD_124010014:Unemployment Rate|CAD_124010015:Participation Rate,True,False,False,-23.0,41.0,57.0,20.0,-64.0,-80.0,NEGATIVE,NEGATIVE,-1,1,-1,1,True,1786118400,2026.08.07 16:00:00,1800,True,True,0.000795,True,True,True,True,True,True,True,True,True,True,True,True,,,,,,
USD_NFP_1786116600,1786116600,2026.08.07 15:30:00,2026,PARTIAL_2026,NFP,NZDUSD,QUOTE,840030016,Nonfarm Payrolls,True,"840030015,840030016,840030018,840030019",USD_840030017:Participation Rate|USD_840030020:Average Weekly Hours|USD_840030022:Government Payrolls|USD_840030023:Private Nonfarm Payrolls|USD_840030024:U6 Unemployment Rate|USD_840030032:Manufacturing Payrolls|CAD_124010011:Employment Change|CAD_124010012:Full-Time Employment Change|CAD_124010013:Part-Time Employment Change|CAD_124010014:Unemployment Rate|CAD_124010015:Participation Rate,True,False,False,-23.0,41.0,57.0,20.0,-64.0,-80.0,NEGATIVE,NEGATIVE,-1,1,-1,1,True,1786118400,2026.08.07 16:00:00,1800,True,True,0.000567,True,True,True,True,True,True,True,True,True,True,True,True,,,,,,
USD_NFP_1786116600,1786116600,2026.08.07 15:30:00,2026,PARTIAL_2026,NFP,USDCAD,BASE,840030016,Nonfarm Payrolls,True,"840030015,840030016,840030018,840030019",USD_840030017:Participation Rate|USD_840030020:Average Weekly Hours|USD_840030022:Government Payrolls|USD_840030023:Private Nonfarm Payrolls|USD_840030024:U6 Unemployment Rate|USD_840030032:Manufacturing Payrolls|CAD_124010011:Employment Change|CAD_124010012:Full-Time Employment Change|CAD_124010013:Part-Time Employment Change|CAD_124010014:Unemployment Rate|CAD_124010015:Participation Rate,True,False,False,-23.0,41.0,57.0,20.0,-64.0,-80.0,NEGATIVE,NEGATIVE,-1,-1,-1,-1,True,1786118400,2026.08.07 16:00:00,1800,True,True,0.000744,True,True,True,True,True,True,True,True,True,True,True,True,,,,,,
USD_NFP_1786116600,1786116600,2026.08.07 15:30:00,2026,PARTIAL_2026,NFP,USDCHF,BASE,840030016,Nonfarm Payrolls,True,"840030015,840030016,840030018,840030019",USD_840030017:Participation Rate|USD_840030020:Average Weekly Hours|USD_840030022:Government Payrolls|USD_840030023:Private Nonfarm Payrolls|USD_840030024:U6 Unemployment Rate|USD_840030032:Manufacturing Payrolls|CAD_124010011:Employment Change|CAD_124010012:Full-Time Employment Change|CAD_124010013:Part-Time Employment Change|CAD_124010014:Unemployment Rate|CAD_124010015:Participation Rate,True,False,False,-23.0,41.0,57.0,20.0,-64.0,-80.0,NEGATIVE,NEGATIVE,-1,-1,-1,-1,True,1786118400,2026.08.07 16:00:00,1800,True,True,0.000703,True,True,True,True,True,True,True,True,True,True,True,True,,,,,,
USD_NFP_1786116600,1786116600,2026.08.07 15:30:00,2026,PARTIAL_2026,NFP,USDJPY,BASE,840030016,Nonfarm Payrolls,True,"840030015,840030016,840030018,840030019",USD_840030017:Participation Rate|USD_840030020:Average Weekly Hours|USD_840030022:Government Payrolls|USD_840030023:Private Nonfarm Payrolls|USD_840030024:U6 Unemployment Rate|USD_840030032:Manufacturing Payrolls|CAD_124010011:Employment Change|CAD_124010012:Full-Time Employment Change|CAD_124010013:Part-Time Employment Change|CAD_124010014:Unemployment Rate|CAD_124010015:Participation Rate,True,False,False,-23.0,41.0,57.0,20.0,-64.0,-80.0,NEGATIVE,NEGATIVE,-1,-1,-1,-1,True,1786118400,2026.08.07 16:00:00,1800,True,True,0.129736,True,True,True,True,True,True,True,True,True,True,True,True,,,,,,
USD_NFP_1788535800,1788535800,2026.09.04 15:30:00,2026,POST_CUTOFF_2026,NFP,AUDUSD,QUOTE,840030016,Nonfarm Payrolls,True,"840030015,840030016,840030018,840030019",USD_840030017:Participation Rate|USD_840030020:Average Weekly Hours|USD_840030022:Government Payrolls|USD_840030023:Private Nonfarm Payrolls|USD_840030024:U6 Unemployment Rate|USD_840030032:Manufacturing Payrolls|CAD_124010011:Employment Change|CAD_124010012:Full-Time Employment Change|CAD_124010013:Part-Time Employment Change|CAD_124010014:Unemployment Rate|CAD_124010015:Participation Rate,True,False,False,162.0,41.0,-23.0,21.0,121.0,185.0,POSITIVE,POSITIVE,1,-1,1,-1,True,1788537600,2026.09.04 16:00:00,1800,True,True,0.000670,True,True,True,True,True,True,False,False,False,False,False,False,excluded_post_2026_cutoff,excluded_post_2026_cutoff,excluded_post_2026_cutoff,excluded_post_2026_cutoff,excluded_post_2026_cutoff,excluded_post_2026_cutoff
USD_NFP_1788535800,1788535800,2026.09.04 15:30:00,2026,POST_CUTOFF_2026,NFP,EURUSD,QUOTE,840030016,Nonfarm Payrolls,True,"840030015,840030016,840030018,840030019",USD_840030017:Participation Rate|USD_840030020:Average Weekly Hours|USD_840030022:Government Payrolls|USD_840030023:Private Nonfarm Payrolls|USD_840030024:U6 Unemployment Rate|USD_840030032:Manufacturing Payrolls|CAD_124010011:Employment Change|CAD_124010012:Full-Time Employment Change|CAD_124010013:Part-Time Employment Change|CAD_124010014:Unemployment Rate|CAD_124010015:Participation Rate,True,False,False,162.0,41.0,-23.0,21.0,121.0,185.0,POSITIVE,POSITIVE,1,-1,1,-1,True,1788537600,2026.09.04 16:00:00,1800,True,True,0.000714,True,True,True,True,True,True,False,False,False,False,False,False,excluded_post_2026_cutoff,excluded_post_2026_cutoff,excluded_post_2026_cutoff,excluded_post_2026_cutoff,excluded_post_2026_cutoff,excluded_post_2026_cutoff
USD_NFP_1788535800,1788535800,2026.09.04 15:30:00,2026,POST_CUTOFF_2026,NFP,GBPUSD,QUOTE,840030016,Nonfarm Payrolls,True,"840030015,840030016,840030018,840030019",USD_840030017:Participation Rate|USD_840030020:Average Weekly Hours|USD_840030022:Government Payrolls|USD_840030023:Private Nonfarm Payrolls|USD_840030024:U6 Unemployment Rate|USD_840030032:Manufacturing Payrolls|CAD_124010011:Employment Change|CAD_124010012:Full-Time Employment Change|CAD_124010013:Part-Time Employment Change|CAD_124010014:Unemployment Rate|CAD_124010015:Participation Rate,True,False,False,162.0,41.0,-23.0,21.0,121.0,185.0,POSITIVE,POSITIVE,1,-1,1,-1,True,1788537600,2026.09.04 16:00:00,1800,True,True,0.001051,True,True,True,True,True,True,False,False,False,False,False,False,excluded_post_2026_cutoff,excluded_post_2026_cutoff,excluded_post_2026_cutoff,excluded_post_2026_cutoff,excluded_post_2026_cutoff,excluded_post_2026_cutoff
USD_NFP_1788535800,1788535800,2026.09.04 15:30:00,2026,POST_CUTOFF_2026,NFP,NZDUSD,QUOTE,840030016,Nonfarm Payrolls,True,"840030015,840030016,840030018,840030019",USD_840030017:Participation Rate|USD_840030020:Average Weekly Hours|USD_840030022:Government Payrolls|USD_840030023:Private Nonfarm Payrolls|USD_840030024:U6 Unemployment Rate|USD_840030032:Manufacturing Payrolls|CAD_124010011:Employment Change|CAD_124010012:Full-Time Employment Change|CAD_124010013:Part-Time Employment Change|CAD_124010014:Unemployment Rate|CAD_124010015:Participation Rate,True,False,False,162.0,41.0,-23.0,21.0,121.0,185.0,POSITIVE,POSITIVE,1,-1,1,-1,True,1788537600,2026.09.04 16:00:00,1800,True,True,0.000801,True,True,True,True,True,True,False,False,False,False,False,False,excluded_post_2026_cutoff,excluded_post_2026_cutoff,excluded_post_2026_cutoff,excluded_post_2026_cutoff,excluded_post_2026_cutoff,excluded_post_2026_cutoff
USD_NFP_1788535800,1788535800,2026.09.04 15:30:00,2026,POST_CUTOFF_2026,NFP,USDCAD,BASE,840030016,Nonfarm Payrolls,True,"840030015,840030016,840030018,840030019",USD_840030017:Participation Rate|USD_840030020:Average Weekly Hours|USD_840030022:Government Payrolls|USD_840030023:Private Nonfarm Payrolls|USD_840030024:U6 Unemployment Rate|USD_840030032:Manufacturing Payrolls|CAD_124010011:Employment Change|CAD_124010012:Full-Time Employment Change|CAD_124010013:Part-Time Employment Change|CAD_124010014:Unemployment Rate|CAD_124010015:Participation Rate,True,False,False,162.0,41.0,-23.0,21.0,121.0,185.0,POSITIVE,POSITIVE,1,1,1,1,True,1788537600,2026.09.04 16:00:00,1800,True,True,0.000845,True,True,True,True,True,True,False,False,False,False,False,False,excluded_post_2026_cutoff,excluded_post_2026_cutoff,excluded_post_2026_cutoff,excluded_post_2026_cutoff,excluded_post_2026_cutoff,excluded_post_2026_cutoff
USD_NFP_1788535800,1788535800,2026.09.04 15:30:00,2026,POST_CUTOFF_2026,NFP,USDCHF,BASE,840030016,Nonfarm Payrolls,True,"840030015,840030016,840030018,840030019",USD_840030017:Participation Rate|USD_840030020:Average Weekly Hours|USD_840030022:Government Payrolls|USD_840030023:Private Nonfarm Payrolls|USD_840030024:U6 Unemployment Rate|USD_840030032:Manufacturing Payrolls|CAD_124010011:Employment Change|CAD_124010012:Full-Time Employment Change|CAD_124010013:Part-Time Employment Change|CAD_124010014:Unemployment Rate|CAD_124010015:Participation Rate,True,False,False,162.0,41.0,-23.0,21.0,121.0,185.0,POSITIVE,POSITIVE,1,1,1,1,True,1788537600,2026.09.04 16:00:00,1800,True,True,0.000856,True,True,True,True,True,True,False,False,False,False,False,False,excluded_post_2026_cutoff,excluded_post_2026_cutoff,excluded_post_2026_cutoff,excluded_post_2026_cutoff,excluded_post_2026_cutoff,excluded_post_2026_cutoff
USD_NFP_1788535800,1788535800,2026.09.04 15:30:00,2026,POST_CUTOFF_2026,NFP,USDJPY,BASE,840030016,Nonfarm Payrolls,True,"840030015,840030016,840030018,840030019",USD_840030017:Participation Rate|USD_840030020:Average Weekly Hours|USD_840030022:Government Payrolls|USD_840030023:Private Nonfarm Payrolls|USD_840030024:U6 Unemployment Rate|USD_840030032:Manufacturing Payrolls|CAD_124010011:Employment Change|CAD_124010012:Full-Time Employment Change|CAD_124010013:Part-Time Employment Change|CAD_124010014:Unemployment Rate|CAD_124010015:Participation Rate,True,False,False,162.0,41.0,-23.0,21.0,121.0,185.0,POSITIVE,POSITIVE,1,1,1,1,True,1788537600,2026.09.04 16:00:00,1800,True,True,0.304063,True,True,True,True,True,True,False,False,False,False,False,False,excluded_post_2026_cutoff,excluded_post_2026_cutoff,excluded_post_2026_cutoff,excluded_post_2026_cutoff,excluded_post_2026_cutoff,excluded_post_2026_cutoff
