bundle_id,timestamp,timestamp_server_text,year,cohort,family,pair,usd_role,anchor_event_id,anchor_event_name,anchor_present,same_time_bundle_event_ids,coincident_collision_ids,has_cad_employment_collision,has_us_trade_balance_collision,has_us_jobless_claims_collision,actual,forecast,previous,revised_previous,signal_af,signal_ap,signal_af_state,signal_ap_state,usd_currency_direction_af,pair_direction_af,usd_currency_direction_ap,pair_direction_ap,has_entry,entry_timestamp,entry_server_text,entry_delay_seconds,has_valid_entry_delay,has_atr_warmup,pre_release_atr,has_h60_bars,has_h60_path_gap_free,has_h120_bars,has_h120_path_gap_free,has_h240_bars,has_h240_path_gap_free,is_candidate_eligible_h60_af,is_candidate_eligible_h120_af,is_candidate_eligible_h240_af,is_candidate_eligible_h60_ap,is_candidate_eligible_h120_ap,is_candidate_eligible_h240_ap,primary_exclusion_reason_h60_af,primary_exclusion_reason_h120_af,primary_exclusion_reason_h240_af,primary_exclusion_reason_h60_ap,primary_exclusion_reason_h120_ap,primary_exclusion_reason_h240_ap
USD_CPI_1421425800,1421425800,2015.01.16 16:30:00,2015,CORE_2015_2025,CPI,AUDUSD,QUOTE,840030005,CPI m/m,True,"840030005,840030006,840030007,840030008",USD_840030009:CPI n.s.a.|USD_840030010:Core CPI|USD_840030030:Real Earnings m/m|USD_840030033:CPI n.s.a. m/m|USD_840030034:Core CPI n.s.a. m/m|USD_840030035:CPI|USD_840030036:Core CPI n.s.a.,False,False,False,-0.4,,-0.3,,,-0.1,MISSING,NEGATIVE,,,-1,1,True,1421427600,2015.01.16 17:00:00,1800,True,True,0.002018,True,True,True,True,True,True,False,False,False,True,True,True,excluded_missing_forecast,excluded_missing_forecast,excluded_missing_forecast,,,
USD_CPI_1421425800,1421425800,2015.01.16 16:30:00,2015,CORE_2015_2025,CPI,EURUSD,QUOTE,840030005,CPI m/m,True,"840030005,840030006,840030007,840030008",USD_840030009:CPI n.s.a.|USD_840030010:Core CPI|USD_840030030:Real Earnings m/m|USD_840030033:CPI n.s.a. m/m|USD_840030034:Core CPI n.s.a. m/m|USD_840030035:CPI|USD_840030036:Core CPI n.s.a.,False,False,False,-0.4,,-0.3,,,-0.1,MISSING,NEGATIVE,,,-1,1,True,1421427600,2015.01.16 17:00:00,1800,True,True,0.002840,True,True,True,True,True,True,False,False,False,True,True,True,excluded_missing_forecast,excluded_missing_forecast,excluded_missing_forecast,,,
USD_CPI_1421425800,1421425800,2015.01.16 16:30:00,2015,CORE_2015_2025,CPI,GBPUSD,QUOTE,840030005,CPI m/m,True,"840030005,840030006,840030007,840030008",USD_840030009:CPI n.s.a.|USD_840030010:Core CPI|USD_840030030:Real Earnings m/m|USD_840030033:CPI n.s.a. m/m|USD_840030034:Core CPI n.s.a. m/m|USD_840030035:CPI|USD_840030036:Core CPI n.s.a.,False,False,False,-0.4,,-0.3,,,-0.1,MISSING,NEGATIVE,,,-1,1,True,1421427600,2015.01.16 17:00:00,1800,True,True,0.002618,True,True,True,True,True,True,False,False,False,True,True,True,excluded_missing_forecast,excluded_missing_forecast,excluded_missing_forecast,,,
USD_CPI_1421425800,1421425800,2015.01.16 16:30:00,2015,CORE_2015_2025,CPI,NZDUSD,QUOTE,840030005,CPI m/m,True,"840030005,840030006,840030007,840030008",USD_840030009:CPI n.s.a.|USD_840030010:Core CPI|USD_840030030:Real Earnings m/m|USD_840030033:CPI n.s.a. m/m|USD_840030034:Core CPI n.s.a. m/m|USD_840030035:CPI|USD_840030036:Core CPI n.s.a.,False,False,False,-0.4,,-0.3,,,-0.1,MISSING,NEGATIVE,,,-1,1,True,1421427600,2015.01.16 17:00:00,1800,True,True,0.002442,True,True,True,True,True,True,False,False,False,True,True,True,excluded_missing_forecast,excluded_missing_forecast,excluded_missing_forecast,,,
USD_CPI_1421425800,1421425800,2015.01.16 16:30:00,2015,CORE_2015_2025,CPI,USDCAD,BASE,840030005,CPI m/m,True,"840030005,840030006,840030007,840030008",USD_840030009:CPI n.s.a.|USD_840030010:Core CPI|USD_840030030:Real Earnings m/m|USD_840030033:CPI n.s.a. m/m|USD_840030034:Core CPI n.s.a. m/m|USD_840030035:CPI|USD_840030036:Core CPI n.s.a.,False,False,False,-0.4,,-0.3,,,-0.1,MISSING,NEGATIVE,,,-1,-1,True,1421427600,2015.01.16 17:00:00,1800,True,True,0.002401,True,True,True,True,True,True,False,False,False,True,True,True,excluded_missing_forecast,excluded_missing_forecast,excluded_missing_forecast,,,
USD_CPI_1421425800,1421425800,2015.01.16 16:30:00,2015,CORE_2015_2025,CPI,USDCHF,BASE,840030005,CPI m/m,True,"840030005,840030006,840030007,840030008",USD_840030009:CPI n.s.a.|USD_840030010:Core CPI|USD_840030030:Real Earnings m/m|USD_840030033:CPI n.s.a. m/m|USD_840030034:Core CPI n.s.a. m/m|USD_840030035:CPI|USD_840030036:Core CPI n.s.a.,False,False,False,-0.4,,-0.3,,,-0.1,MISSING,NEGATIVE,,,-1,-1,True,1421625600,2015.01.19 00:00:00,199800,False,True,0.017896,True,True,True,True,True,True,False,False,False,False,False,False,excluded_missing_forecast,excluded_missing_forecast,excluded_missing_forecast,excluded_entry_delay_exceeded,excluded_entry_delay_exceeded,excluded_entry_delay_exceeded
USD_CPI_1421425800,1421425800,2015.01.16 16:30:00,2015,CORE_2015_2025,CPI,USDJPY,BASE,840030005,CPI m/m,True,"840030005,840030006,840030007,840030008",USD_840030009:CPI n.s.a.|USD_840030010:Core CPI|USD_840030030:Real Earnings m/m|USD_840030033:CPI n.s.a. m/m|USD_840030034:Core CPI n.s.a. m/m|USD_840030035:CPI|USD_840030036:Core CPI n.s.a.,False,False,False,-0.4,,-0.3,,,-0.1,MISSING,NEGATIVE,,,-1,-1,True,1421427600,2015.01.16 17:00:00,1800,True,True,0.346933,True,True,True,True,True,True,False,False,False,True,True,True,excluded_missing_forecast,excluded_missing_forecast,excluded_missing_forecast,,,
USD_CPI_1424968200,1424968200,2015.02.26 16:30:00,2015,CORE_2015_2025,CPI,AUDUSD,QUOTE,840030005,CPI m/m,True,"840030005,840030006,840030007,840030008",USD_840020013:Durable Goods Orders m/m|USD_840020014:Core Durable Goods Orders m/m|USD_840020017:Durable Goods Orders excl. Defense m/m|USD_840020018:Nondefense Capital Goods Orders excl. Aircraft m/m|USD_840030009:CPI n.s.a.|USD_840030010:Core CPI|USD_840030030:Real Earnings m/m|USD_840030033:CPI n.s.a. m/m|USD_840030034:Core CPI n.s.a. m/m|USD_840030035:CPI|USD_840030036:Core CPI n.s.a.|USD_840140001:Initial Jobless Claims|USD_840140002:Continuing Jobless Claims|USD_840140003:Initial Jobless Claims 4-Week Average|CAD_124010003:CPI m/m|CAD_124010004:CPI y/y|CAD_124010005:Core CPI m/m|CAD_124010006:Core CPI y/y,False,False,False,-0.7,,-0.4,,,-0.3,MISSING,NEGATIVE,,,-1,1,True,1424970000,2015.02.26 17:00:00,1800,True,True,0.001745,True,True,True,True,True,True,False,False,False,True,True,True,excluded_missing_forecast,excluded_missing_forecast,excluded_missing_forecast,,,
USD_CPI_1424968200,1424968200,2015.02.26 16:30:00,2015,CORE_2015_2025,CPI,EURUSD,QUOTE,840030005,CPI m/m,True,"840030005,840030006,840030007,840030008",USD_840020013:Durable Goods Orders m/m|USD_840020014:Core Durable Goods Orders m/m|USD_840020017:Durable Goods Orders excl. Defense m/m|USD_840020018:Nondefense Capital Goods Orders excl. Aircraft m/m|USD_840030009:CPI n.s.a.|USD_840030010:Core CPI|USD_840030030:Real Earnings m/m|USD_840030033:CPI n.s.a. m/m|USD_840030034:Core CPI n.s.a. m/m|USD_840030035:CPI|USD_840030036:Core CPI n.s.a.|USD_840140001:Initial Jobless Claims|USD_840140002:Continuing Jobless Claims|USD_840140003:Initial Jobless Claims 4-Week Average|CAD_124010003:CPI m/m|CAD_124010004:CPI y/y|CAD_124010005:Core CPI m/m|CAD_124010006:Core CPI y/y,False,False,False,-0.7,,-0.4,,,-0.3,MISSING,NEGATIVE,,,-1,1,True,1424970000,2015.02.26 17:00:00,1800,True,True,0.001993,True,True,True,True,True,True,False,False,False,True,True,True,excluded_missing_forecast,excluded_missing_forecast,excluded_missing_forecast,,,
USD_CPI_1424968200,1424968200,2015.02.26 16:30:00,2015,CORE_2015_2025,CPI,GBPUSD,QUOTE,840030005,CPI m/m,True,"840030005,840030006,840030007,840030008",USD_840020013:Durable Goods Orders m/m|USD_840020014:Core Durable Goods Orders m/m|USD_840020017:Durable Goods Orders excl. Defense m/m|USD_840020018:Nondefense Capital Goods Orders excl. Aircraft m/m|USD_840030009:CPI n.s.a.|USD_840030010:Core CPI|USD_840030030:Real Earnings m/m|USD_840030033:CPI n.s.a. m/m|USD_840030034:Core CPI n.s.a. m/m|USD_840030035:CPI|USD_840030036:Core CPI n.s.a.|USD_840140001:Initial Jobless Claims|USD_840140002:Continuing Jobless Claims|USD_840140003:Initial Jobless Claims 4-Week Average|CAD_124010003:CPI m/m|CAD_124010004:CPI y/y|CAD_124010005:Core CPI m/m|CAD_124010006:Core CPI y/y,False,False,False,-0.7,,-0.4,,,-0.3,MISSING,NEGATIVE,,,-1,1,True,1424970000,2015.02.26 17:00:00,1800,True,True,0.001761,True,True,True,True,True,True,False,False,False,True,True,True,excluded_missing_forecast,excluded_missing_forecast,excluded_missing_forecast,,,
USD_CPI_1424968200,1424968200,2015.02.26 16:30:00,2015,CORE_2015_2025,CPI,NZDUSD,QUOTE,840030005,CPI m/m,True,"840030005,840030006,840030007,840030008",USD_840020013:Durable Goods Orders m/m|USD_840020014:Core Durable Goods Orders m/m|USD_840020017:Durable Goods Orders excl. Defense m/m|USD_840020018:Nondefense Capital Goods Orders excl. Aircraft m/m|USD_840030009:CPI n.s.a.|USD_840030010:Core CPI|USD_840030030:Real Earnings m/m|USD_840030033:CPI n.s.a. m/m|USD_840030034:Core CPI n.s.a. m/m|USD_840030035:CPI|USD_840030036:Core CPI n.s.a.|USD_840140001:Initial Jobless Claims|USD_840140002:Continuing Jobless Claims|USD_840140003:Initial Jobless Claims 4-Week Average|CAD_124010003:CPI m/m|CAD_124010004:CPI y/y|CAD_124010005:Core CPI m/m|CAD_124010006:Core CPI y/y,False,False,False,-0.7,,-0.4,,,-0.3,MISSING,NEGATIVE,,,-1,1,True,1424970000,2015.02.26 17:00:00,1800,True,True,0.001751,True,True,True,True,True,True,False,False,False,True,True,True,excluded_missing_forecast,excluded_missing_forecast,excluded_missing_forecast,,,
USD_CPI_1424968200,1424968200,2015.02.26 16:30:00,2015,CORE_2015_2025,CPI,USDCAD,BASE,840030005,CPI m/m,True,"840030005,840030006,840030007,840030008",USD_840020013:Durable Goods Orders m/m|USD_840020014:Core Durable Goods Orders m/m|USD_840020017:Durable Goods Orders excl. Defense m/m|USD_840020018:Nondefense Capital Goods Orders excl. Aircraft m/m|USD_840030009:CPI n.s.a.|USD_840030010:Core CPI|USD_840030030:Real Earnings m/m|USD_840030033:CPI n.s.a. m/m|USD_840030034:Core CPI n.s.a. m/m|USD_840030035:CPI|USD_840030036:Core CPI n.s.a.|USD_840140001:Initial Jobless Claims|USD_840140002:Continuing Jobless Claims|USD_840140003:Initial Jobless Claims 4-Week Average|CAD_124010003:CPI m/m|CAD_124010004:CPI y/y|CAD_124010005:Core CPI m/m|CAD_124010006:Core CPI y/y,False,False,False,-0.7,,-0.4,,,-0.3,MISSING,NEGATIVE,,,-1,-1,True,1424970000,2015.02.26 17:00:00,1800,True,True,0.002322,True,True,True,True,True,True,False,False,False,True,True,True,excluded_missing_forecast,excluded_missing_forecast,excluded_missing_forecast,,,
USD_CPI_1424968200,1424968200,2015.02.26 16:30:00,2015,CORE_2015_2025,CPI,USDCHF,BASE,840030005,CPI m/m,True,"840030005,840030006,840030007,840030008",USD_840020013:Durable Goods Orders m/m|USD_840020014:Core Durable Goods Orders m/m|USD_840020017:Durable Goods Orders excl. Defense m/m|USD_840020018:Nondefense Capital Goods Orders excl. Aircraft m/m|USD_840030009:CPI n.s.a.|USD_840030010:Core CPI|USD_840030030:Real Earnings m/m|USD_840030033:CPI n.s.a. m/m|USD_840030034:Core CPI n.s.a. m/m|USD_840030035:CPI|USD_840030036:Core CPI n.s.a.|USD_840140001:Initial Jobless Claims|USD_840140002:Continuing Jobless Claims|USD_840140003:Initial Jobless Claims 4-Week Average|CAD_124010003:CPI m/m|CAD_124010004:CPI y/y|CAD_124010005:Core CPI m/m|CAD_124010006:Core CPI y/y,False,False,False,-0.7,,-0.4,,,-0.3,MISSING,NEGATIVE,,,-1,-1,True,1424970000,2015.02.26 17:00:00,1800,True,True,0.001843,True,True,True,True,True,True,False,False,False,True,True,True,excluded_missing_forecast,excluded_missing_forecast,excluded_missing_forecast,,,
USD_CPI_1424968200,1424968200,2015.02.26 16:30:00,2015,CORE_2015_2025,CPI,USDJPY,BASE,840030005,CPI m/m,True,"840030005,840030006,840030007,840030008",USD_840020013:Durable Goods Orders m/m|USD_840020014:Core Durable Goods Orders m/m|USD_840020017:Durable Goods Orders excl. Defense m/m|USD_840020018:Nondefense Capital Goods Orders excl. Aircraft m/m|USD_840030009:CPI n.s.a.|USD_840030010:Core CPI|USD_840030030:Real Earnings m/m|USD_840030033:CPI n.s.a. m/m|USD_840030034:Core CPI n.s.a. m/m|USD_840030035:CPI|USD_840030036:Core CPI n.s.a.|USD_840140001:Initial Jobless Claims|USD_840140002:Continuing Jobless Claims|USD_840140003:Initial Jobless Claims 4-Week Average|CAD_124010003:CPI m/m|CAD_124010004:CPI y/y|CAD_124010005:Core CPI m/m|CAD_124010006:Core CPI y/y,False,False,False,-0.7,,-0.4,,,-0.3,MISSING,NEGATIVE,,,-1,-1,True,1424970000,2015.02.26 17:00:00,1800,True,True,0.140253,True,True,True,True,True,True,False,False,False,True,True,True,excluded_missing_forecast,excluded_missing_forecast,excluded_missing_forecast,,,
USD_CPI_1427211000,1427211000,2015.03.24 15:30:00,2015,CORE_2015_2025,CPI,AUDUSD,QUOTE,840030005,CPI m/m,True,"840030005,840030006,840030007,840030008",USD_840030009:CPI n.s.a.|USD_840030010:Core CPI|USD_840030030:Real Earnings m/m|USD_840030033:CPI n.s.a. m/m|USD_840030034:Core CPI n.s.a. m/m|USD_840030035:CPI|USD_840030036:Core CPI n.s.a.,False,False,False,0.2,,-0.7,,,0.9,MISSING,POSITIVE,,,1,-1,True,1427212800,2015.03.24 16:00:00,1800,True,True,0.002431,True,True,True,True,True,True,False,False,False,True,True,True,excluded_missing_forecast,excluded_missing_forecast,excluded_missing_forecast,,,
USD_CPI_1427211000,1427211000,2015.03.24 15:30:00,2015,CORE_2015_2025,CPI,EURUSD,QUOTE,840030005,CPI m/m,True,"840030005,840030006,840030007,840030008",USD_840030009:CPI n.s.a.|USD_840030010:Core CPI|USD_840030030:Real Earnings m/m|USD_840030033:CPI n.s.a. m/m|USD_840030034:Core CPI n.s.a. m/m|USD_840030035:CPI|USD_840030036:Core CPI n.s.a.,False,False,False,0.2,,-0.7,,,0.9,MISSING,POSITIVE,,,1,-1,True,1427212800,2015.03.24 16:00:00,1800,True,True,0.003657,True,True,True,True,True,True,False,False,False,True,True,True,excluded_missing_forecast,excluded_missing_forecast,excluded_missing_forecast,,,
USD_CPI_1427211000,1427211000,2015.03.24 15:30:00,2015,CORE_2015_2025,CPI,GBPUSD,QUOTE,840030005,CPI m/m,True,"840030005,840030006,840030007,840030008",USD_840030009:CPI n.s.a.|USD_840030010:Core CPI|USD_840030030:Real Earnings m/m|USD_840030033:CPI n.s.a. m/m|USD_840030034:Core CPI n.s.a. m/m|USD_840030035:CPI|USD_840030036:Core CPI n.s.a.,False,False,False,0.2,,-0.7,,,0.9,MISSING,POSITIVE,,,1,-1,True,1427212800,2015.03.24 16:00:00,1800,True,True,0.003442,True,True,True,True,True,True,False,False,False,True,True,True,excluded_missing_forecast,excluded_missing_forecast,excluded_missing_forecast,,,
USD_CPI_1427211000,1427211000,2015.03.24 15:30:00,2015,CORE_2015_2025,CPI,NZDUSD,QUOTE,840030005,CPI m/m,True,"840030005,840030006,840030007,840030008",USD_840030009:CPI n.s.a.|USD_840030010:Core CPI|USD_840030030:Real Earnings m/m|USD_840030033:CPI n.s.a. m/m|USD_840030034:Core CPI n.s.a. m/m|USD_840030035:CPI|USD_840030036:Core CPI n.s.a.,False,False,False,0.2,,-0.7,,,0.9,MISSING,POSITIVE,,,1,-1,True,1427212800,2015.03.24 16:00:00,1800,True,True,0.002533,True,True,True,True,True,True,False,False,False,True,True,True,excluded_missing_forecast,excluded_missing_forecast,excluded_missing_forecast,,,
USD_CPI_1427211000,1427211000,2015.03.24 15:30:00,2015,CORE_2015_2025,CPI,USDCAD,BASE,840030005,CPI m/m,True,"840030005,840030006,840030007,840030008",USD_840030009:CPI n.s.a.|USD_840030010:Core CPI|USD_840030030:Real Earnings m/m|USD_840030033:CPI n.s.a. m/m|USD_840030034:Core CPI n.s.a. m/m|USD_840030035:CPI|USD_840030036:Core CPI n.s.a.,False,False,False,0.2,,-0.7,,,0.9,MISSING,POSITIVE,,,1,1,True,1427212800,2015.03.24 16:00:00,1800,True,True,0.002691,True,True,True,True,True,True,False,False,False,True,True,True,excluded_missing_forecast,excluded_missing_forecast,excluded_missing_forecast,,,
USD_CPI_1427211000,1427211000,2015.03.24 15:30:00,2015,CORE_2015_2025,CPI,USDCHF,BASE,840030005,CPI m/m,True,"840030005,840030006,840030007,840030008",USD_840030009:CPI n.s.a.|USD_840030010:Core CPI|USD_840030030:Real Earnings m/m|USD_840030033:CPI n.s.a. m/m|USD_840030034:Core CPI n.s.a. m/m|USD_840030035:CPI|USD_840030036:Core CPI n.s.a.,False,False,False,0.2,,-0.7,,,0.9,MISSING,POSITIVE,,,1,1,True,1427212800,2015.03.24 16:00:00,1800,True,True,0.002809,True,True,True,True,True,True,False,False,False,True,True,True,excluded_missing_forecast,excluded_missing_forecast,excluded_missing_forecast,,,
USD_CPI_1427211000,1427211000,2015.03.24 15:30:00,2015,CORE_2015_2025,CPI,USDJPY,BASE,840030005,CPI m/m,True,"840030005,840030006,840030007,840030008",USD_840030009:CPI n.s.a.|USD_840030010:Core CPI|USD_840030030:Real Earnings m/m|USD_840030033:CPI n.s.a. m/m|USD_840030034:Core CPI n.s.a. m/m|USD_840030035:CPI|USD_840030036:Core CPI n.s.a.,False,False,False,0.2,,-0.7,,,0.9,MISSING,POSITIVE,,,1,1,True,1427212800,2015.03.24 16:00:00,1800,True,True,0.176682,True,True,True,True,True,True,False,False,False,True,True,True,excluded_missing_forecast,excluded_missing_forecast,excluded_missing_forecast,,,
USD_CPI_1429284600,1429284600,2015.04.17 15:30:00,2015,CORE_2015_2025,CPI,AUDUSD,QUOTE,840030005,CPI m/m,True,"840030005,840030006,840030007,840030008",USD_840030009:CPI n.s.a.|USD_840030010:Core CPI|USD_840030030:Real Earnings m/m|USD_840030033:CPI n.s.a. m/m|USD_840030034:Core CPI n.s.a. m/m|USD_840030035:CPI|USD_840030036:Core CPI n.s.a.|CAD_124010003:CPI m/m|CAD_124010004:CPI y/y|CAD_124010005:Core CPI m/m|CAD_124010006:Core CPI y/y|CAD_124010007:Retail Sales m/m|CAD_124010008:Core Retail Sales m/m|CAD_124010019:Foreign Securities Purchases|CAD_124010020:Foreign Securities Purchases by Canadians,False,False,False,0.2,,0.2,,,0.0,MISSING,ZERO,,,,,True,1429286400,2015.04.17 16:00:00,1800,True,True,0.001900,True,True,True,True,True,True,False,False,False,False,False,False,excluded_missing_forecast,excluded_missing_forecast,excluded_missing_forecast,excluded_zero_signal,excluded_zero_signal,excluded_zero_signal
USD_CPI_1429284600,1429284600,2015.04.17 15:30:00,2015,CORE_2015_2025,CPI,EURUSD,QUOTE,840030005,CPI m/m,True,"840030005,840030006,840030007,840030008",USD_840030009:CPI n.s.a.|USD_840030010:Core CPI|USD_840030030:Real Earnings m/m|USD_840030033:CPI n.s.a. m/m|USD_840030034:Core CPI n.s.a. m/m|USD_840030035:CPI|USD_840030036:Core CPI n.s.a.|CAD_124010003:CPI m/m|CAD_124010004:CPI y/y|CAD_124010005:Core CPI m/m|CAD_124010006:Core CPI y/y|CAD_124010007:Retail Sales m/m|CAD_124010008:Core Retail Sales m/m|CAD_124010019:Foreign Securities Purchases|CAD_124010020:Foreign Securities Purchases by Canadians,False,False,False,0.2,,0.2,,,0.0,MISSING,ZERO,,,,,True,1429286400,2015.04.17 16:00:00,1800,True,True,0.003107,True,True,True,True,True,True,False,False,False,False,False,False,excluded_missing_forecast,excluded_missing_forecast,excluded_missing_forecast,excluded_zero_signal,excluded_zero_signal,excluded_zero_signal
USD_CPI_1429284600,1429284600,2015.04.17 15:30:00,2015,CORE_2015_2025,CPI,GBPUSD,QUOTE,840030005,CPI m/m,True,"840030005,840030006,840030007,840030008",USD_840030009:CPI n.s.a.|USD_840030010:Core CPI|USD_840030030:Real Earnings m/m|USD_840030033:CPI n.s.a. m/m|USD_840030034:Core CPI n.s.a. m/m|USD_840030035:CPI|USD_840030036:Core CPI n.s.a.|CAD_124010003:CPI m/m|CAD_124010004:CPI y/y|CAD_124010005:Core CPI m/m|CAD_124010006:Core CPI y/y|CAD_124010007:Retail Sales m/m|CAD_124010008:Core Retail Sales m/m|CAD_124010019:Foreign Securities Purchases|CAD_124010020:Foreign Securities Purchases by Canadians,False,False,False,0.2,,0.2,,,0.0,MISSING,ZERO,,,,,True,1429286400,2015.04.17 16:00:00,1800,True,True,0.002695,True,True,True,True,True,True,False,False,False,False,False,False,excluded_missing_forecast,excluded_missing_forecast,excluded_missing_forecast,excluded_zero_signal,excluded_zero_signal,excluded_zero_signal
USD_CPI_1429284600,1429284600,2015.04.17 15:30:00,2015,CORE_2015_2025,CPI,NZDUSD,QUOTE,840030005,CPI m/m,True,"840030005,840030006,840030007,840030008",USD_840030009:CPI n.s.a.|USD_840030010:Core CPI|USD_840030030:Real Earnings m/m|USD_840030033:CPI n.s.a. m/m|USD_840030034:Core CPI n.s.a. m/m|USD_840030035:CPI|USD_840030036:Core CPI n.s.a.|CAD_124010003:CPI m/m|CAD_124010004:CPI y/y|CAD_124010005:Core CPI m/m|CAD_124010006:Core CPI y/y|CAD_124010007:Retail Sales m/m|CAD_124010008:Core Retail Sales m/m|CAD_124010019:Foreign Securities Purchases|CAD_124010020:Foreign Securities Purchases by Canadians,False,False,False,0.2,,0.2,,,0.0,MISSING,ZERO,,,,,True,1429286400,2015.04.17 16:00:00,1800,True,True,0.002023,True,True,True,True,True,True,False,False,False,False,False,False,excluded_missing_forecast,excluded_missing_forecast,excluded_missing_forecast,excluded_zero_signal,excluded_zero_signal,excluded_zero_signal
USD_CPI_1429284600,1429284600,2015.04.17 15:30:00,2015,CORE_2015_2025,CPI,USDCAD,BASE,840030005,CPI m/m,True,"840030005,840030006,840030007,840030008",USD_840030009:CPI n.s.a.|USD_840030010:Core CPI|USD_840030030:Real Earnings m/m|USD_840030033:CPI n.s.a. m/m|USD_840030034:Core CPI n.s.a. m/m|USD_840030035:CPI|USD_840030036:Core CPI n.s.a.|CAD_124010003:CPI m/m|CAD_124010004:CPI y/y|CAD_124010005:Core CPI m/m|CAD_124010006:Core CPI y/y|CAD_124010007:Retail Sales m/m|CAD_124010008:Core Retail Sales m/m|CAD_124010019:Foreign Securities Purchases|CAD_124010020:Foreign Securities Purchases by Canadians,False,False,False,0.2,,0.2,,,0.0,MISSING,ZERO,,,,,True,1429286400,2015.04.17 16:00:00,1800,True,True,0.002513,True,True,True,True,True,True,False,False,False,False,False,False,excluded_missing_forecast,excluded_missing_forecast,excluded_missing_forecast,excluded_zero_signal,excluded_zero_signal,excluded_zero_signal
USD_CPI_1429284600,1429284600,2015.04.17 15:30:00,2015,CORE_2015_2025,CPI,USDCHF,BASE,840030005,CPI m/m,True,"840030005,840030006,840030007,840030008",USD_840030009:CPI n.s.a.|USD_840030010:Core CPI|USD_840030030:Real Earnings m/m|USD_840030033:CPI n.s.a. m/m|USD_840030034:Core CPI n.s.a. m/m|USD_840030035:CPI|USD_840030036:Core CPI n.s.a.|CAD_124010003:CPI m/m|CAD_124010004:CPI y/y|CAD_124010005:Core CPI m/m|CAD_124010006:Core CPI y/y|CAD_124010007:Retail Sales m/m|CAD_124010008:Core Retail Sales m/m|CAD_124010019:Foreign Securities Purchases|CAD_124010020:Foreign Securities Purchases by Canadians,False,False,False,0.2,,0.2,,,0.0,MISSING,ZERO,,,,,True,1429286400,2015.04.17 16:00:00,1800,True,True,0.002149,True,True,True,True,True,True,False,False,False,False,False,False,excluded_missing_forecast,excluded_missing_forecast,excluded_missing_forecast,excluded_zero_signal,excluded_zero_signal,excluded_zero_signal
USD_CPI_1429284600,1429284600,2015.04.17 15:30:00,2015,CORE_2015_2025,CPI,USDJPY,BASE,840030005,CPI m/m,True,"840030005,840030006,840030007,840030008",USD_840030009:CPI n.s.a.|USD_840030010:Core CPI|USD_840030030:Real Earnings m/m|USD_840030033:CPI n.s.a. m/m|USD_840030034:Core CPI n.s.a. m/m|USD_840030035:CPI|USD_840030036:Core CPI n.s.a.|CAD_124010003:CPI m/m|CAD_124010004:CPI y/y|CAD_124010005:Core CPI m/m|CAD_124010006:Core CPI y/y|CAD_124010007:Retail Sales m/m|CAD_124010008:Core Retail Sales m/m|CAD_124010019:Foreign Securities Purchases|CAD_124010020:Foreign Securities Purchases by Canadians,False,False,False,0.2,,0.2,,,0.0,MISSING,ZERO,,,,,True,1429286400,2015.04.17 16:00:00,1800,True,True,0.163496,True,True,True,True,True,True,False,False,False,False,False,False,excluded_missing_forecast,excluded_missing_forecast,excluded_missing_forecast,excluded_zero_signal,excluded_zero_signal,excluded_zero_signal
USD_CPI_1432308600,1432308600,2015.05.22 15:30:00,2015,CORE_2015_2025,CPI,AUDUSD,QUOTE,840030005,CPI m/m,True,"840030005,840030006,840030007,840030008",USD_840030009:CPI n.s.a.|USD_840030010:Core CPI|USD_840030030:Real Earnings m/m|USD_840030033:CPI n.s.a. m/m|USD_840030034:Core CPI n.s.a. m/m|USD_840030035:CPI|USD_840030036:Core CPI n.s.a.|CAD_124010003:CPI m/m|CAD_124010004:CPI y/y|CAD_124010005:Core CPI m/m|CAD_124010006:Core CPI y/y|CAD_124010007:Retail Sales m/m|CAD_124010008:Core Retail Sales m/m,False,False,False,0.1,,0.2,,,-0.1,MISSING,NEGATIVE,,,-1,1,True,1432310400,2015.05.22 16:00:00,1800,True,True,0.001324,True,True,True,True,True,True,False,False,False,True,True,True,excluded_missing_forecast,excluded_missing_forecast,excluded_missing_forecast,,,
USD_CPI_1432308600,1432308600,2015.05.22 15:30:00,2015,CORE_2015_2025,CPI,EURUSD,QUOTE,840030005,CPI m/m,True,"840030005,840030006,840030007,840030008",USD_840030009:CPI n.s.a.|USD_840030010:Core CPI|USD_840030030:Real Earnings m/m|USD_840030033:CPI n.s.a. m/m|USD_840030034:Core CPI n.s.a. m/m|USD_840030035:CPI|USD_840030036:Core CPI n.s.a.|CAD_124010003:CPI m/m|CAD_124010004:CPI y/y|CAD_124010005:Core CPI m/m|CAD_124010006:Core CPI y/y|CAD_124010007:Retail Sales m/m|CAD_124010008:Core Retail Sales m/m,False,False,False,0.1,,0.2,,,-0.1,MISSING,NEGATIVE,,,-1,1,True,1432310400,2015.05.22 16:00:00,1800,True,True,0.002222,True,True,True,True,True,True,False,False,False,True,True,True,excluded_missing_forecast,excluded_missing_forecast,excluded_missing_forecast,,,
USD_CPI_1432308600,1432308600,2015.05.22 15:30:00,2015,CORE_2015_2025,CPI,GBPUSD,QUOTE,840030005,CPI m/m,True,"840030005,840030006,840030007,840030008",USD_840030009:CPI n.s.a.|USD_840030010:Core CPI|USD_840030030:Real Earnings m/m|USD_840030033:CPI n.s.a. m/m|USD_840030034:Core CPI n.s.a. m/m|USD_840030035:CPI|USD_840030036:Core CPI n.s.a.|CAD_124010003:CPI m/m|CAD_124010004:CPI y/y|CAD_124010005:Core CPI m/m|CAD_124010006:Core CPI y/y|CAD_124010007:Retail Sales m/m|CAD_124010008:Core Retail Sales m/m,False,False,False,0.1,,0.2,,,-0.1,MISSING,NEGATIVE,,,-1,1,True,1432310400,2015.05.22 16:00:00,1800,True,True,0.002187,True,True,True,True,True,True,False,False,False,True,True,True,excluded_missing_forecast,excluded_missing_forecast,excluded_missing_forecast,,,
USD_CPI_1432308600,1432308600,2015.05.22 15:30:00,2015,CORE_2015_2025,CPI,NZDUSD,QUOTE,840030005,CPI m/m,True,"840030005,840030006,840030007,840030008",USD_840030009:CPI n.s.a.|USD_840030010:Core CPI|USD_840030030:Real Earnings m/m|USD_840030033:CPI n.s.a. m/m|USD_840030034:Core CPI n.s.a. m/m|USD_840030035:CPI|USD_840030036:Core CPI n.s.a.|CAD_124010003:CPI m/m|CAD_124010004:CPI y/y|CAD_124010005:Core CPI m/m|CAD_124010006:Core CPI y/y|CAD_124010007:Retail Sales m/m|CAD_124010008:Core Retail Sales m/m,False,False,False,0.1,,0.2,,,-0.1,MISSING,NEGATIVE,,,-1,1,True,1432310400,2015.05.22 16:00:00,1800,True,True,0.001462,True,True,True,True,True,True,False,False,False,True,True,True,excluded_missing_forecast,excluded_missing_forecast,excluded_missing_forecast,,,
USD_CPI_1432308600,1432308600,2015.05.22 15:30:00,2015,CORE_2015_2025,CPI,USDCAD,BASE,840030005,CPI m/m,True,"840030005,840030006,840030007,840030008",USD_840030009:CPI n.s.a.|USD_840030010:Core CPI|USD_840030030:Real Earnings m/m|USD_840030033:CPI n.s.a. m/m|USD_840030034:Core CPI n.s.a. m/m|USD_840030035:CPI|USD_840030036:Core CPI n.s.a.|CAD_124010003:CPI m/m|CAD_124010004:CPI y/y|CAD_124010005:Core CPI m/m|CAD_124010006:Core CPI y/y|CAD_124010007:Retail Sales m/m|CAD_124010008:Core Retail Sales m/m,False,False,False,0.1,,0.2,,,-0.1,MISSING,NEGATIVE,,,-1,-1,True,1432310400,2015.05.22 16:00:00,1800,True,True,0.001426,True,True,True,True,True,True,False,False,False,True,True,True,excluded_missing_forecast,excluded_missing_forecast,excluded_missing_forecast,,,
USD_CPI_1432308600,1432308600,2015.05.22 15:30:00,2015,CORE_2015_2025,CPI,USDCHF,BASE,840030005,CPI m/m,True,"840030005,840030006,840030007,840030008",USD_840030009:CPI n.s.a.|USD_840030010:Core CPI|USD_840030030:Real Earnings m/m|USD_840030033:CPI n.s.a. m/m|USD_840030034:Core CPI n.s.a. m/m|USD_840030035:CPI|USD_840030036:Core CPI n.s.a.|CAD_124010003:CPI m/m|CAD_124010004:CPI y/y|CAD_124010005:Core CPI m/m|CAD_124010006:Core CPI y/y|CAD_124010007:Retail Sales m/m|CAD_124010008:Core Retail Sales m/m,False,False,False,0.1,,0.2,,,-0.1,MISSING,NEGATIVE,,,-1,-1,True,1432310400,2015.05.22 16:00:00,1800,True,True,0.001809,True,True,True,True,True,True,False,False,False,True,True,True,excluded_missing_forecast,excluded_missing_forecast,excluded_missing_forecast,,,
USD_CPI_1432308600,1432308600,2015.05.22 15:30:00,2015,CORE_2015_2025,CPI,USDJPY,BASE,840030005,CPI m/m,True,"840030005,840030006,840030007,840030008",USD_840030009:CPI n.s.a.|USD_840030010:Core CPI|USD_840030030:Real Earnings m/m|USD_840030033:CPI n.s.a. m/m|USD_840030034:Core CPI n.s.a. m/m|USD_840030035:CPI|USD_840030036:Core CPI n.s.a.|CAD_124010003:CPI m/m|CAD_124010004:CPI y/y|CAD_124010005:Core CPI m/m|CAD_124010006:Core CPI y/y|CAD_124010007:Retail Sales m/m|CAD_124010008:Core Retail Sales m/m,False,False,False,0.1,,0.2,,,-0.1,MISSING,NEGATIVE,,,-1,-1,True,1432310400,2015.05.22 16:00:00,1800,True,True,0.130934,True,True,True,True,True,True,False,False,False,True,True,True,excluded_missing_forecast,excluded_missing_forecast,excluded_missing_forecast,,,
USD_CPI_1434641400,1434641400,2015.06.18 15:30:00,2015,CORE_2015_2025,CPI,AUDUSD,QUOTE,840030005,CPI m/m,True,"840030005,840030006,840030007,840030008",USD_840010015:Current Account|USD_840030009:CPI n.s.a.|USD_840030010:Core CPI|USD_840030030:Real Earnings m/m|USD_840030033:CPI n.s.a. m/m|USD_840030034:Core CPI n.s.a. m/m|USD_840030035:CPI|USD_840030036:Core CPI n.s.a.|USD_840140001:Initial Jobless Claims|USD_840140002:Continuing Jobless Claims|USD_840140003:Initial Jobless Claims 4-Week Average,False,False,False,0.4,,0.1,,,0.3,MISSING,POSITIVE,,,1,-1,True,1434643200,2015.06.18 16:00:00,1800,True,True,0.002315,True,True,True,True,True,True,False,False,False,True,True,True,excluded_missing_forecast,excluded_missing_forecast,excluded_missing_forecast,,,
USD_CPI_1434641400,1434641400,2015.06.18 15:30:00,2015,CORE_2015_2025,CPI,EURUSD,QUOTE,840030005,CPI m/m,True,"840030005,840030006,840030007,840030008",USD_840010015:Current Account|USD_840030009:CPI n.s.a.|USD_840030010:Core CPI|USD_840030030:Real Earnings m/m|USD_840030033:CPI n.s.a. m/m|USD_840030034:Core CPI n.s.a. m/m|USD_840030035:CPI|USD_840030036:Core CPI n.s.a.|USD_840140001:Initial Jobless Claims|USD_840140002:Continuing Jobless Claims|USD_840140003:Initial Jobless Claims 4-Week Average,False,False,False,0.4,,0.1,,,0.3,MISSING,POSITIVE,,,1,-1,True,1434643200,2015.06.18 16:00:00,1800,True,True,0.002600,True,True,True,True,True,True,False,False,False,True,True,True,excluded_missing_forecast,excluded_missing_forecast,excluded_missing_forecast,,,
USD_CPI_1434641400,1434641400,2015.06.18 15:30:00,2015,CORE_2015_2025,CPI,GBPUSD,QUOTE,840030005,CPI m/m,True,"840030005,840030006,840030007,840030008",USD_840010015:Current Account|USD_840030009:CPI n.s.a.|USD_840030010:Core CPI|USD_840030030:Real Earnings m/m|USD_840030033:CPI n.s.a. m/m|USD_840030034:Core CPI n.s.a. m/m|USD_840030035:CPI|USD_840030036:Core CPI n.s.a.|USD_840140001:Initial Jobless Claims|USD_840140002:Continuing Jobless Claims|USD_840140003:Initial Jobless Claims 4-Week Average,False,False,False,0.4,,0.1,,,0.3,MISSING,POSITIVE,,,1,-1,True,1434643200,2015.06.18 16:00:00,1800,True,True,0.002890,True,True,True,True,True,True,False,False,False,True,True,True,excluded_missing_forecast,excluded_missing_forecast,excluded_missing_forecast,,,
USD_CPI_1434641400,1434641400,2015.06.18 15:30:00,2015,CORE_2015_2025,CPI,NZDUSD,QUOTE,840030005,CPI m/m,True,"840030005,840030006,840030007,840030008",USD_840010015:Current Account|USD_840030009:CPI n.s.a.|USD_840030010:Core CPI|USD_840030030:Real Earnings m/m|USD_840030033:CPI n.s.a. m/m|USD_840030034:Core CPI n.s.a. m/m|USD_840030035:CPI|USD_840030036:Core CPI n.s.a.|USD_840140001:Initial Jobless Claims|USD_840140002:Continuing Jobless Claims|USD_840140003:Initial Jobless Claims 4-Week Average,False,False,False,0.4,,0.1,,,0.3,MISSING,POSITIVE,,,1,-1,True,1434643200,2015.06.18 16:00:00,1800,True,True,0.002364,True,True,True,True,True,True,False,False,False,True,True,True,excluded_missing_forecast,excluded_missing_forecast,excluded_missing_forecast,,,
USD_CPI_1434641400,1434641400,2015.06.18 15:30:00,2015,CORE_2015_2025,CPI,USDCAD,BASE,840030005,CPI m/m,True,"840030005,840030006,840030007,840030008",USD_840010015:Current Account|USD_840030009:CPI n.s.a.|USD_840030010:Core CPI|USD_840030030:Real Earnings m/m|USD_840030033:CPI n.s.a. m/m|USD_840030034:Core CPI n.s.a. m/m|USD_840030035:CPI|USD_840030036:Core CPI n.s.a.|USD_840140001:Initial Jobless Claims|USD_840140002:Continuing Jobless Claims|USD_840140003:Initial Jobless Claims 4-Week Average,False,False,False,0.4,,0.1,,,0.3,MISSING,POSITIVE,,,1,1,True,1434643200,2015.06.18 16:00:00,1800,True,True,0.001767,True,True,True,True,True,True,False,False,False,True,True,True,excluded_missing_forecast,excluded_missing_forecast,excluded_missing_forecast,,,
USD_CPI_1434641400,1434641400,2015.06.18 15:30:00,2015,CORE_2015_2025,CPI,USDCHF,BASE,840030005,CPI m/m,True,"840030005,840030006,840030007,840030008",USD_840010015:Current Account|USD_840030009:CPI n.s.a.|USD_840030010:Core CPI|USD_840030030:Real Earnings m/m|USD_840030033:CPI n.s.a. m/m|USD_840030034:Core CPI n.s.a. m/m|USD_840030035:CPI|USD_840030036:Core CPI n.s.a.|USD_840140001:Initial Jobless Claims|USD_840140002:Continuing Jobless Claims|USD_840140003:Initial Jobless Claims 4-Week Average,False,False,False,0.4,,0.1,,,0.3,MISSING,POSITIVE,,,1,1,True,1434643200,2015.06.18 16:00:00,1800,True,True,0.002142,True,True,True,True,True,True,False,False,False,True,True,True,excluded_missing_forecast,excluded_missing_forecast,excluded_missing_forecast,,,
USD_CPI_1434641400,1434641400,2015.06.18 15:30:00,2015,CORE_2015_2025,CPI,USDJPY,BASE,840030005,CPI m/m,True,"840030005,840030006,840030007,840030008",USD_840010015:Current Account|USD_840030009:CPI n.s.a.|USD_840030010:Core CPI|USD_840030030:Real Earnings m/m|USD_840030033:CPI n.s.a. m/m|USD_840030034:Core CPI n.s.a. m/m|USD_840030035:CPI|USD_840030036:Core CPI n.s.a.|USD_840140001:Initial Jobless Claims|USD_840140002:Continuing Jobless Claims|USD_840140003:Initial Jobless Claims 4-Week Average,False,False,False,0.4,,0.1,,,0.3,MISSING,POSITIVE,,,1,1,True,1434643200,2015.06.18 16:00:00,1800,True,True,0.191858,True,True,True,True,True,True,False,False,False,True,True,True,excluded_missing_forecast,excluded_missing_forecast,excluded_missing_forecast,,,
USD_CPI_1437147000,1437147000,2015.07.17 15:30:00,2015,CORE_2015_2025,CPI,AUDUSD,QUOTE,840030005,CPI m/m,True,"840030005,840030006,840030007,840030008",USD_840020004:Housing Starts|USD_840020005:Building Permits|USD_840030009:CPI n.s.a.|USD_840030010:Core CPI|USD_840030030:Real Earnings m/m|USD_840030033:CPI n.s.a. m/m|USD_840030034:Core CPI n.s.a. m/m|USD_840030035:CPI|USD_840030036:Core CPI n.s.a.|CAD_124010003:CPI m/m|CAD_124010004:CPI y/y|CAD_124010005:Core CPI m/m|CAD_124010006:Core CPI y/y,False,False,False,0.3,,0.4,,,-0.1,MISSING,NEGATIVE,,,-1,1,True,1437148800,2015.07.17 16:00:00,1800,True,True,0.001277,True,True,True,True,True,True,False,False,False,True,True,True,excluded_missing_forecast,excluded_missing_forecast,excluded_missing_forecast,,,
USD_CPI_1437147000,1437147000,2015.07.17 15:30:00,2015,CORE_2015_2025,CPI,EURUSD,QUOTE,840030005,CPI m/m,True,"840030005,840030006,840030007,840030008",USD_840020004:Housing Starts|USD_840020005:Building Permits|USD_840030009:CPI n.s.a.|USD_840030010:Core CPI|USD_840030030:Real Earnings m/m|USD_840030033:CPI n.s.a. m/m|USD_840030034:Core CPI n.s.a. m/m|USD_840030035:CPI|USD_840030036:Core CPI n.s.a.|CAD_124010003:CPI m/m|CAD_124010004:CPI y/y|CAD_124010005:Core CPI m/m|CAD_124010006:Core CPI y/y,False,False,False,0.3,,0.4,,,-0.1,MISSING,NEGATIVE,,,-1,1,True,1437148800,2015.07.17 16:00:00,1800,True,True,0.001754,True,True,True,True,True,True,False,False,False,True,True,True,excluded_missing_forecast,excluded_missing_forecast,excluded_missing_forecast,,,
USD_CPI_1437147000,1437147000,2015.07.17 15:30:00,2015,CORE_2015_2025,CPI,GBPUSD,QUOTE,840030005,CPI m/m,True,"840030005,840030006,840030007,840030008",USD_840020004:Housing Starts|USD_840020005:Building Permits|USD_840030009:CPI n.s.a.|USD_840030010:Core CPI|USD_840030030:Real Earnings m/m|USD_840030033:CPI n.s.a. m/m|USD_840030034:Core CPI n.s.a. m/m|USD_840030035:CPI|USD_840030036:Core CPI n.s.a.|CAD_124010003:CPI m/m|CAD_124010004:CPI y/y|CAD_124010005:Core CPI m/m|CAD_124010006:Core CPI y/y,False,False,False,0.3,,0.4,,,-0.1,MISSING,NEGATIVE,,,-1,1,True,1437148800,2015.07.17 16:00:00,1800,True,True,0.002079,True,True,True,True,True,True,False,False,False,True,True,True,excluded_missing_forecast,excluded_missing_forecast,excluded_missing_forecast,,,
USD_CPI_1437147000,1437147000,2015.07.17 15:30:00,2015,CORE_2015_2025,CPI,NZDUSD,QUOTE,840030005,CPI m/m,True,"840030005,840030006,840030007,840030008",USD_840020004:Housing Starts|USD_840020005:Building Permits|USD_840030009:CPI n.s.a.|USD_840030010:Core CPI|USD_840030030:Real Earnings m/m|USD_840030033:CPI n.s.a. m/m|USD_840030034:Core CPI n.s.a. m/m|USD_840030035:CPI|USD_840030036:Core CPI n.s.a.|CAD_124010003:CPI m/m|CAD_124010004:CPI y/y|CAD_124010005:Core CPI m/m|CAD_124010006:Core CPI y/y,False,False,False,0.3,,0.4,,,-0.1,MISSING,NEGATIVE,,,-1,1,True,1437148800,2015.07.17 16:00:00,1800,True,True,0.001255,True,True,True,True,True,True,False,False,False,True,True,True,excluded_missing_forecast,excluded_missing_forecast,excluded_missing_forecast,,,
USD_CPI_1437147000,1437147000,2015.07.17 15:30:00,2015,CORE_2015_2025,CPI,USDCAD,BASE,840030005,CPI m/m,True,"840030005,840030006,840030007,840030008",USD_840020004:Housing Starts|USD_840020005:Building Permits|USD_840030009:CPI n.s.a.|USD_840030010:Core CPI|USD_840030030:Real Earnings m/m|USD_840030033:CPI n.s.a. m/m|USD_840030034:Core CPI n.s.a. m/m|USD_840030035:CPI|USD_840030036:Core CPI n.s.a.|CAD_124010003:CPI m/m|CAD_124010004:CPI y/y|CAD_124010005:Core CPI m/m|CAD_124010006:Core CPI y/y,False,False,False,0.3,,0.4,,,-0.1,MISSING,NEGATIVE,,,-1,-1,True,1437148800,2015.07.17 16:00:00,1800,True,True,0.001404,True,True,True,True,True,True,False,False,False,True,True,True,excluded_missing_forecast,excluded_missing_forecast,excluded_missing_forecast,,,
USD_CPI_1437147000,1437147000,2015.07.17 15:30:00,2015,CORE_2015_2025,CPI,USDCHF,BASE,840030005,CPI m/m,True,"840030005,840030006,840030007,840030008",USD_840020004:Housing Starts|USD_840020005:Building Permits|USD_840030009:CPI n.s.a.|USD_840030010:Core CPI|USD_840030030:Real Earnings m/m|USD_840030033:CPI n.s.a. m/m|USD_840030034:Core CPI n.s.a. m/m|USD_840030035:CPI|USD_840030036:Core CPI n.s.a.|CAD_124010003:CPI m/m|CAD_124010004:CPI y/y|CAD_124010005:Core CPI m/m|CAD_124010006:Core CPI y/y,False,False,False,0.3,,0.4,,,-0.1,MISSING,NEGATIVE,,,-1,-1,True,1437148800,2015.07.17 16:00:00,1800,True,True,0.001399,True,True,True,True,True,True,False,False,False,True,True,True,excluded_missing_forecast,excluded_missing_forecast,excluded_missing_forecast,,,
USD_CPI_1437147000,1437147000,2015.07.17 15:30:00,2015,CORE_2015_2025,CPI,USDJPY,BASE,840030005,CPI m/m,True,"840030005,840030006,840030007,840030008",USD_840020004:Housing Starts|USD_840020005:Building Permits|USD_840030009:CPI n.s.a.|USD_840030010:Core CPI|USD_840030030:Real Earnings m/m|USD_840030033:CPI n.s.a. m/m|USD_840030034:Core CPI n.s.a. m/m|USD_840030035:CPI|USD_840030036:Core CPI n.s.a.|CAD_124010003:CPI m/m|CAD_124010004:CPI y/y|CAD_124010005:Core CPI m/m|CAD_124010006:Core CPI y/y,False,False,False,0.3,,0.4,,,-0.1,MISSING,NEGATIVE,,,-1,-1,True,1437148800,2015.07.17 16:00:00,1800,True,True,0.089725,True,True,True,True,True,True,False,False,False,True,True,True,excluded_missing_forecast,excluded_missing_forecast,excluded_missing_forecast,,,
USD_CPI_1439998200,1439998200,2015.08.19 15:30:00,2015,CORE_2015_2025,CPI,AUDUSD,QUOTE,840030005,CPI m/m,True,"840030005,840030006,840030007,840030008",USD_840030009:CPI n.s.a.|USD_840030010:Core CPI|USD_840030030:Real Earnings m/m|USD_840030033:CPI n.s.a. m/m|USD_840030034:Core CPI n.s.a. m/m|USD_840030035:CPI|USD_840030036:Core CPI n.s.a.,False,False,False,0.1,,0.3,,,-0.2,MISSING,NEGATIVE,,,-1,1,True,1440000000,2015.08.19 16:00:00,1800,True,True,0.001147,True,True,True,True,True,True,False,False,False,True,True,True,excluded_missing_forecast,excluded_missing_forecast,excluded_missing_forecast,,,
USD_CPI_1439998200,1439998200,2015.08.19 15:30:00,2015,CORE_2015_2025,CPI,EURUSD,QUOTE,840030005,CPI m/m,True,"840030005,840030006,840030007,840030008",USD_840030009:CPI n.s.a.|USD_840030010:Core CPI|USD_840030030:Real Earnings m/m|USD_840030033:CPI n.s.a. m/m|USD_840030034:Core CPI n.s.a. m/m|USD_840030035:CPI|USD_840030036:Core CPI n.s.a.,False,False,False,0.1,,0.3,,,-0.2,MISSING,NEGATIVE,,,-1,1,True,1440000000,2015.08.19 16:00:00,1800,True,True,0.001413,True,True,True,True,True,True,False,False,False,True,True,True,excluded_missing_forecast,excluded_missing_forecast,excluded_missing_forecast,,,
USD_CPI_1439998200,1439998200,2015.08.19 15:30:00,2015,CORE_2015_2025,CPI,GBPUSD,QUOTE,840030005,CPI m/m,True,"840030005,840030006,840030007,840030008",USD_840030009:CPI n.s.a.|USD_840030010:Core CPI|USD_840030030:Real Earnings m/m|USD_840030033:CPI n.s.a. m/m|USD_840030034:Core CPI n.s.a. m/m|USD_840030035:CPI|USD_840030036:Core CPI n.s.a.,False,False,False,0.1,,0.3,,,-0.2,MISSING,NEGATIVE,,,-1,1,True,1440000000,2015.08.19 16:00:00,1800,True,True,0.001514,True,True,True,True,True,True,False,False,False,True,True,True,excluded_missing_forecast,excluded_missing_forecast,excluded_missing_forecast,,,
USD_CPI_1439998200,1439998200,2015.08.19 15:30:00,2015,CORE_2015_2025,CPI,NZDUSD,QUOTE,840030005,CPI m/m,True,"840030005,840030006,840030007,840030008",USD_840030009:CPI n.s.a.|USD_840030010:Core CPI|USD_840030030:Real Earnings m/m|USD_840030033:CPI n.s.a. m/m|USD_840030034:Core CPI n.s.a. m/m|USD_840030035:CPI|USD_840030036:Core CPI n.s.a.,False,False,False,0.1,,0.3,,,-0.2,MISSING,NEGATIVE,,,-1,1,True,1440000000,2015.08.19 16:00:00,1800,True,True,0.001127,True,True,True,True,True,True,False,False,False,True,True,True,excluded_missing_forecast,excluded_missing_forecast,excluded_missing_forecast,,,
USD_CPI_1439998200,1439998200,2015.08.19 15:30:00,2015,CORE_2015_2025,CPI,USDCAD,BASE,840030005,CPI m/m,True,"840030005,840030006,840030007,840030008",USD_840030009:CPI n.s.a.|USD_840030010:Core CPI|USD_840030030:Real Earnings m/m|USD_840030033:CPI n.s.a. m/m|USD_840030034:Core CPI n.s.a. m/m|USD_840030035:CPI|USD_840030036:Core CPI n.s.a.,False,False,False,0.1,,0.3,,,-0.2,MISSING,NEGATIVE,,,-1,-1,True,1440000000,2015.08.19 16:00:00,1800,True,True,0.001587,True,True,True,True,True,True,False,False,False,True,True,True,excluded_missing_forecast,excluded_missing_forecast,excluded_missing_forecast,,,
USD_CPI_1439998200,1439998200,2015.08.19 15:30:00,2015,CORE_2015_2025,CPI,USDCHF,BASE,840030005,CPI m/m,True,"840030005,840030006,840030007,840030008",USD_840030009:CPI n.s.a.|USD_840030010:Core CPI|USD_840030030:Real Earnings m/m|USD_840030033:CPI n.s.a. m/m|USD_840030034:Core CPI n.s.a. m/m|USD_840030035:CPI|USD_840030036:Core CPI n.s.a.,False,False,False,0.1,,0.3,,,-0.2,MISSING,NEGATIVE,,,-1,-1,True,1440000000,2015.08.19 16:00:00,1800,True,True,0.001232,True,True,True,True,True,True,False,False,False,True,True,True,excluded_missing_forecast,excluded_missing_forecast,excluded_missing_forecast,,,
USD_CPI_1439998200,1439998200,2015.08.19 15:30:00,2015,CORE_2015_2025,CPI,USDJPY,BASE,840030005,CPI m/m,True,"840030005,840030006,840030007,840030008",USD_840030009:CPI n.s.a.|USD_840030010:Core CPI|USD_840030030:Real Earnings m/m|USD_840030033:CPI n.s.a. m/m|USD_840030034:Core CPI n.s.a. m/m|USD_840030035:CPI|USD_840030036:Core CPI n.s.a.,False,False,False,0.1,,0.3,,,-0.2,MISSING,NEGATIVE,,,-1,-1,True,1440000000,2015.08.19 16:00:00,1800,True,True,0.081934,True,True,True,True,True,True,False,False,False,True,True,True,excluded_missing_forecast,excluded_missing_forecast,excluded_missing_forecast,,,
USD_CPI_1442417400,1442417400,2015.09.16 15:30:00,2015,CORE_2015_2025,CPI,AUDUSD,QUOTE,840030005,CPI m/m,True,"840030005,840030006,840030007,840030008",USD_840030009:CPI n.s.a.|USD_840030010:Core CPI|USD_840030030:Real Earnings m/m|USD_840030033:CPI n.s.a. m/m|USD_840030034:Core CPI n.s.a. m/m|USD_840030035:CPI|USD_840030036:Core CPI n.s.a.|CAD_124010019:Foreign Securities Purchases|CAD_124010020:Foreign Securities Purchases by Canadians|CAD_124010029:Manufacturing Sales m/m,False,False,False,-0.1,,0.1,,,-0.2,MISSING,NEGATIVE,,,-1,1,True,1442419200,2015.09.16 16:00:00,1800,True,True,0.001451,True,True,True,True,True,True,False,False,False,True,True,True,excluded_missing_forecast,excluded_missing_forecast,excluded_missing_forecast,,,
USD_CPI_1442417400,1442417400,2015.09.16 15:30:00,2015,CORE_2015_2025,CPI,EURUSD,QUOTE,840030005,CPI m/m,True,"840030005,840030006,840030007,840030008",USD_840030009:CPI n.s.a.|USD_840030010:Core CPI|USD_840030030:Real Earnings m/m|USD_840030033:CPI n.s.a. m/m|USD_840030034:Core CPI n.s.a. m/m|USD_840030035:CPI|USD_840030036:Core CPI n.s.a.|CAD_124010019:Foreign Securities Purchases|CAD_124010020:Foreign Securities Purchases by Canadians|CAD_124010029:Manufacturing Sales m/m,False,False,False,-0.1,,0.1,,,-0.2,MISSING,NEGATIVE,,,-1,1,True,1442419200,2015.09.16 16:00:00,1800,True,True,0.001720,True,True,True,True,True,True,False,False,False,True,True,True,excluded_missing_forecast,excluded_missing_forecast,excluded_missing_forecast,,,
USD_CPI_1442417400,1442417400,2015.09.16 15:30:00,2015,CORE_2015_2025,CPI,GBPUSD,QUOTE,840030005,CPI m/m,True,"840030005,840030006,840030007,840030008",USD_840030009:CPI n.s.a.|USD_840030010:Core CPI|USD_840030030:Real Earnings m/m|USD_840030033:CPI n.s.a. m/m|USD_840030034:Core CPI n.s.a. m/m|USD_840030035:CPI|USD_840030036:Core CPI n.s.a.|CAD_124010019:Foreign Securities Purchases|CAD_124010020:Foreign Securities Purchases by Canadians|CAD_124010029:Manufacturing Sales m/m,False,False,False,-0.1,,0.1,,,-0.2,MISSING,NEGATIVE,,,-1,1,True,1442419200,2015.09.16 16:00:00,1800,True,True,0.002031,True,True,True,True,True,True,False,False,False,True,True,True,excluded_missing_forecast,excluded_missing_forecast,excluded_missing_forecast,,,
USD_CPI_1442417400,1442417400,2015.09.16 15:30:00,2015,CORE_2015_2025,CPI,NZDUSD,QUOTE,840030005,CPI m/m,True,"840030005,840030006,840030007,840030008",USD_840030009:CPI n.s.a.|USD_840030010:Core CPI|USD_840030030:Real Earnings m/m|USD_840030033:CPI n.s.a. m/m|USD_840030034:Core CPI n.s.a. m/m|USD_840030035:CPI|USD_840030036:Core CPI n.s.a.|CAD_124010019:Foreign Securities Purchases|CAD_124010020:Foreign Securities Purchases by Canadians|CAD_124010029:Manufacturing Sales m/m,False,False,False,-0.1,,0.1,,,-0.2,MISSING,NEGATIVE,,,-1,1,True,1442419200,2015.09.16 16:00:00,1800,True,True,0.001401,True,True,True,True,True,True,False,False,False,True,True,True,excluded_missing_forecast,excluded_missing_forecast,excluded_missing_forecast,,,
USD_CPI_1442417400,1442417400,2015.09.16 15:30:00,2015,CORE_2015_2025,CPI,USDCAD,BASE,840030005,CPI m/m,True,"840030005,840030006,840030007,840030008",USD_840030009:CPI n.s.a.|USD_840030010:Core CPI|USD_840030030:Real Earnings m/m|USD_840030033:CPI n.s.a. m/m|USD_840030034:Core CPI n.s.a. m/m|USD_840030035:CPI|USD_840030036:Core CPI n.s.a.|CAD_124010019:Foreign Securities Purchases|CAD_124010020:Foreign Securities Purchases by Canadians|CAD_124010029:Manufacturing Sales m/m,False,False,False,-0.1,,0.1,,,-0.2,MISSING,NEGATIVE,,,-1,-1,True,1442419200,2015.09.16 16:00:00,1800,True,True,0.001505,True,True,True,True,True,True,False,False,False,True,True,True,excluded_missing_forecast,excluded_missing_forecast,excluded_missing_forecast,,,
USD_CPI_1442417400,1442417400,2015.09.16 15:30:00,2015,CORE_2015_2025,CPI,USDCHF,BASE,840030005,CPI m/m,True,"840030005,840030006,840030007,840030008",USD_840030009:CPI n.s.a.|USD_840030010:Core CPI|USD_840030030:Real Earnings m/m|USD_840030033:CPI n.s.a. m/m|USD_840030034:Core CPI n.s.a. m/m|USD_840030035:CPI|USD_840030036:Core CPI n.s.a.|CAD_124010019:Foreign Securities Purchases|CAD_124010020:Foreign Securities Purchases by Canadians|CAD_124010029:Manufacturing Sales m/m,False,False,False,-0.1,,0.1,,,-0.2,MISSING,NEGATIVE,,,-1,-1,True,1442419200,2015.09.16 16:00:00,1800,True,True,0.001575,True,True,True,True,True,True,False,False,False,True,True,True,excluded_missing_forecast,excluded_missing_forecast,excluded_missing_forecast,,,
USD_CPI_1442417400,1442417400,2015.09.16 15:30:00,2015,CORE_2015_2025,CPI,USDJPY,BASE,840030005,CPI m/m,True,"840030005,840030006,840030007,840030008",USD_840030009:CPI n.s.a.|USD_840030010:Core CPI|USD_840030030:Real Earnings m/m|USD_840030033:CPI n.s.a. m/m|USD_840030034:Core CPI n.s.a. m/m|USD_840030035:CPI|USD_840030036:Core CPI n.s.a.|CAD_124010019:Foreign Securities Purchases|CAD_124010020:Foreign Securities Purchases by Canadians|CAD_124010029:Manufacturing Sales m/m,False,False,False,-0.1,,0.1,,,-0.2,MISSING,NEGATIVE,,,-1,-1,True,1442419200,2015.09.16 16:00:00,1800,True,True,0.159551,True,True,True,True,True,True,False,False,False,True,True,True,excluded_missing_forecast,excluded_missing_forecast,excluded_missing_forecast,,,
USD_CPI_1444923000,1444923000,2015.10.15 15:30:00,2015,CORE_2015_2025,CPI,AUDUSD,QUOTE,840030005,CPI m/m,True,"840030005,840030006,840030007,840030008",USD_840030009:CPI n.s.a.|USD_840030010:Core CPI|USD_840030030:Real Earnings m/m|USD_840030033:CPI n.s.a. m/m|USD_840030034:Core CPI n.s.a. m/m|USD_840030035:CPI|USD_840030036:Core CPI n.s.a.|USD_840140001:Initial Jobless Claims|USD_840140002:Continuing Jobless Claims|USD_840140003:Initial Jobless Claims 4-Week Average|USD_840230001:NY Fed Empire State Manufacturing Index,False,False,False,-0.2,,-0.1,,,-0.1,MISSING,NEGATIVE,,,-1,1,True,1444924800,2015.10.15 16:00:00,1800,True,True,0.002252,True,True,True,True,True,True,False,False,False,True,True,True,excluded_missing_forecast,excluded_missing_forecast,excluded_missing_forecast,,,
USD_CPI_1444923000,1444923000,2015.10.15 15:30:00,2015,CORE_2015_2025,CPI,EURUSD,QUOTE,840030005,CPI m/m,True,"840030005,840030006,840030007,840030008",USD_840030009:CPI n.s.a.|USD_840030010:Core CPI|USD_840030030:Real Earnings m/m|USD_840030033:CPI n.s.a. m/m|USD_840030034:Core CPI n.s.a. m/m|USD_840030035:CPI|USD_840030036:Core CPI n.s.a.|USD_840140001:Initial Jobless Claims|USD_840140002:Continuing Jobless Claims|USD_840140003:Initial Jobless Claims 4-Week Average|USD_840230001:NY Fed Empire State Manufacturing Index,False,False,False,-0.2,,-0.1,,,-0.1,MISSING,NEGATIVE,,,-1,1,True,1444924800,2015.10.15 16:00:00,1800,True,True,0.001781,True,True,True,True,True,True,False,False,False,True,True,True,excluded_missing_forecast,excluded_missing_forecast,excluded_missing_forecast,,,
USD_CPI_1444923000,1444923000,2015.10.15 15:30:00,2015,CORE_2015_2025,CPI,GBPUSD,QUOTE,840030005,CPI m/m,True,"840030005,840030006,840030007,840030008",USD_840030009:CPI n.s.a.|USD_840030010:Core CPI|USD_840030030:Real Earnings m/m|USD_840030033:CPI n.s.a. m/m|USD_840030034:Core CPI n.s.a. m/m|USD_840030035:CPI|USD_840030036:Core CPI n.s.a.|USD_840140001:Initial Jobless Claims|USD_840140002:Continuing Jobless Claims|USD_840140003:Initial Jobless Claims 4-Week Average|USD_840230001:NY Fed Empire State Manufacturing Index,False,False,False,-0.2,,-0.1,,,-0.1,MISSING,NEGATIVE,,,-1,1,True,1444924800,2015.10.15 16:00:00,1800,True,True,0.002115,True,True,True,True,True,True,False,False,False,True,True,True,excluded_missing_forecast,excluded_missing_forecast,excluded_missing_forecast,,,
USD_CPI_1444923000,1444923000,2015.10.15 15:30:00,2015,CORE_2015_2025,CPI,NZDUSD,QUOTE,840030005,CPI m/m,True,"840030005,840030006,840030007,840030008",USD_840030009:CPI n.s.a.|USD_840030010:Core CPI|USD_840030030:Real Earnings m/m|USD_840030033:CPI n.s.a. m/m|USD_840030034:Core CPI n.s.a. m/m|USD_840030035:CPI|USD_840030036:Core CPI n.s.a.|USD_840140001:Initial Jobless Claims|USD_840140002:Continuing Jobless Claims|USD_840140003:Initial Jobless Claims 4-Week Average|USD_840230001:NY Fed Empire State Manufacturing Index,False,False,False,-0.2,,-0.1,,,-0.1,MISSING,NEGATIVE,,,-1,1,True,1444924800,2015.10.15 16:00:00,1800,True,True,0.002216,True,True,True,True,True,True,False,False,False,True,True,True,excluded_missing_forecast,excluded_missing_forecast,excluded_missing_forecast,,,
USD_CPI_1444923000,1444923000,2015.10.15 15:30:00,2015,CORE_2015_2025,CPI,USDCAD,BASE,840030005,CPI m/m,True,"840030005,840030006,840030007,840030008",USD_840030009:CPI n.s.a.|USD_840030010:Core CPI|USD_840030030:Real Earnings m/m|USD_840030033:CPI n.s.a. m/m|USD_840030034:Core CPI n.s.a. m/m|USD_840030035:CPI|USD_840030036:Core CPI n.s.a.|USD_840140001:Initial Jobless Claims|USD_840140002:Continuing Jobless Claims|USD_840140003:Initial Jobless Claims 4-Week Average|USD_840230001:NY Fed Empire State Manufacturing Index,False,False,False,-0.2,,-0.1,,,-0.1,MISSING,NEGATIVE,,,-1,-1,True,1444924800,2015.10.15 16:00:00,1800,True,True,0.001969,True,True,True,True,True,True,False,False,False,True,True,True,excluded_missing_forecast,excluded_missing_forecast,excluded_missing_forecast,,,
USD_CPI_1444923000,1444923000,2015.10.15 15:30:00,2015,CORE_2015_2025,CPI,USDCHF,BASE,840030005,CPI m/m,True,"840030005,840030006,840030007,840030008",USD_840030009:CPI n.s.a.|USD_840030010:Core CPI|USD_840030030:Real Earnings m/m|USD_840030033:CPI n.s.a. m/m|USD_840030034:Core CPI n.s.a. m/m|USD_840030035:CPI|USD_840030036:Core CPI n.s.a.|USD_840140001:Initial Jobless Claims|USD_840140002:Continuing Jobless Claims|USD_840140003:Initial Jobless Claims 4-Week Average|USD_840230001:NY Fed Empire State Manufacturing Index,False,False,False,-0.2,,-0.1,,,-0.1,MISSING,NEGATIVE,,,-1,-1,True,1444924800,2015.10.15 16:00:00,1800,True,True,0.001539,True,True,True,True,True,True,False,False,False,True,True,True,excluded_missing_forecast,excluded_missing_forecast,excluded_missing_forecast,,,
USD_CPI_1444923000,1444923000,2015.10.15 15:30:00,2015,CORE_2015_2025,CPI,USDJPY,BASE,840030005,CPI m/m,True,"840030005,840030006,840030007,840030008",USD_840030009:CPI n.s.a.|USD_840030010:Core CPI|USD_840030030:Real Earnings m/m|USD_840030033:CPI n.s.a. m/m|USD_840030034:Core CPI n.s.a. m/m|USD_840030035:CPI|USD_840030036:Core CPI n.s.a.|USD_840140001:Initial Jobless Claims|USD_840140002:Continuing Jobless Claims|USD_840140003:Initial Jobless Claims 4-Week Average|USD_840230001:NY Fed Empire State Manufacturing Index,False,False,False,-0.2,,-0.1,,,-0.1,MISSING,NEGATIVE,,,-1,-1,True,1444924800,2015.10.15 16:00:00,1800,True,True,0.210818,True,True,True,True,True,True,False,False,False,True,True,True,excluded_missing_forecast,excluded_missing_forecast,excluded_missing_forecast,,,
USD_CPI_1447777800,1447777800,2015.11.17 16:30:00,2015,CORE_2015_2025,CPI,AUDUSD,QUOTE,840030005,CPI m/m,True,"840030005,840030006,840030007,840030008",USD_840030009:CPI n.s.a.|USD_840030010:Core CPI|USD_840030030:Real Earnings m/m|USD_840030033:CPI n.s.a. m/m|USD_840030034:Core CPI n.s.a. m/m|USD_840030035:CPI|USD_840030036:Core CPI n.s.a.,False,False,False,0.2,,-0.2,,,0.4,MISSING,POSITIVE,,,1,-1,True,1447779600,2015.11.17 17:00:00,1800,True,True,0.001259,True,True,True,True,True,True,False,False,False,True,True,True,excluded_missing_forecast,excluded_missing_forecast,excluded_missing_forecast,,,
USD_CPI_1447777800,1447777800,2015.11.17 16:30:00,2015,CORE_2015_2025,CPI,EURUSD,QUOTE,840030005,CPI m/m,True,"840030005,840030006,840030007,840030008",USD_840030009:CPI n.s.a.|USD_840030010:Core CPI|USD_840030030:Real Earnings m/m|USD_840030033:CPI n.s.a. m/m|USD_840030034:Core CPI n.s.a. m/m|USD_840030035:CPI|USD_840030036:Core CPI n.s.a.,False,False,False,0.2,,-0.2,,,0.4,MISSING,POSITIVE,,,1,-1,True,1447779600,2015.11.17 17:00:00,1800,True,True,0.001637,True,True,True,True,True,True,False,False,False,True,True,True,excluded_missing_forecast,excluded_missing_forecast,excluded_missing_forecast,,,
USD_CPI_1447777800,1447777800,2015.11.17 16:30:00,2015,CORE_2015_2025,CPI,GBPUSD,QUOTE,840030005,CPI m/m,True,"840030005,840030006,840030007,840030008",USD_840030009:CPI n.s.a.|USD_840030010:Core CPI|USD_840030030:Real Earnings m/m|USD_840030033:CPI n.s.a. m/m|USD_840030034:Core CPI n.s.a. m/m|USD_840030035:CPI|USD_840030036:Core CPI n.s.a.,False,False,False,0.2,,-0.2,,,0.4,MISSING,POSITIVE,,,1,-1,True,1447779600,2015.11.17 17:00:00,1800,True,True,0.001649,True,True,True,True,True,True,False,False,False,True,True,True,excluded_missing_forecast,excluded_missing_forecast,excluded_missing_forecast,,,
USD_CPI_1447777800,1447777800,2015.11.17 16:30:00,2015,CORE_2015_2025,CPI,NZDUSD,QUOTE,840030005,CPI m/m,True,"840030005,840030006,840030007,840030008",USD_840030009:CPI n.s.a.|USD_840030010:Core CPI|USD_840030030:Real Earnings m/m|USD_840030033:CPI n.s.a. m/m|USD_840030034:Core CPI n.s.a. m/m|USD_840030035:CPI|USD_840030036:Core CPI n.s.a.,False,False,False,0.2,,-0.2,,,0.4,MISSING,POSITIVE,,,1,-1,True,1447779600,2015.11.17 17:00:00,1800,True,True,0.001342,True,True,True,True,True,True,False,False,False,True,True,True,excluded_missing_forecast,excluded_missing_forecast,excluded_missing_forecast,,,
USD_CPI_1447777800,1447777800,2015.11.17 16:30:00,2015,CORE_2015_2025,CPI,USDCAD,BASE,840030005,CPI m/m,True,"840030005,840030006,840030007,840030008",USD_840030009:CPI n.s.a.|USD_840030010:Core CPI|USD_840030030:Real Earnings m/m|USD_840030033:CPI n.s.a. m/m|USD_840030034:Core CPI n.s.a. m/m|USD_840030035:CPI|USD_840030036:Core CPI n.s.a.,False,False,False,0.2,,-0.2,,,0.4,MISSING,POSITIVE,,,1,1,True,1447779600,2015.11.17 17:00:00,1800,True,True,0.001724,True,True,True,True,True,True,False,False,False,True,True,True,excluded_missing_forecast,excluded_missing_forecast,excluded_missing_forecast,,,
USD_CPI_1447777800,1447777800,2015.11.17 16:30:00,2015,CORE_2015_2025,CPI,USDCHF,BASE,840030005,CPI m/m,True,"840030005,840030006,840030007,840030008",USD_840030009:CPI n.s.a.|USD_840030010:Core CPI|USD_840030030:Real Earnings m/m|USD_840030033:CPI n.s.a. m/m|USD_840030034:Core CPI n.s.a. m/m|USD_840030035:CPI|USD_840030036:Core CPI n.s.a.,False,False,False,0.2,,-0.2,,,0.4,MISSING,POSITIVE,,,1,1,True,1447779600,2015.11.17 17:00:00,1800,True,True,0.001276,True,True,True,True,True,True,False,False,False,True,True,True,excluded_missing_forecast,excluded_missing_forecast,excluded_missing_forecast,,,
USD_CPI_1447777800,1447777800,2015.11.17 16:30:00,2015,CORE_2015_2025,CPI,USDJPY,BASE,840030005,CPI m/m,True,"840030005,840030006,840030007,840030008",USD_840030009:CPI n.s.a.|USD_840030010:Core CPI|USD_840030030:Real Earnings m/m|USD_840030033:CPI n.s.a. m/m|USD_840030034:Core CPI n.s.a. m/m|USD_840030035:CPI|USD_840030036:Core CPI n.s.a.,False,False,False,0.2,,-0.2,,,0.4,MISSING,POSITIVE,,,1,1,True,1447779600,2015.11.17 17:00:00,1800,True,True,0.114339,True,True,True,True,True,True,False,False,False,True,True,True,excluded_missing_forecast,excluded_missing_forecast,excluded_missing_forecast,,,
USD_CPI_1450197000,1450197000,2015.12.15 16:30:00,2015,CORE_2015_2025,CPI,AUDUSD,QUOTE,840030005,CPI m/m,True,"840030005,840030006,840030007,840030008",USD_840030009:CPI n.s.a.|USD_840030010:Core CPI|USD_840030030:Real Earnings m/m|USD_840030033:CPI n.s.a. m/m|USD_840030034:Core CPI n.s.a. m/m|USD_840030035:CPI|USD_840030036:Core CPI n.s.a.|USD_840230001:NY Fed Empire State Manufacturing Index|CAD_124010029:Manufacturing Sales m/m,False,False,False,0.0,,0.2,,,-0.2,MISSING,NEGATIVE,,,-1,1,True,1450198800,2015.12.15 17:00:00,1800,True,True,0.001866,True,True,True,True,True,True,False,False,False,True,True,True,excluded_missing_forecast,excluded_missing_forecast,excluded_missing_forecast,,,
USD_CPI_1450197000,1450197000,2015.12.15 16:30:00,2015,CORE_2015_2025,CPI,EURUSD,QUOTE,840030005,CPI m/m,True,"840030005,840030006,840030007,840030008",USD_840030009:CPI n.s.a.|USD_840030010:Core CPI|USD_840030030:Real Earnings m/m|USD_840030033:CPI n.s.a. m/m|USD_840030034:Core CPI n.s.a. m/m|USD_840030035:CPI|USD_840030036:Core CPI n.s.a.|USD_840230001:NY Fed Empire State Manufacturing Index|CAD_124010029:Manufacturing Sales m/m,False,False,False,0.0,,0.2,,,-0.2,MISSING,NEGATIVE,,,-1,1,True,1450198800,2015.12.15 17:00:00,1800,True,True,0.002090,True,True,True,True,True,True,False,False,False,True,True,True,excluded_missing_forecast,excluded_missing_forecast,excluded_missing_forecast,,,
USD_CPI_1450197000,1450197000,2015.12.15 16:30:00,2015,CORE_2015_2025,CPI,GBPUSD,QUOTE,840030005,CPI m/m,True,"840030005,840030006,840030007,840030008",USD_840030009:CPI n.s.a.|USD_840030010:Core CPI|USD_840030030:Real Earnings m/m|USD_840030033:CPI n.s.a. m/m|USD_840030034:Core CPI n.s.a. m/m|USD_840030035:CPI|USD_840030036:Core CPI n.s.a.|USD_840230001:NY Fed Empire State Manufacturing Index|CAD_124010029:Manufacturing Sales m/m,False,False,False,0.0,,0.2,,,-0.2,MISSING,NEGATIVE,,,-1,1,True,1450198800,2015.12.15 17:00:00,1800,True,True,0.002112,True,True,True,True,True,True,False,False,False,True,True,True,excluded_missing_forecast,excluded_missing_forecast,excluded_missing_forecast,,,
USD_CPI_1450197000,1450197000,2015.12.15 16:30:00,2015,CORE_2015_2025,CPI,NZDUSD,QUOTE,840030005,CPI m/m,True,"840030005,840030006,840030007,840030008",USD_840030009:CPI n.s.a.|USD_840030010:Core CPI|USD_840030030:Real Earnings m/m|USD_840030033:CPI n.s.a. m/m|USD_840030034:Core CPI n.s.a. m/m|USD_840030035:CPI|USD_840030036:Core CPI n.s.a.|USD_840230001:NY Fed Empire State Manufacturing Index|CAD_124010029:Manufacturing Sales m/m,False,False,False,0.0,,0.2,,,-0.2,MISSING,NEGATIVE,,,-1,1,True,1450198800,2015.12.15 17:00:00,1800,True,True,0.001702,True,True,True,True,True,True,False,False,False,True,True,True,excluded_missing_forecast,excluded_missing_forecast,excluded_missing_forecast,,,
USD_CPI_1450197000,1450197000,2015.12.15 16:30:00,2015,CORE_2015_2025,CPI,USDCAD,BASE,840030005,CPI m/m,True,"840030005,840030006,840030007,840030008",USD_840030009:CPI n.s.a.|USD_840030010:Core CPI|USD_840030030:Real Earnings m/m|USD_840030033:CPI n.s.a. m/m|USD_840030034:Core CPI n.s.a. m/m|USD_840030035:CPI|USD_840030036:Core CPI n.s.a.|USD_840230001:NY Fed Empire State Manufacturing Index|CAD_124010029:Manufacturing Sales m/m,False,False,False,0.0,,0.2,,,-0.2,MISSING,NEGATIVE,,,-1,-1,True,1450198800,2015.12.15 17:00:00,1800,True,True,0.002049,True,True,True,True,True,True,False,False,False,True,True,True,excluded_missing_forecast,excluded_missing_forecast,excluded_missing_forecast,,,
USD_CPI_1450197000,1450197000,2015.12.15 16:30:00,2015,CORE_2015_2025,CPI,USDCHF,BASE,840030005,CPI m/m,True,"840030005,840030006,840030007,840030008",USD_840030009:CPI n.s.a.|USD_840030010:Core CPI|USD_840030030:Real Earnings m/m|USD_840030033:CPI n.s.a. m/m|USD_840030034:Core CPI n.s.a. m/m|USD_840030035:CPI|USD_840030036:Core CPI n.s.a.|USD_840230001:NY Fed Empire State Manufacturing Index|CAD_124010029:Manufacturing Sales m/m,False,False,False,0.0,,0.2,,,-0.2,MISSING,NEGATIVE,,,-1,-1,True,1450198800,2015.12.15 17:00:00,1800,True,True,0.001778,True,True,True,True,True,True,False,False,False,True,True,True,excluded_missing_forecast,excluded_missing_forecast,excluded_missing_forecast,,,
USD_CPI_1450197000,1450197000,2015.12.15 16:30:00,2015,CORE_2015_2025,CPI,USDJPY,BASE,840030005,CPI m/m,True,"840030005,840030006,840030007,840030008",USD_840030009:CPI n.s.a.|USD_840030010:Core CPI|USD_840030030:Real Earnings m/m|USD_840030033:CPI n.s.a. m/m|USD_840030034:Core CPI n.s.a. m/m|USD_840030035:CPI|USD_840030036:Core CPI n.s.a.|USD_840230001:NY Fed Empire State Manufacturing Index|CAD_124010029:Manufacturing Sales m/m,False,False,False,0.0,,0.2,,,-0.2,MISSING,NEGATIVE,,,-1,-1,True,1450198800,2015.12.15 17:00:00,1800,True,True,0.193024,True,True,True,True,True,True,False,False,False,True,True,True,excluded_missing_forecast,excluded_missing_forecast,excluded_missing_forecast,,,
USD_CPI_1453307400,1453307400,2016.01.20 16:30:00,2016,CORE_2015_2025,CPI,AUDUSD,QUOTE,840030005,CPI m/m,True,"840030005,840030006,840030007,840030008",USD_840020004:Housing Starts|USD_840020005:Building Permits|USD_840020016:Building Permits m/m|USD_840030009:CPI n.s.a.|USD_840030010:Core CPI|USD_840030030:Real Earnings m/m|USD_840030033:CPI n.s.a. m/m|USD_840030034:Core CPI n.s.a. m/m|USD_840030035:CPI|USD_840030036:Core CPI n.s.a.|CAD_124010029:Manufacturing Sales m/m|CAD_124010031:Wholesale Trade m/m,False,False,False,-0.1,,0.0,,,-0.1,MISSING,NEGATIVE,,,-1,1,True,1453309200,2016.01.20 17:00:00,1800,True,True,0.002213,True,True,True,True,True,True,False,False,False,True,True,True,excluded_missing_forecast,excluded_missing_forecast,excluded_missing_forecast,,,
USD_CPI_1453307400,1453307400,2016.01.20 16:30:00,2016,CORE_2015_2025,CPI,EURUSD,QUOTE,840030005,CPI m/m,True,"840030005,840030006,840030007,840030008",USD_840020004:Housing Starts|USD_840020005:Building Permits|USD_840020016:Building Permits m/m|USD_840030009:CPI n.s.a.|USD_840030010:Core CPI|USD_840030030:Real Earnings m/m|USD_840030033:CPI n.s.a. m/m|USD_840030034:Core CPI n.s.a. m/m|USD_840030035:CPI|USD_840030036:Core CPI n.s.a.|CAD_124010029:Manufacturing Sales m/m|CAD_124010031:Wholesale Trade m/m,False,False,False,-0.1,,0.0,,,-0.1,MISSING,NEGATIVE,,,-1,1,True,1453309200,2016.01.20 17:00:00,1800,True,True,0.002041,True,True,True,True,True,True,False,False,False,True,True,True,excluded_missing_forecast,excluded_missing_forecast,excluded_missing_forecast,,,
USD_CPI_1453307400,1453307400,2016.01.20 16:30:00,2016,CORE_2015_2025,CPI,GBPUSD,QUOTE,840030005,CPI m/m,True,"840030005,840030006,840030007,840030008",USD_840020004:Housing Starts|USD_840020005:Building Permits|USD_840020016:Building Permits m/m|USD_840030009:CPI n.s.a.|USD_840030010:Core CPI|USD_840030030:Real Earnings m/m|USD_840030033:CPI n.s.a. m/m|USD_840030034:Core CPI n.s.a. m/m|USD_840030035:CPI|USD_840030036:Core CPI n.s.a.|CAD_124010029:Manufacturing Sales m/m|CAD_124010031:Wholesale Trade m/m,False,False,False,-0.1,,0.0,,,-0.1,MISSING,NEGATIVE,,,-1,1,True,1453309200,2016.01.20 17:00:00,1800,True,True,0.002762,True,True,True,True,True,True,False,False,False,True,True,True,excluded_missing_forecast,excluded_missing_forecast,excluded_missing_forecast,,,
USD_CPI_1453307400,1453307400,2016.01.20 16:30:00,2016,CORE_2015_2025,CPI,NZDUSD,QUOTE,840030005,CPI m/m,True,"840030005,840030006,840030007,840030008",USD_840020004:Housing Starts|USD_840020005:Building Permits|USD_840020016:Building Permits m/m|USD_840030009:CPI n.s.a.|USD_840030010:Core CPI|USD_840030030:Real Earnings m/m|USD_840030033:CPI n.s.a. m/m|USD_840030034:Core CPI n.s.a. m/m|USD_840030035:CPI|USD_840030036:Core CPI n.s.a.|CAD_124010029:Manufacturing Sales m/m|CAD_124010031:Wholesale Trade m/m,False,False,False,-0.1,,0.0,,,-0.1,MISSING,NEGATIVE,,,-1,1,True,1453309200,2016.01.20 17:00:00,1800,True,True,0.001955,True,True,True,True,True,True,False,False,False,True,True,True,excluded_missing_forecast,excluded_missing_forecast,excluded_missing_forecast,,,
USD_CPI_1453307400,1453307400,2016.01.20 16:30:00,2016,CORE_2015_2025,CPI,USDCAD,BASE,840030005,CPI m/m,True,"840030005,840030006,840030007,840030008",USD_840020004:Housing Starts|USD_840020005:Building Permits|USD_840020016:Building Permits m/m|USD_840030009:CPI n.s.a.|USD_840030010:Core CPI|USD_840030030:Real Earnings m/m|USD_840030033:CPI n.s.a. m/m|USD_840030034:Core CPI n.s.a. m/m|USD_840030035:CPI|USD_840030036:Core CPI n.s.a.|CAD_124010029:Manufacturing Sales m/m|CAD_124010031:Wholesale Trade m/m,False,False,False,-0.1,,0.0,,,-0.1,MISSING,NEGATIVE,,,-1,-1,True,1453309200,2016.01.20 17:00:00,1800,True,True,0.003062,True,True,True,True,True,True,False,False,False,True,True,True,excluded_missing_forecast,excluded_missing_forecast,excluded_missing_forecast,,,
USD_CPI_1453307400,1453307400,2016.01.20 16:30:00,2016,CORE_2015_2025,CPI,USDCHF,BASE,840030005,CPI m/m,True,"840030005,840030006,840030007,840030008",USD_840020004:Housing Starts|USD_840020005:Building Permits|USD_840020016:Building Permits m/m|USD_840030009:CPI n.s.a.|USD_840030010:Core CPI|USD_840030030:Real Earnings m/m|USD_840030033:CPI n.s.a. m/m|USD_840030034:Core CPI n.s.a. m/m|USD_840030035:CPI|USD_840030036:Core CPI n.s.a.|CAD_124010029:Manufacturing Sales m/m|CAD_124010031:Wholesale Trade m/m,False,False,False,-0.1,,0.0,,,-0.1,MISSING,NEGATIVE,,,-1,-1,True,1453309200,2016.01.20 17:00:00,1800,True,True,0.001678,True,True,True,True,True,True,False,False,False,True,True,True,excluded_missing_forecast,excluded_missing_forecast,excluded_missing_forecast,,,
USD_CPI_1453307400,1453307400,2016.01.20 16:30:00,2016,CORE_2015_2025,CPI,USDJPY,BASE,840030005,CPI m/m,True,"840030005,840030006,840030007,840030008",USD_840020004:Housing Starts|USD_840020005:Building Permits|USD_840020016:Building Permits m/m|USD_840030009:CPI n.s.a.|USD_840030010:Core CPI|USD_840030030:Real Earnings m/m|USD_840030033:CPI n.s.a. m/m|USD_840030034:Core CPI n.s.a. m/m|USD_840030035:CPI|USD_840030036:Core CPI n.s.a.|CAD_124010029:Manufacturing Sales m/m|CAD_124010031:Wholesale Trade m/m,False,False,False,-0.1,,0.0,,,-0.1,MISSING,NEGATIVE,,,-1,-1,True,1453309200,2016.01.20 17:00:00,1800,True,True,0.311350,True,True,True,True,True,True,False,False,False,True,True,True,excluded_missing_forecast,excluded_missing_forecast,excluded_missing_forecast,,,
USD_CPI_1455899400,1455899400,2016.02.19 16:30:00,2016,CORE_2015_2025,CPI,AUDUSD,QUOTE,840030005,CPI m/m,True,"840030005,840030006,840030007,840030008",USD_840030009:CPI n.s.a.|USD_840030010:Core CPI|USD_840030030:Real Earnings m/m|USD_840030033:CPI n.s.a. m/m|USD_840030034:Core CPI n.s.a. m/m|USD_840030035:CPI|USD_840030036:Core CPI n.s.a.|CAD_124010003:CPI m/m|CAD_124010004:CPI y/y|CAD_124010005:Core CPI m/m|CAD_124010006:Core CPI y/y|CAD_124010007:Retail Sales m/m|CAD_124010008:Core Retail Sales m/m,False,False,False,0.0,,-0.1,,,0.1,MISSING,POSITIVE,,,1,-1,True,1455901200,2016.02.19 17:00:00,1800,True,True,0.001681,True,True,True,True,True,True,False,False,False,True,True,True,excluded_missing_forecast,excluded_missing_forecast,excluded_missing_forecast,,,
USD_CPI_1455899400,1455899400,2016.02.19 16:30:00,2016,CORE_2015_2025,CPI,EURUSD,QUOTE,840030005,CPI m/m,True,"840030005,840030006,840030007,840030008",USD_840030009:CPI n.s.a.|USD_840030010:Core CPI|USD_840030030:Real Earnings m/m|USD_840030033:CPI n.s.a. m/m|USD_840030034:Core CPI n.s.a. m/m|USD_840030035:CPI|USD_840030036:Core CPI n.s.a.|CAD_124010003:CPI m/m|CAD_124010004:CPI y/y|CAD_124010005:Core CPI m/m|CAD_124010006:Core CPI y/y|CAD_124010007:Retail Sales m/m|CAD_124010008:Core Retail Sales m/m,False,False,False,0.0,,-0.1,,,0.1,MISSING,POSITIVE,,,1,-1,True,1455901200,2016.02.19 17:00:00,1800,True,True,0.001904,True,True,True,True,True,True,False,False,False,True,True,True,excluded_missing_forecast,excluded_missing_forecast,excluded_missing_forecast,,,
USD_CPI_1455899400,1455899400,2016.02.19 16:30:00,2016,CORE_2015_2025,CPI,GBPUSD,QUOTE,840030005,CPI m/m,True,"840030005,840030006,840030007,840030008",USD_840030009:CPI n.s.a.|USD_840030010:Core CPI|USD_840030030:Real Earnings m/m|USD_840030033:CPI n.s.a. m/m|USD_840030034:Core CPI n.s.a. m/m|USD_840030035:CPI|USD_840030036:Core CPI n.s.a.|CAD_124010003:CPI m/m|CAD_124010004:CPI y/y|CAD_124010005:Core CPI m/m|CAD_124010006:Core CPI y/y|CAD_124010007:Retail Sales m/m|CAD_124010008:Core Retail Sales m/m,False,False,False,0.0,,-0.1,,,0.1,MISSING,POSITIVE,,,1,-1,True,1455901200,2016.02.19 17:00:00,1800,True,True,0.002790,True,True,True,True,True,True,False,False,False,True,True,True,excluded_missing_forecast,excluded_missing_forecast,excluded_missing_forecast,,,
USD_CPI_1455899400,1455899400,2016.02.19 16:30:00,2016,CORE_2015_2025,CPI,NZDUSD,QUOTE,840030005,CPI m/m,True,"840030005,840030006,840030007,840030008",USD_840030009:CPI n.s.a.|USD_840030010:Core CPI|USD_840030030:Real Earnings m/m|USD_840030033:CPI n.s.a. m/m|USD_840030034:Core CPI n.s.a. m/m|USD_840030035:CPI|USD_840030036:Core CPI n.s.a.|CAD_124010003:CPI m/m|CAD_124010004:CPI y/y|CAD_124010005:Core CPI m/m|CAD_124010006:Core CPI y/y|CAD_124010007:Retail Sales m/m|CAD_124010008:Core Retail Sales m/m,False,False,False,0.0,,-0.1,,,0.1,MISSING,POSITIVE,,,1,-1,True,1455901200,2016.02.19 17:00:00,1800,True,True,0.001450,True,True,True,True,True,True,False,False,False,True,True,True,excluded_missing_forecast,excluded_missing_forecast,excluded_missing_forecast,,,
USD_CPI_1455899400,1455899400,2016.02.19 16:30:00,2016,CORE_2015_2025,CPI,USDCAD,BASE,840030005,CPI m/m,True,"840030005,840030006,840030007,840030008",USD_840030009:CPI n.s.a.|USD_840030010:Core CPI|USD_840030030:Real Earnings m/m|USD_840030033:CPI n.s.a. m/m|USD_840030034:Core CPI n.s.a. m/m|USD_840030035:CPI|USD_840030036:Core CPI n.s.a.|CAD_124010003:CPI m/m|CAD_124010004:CPI y/y|CAD_124010005:Core CPI m/m|CAD_124010006:Core CPI y/y|CAD_124010007:Retail Sales m/m|CAD_124010008:Core Retail Sales m/m,False,False,False,0.0,,-0.1,,,0.1,MISSING,POSITIVE,,,1,1,True,1455901200,2016.02.19 17:00:00,1800,True,True,0.002578,True,True,True,True,True,True,False,False,False,True,True,True,excluded_missing_forecast,excluded_missing_forecast,excluded_missing_forecast,,,
USD_CPI_1455899400,1455899400,2016.02.19 16:30:00,2016,CORE_2015_2025,CPI,USDCHF,BASE,840030005,CPI m/m,True,"840030005,840030006,840030007,840030008",USD_840030009:CPI n.s.a.|USD_840030010:Core CPI|USD_840030030:Real Earnings m/m|USD_840030033:CPI n.s.a. m/m|USD_840030034:Core CPI n.s.a. m/m|USD_840030035:CPI|USD_840030036:Core CPI n.s.a.|CAD_124010003:CPI m/m|CAD_124010004:CPI y/y|CAD_124010005:Core CPI m/m|CAD_124010006:Core CPI y/y|CAD_124010007:Retail Sales m/m|CAD_124010008:Core Retail Sales m/m,False,False,False,0.0,,-0.1,,,0.1,MISSING,POSITIVE,,,1,1,True,1455901200,2016.02.19 17:00:00,1800,True,True,0.001862,True,True,True,True,True,True,False,False,False,True,True,True,excluded_missing_forecast,excluded_missing_forecast,excluded_missing_forecast,,,
USD_CPI_1455899400,1455899400,2016.02.19 16:30:00,2016,CORE_2015_2025,CPI,USDJPY,BASE,840030005,CPI m/m,True,"840030005,840030006,840030007,840030008",USD_840030009:CPI n.s.a.|USD_840030010:Core CPI|USD_840030030:Real Earnings m/m|USD_840030033:CPI n.s.a. m/m|USD_840030034:Core CPI n.s.a. m/m|USD_840030035:CPI|USD_840030036:Core CPI n.s.a.|CAD_124010003:CPI m/m|CAD_124010004:CPI y/y|CAD_124010005:Core CPI m/m|CAD_124010006:Core CPI y/y|CAD_124010007:Retail Sales m/m|CAD_124010008:Core Retail Sales m/m,False,False,False,0.0,,-0.1,,,0.1,MISSING,POSITIVE,,,1,1,True,1455901200,2016.02.19 17:00:00,1800,True,True,0.230244,True,True,True,True,True,True,False,False,False,True,True,True,excluded_missing_forecast,excluded_missing_forecast,excluded_missing_forecast,,,
USD_CPI_1458142200,1458142200,2016.03.16 15:30:00,2016,CORE_2015_2025,CPI,AUDUSD,QUOTE,840030005,CPI m/m,True,"840030005,840030006,840030007,840030008",USD_840020004:Housing Starts|USD_840020005:Building Permits|USD_840030009:CPI n.s.a.|USD_840030010:Core CPI|USD_840030030:Real Earnings m/m|USD_840030033:CPI n.s.a. m/m|USD_840030034:Core CPI n.s.a. m/m|USD_840030035:CPI|USD_840030036:Core CPI n.s.a.|GBP_826100001:Annual Budget|CAD_124010019:Foreign Securities Purchases|CAD_124010020:Foreign Securities Purchases by Canadians|CAD_124010029:Manufacturing Sales m/m,False,False,False,-0.2,,0.0,,,-0.2,MISSING,NEGATIVE,,,-1,1,True,1458144000,2016.03.16 16:00:00,1800,True,True,0.001759,True,True,True,True,True,True,False,False,False,True,True,True,excluded_missing_forecast,excluded_missing_forecast,excluded_missing_forecast,,,
USD_CPI_1458142200,1458142200,2016.03.16 15:30:00,2016,CORE_2015_2025,CPI,EURUSD,QUOTE,840030005,CPI m/m,True,"840030005,840030006,840030007,840030008",USD_840020004:Housing Starts|USD_840020005:Building Permits|USD_840030009:CPI n.s.a.|USD_840030010:Core CPI|USD_840030030:Real Earnings m/m|USD_840030033:CPI n.s.a. m/m|USD_840030034:Core CPI n.s.a. m/m|USD_840030035:CPI|USD_840030036:Core CPI n.s.a.|GBP_826100001:Annual Budget|CAD_124010019:Foreign Securities Purchases|CAD_124010020:Foreign Securities Purchases by Canadians|CAD_124010029:Manufacturing Sales m/m,False,False,False,-0.2,,0.0,,,-0.2,MISSING,NEGATIVE,,,-1,1,True,1458144000,2016.03.16 16:00:00,1800,True,True,0.001358,True,True,True,True,True,True,False,False,False,True,True,True,excluded_missing_forecast,excluded_missing_forecast,excluded_missing_forecast,,,
USD_CPI_1458142200,1458142200,2016.03.16 15:30:00,2016,CORE_2015_2025,CPI,GBPUSD,QUOTE,840030005,CPI m/m,True,"840030005,840030006,840030007,840030008",USD_840020004:Housing Starts|USD_840020005:Building Permits|USD_840030009:CPI n.s.a.|USD_840030010:Core CPI|USD_840030030:Real Earnings m/m|USD_840030033:CPI n.s.a. m/m|USD_840030034:Core CPI n.s.a. m/m|USD_840030035:CPI|USD_840030036:Core CPI n.s.a.|GBP_826100001:Annual Budget|CAD_124010019:Foreign Securities Purchases|CAD_124010020:Foreign Securities Purchases by Canadians|CAD_124010029:Manufacturing Sales m/m,False,False,False,-0.2,,0.0,,,-0.2,MISSING,NEGATIVE,,,-1,1,True,1458144000,2016.03.16 16:00:00,1800,True,True,0.002499,True,True,True,True,True,True,False,False,False,True,True,True,excluded_missing_forecast,excluded_missing_forecast,excluded_missing_forecast,,,
USD_CPI_1458142200,1458142200,2016.03.16 15:30:00,2016,CORE_2015_2025,CPI,NZDUSD,QUOTE,840030005,CPI m/m,True,"840030005,840030006,840030007,840030008",USD_840020004:Housing Starts|USD_840020005:Building Permits|USD_840030009:CPI n.s.a.|USD_840030010:Core CPI|USD_840030030:Real Earnings m/m|USD_840030033:CPI n.s.a. m/m|USD_840030034:Core CPI n.s.a. m/m|USD_840030035:CPI|USD_840030036:Core CPI n.s.a.|GBP_826100001:Annual Budget|CAD_124010019:Foreign Securities Purchases|CAD_124010020:Foreign Securities Purchases by Canadians|CAD_124010029:Manufacturing Sales m/m,False,False,False,-0.2,,0.0,,,-0.2,MISSING,NEGATIVE,,,-1,1,True,1458144000,2016.03.16 16:00:00,1800,True,True,0.001773,True,True,True,True,True,True,False,False,False,True,True,True,excluded_missing_forecast,excluded_missing_forecast,excluded_missing_forecast,,,
USD_CPI_1458142200,1458142200,2016.03.16 15:30:00,2016,CORE_2015_2025,CPI,USDCAD,BASE,840030005,CPI m/m,True,"840030005,840030006,840030007,840030008",USD_840020004:Housing Starts|USD_840020005:Building Permits|USD_840030009:CPI n.s.a.|USD_840030010:Core CPI|USD_840030030:Real Earnings m/m|USD_840030033:CPI n.s.a. m/m|USD_840030034:Core CPI n.s.a. m/m|USD_840030035:CPI|USD_840030036:Core CPI n.s.a.|GBP_826100001:Annual Budget|CAD_124010019:Foreign Securities Purchases|CAD_124010020:Foreign Securities Purchases by Canadians|CAD_124010029:Manufacturing Sales m/m,False,False,False,-0.2,,0.0,,,-0.2,MISSING,NEGATIVE,,,-1,-1,True,1458144000,2016.03.16 16:00:00,1800,True,True,0.002087,True,True,True,True,True,True,False,False,False,True,True,True,excluded_missing_forecast,excluded_missing_forecast,excluded_missing_forecast,,,
USD_CPI_1458142200,1458142200,2016.03.16 15:30:00,2016,CORE_2015_2025,CPI,USDCHF,BASE,840030005,CPI m/m,True,"840030005,840030006,840030007,840030008",USD_840020004:Housing Starts|USD_840020005:Building Permits|USD_840030009:CPI n.s.a.|USD_840030010:Core CPI|USD_840030030:Real Earnings m/m|USD_840030033:CPI n.s.a. m/m|USD_840030034:Core CPI n.s.a. m/m|USD_840030035:CPI|USD_840030036:Core CPI n.s.a.|GBP_826100001:Annual Budget|CAD_124010019:Foreign Securities Purchases|CAD_124010020:Foreign Securities Purchases by Canadians|CAD_124010029:Manufacturing Sales m/m,False,False,False,-0.2,,0.0,,,-0.2,MISSING,NEGATIVE,,,-1,-1,True,1458144000,2016.03.16 16:00:00,1800,True,True,0.001238,True,True,True,True,True,True,False,False,False,True,True,True,excluded_missing_forecast,excluded_missing_forecast,excluded_missing_forecast,,,
USD_CPI_1458142200,1458142200,2016.03.16 15:30:00,2016,CORE_2015_2025,CPI,USDJPY,BASE,840030005,CPI m/m,True,"840030005,840030006,840030007,840030008",USD_840020004:Housing Starts|USD_840020005:Building Permits|USD_840030009:CPI n.s.a.|USD_840030010:Core CPI|USD_840030030:Real Earnings m/m|USD_840030033:CPI n.s.a. m/m|USD_840030034:Core CPI n.s.a. m/m|USD_840030035:CPI|USD_840030036:Core CPI n.s.a.|GBP_826100001:Annual Budget|CAD_124010019:Foreign Securities Purchases|CAD_124010020:Foreign Securities Purchases by Canadians|CAD_124010029:Manufacturing Sales m/m,False,False,False,-0.2,,0.0,,,-0.2,MISSING,NEGATIVE,,,-1,-1,True,1458144000,2016.03.16 16:00:00,1800,True,True,0.178755,True,True,True,True,True,True,False,False,False,True,True,True,excluded_missing_forecast,excluded_missing_forecast,excluded_missing_forecast,,,
USD_CPI_1460647800,1460647800,2016.04.14 15:30:00,2016,CORE_2015_2025,CPI,AUDUSD,QUOTE,840030005,CPI m/m,True,"840030005,840030006,840030007,840030008",USD_840030009:CPI n.s.a.|USD_840030010:Core CPI|USD_840030030:Real Earnings m/m|USD_840030033:CPI n.s.a. m/m|USD_840030034:Core CPI n.s.a. m/m|USD_840030035:CPI|USD_840030036:Core CPI n.s.a.|USD_840140001:Initial Jobless Claims|USD_840140002:Continuing Jobless Claims|USD_840140003:Initial Jobless Claims 4-Week Average|CAD_124010030:New Housing Price Index m/m,False,False,False,0.1,,-0.2,,,0.3,MISSING,POSITIVE,,,1,-1,True,1460649600,2016.04.14 16:00:00,1800,True,True,0.002092,True,True,True,True,True,True,False,False,False,True,True,True,excluded_missing_forecast,excluded_missing_forecast,excluded_missing_forecast,,,
USD_CPI_1460647800,1460647800,2016.04.14 15:30:00,2016,CORE_2015_2025,CPI,EURUSD,QUOTE,840030005,CPI m/m,True,"840030005,840030006,840030007,840030008",USD_840030009:CPI n.s.a.|USD_840030010:Core CPI|USD_840030030:Real Earnings m/m|USD_840030033:CPI n.s.a. m/m|USD_840030034:Core CPI n.s.a. m/m|USD_840030035:CPI|USD_840030036:Core CPI n.s.a.|USD_840140001:Initial Jobless Claims|USD_840140002:Continuing Jobless Claims|USD_840140003:Initial Jobless Claims 4-Week Average|CAD_124010030:New Housing Price Index m/m,False,False,False,0.1,,-0.2,,,0.3,MISSING,POSITIVE,,,1,-1,True,1460649600,2016.04.14 16:00:00,1800,True,True,0.001619,True,True,True,True,True,True,False,False,False,True,True,True,excluded_missing_forecast,excluded_missing_forecast,excluded_missing_forecast,,,
USD_CPI_1460647800,1460647800,2016.04.14 15:30:00,2016,CORE_2015_2025,CPI,GBPUSD,QUOTE,840030005,CPI m/m,True,"840030005,840030006,840030007,840030008",USD_840030009:CPI n.s.a.|USD_840030010:Core CPI|USD_840030030:Real Earnings m/m|USD_840030033:CPI n.s.a. m/m|USD_840030034:Core CPI n.s.a. m/m|USD_840030035:CPI|USD_840030036:Core CPI n.s.a.|USD_840140001:Initial Jobless Claims|USD_840140002:Continuing Jobless Claims|USD_840140003:Initial Jobless Claims 4-Week Average|CAD_124010030:New Housing Price Index m/m,False,False,False,0.1,,-0.2,,,0.3,MISSING,POSITIVE,,,1,-1,True,1460649600,2016.04.14 16:00:00,1800,True,True,0.002857,True,True,True,True,True,True,False,False,False,True,True,True,excluded_missing_forecast,excluded_missing_forecast,excluded_missing_forecast,,,
USD_CPI_1460647800,1460647800,2016.04.14 15:30:00,2016,CORE_2015_2025,CPI,NZDUSD,QUOTE,840030005,CPI m/m,True,"840030005,840030006,840030007,840030008",USD_840030009:CPI n.s.a.|USD_840030010:Core CPI|USD_840030030:Real Earnings m/m|USD_840030033:CPI n.s.a. m/m|USD_840030034:Core CPI n.s.a. m/m|USD_840030035:CPI|USD_840030036:Core CPI n.s.a.|USD_840140001:Initial Jobless Claims|USD_840140002:Continuing Jobless Claims|USD_840140003:Initial Jobless Claims 4-Week Average|CAD_124010030:New Housing Price Index m/m,False,False,False,0.1,,-0.2,,,0.3,MISSING,POSITIVE,,,1,-1,True,1460649600,2016.04.14 16:00:00,1800,True,True,0.001963,True,True,True,True,True,True,False,False,False,True,True,True,excluded_missing_forecast,excluded_missing_forecast,excluded_missing_forecast,,,
USD_CPI_1460647800,1460647800,2016.04.14 15:30:00,2016,CORE_2015_2025,CPI,USDCAD,BASE,840030005,CPI m/m,True,"840030005,840030006,840030007,840030008",USD_840030009:CPI n.s.a.|USD_840030010:Core CPI|USD_840030030:Real Earnings m/m|USD_840030033:CPI n.s.a. m/m|USD_840030034:Core CPI n.s.a. m/m|USD_840030035:CPI|USD_840030036:Core CPI n.s.a.|USD_840140001:Initial Jobless Claims|USD_840140002:Continuing Jobless Claims|USD_840140003:Initial Jobless Claims 4-Week Average|CAD_124010030:New Housing Price Index m/m,False,False,False,0.1,,-0.2,,,0.3,MISSING,POSITIVE,,,1,1,True,1460649600,2016.04.14 16:00:00,1800,True,True,0.002536,True,True,True,True,True,True,False,False,False,True,True,True,excluded_missing_forecast,excluded_missing_forecast,excluded_missing_forecast,,,
USD_CPI_1460647800,1460647800,2016.04.14 15:30:00,2016,CORE_2015_2025,CPI,USDCHF,BASE,840030005,CPI m/m,True,"840030005,840030006,840030007,840030008",USD_840030009:CPI n.s.a.|USD_840030010:Core CPI|USD_840030030:Real Earnings m/m|USD_840030033:CPI n.s.a. m/m|USD_840030034:Core CPI n.s.a. m/m|USD_840030035:CPI|USD_840030036:Core CPI n.s.a.|USD_840140001:Initial Jobless Claims|USD_840140002:Continuing Jobless Claims|USD_840140003:Initial Jobless Claims 4-Week Average|CAD_124010030:New Housing Price Index m/m,False,False,False,0.1,,-0.2,,,0.3,MISSING,POSITIVE,,,1,1,True,1460649600,2016.04.14 16:00:00,1800,True,True,0.001397,True,True,True,True,True,True,False,False,False,True,True,True,excluded_missing_forecast,excluded_missing_forecast,excluded_missing_forecast,,,
USD_CPI_1460647800,1460647800,2016.04.14 15:30:00,2016,CORE_2015_2025,CPI,USDJPY,BASE,840030005,CPI m/m,True,"840030005,840030006,840030007,840030008",USD_840030009:CPI n.s.a.|USD_840030010:Core CPI|USD_840030030:Real Earnings m/m|USD_840030033:CPI n.s.a. m/m|USD_840030034:Core CPI n.s.a. m/m|USD_840030035:CPI|USD_840030036:Core CPI n.s.a.|USD_840140001:Initial Jobless Claims|USD_840140002:Continuing Jobless Claims|USD_840140003:Initial Jobless Claims 4-Week Average|CAD_124010030:New Housing Price Index m/m,False,False,False,0.1,,-0.2,,,0.3,MISSING,POSITIVE,,,1,1,True,1460649600,2016.04.14 16:00:00,1800,True,True,0.157536,True,True,True,True,True,True,False,False,False,True,True,True,excluded_missing_forecast,excluded_missing_forecast,excluded_missing_forecast,,,
USD_CPI_1463499000,1463499000,2016.05.17 15:30:00,2016,CORE_2015_2025,CPI,AUDUSD,QUOTE,840030005,CPI m/m,True,"840030005,840030006,840030007,840030008",USD_840020004:Housing Starts|USD_840020005:Building Permits|USD_840020016:Building Permits m/m|USD_840030009:CPI n.s.a.|USD_840030010:Core CPI|USD_840030030:Real Earnings m/m|USD_840030033:CPI n.s.a. m/m|USD_840030034:Core CPI n.s.a. m/m|USD_840030035:CPI|USD_840030036:Core CPI n.s.a.|CAD_124010029:Manufacturing Sales m/m,False,False,False,0.4,,0.1,,,0.3,MISSING,POSITIVE,,,1,-1,True,1463500800,2016.05.17 16:00:00,1800,True,True,0.001520,True,True,True,True,True,True,False,False,False,True,True,True,excluded_missing_forecast,excluded_missing_forecast,excluded_missing_forecast,,,
USD_CPI_1463499000,1463499000,2016.05.17 15:30:00,2016,CORE_2015_2025,CPI,EURUSD,QUOTE,840030005,CPI m/m,True,"840030005,840030006,840030007,840030008",USD_840020004:Housing Starts|USD_840020005:Building Permits|USD_840020016:Building Permits m/m|USD_840030009:CPI n.s.a.|USD_840030010:Core CPI|USD_840030030:Real Earnings m/m|USD_840030033:CPI n.s.a. m/m|USD_840030034:Core CPI n.s.a. m/m|USD_840030035:CPI|USD_840030036:Core CPI n.s.a.|CAD_124010029:Manufacturing Sales m/m,False,False,False,0.4,,0.1,,,0.3,MISSING,POSITIVE,,,1,-1,True,1463500800,2016.05.17 16:00:00,1800,True,True,0.001093,True,True,True,True,True,True,False,False,False,True,True,True,excluded_missing_forecast,excluded_missing_forecast,excluded_missing_forecast,,,
USD_CPI_1463499000,1463499000,2016.05.17 15:30:00,2016,CORE_2015_2025,CPI,GBPUSD,QUOTE,840030005,CPI m/m,True,"840030005,840030006,840030007,840030008",USD_840020004:Housing Starts|USD_840020005:Building Permits|USD_840020016:Building Permits m/m|USD_840030009:CPI n.s.a.|USD_840030010:Core CPI|USD_840030030:Real Earnings m/m|USD_840030033:CPI n.s.a. m/m|USD_840030034:Core CPI n.s.a. m/m|USD_840030035:CPI|USD_840030036:Core CPI n.s.a.|CAD_124010029:Manufacturing Sales m/m,False,False,False,0.4,,0.1,,,0.3,MISSING,POSITIVE,,,1,-1,True,1463500800,2016.05.17 16:00:00,1800,True,True,0.002463,True,True,True,True,True,True,False,False,False,True,True,True,excluded_missing_forecast,excluded_missing_forecast,excluded_missing_forecast,,,
USD_CPI_1463499000,1463499000,2016.05.17 15:30:00,2016,CORE_2015_2025,CPI,NZDUSD,QUOTE,840030005,CPI m/m,True,"840030005,840030006,840030007,840030008",USD_840020004:Housing Starts|USD_840020005:Building Permits|USD_840020016:Building Permits m/m|USD_840030009:CPI n.s.a.|USD_840030010:Core CPI|USD_840030030:Real Earnings m/m|USD_840030033:CPI n.s.a. m/m|USD_840030034:Core CPI n.s.a. m/m|USD_840030035:CPI|USD_840030036:Core CPI n.s.a.|CAD_124010029:Manufacturing Sales m/m,False,False,False,0.4,,0.1,,,0.3,MISSING,POSITIVE,,,1,-1,True,1463500800,2016.05.17 16:00:00,1800,True,True,0.001344,True,True,True,True,True,True,False,False,False,True,True,True,excluded_missing_forecast,excluded_missing_forecast,excluded_missing_forecast,,,
USD_CPI_1463499000,1463499000,2016.05.17 15:30:00,2016,CORE_2015_2025,CPI,USDCAD,BASE,840030005,CPI m/m,True,"840030005,840030006,840030007,840030008",USD_840020004:Housing Starts|USD_840020005:Building Permits|USD_840020016:Building Permits m/m|USD_840030009:CPI n.s.a.|USD_840030010:Core CPI|USD_840030030:Real Earnings m/m|USD_840030033:CPI n.s.a. m/m|USD_840030034:Core CPI n.s.a. m/m|USD_840030035:CPI|USD_840030036:Core CPI n.s.a.|CAD_124010029:Manufacturing Sales m/m,False,False,False,0.4,,0.1,,,0.3,MISSING,POSITIVE,,,1,1,True,1463500800,2016.05.17 16:00:00,1800,True,True,0.002204,True,True,True,True,True,True,False,False,False,True,True,True,excluded_missing_forecast,excluded_missing_forecast,excluded_missing_forecast,,,
USD_CPI_1463499000,1463499000,2016.05.17 15:30:00,2016,CORE_2015_2025,CPI,USDCHF,BASE,840030005,CPI m/m,True,"840030005,840030006,840030007,840030008",USD_840020004:Housing Starts|USD_840020005:Building Permits|USD_840020016:Building Permits m/m|USD_840030009:CPI n.s.a.|USD_840030010:Core CPI|USD_840030030:Real Earnings m/m|USD_840030033:CPI n.s.a. m/m|USD_840030034:Core CPI n.s.a. m/m|USD_840030035:CPI|USD_840030036:Core CPI n.s.a.|CAD_124010029:Manufacturing Sales m/m,False,False,False,0.4,,0.1,,,0.3,MISSING,POSITIVE,,,1,1,True,1463500800,2016.05.17 16:00:00,1800,True,True,0.000969,True,True,True,True,True,True,False,False,False,True,True,True,excluded_missing_forecast,excluded_missing_forecast,excluded_missing_forecast,,,
USD_CPI_1463499000,1463499000,2016.05.17 15:30:00,2016,CORE_2015_2025,CPI,USDJPY,BASE,840030005,CPI m/m,True,"840030005,840030006,840030007,840030008",USD_840020004:Housing Starts|USD_840020005:Building Permits|USD_840020016:Building Permits m/m|USD_840030009:CPI n.s.a.|USD_840030010:Core CPI|USD_840030030:Real Earnings m/m|USD_840030033:CPI n.s.a. m/m|USD_840030034:Core CPI n.s.a. m/m|USD_840030035:CPI|USD_840030036:Core CPI n.s.a.|CAD_124010029:Manufacturing Sales m/m,False,False,False,0.4,,0.1,,,0.3,MISSING,POSITIVE,,,1,1,True,1463500800,2016.05.17 16:00:00,1800,True,True,0.158265,True,True,True,True,True,True,False,False,False,True,True,True,excluded_missing_forecast,excluded_missing_forecast,excluded_missing_forecast,,,
USD_CPI_1466091000,1466091000,2016.06.16 15:30:00,2016,CORE_2015_2025,CPI,AUDUSD,QUOTE,840030005,CPI m/m,True,"840030005,840030006,840030007,840030008",USD_840010015:Current Account|USD_840030009:CPI n.s.a.|USD_840030010:Core CPI|USD_840030030:Real Earnings m/m|USD_840030033:CPI n.s.a. m/m|USD_840030034:Core CPI n.s.a. m/m|USD_840030035:CPI|USD_840030036:Core CPI n.s.a.|USD_840070001:Philadelphia Fed Manufacturing Index|USD_840070002:Philadelphia Fed Employment|USD_840070003:Philadelphia Fed Business Conditions|USD_840070004:Philadelphia Fed Prices Paid|USD_840070005:Philadelphia Fed New Orders|USD_840070006:Philadelphia Fed Capex Index|USD_840140001:Initial Jobless Claims|USD_840140002:Continuing Jobless Claims|USD_840140003:Initial Jobless Claims 4-Week Average|CAD_124010019:Foreign Securities Purchases|CAD_124010020:Foreign Securities Purchases by Canadians,False,False,False,0.2,,0.4,,,-0.2,MISSING,NEGATIVE,,,-1,1,True,1466092800,2016.06.16 16:00:00,1800,True,True,0.001830,True,True,True,True,True,True,False,False,False,True,True,True,excluded_missing_forecast,excluded_missing_forecast,excluded_missing_forecast,,,
USD_CPI_1466091000,1466091000,2016.06.16 15:30:00,2016,CORE_2015_2025,CPI,EURUSD,QUOTE,840030005,CPI m/m,True,"840030005,840030006,840030007,840030008",USD_840010015:Current Account|USD_840030009:CPI n.s.a.|USD_840030010:Core CPI|USD_840030030:Real Earnings m/m|USD_840030033:CPI n.s.a. m/m|USD_840030034:Core CPI n.s.a. m/m|USD_840030035:CPI|USD_840030036:Core CPI n.s.a.|USD_840070001:Philadelphia Fed Manufacturing Index|USD_840070002:Philadelphia Fed Employment|USD_840070003:Philadelphia Fed Business Conditions|USD_840070004:Philadelphia Fed Prices Paid|USD_840070005:Philadelphia Fed New Orders|USD_840070006:Philadelphia Fed Capex Index|USD_840140001:Initial Jobless Claims|USD_840140002:Continuing Jobless Claims|USD_840140003:Initial Jobless Claims 4-Week Average|CAD_124010019:Foreign Securities Purchases|CAD_124010020:Foreign Securities Purchases by Canadians,False,False,False,0.2,,0.4,,,-0.2,MISSING,NEGATIVE,,,-1,1,True,1466092800,2016.06.16 16:00:00,1800,True,True,0.002061,True,True,True,True,True,True,False,False,False,True,True,True,excluded_missing_forecast,excluded_missing_forecast,excluded_missing_forecast,,,
USD_CPI_1466091000,1466091000,2016.06.16 15:30:00,2016,CORE_2015_2025,CPI,GBPUSD,QUOTE,840030005,CPI m/m,True,"840030005,840030006,840030007,840030008",USD_840010015:Current Account|USD_840030009:CPI n.s.a.|USD_840030010:Core CPI|USD_840030030:Real Earnings m/m|USD_840030033:CPI n.s.a. m/m|USD_840030034:Core CPI n.s.a. m/m|USD_840030035:CPI|USD_840030036:Core CPI n.s.a.|USD_840070001:Philadelphia Fed Manufacturing Index|USD_840070002:Philadelphia Fed Employment|USD_840070003:Philadelphia Fed Business Conditions|USD_840070004:Philadelphia Fed Prices Paid|USD_840070005:Philadelphia Fed New Orders|USD_840070006:Philadelphia Fed Capex Index|USD_840140001:Initial Jobless Claims|USD_840140002:Continuing Jobless Claims|USD_840140003:Initial Jobless Claims 4-Week Average|CAD_124010019:Foreign Securities Purchases|CAD_124010020:Foreign Securities Purchases by Canadians,False,False,False,0.2,,0.4,,,-0.2,MISSING,NEGATIVE,,,-1,1,True,1466092800,2016.06.16 16:00:00,1800,True,True,0.003420,True,True,True,True,True,True,False,False,False,True,True,True,excluded_missing_forecast,excluded_missing_forecast,excluded_missing_forecast,,,
USD_CPI_1466091000,1466091000,2016.06.16 15:30:00,2016,CORE_2015_2025,CPI,NZDUSD,QUOTE,840030005,CPI m/m,True,"840030005,840030006,840030007,840030008",USD_840010015:Current Account|USD_840030009:CPI n.s.a.|USD_840030010:Core CPI|USD_840030030:Real Earnings m/m|USD_840030033:CPI n.s.a. m/m|USD_840030034:Core CPI n.s.a. m/m|USD_840030035:CPI|USD_840030036:Core CPI n.s.a.|USD_840070001:Philadelphia Fed Manufacturing Index|USD_840070002:Philadelphia Fed Employment|USD_840070003:Philadelphia Fed Business Conditions|USD_840070004:Philadelphia Fed Prices Paid|USD_840070005:Philadelphia Fed New Orders|USD_840070006:Philadelphia Fed Capex Index|USD_840140001:Initial Jobless Claims|USD_840140002:Continuing Jobless Claims|USD_840140003:Initial Jobless Claims 4-Week Average|CAD_124010019:Foreign Securities Purchases|CAD_124010020:Foreign Securities Purchases by Canadians,False,False,False,0.2,,0.4,,,-0.2,MISSING,NEGATIVE,,,-1,1,True,1466092800,2016.06.16 16:00:00,1800,True,True,0.001776,True,True,True,True,True,True,False,False,False,True,True,True,excluded_missing_forecast,excluded_missing_forecast,excluded_missing_forecast,,,
USD_CPI_1466091000,1466091000,2016.06.16 15:30:00,2016,CORE_2015_2025,CPI,USDCAD,BASE,840030005,CPI m/m,True,"840030005,840030006,840030007,840030008",USD_840010015:Current Account|USD_840030009:CPI n.s.a.|USD_840030010:Core CPI|USD_840030030:Real Earnings m/m|USD_840030033:CPI n.s.a. m/m|USD_840030034:Core CPI n.s.a. m/m|USD_840030035:CPI|USD_840030036:Core CPI n.s.a.|USD_840070001:Philadelphia Fed Manufacturing Index|USD_840070002:Philadelphia Fed Employment|USD_840070003:Philadelphia Fed Business Conditions|USD_840070004:Philadelphia Fed Prices Paid|USD_840070005:Philadelphia Fed New Orders|USD_840070006:Philadelphia Fed Capex Index|USD_840140001:Initial Jobless Claims|USD_840140002:Continuing Jobless Claims|USD_840140003:Initial Jobless Claims 4-Week Average|CAD_124010019:Foreign Securities Purchases|CAD_124010020:Foreign Securities Purchases by Canadians,False,False,False,0.2,,0.4,,,-0.2,MISSING,NEGATIVE,,,-1,-1,True,1466092800,2016.06.16 16:00:00,1800,True,True,0.002472,True,True,True,True,True,True,False,False,False,True,True,True,excluded_missing_forecast,excluded_missing_forecast,excluded_missing_forecast,,,
USD_CPI_1466091000,1466091000,2016.06.16 15:30:00,2016,CORE_2015_2025,CPI,USDCHF,BASE,840030005,CPI m/m,True,"840030005,840030006,840030007,840030008",USD_840010015:Current Account|USD_840030009:CPI n.s.a.|USD_840030010:Core CPI|USD_840030030:Real Earnings m/m|USD_840030033:CPI n.s.a. m/m|USD_840030034:Core CPI n.s.a. m/m|USD_840030035:CPI|USD_840030036:Core CPI n.s.a.|USD_840070001:Philadelphia Fed Manufacturing Index|USD_840070002:Philadelphia Fed Employment|USD_840070003:Philadelphia Fed Business Conditions|USD_840070004:Philadelphia Fed Prices Paid|USD_840070005:Philadelphia Fed New Orders|USD_840070006:Philadelphia Fed Capex Index|USD_840140001:Initial Jobless Claims|USD_840140002:Continuing Jobless Claims|USD_840140003:Initial Jobless Claims 4-Week Average|CAD_124010019:Foreign Securities Purchases|CAD_124010020:Foreign Securities Purchases by Canadians,False,False,False,0.2,,0.4,,,-0.2,MISSING,NEGATIVE,,,-1,-1,True,1466092800,2016.06.16 16:00:00,1800,True,True,0.001902,True,True,True,True,True,True,False,False,False,True,True,True,excluded_missing_forecast,excluded_missing_forecast,excluded_missing_forecast,,,
USD_CPI_1466091000,1466091000,2016.06.16 15:30:00,2016,CORE_2015_2025,CPI,USDJPY,BASE,840030005,CPI m/m,True,"840030005,840030006,840030007,840030008",USD_840010015:Current Account|USD_840030009:CPI n.s.a.|USD_840030010:Core CPI|USD_840030030:Real Earnings m/m|USD_840030033:CPI n.s.a. m/m|USD_840030034:Core CPI n.s.a. m/m|USD_840030035:CPI|USD_840030036:Core CPI n.s.a.|USD_840070001:Philadelphia Fed Manufacturing Index|USD_840070002:Philadelphia Fed Employment|USD_840070003:Philadelphia Fed Business Conditions|USD_840070004:Philadelphia Fed Prices Paid|USD_840070005:Philadelphia Fed New Orders|USD_840070006:Philadelphia Fed Capex Index|USD_840140001:Initial Jobless Claims|USD_840140002:Continuing Jobless Claims|USD_840140003:Initial Jobless Claims 4-Week Average|CAD_124010019:Foreign Securities Purchases|CAD_124010020:Foreign Securities Purchases by Canadians,False,False,False,0.2,,0.4,,,-0.2,MISSING,NEGATIVE,,,-1,-1,True,1466092800,2016.06.16 16:00:00,1800,True,True,0.323876,True,True,True,True,True,True,False,False,False,True,True,True,excluded_missing_forecast,excluded_missing_forecast,excluded_missing_forecast,,,
USD_CPI_1468596600,1468596600,2016.07.15 15:30:00,2016,CORE_2015_2025,CPI,AUDUSD,QUOTE,840030005,CPI m/m,True,"840030005,840030006,840030007,840030008",USD_840020010:Retail Sales m/m|USD_840020011:Core Retail Sales m/m|USD_840020012:Retail Control m/m|USD_840020021:Retail Sales excl. Autos and Gas m/m|USD_840020025:Retail Sales y/y|USD_840030009:CPI n.s.a.|USD_840030010:Core CPI|USD_840030030:Real Earnings m/m|USD_840030033:CPI n.s.a. m/m|USD_840030034:Core CPI n.s.a. m/m|USD_840030035:CPI|USD_840030036:Core CPI n.s.a.|USD_840230001:NY Fed Empire State Manufacturing Index|CAD_124010029:Manufacturing Sales m/m,False,False,False,0.2,,0.2,,,0.0,MISSING,ZERO,,,,,True,1468598400,2016.07.15 16:00:00,1800,True,True,0.001709,True,True,True,True,True,True,False,False,False,False,False,False,excluded_missing_forecast,excluded_missing_forecast,excluded_missing_forecast,excluded_zero_signal,excluded_zero_signal,excluded_zero_signal
USD_CPI_1468596600,1468596600,2016.07.15 15:30:00,2016,CORE_2015_2025,CPI,EURUSD,QUOTE,840030005,CPI m/m,True,"840030005,840030006,840030007,840030008",USD_840020010:Retail Sales m/m|USD_840020011:Core Retail Sales m/m|USD_840020012:Retail Control m/m|USD_840020021:Retail Sales excl. Autos and Gas m/m|USD_840020025:Retail Sales y/y|USD_840030009:CPI n.s.a.|USD_840030010:Core CPI|USD_840030030:Real Earnings m/m|USD_840030033:CPI n.s.a. m/m|USD_840030034:Core CPI n.s.a. m/m|USD_840030035:CPI|USD_840030036:Core CPI n.s.a.|USD_840230001:NY Fed Empire State Manufacturing Index|CAD_124010029:Manufacturing Sales m/m,False,False,False,0.2,,0.2,,,0.0,MISSING,ZERO,,,,,True,1468598400,2016.07.15 16:00:00,1800,True,True,0.001542,True,True,True,True,True,True,False,False,False,False,False,False,excluded_missing_forecast,excluded_missing_forecast,excluded_missing_forecast,excluded_zero_signal,excluded_zero_signal,excluded_zero_signal
USD_CPI_1468596600,1468596600,2016.07.15 15:30:00,2016,CORE_2015_2025,CPI,GBPUSD,QUOTE,840030005,CPI m/m,True,"840030005,840030006,840030007,840030008",USD_840020010:Retail Sales m/m|USD_840020011:Core Retail Sales m/m|USD_840020012:Retail Control m/m|USD_840020021:Retail Sales excl. Autos and Gas m/m|USD_840020025:Retail Sales y/y|USD_840030009:CPI n.s.a.|USD_840030010:Core CPI|USD_840030030:Real Earnings m/m|USD_840030033:CPI n.s.a. m/m|USD_840030034:Core CPI n.s.a. m/m|USD_840030035:CPI|USD_840030036:Core CPI n.s.a.|USD_840230001:NY Fed Empire State Manufacturing Index|CAD_124010029:Manufacturing Sales m/m,False,False,False,0.2,,0.2,,,0.0,MISSING,ZERO,,,,,True,1468598400,2016.07.15 16:00:00,1800,True,True,0.004684,True,True,True,True,True,True,False,False,False,False,False,False,excluded_missing_forecast,excluded_missing_forecast,excluded_missing_forecast,excluded_zero_signal,excluded_zero_signal,excluded_zero_signal
USD_CPI_1468596600,1468596600,2016.07.15 15:30:00,2016,CORE_2015_2025,CPI,NZDUSD,QUOTE,840030005,CPI m/m,True,"840030005,840030006,840030007,840030008",USD_840020010:Retail Sales m/m|USD_840020011:Core Retail Sales m/m|USD_840020012:Retail Control m/m|USD_840020021:Retail Sales excl. Autos and Gas m/m|USD_840020025:Retail Sales y/y|USD_840030009:CPI n.s.a.|USD_840030010:Core CPI|USD_840030030:Real Earnings m/m|USD_840030033:CPI n.s.a. m/m|USD_840030034:Core CPI n.s.a. m/m|USD_840030035:CPI|USD_840030036:Core CPI n.s.a.|USD_840230001:NY Fed Empire State Manufacturing Index|CAD_124010029:Manufacturing Sales m/m,False,False,False,0.2,,0.2,,,0.0,MISSING,ZERO,,,,,True,1468598400,2016.07.15 16:00:00,1800,True,True,0.002150,True,True,True,True,True,True,False,False,False,False,False,False,excluded_missing_forecast,excluded_missing_forecast,excluded_missing_forecast,excluded_zero_signal,excluded_zero_signal,excluded_zero_signal
USD_CPI_1468596600,1468596600,2016.07.15 15:30:00,2016,CORE_2015_2025,CPI,USDCAD,BASE,840030005,CPI m/m,True,"840030005,840030006,840030007,840030008",USD_840020010:Retail Sales m/m|USD_840020011:Core Retail Sales m/m|USD_840020012:Retail Control m/m|USD_840020021:Retail Sales excl. Autos and Gas m/m|USD_840020025:Retail Sales y/y|USD_840030009:CPI n.s.a.|USD_840030010:Core CPI|USD_840030030:Real Earnings m/m|USD_840030033:CPI n.s.a. m/m|USD_840030034:Core CPI n.s.a. m/m|USD_840030035:CPI|USD_840030036:Core CPI n.s.a.|USD_840230001:NY Fed Empire State Manufacturing Index|CAD_124010029:Manufacturing Sales m/m,False,False,False,0.2,,0.2,,,0.0,MISSING,ZERO,,,,,True,1468598400,2016.07.15 16:00:00,1800,True,True,0.002079,True,True,True,True,True,True,False,False,False,False,False,False,excluded_missing_forecast,excluded_missing_forecast,excluded_missing_forecast,excluded_zero_signal,excluded_zero_signal,excluded_zero_signal
USD_CPI_1468596600,1468596600,2016.07.15 15:30:00,2016,CORE_2015_2025,CPI,USDCHF,BASE,840030005,CPI m/m,True,"840030005,840030006,840030007,840030008",USD_840020010:Retail Sales m/m|USD_840020011:Core Retail Sales m/m|USD_840020012:Retail Control m/m|USD_840020021:Retail Sales excl. Autos and Gas m/m|USD_840020025:Retail Sales y/y|USD_840030009:CPI n.s.a.|USD_840030010:Core CPI|USD_840030030:Real Earnings m/m|USD_840030033:CPI n.s.a. m/m|USD_840030034:Core CPI n.s.a. m/m|USD_840030035:CPI|USD_840030036:Core CPI n.s.a.|USD_840230001:NY Fed Empire State Manufacturing Index|CAD_124010029:Manufacturing Sales m/m,False,False,False,0.2,,0.2,,,0.0,MISSING,ZERO,,,,,True,1468598400,2016.07.15 16:00:00,1800,True,True,0.001111,True,True,True,True,True,True,False,False,False,False,False,False,excluded_missing_forecast,excluded_missing_forecast,excluded_missing_forecast,excluded_zero_signal,excluded_zero_signal,excluded_zero_signal
USD_CPI_1468596600,1468596600,2016.07.15 15:30:00,2016,CORE_2015_2025,CPI,USDJPY,BASE,840030005,CPI m/m,True,"840030005,840030006,840030007,840030008",USD_840020010:Retail Sales m/m|USD_840020011:Core Retail Sales m/m|USD_840020012:Retail Control m/m|USD_840020021:Retail Sales excl. Autos and Gas m/m|USD_840020025:Retail Sales y/y|USD_840030009:CPI n.s.a.|USD_840030010:Core CPI|USD_840030030:Real Earnings m/m|USD_840030033:CPI n.s.a. m/m|USD_840030034:Core CPI n.s.a. m/m|USD_840030035:CPI|USD_840030036:Core CPI n.s.a.|USD_840230001:NY Fed Empire State Manufacturing Index|CAD_124010029:Manufacturing Sales m/m,False,False,False,0.2,,0.2,,,0.0,MISSING,ZERO,,,,,True,1468598400,2016.07.15 16:00:00,1800,True,True,0.328988,True,True,True,True,True,True,False,False,False,False,False,False,excluded_missing_forecast,excluded_missing_forecast,excluded_missing_forecast,excluded_zero_signal,excluded_zero_signal,excluded_zero_signal
USD_CPI_1471361400,1471361400,2016.08.16 15:30:00,2016,CORE_2015_2025,CPI,AUDUSD,QUOTE,840030005,CPI m/m,True,"840030005,840030006,840030007,840030008",USD_840020004:Housing Starts|USD_840020005:Building Permits|USD_840020016:Building Permits m/m|USD_840030009:CPI n.s.a.|USD_840030010:Core CPI|USD_840030030:Real Earnings m/m|USD_840030033:CPI n.s.a. m/m|USD_840030034:Core CPI n.s.a. m/m|USD_840030035:CPI|USD_840030036:Core CPI n.s.a.|CAD_124010029:Manufacturing Sales m/m,False,False,False,0.0,,0.2,,,-0.2,MISSING,NEGATIVE,,,-1,1,True,1471363200,2016.08.16 16:00:00,1800,True,True,0.001402,True,True,True,True,True,True,False,False,False,True,True,True,excluded_missing_forecast,excluded_missing_forecast,excluded_missing_forecast,,,
USD_CPI_1471361400,1471361400,2016.08.16 15:30:00,2016,CORE_2015_2025,CPI,EURUSD,QUOTE,840030005,CPI m/m,True,"840030005,840030006,840030007,840030008",USD_840020004:Housing Starts|USD_840020005:Building Permits|USD_840020016:Building Permits m/m|USD_840030009:CPI n.s.a.|USD_840030010:Core CPI|USD_840030030:Real Earnings m/m|USD_840030033:CPI n.s.a. m/m|USD_840030034:Core CPI n.s.a. m/m|USD_840030035:CPI|USD_840030036:Core CPI n.s.a.|CAD_124010029:Manufacturing Sales m/m,False,False,False,0.0,,0.2,,,-0.2,MISSING,NEGATIVE,,,-1,1,True,1471363200,2016.08.16 16:00:00,1800,True,True,0.001533,True,True,True,True,True,True,False,False,False,True,True,True,excluded_missing_forecast,excluded_missing_forecast,excluded_missing_forecast,,,
USD_CPI_1471361400,1471361400,2016.08.16 15:30:00,2016,CORE_2015_2025,CPI,GBPUSD,QUOTE,840030005,CPI m/m,True,"840030005,840030006,840030007,840030008",USD_840020004:Housing Starts|USD_840020005:Building Permits|USD_840020016:Building Permits m/m|USD_840030009:CPI n.s.a.|USD_840030010:Core CPI|USD_840030030:Real Earnings m/m|USD_840030033:CPI n.s.a. m/m|USD_840030034:Core CPI n.s.a. m/m|USD_840030035:CPI|USD_840030036:Core CPI n.s.a.|CAD_124010029:Manufacturing Sales m/m,False,False,False,0.0,,0.2,,,-0.2,MISSING,NEGATIVE,,,-1,1,True,1471363200,2016.08.16 16:00:00,1800,True,True,0.002480,True,True,True,True,True,True,False,False,False,True,True,True,excluded_missing_forecast,excluded_missing_forecast,excluded_missing_forecast,,,
USD_CPI_1471361400,1471361400,2016.08.16 15:30:00,2016,CORE_2015_2025,CPI,NZDUSD,QUOTE,840030005,CPI m/m,True,"840030005,840030006,840030007,840030008",USD_840020004:Housing Starts|USD_840020005:Building Permits|USD_840020016:Building Permits m/m|USD_840030009:CPI n.s.a.|USD_840030010:Core CPI|USD_840030030:Real Earnings m/m|USD_840030033:CPI n.s.a. m/m|USD_840030034:Core CPI n.s.a. m/m|USD_840030035:CPI|USD_840030036:Core CPI n.s.a.|CAD_124010029:Manufacturing Sales m/m,False,False,False,0.0,,0.2,,,-0.2,MISSING,NEGATIVE,,,-1,1,True,1471363200,2016.08.16 16:00:00,1800,True,True,0.001572,True,True,True,True,True,True,False,False,False,True,True,True,excluded_missing_forecast,excluded_missing_forecast,excluded_missing_forecast,,,
USD_CPI_1471361400,1471361400,2016.08.16 15:30:00,2016,CORE_2015_2025,CPI,USDCAD,BASE,840030005,CPI m/m,True,"840030005,840030006,840030007,840030008",USD_840020004:Housing Starts|USD_840020005:Building Permits|USD_840020016:Building Permits m/m|USD_840030009:CPI n.s.a.|USD_840030010:Core CPI|USD_840030030:Real Earnings m/m|USD_840030033:CPI n.s.a. m/m|USD_840030034:Core CPI n.s.a. m/m|USD_840030035:CPI|USD_840030036:Core CPI n.s.a.|CAD_124010029:Manufacturing Sales m/m,False,False,False,0.0,,0.2,,,-0.2,MISSING,NEGATIVE,,,-1,-1,True,1471363200,2016.08.16 16:00:00,1800,True,True,0.001892,True,True,True,True,True,True,False,False,False,True,True,True,excluded_missing_forecast,excluded_missing_forecast,excluded_missing_forecast,,,
USD_CPI_1471361400,1471361400,2016.08.16 15:30:00,2016,CORE_2015_2025,CPI,USDCHF,BASE,840030005,CPI m/m,True,"840030005,840030006,840030007,840030008",USD_840020004:Housing Starts|USD_840020005:Building Permits|USD_840020016:Building Permits m/m|USD_840030009:CPI n.s.a.|USD_840030010:Core CPI|USD_840030030:Real Earnings m/m|USD_840030033:CPI n.s.a. m/m|USD_840030034:Core CPI n.s.a. m/m|USD_840030035:CPI|USD_840030036:Core CPI n.s.a.|CAD_124010029:Manufacturing Sales m/m,False,False,False,0.0,,0.2,,,-0.2,MISSING,NEGATIVE,,,-1,-1,True,1471363200,2016.08.16 16:00:00,1800,True,True,0.001570,True,True,True,True,True,True,False,False,False,True,True,True,excluded_missing_forecast,excluded_missing_forecast,excluded_missing_forecast,,,
USD_CPI_1471361400,1471361400,2016.08.16 15:30:00,2016,CORE_2015_2025,CPI,USDJPY,BASE,840030005,CPI m/m,True,"840030005,840030006,840030007,840030008",USD_840020004:Housing Starts|USD_840020005:Building Permits|USD_840020016:Building Permits m/m|USD_840030009:CPI n.s.a.|USD_840030010:Core CPI|USD_840030030:Real Earnings m/m|USD_840030033:CPI n.s.a. m/m|USD_840030034:Core CPI n.s.a. m/m|USD_840030035:CPI|USD_840030036:Core CPI n.s.a.|CAD_124010029:Manufacturing Sales m/m,False,False,False,0.0,,0.2,,,-0.2,MISSING,NEGATIVE,,,-1,-1,True,1471363200,2016.08.16 16:00:00,1800,True,True,0.206518,True,True,True,True,True,True,False,False,False,True,True,True,excluded_missing_forecast,excluded_missing_forecast,excluded_missing_forecast,,,
USD_CPI_1474039800,1474039800,2016.09.16 15:30:00,2016,CORE_2015_2025,CPI,AUDUSD,QUOTE,840030005,CPI m/m,True,"840030005,840030006,840030007,840030008",USD_840030009:CPI n.s.a.|USD_840030010:Core CPI|USD_840030030:Real Earnings m/m|USD_840030033:CPI n.s.a. m/m|USD_840030034:Core CPI n.s.a. m/m|USD_840030035:CPI|USD_840030036:Core CPI n.s.a.|CAD_124010019:Foreign Securities Purchases|CAD_124010020:Foreign Securities Purchases by Canadians|CAD_124010029:Manufacturing Sales m/m,False,False,False,0.2,,0.0,,,0.2,MISSING,POSITIVE,,,1,-1,True,1474041600,2016.09.16 16:00:00,1800,True,True,0.001352,True,True,True,True,True,True,False,False,False,True,True,True,excluded_missing_forecast,excluded_missing_forecast,excluded_missing_forecast,,,
USD_CPI_1474039800,1474039800,2016.09.16 15:30:00,2016,CORE_2015_2025,CPI,EURUSD,QUOTE,840030005,CPI m/m,True,"840030005,840030006,840030007,840030008",USD_840030009:CPI n.s.a.|USD_840030010:Core CPI|USD_840030030:Real Earnings m/m|USD_840030033:CPI n.s.a. m/m|USD_840030034:Core CPI n.s.a. m/m|USD_840030035:CPI|USD_840030036:Core CPI n.s.a.|CAD_124010019:Foreign Securities Purchases|CAD_124010020:Foreign Securities Purchases by Canadians|CAD_124010029:Manufacturing Sales m/m,False,False,False,0.2,,0.0,,,0.2,MISSING,POSITIVE,,,1,-1,True,1474041600,2016.09.16 16:00:00,1800,True,True,0.001008,True,True,True,True,True,True,False,False,False,True,True,True,excluded_missing_forecast,excluded_missing_forecast,excluded_missing_forecast,,,
USD_CPI_1474039800,1474039800,2016.09.16 15:30:00,2016,CORE_2015_2025,CPI,GBPUSD,QUOTE,840030005,CPI m/m,True,"840030005,840030006,840030007,840030008",USD_840030009:CPI n.s.a.|USD_840030010:Core CPI|USD_840030030:Real Earnings m/m|USD_840030033:CPI n.s.a. m/m|USD_840030034:Core CPI n.s.a. m/m|USD_840030035:CPI|USD_840030036:Core CPI n.s.a.|CAD_124010019:Foreign Securities Purchases|CAD_124010020:Foreign Securities Purchases by Canadians|CAD_124010029:Manufacturing Sales m/m,False,False,False,0.2,,0.0,,,0.2,MISSING,POSITIVE,,,1,-1,True,1474041600,2016.09.16 16:00:00,1800,True,True,0.002023,True,True,True,True,True,True,False,False,False,True,True,True,excluded_missing_forecast,excluded_missing_forecast,excluded_missing_forecast,,,
USD_CPI_1474039800,1474039800,2016.09.16 15:30:00,2016,CORE_2015_2025,CPI,NZDUSD,QUOTE,840030005,CPI m/m,True,"840030005,840030006,840030007,840030008",USD_840030009:CPI n.s.a.|USD_840030010:Core CPI|USD_840030030:Real Earnings m/m|USD_840030033:CPI n.s.a. m/m|USD_840030034:Core CPI n.s.a. m/m|USD_840030035:CPI|USD_840030036:Core CPI n.s.a.|CAD_124010019:Foreign Securities Purchases|CAD_124010020:Foreign Securities Purchases by Canadians|CAD_124010029:Manufacturing Sales m/m,False,False,False,0.2,,0.0,,,0.2,MISSING,POSITIVE,,,1,-1,True,1474041600,2016.09.16 16:00:00,1800,True,True,0.001417,True,True,True,True,True,True,False,False,False,True,True,True,excluded_missing_forecast,excluded_missing_forecast,excluded_missing_forecast,,,
USD_CPI_1474039800,1474039800,2016.09.16 15:30:00,2016,CORE_2015_2025,CPI,USDCAD,BASE,840030005,CPI m/m,True,"840030005,840030006,840030007,840030008",USD_840030009:CPI n.s.a.|USD_840030010:Core CPI|USD_840030030:Real Earnings m/m|USD_840030033:CPI n.s.a. m/m|USD_840030034:Core CPI n.s.a. m/m|USD_840030035:CPI|USD_840030036:Core CPI n.s.a.|CAD_124010019:Foreign Securities Purchases|CAD_124010020:Foreign Securities Purchases by Canadians|CAD_124010029:Manufacturing Sales m/m,False,False,False,0.2,,0.0,,,0.2,MISSING,POSITIVE,,,1,1,True,1474041600,2016.09.16 16:00:00,1800,True,True,0.001806,True,True,True,True,True,True,False,False,False,True,True,True,excluded_missing_forecast,excluded_missing_forecast,excluded_missing_forecast,,,
USD_CPI_1474039800,1474039800,2016.09.16 15:30:00,2016,CORE_2015_2025,CPI,USDCHF,BASE,840030005,CPI m/m,True,"840030005,840030006,840030007,840030008",USD_840030009:CPI n.s.a.|USD_840030010:Core CPI|USD_840030030:Real Earnings m/m|USD_840030033:CPI n.s.a. m/m|USD_840030034:Core CPI n.s.a. m/m|USD_840030035:CPI|USD_840030036:Core CPI n.s.a.|CAD_124010019:Foreign Securities Purchases|CAD_124010020:Foreign Securities Purchases by Canadians|CAD_124010029:Manufacturing Sales m/m,False,False,False,0.2,,0.0,,,0.2,MISSING,POSITIVE,,,1,1,True,1474041600,2016.09.16 16:00:00,1800,True,True,0.001151,True,True,True,True,True,True,False,False,False,True,True,True,excluded_missing_forecast,excluded_missing_forecast,excluded_missing_forecast,,,
USD_CPI_1474039800,1474039800,2016.09.16 15:30:00,2016,CORE_2015_2025,CPI,USDJPY,BASE,840030005,CPI m/m,True,"840030005,840030006,840030007,840030008",USD_840030009:CPI n.s.a.|USD_840030010:Core CPI|USD_840030030:Real Earnings m/m|USD_840030033:CPI n.s.a. m/m|USD_840030034:Core CPI n.s.a. m/m|USD_840030035:CPI|USD_840030036:Core CPI n.s.a.|CAD_124010019:Foreign Securities Purchases|CAD_124010020:Foreign Securities Purchases by Canadians|CAD_124010029:Manufacturing Sales m/m,False,False,False,0.2,,0.0,,,0.2,MISSING,POSITIVE,,,1,1,True,1474041600,2016.09.16 16:00:00,1800,True,True,0.180353,True,True,True,True,True,True,False,False,False,True,True,True,excluded_missing_forecast,excluded_missing_forecast,excluded_missing_forecast,,,
USD_CPI_1476804600,1476804600,2016.10.18 15:30:00,2016,CORE_2015_2025,CPI,AUDUSD,QUOTE,840030005,CPI m/m,True,"840030005,840030006,840030007,840030008",USD_840030009:CPI n.s.a.|USD_840030010:Core CPI|USD_840030030:Real Earnings m/m|USD_840030033:CPI n.s.a. m/m|USD_840030034:Core CPI n.s.a. m/m|USD_840030035:CPI|USD_840030036:Core CPI n.s.a.|CAD_124010029:Manufacturing Sales m/m,False,False,False,0.3,,0.2,,,0.1,MISSING,POSITIVE,,,1,-1,True,1476806400,2016.10.18 16:00:00,1800,True,True,0.001210,True,True,True,True,True,True,False,False,False,True,True,True,excluded_missing_forecast,excluded_missing_forecast,excluded_missing_forecast,,,
USD_CPI_1476804600,1476804600,2016.10.18 15:30:00,2016,CORE_2015_2025,CPI,EURUSD,QUOTE,840030005,CPI m/m,True,"840030005,840030006,840030007,840030008",USD_840030009:CPI n.s.a.|USD_840030010:Core CPI|USD_840030030:Real Earnings m/m|USD_840030033:CPI n.s.a. m/m|USD_840030034:Core CPI n.s.a. m/m|USD_840030035:CPI|USD_840030036:Core CPI n.s.a.|CAD_124010029:Manufacturing Sales m/m,False,False,False,0.3,,0.2,,,0.1,MISSING,POSITIVE,,,1,-1,True,1476806400,2016.10.18 16:00:00,1800,True,True,0.001111,True,True,True,True,True,True,False,False,False,True,True,True,excluded_missing_forecast,excluded_missing_forecast,excluded_missing_forecast,,,
USD_CPI_1476804600,1476804600,2016.10.18 15:30:00,2016,CORE_2015_2025,CPI,GBPUSD,QUOTE,840030005,CPI m/m,True,"840030005,840030006,840030007,840030008",USD_840030009:CPI n.s.a.|USD_840030010:Core CPI|USD_840030030:Real Earnings m/m|USD_840030033:CPI n.s.a. m/m|USD_840030034:Core CPI n.s.a. m/m|USD_840030035:CPI|USD_840030036:Core CPI n.s.a.|CAD_124010029:Manufacturing Sales m/m,False,False,False,0.3,,0.2,,,0.1,MISSING,POSITIVE,,,1,-1,True,1476806400,2016.10.18 16:00:00,1800,True,True,0.002903,True,True,True,True,True,True,False,False,False,True,True,True,excluded_missing_forecast,excluded_missing_forecast,excluded_missing_forecast,,,
USD_CPI_1476804600,1476804600,2016.10.18 15:30:00,2016,CORE_2015_2025,CPI,NZDUSD,QUOTE,840030005,CPI m/m,True,"840030005,840030006,840030007,840030008",USD_840030009:CPI n.s.a.|USD_840030010:Core CPI|USD_840030030:Real Earnings m/m|USD_840030033:CPI n.s.a. m/m|USD_840030034:Core CPI n.s.a. m/m|USD_840030035:CPI|USD_840030036:Core CPI n.s.a.|CAD_124010029:Manufacturing Sales m/m,False,False,False,0.3,,0.2,,,0.1,MISSING,POSITIVE,,,1,-1,True,1476806400,2016.10.18 16:00:00,1800,True,True,0.001409,True,True,True,True,True,True,False,False,False,True,True,True,excluded_missing_forecast,excluded_missing_forecast,excluded_missing_forecast,,,
USD_CPI_1476804600,1476804600,2016.10.18 15:30:00,2016,CORE_2015_2025,CPI,USDCAD,BASE,840030005,CPI m/m,True,"840030005,840030006,840030007,840030008",USD_840030009:CPI n.s.a.|USD_840030010:Core CPI|USD_840030030:Real Earnings m/m|USD_840030033:CPI n.s.a. m/m|USD_840030034:Core CPI n.s.a. m/m|USD_840030035:CPI|USD_840030036:Core CPI n.s.a.|CAD_124010029:Manufacturing Sales m/m,False,False,False,0.3,,0.2,,,0.1,MISSING,POSITIVE,,,1,1,True,1476806400,2016.10.18 16:00:00,1800,True,True,0.001555,True,True,True,True,True,True,False,False,False,True,True,True,excluded_missing_forecast,excluded_missing_forecast,excluded_missing_forecast,,,
USD_CPI_1476804600,1476804600,2016.10.18 15:30:00,2016,CORE_2015_2025,CPI,USDCHF,BASE,840030005,CPI m/m,True,"840030005,840030006,840030007,840030008",USD_840030009:CPI n.s.a.|USD_840030010:Core CPI|USD_840030030:Real Earnings m/m|USD_840030033:CPI n.s.a. m/m|USD_840030034:Core CPI n.s.a. m/m|USD_840030035:CPI|USD_840030036:Core CPI n.s.a.|CAD_124010029:Manufacturing Sales m/m,False,False,False,0.3,,0.2,,,0.1,MISSING,POSITIVE,,,1,1,True,1476806400,2016.10.18 16:00:00,1800,True,True,0.001164,True,True,True,True,True,True,False,False,False,True,True,True,excluded_missing_forecast,excluded_missing_forecast,excluded_missing_forecast,,,
USD_CPI_1476804600,1476804600,2016.10.18 15:30:00,2016,CORE_2015_2025,CPI,USDJPY,BASE,840030005,CPI m/m,True,"840030005,840030006,840030007,840030008",USD_840030009:CPI n.s.a.|USD_840030010:Core CPI|USD_840030030:Real Earnings m/m|USD_840030033:CPI n.s.a. m/m|USD_840030034:Core CPI n.s.a. m/m|USD_840030035:CPI|USD_840030036:Core CPI n.s.a.|CAD_124010029:Manufacturing Sales m/m,False,False,False,0.3,,0.2,,,0.1,MISSING,POSITIVE,,,1,1,True,1476806400,2016.10.18 16:00:00,1800,True,True,0.141868,True,True,True,True,True,True,False,False,False,True,True,True,excluded_missing_forecast,excluded_missing_forecast,excluded_missing_forecast,,,
USD_CPI_1479400200,1479400200,2016.11.17 16:30:00,2016,CORE_2015_2025,CPI,AUDUSD,QUOTE,840030005,CPI m/m,True,"840030005,840030006,840030007,840030008",USD_840020004:Housing Starts|USD_840020005:Building Permits|USD_840020015:Housing Starts m/m|USD_840020016:Building Permits m/m|USD_840030009:CPI n.s.a.|USD_840030010:Core CPI|USD_840030030:Real Earnings m/m|USD_840030033:CPI n.s.a. m/m|USD_840030034:Core CPI n.s.a. m/m|USD_840030035:CPI|USD_840030036:Core CPI n.s.a.|USD_840070001:Philadelphia Fed Manufacturing Index|USD_840070002:Philadelphia Fed Employment|USD_840070003:Philadelphia Fed Business Conditions|USD_840070004:Philadelphia Fed Prices Paid|USD_840070005:Philadelphia Fed New Orders|USD_840070006:Philadelphia Fed Capex Index|USD_840140001:Initial Jobless Claims|USD_840140002:Continuing Jobless Claims|USD_840140003:Initial Jobless Claims 4-Week Average|CAD_124010019:Foreign Securities Purchases|CAD_124010020:Foreign Securities Purchases by Canadians,False,False,False,0.4,,0.3,,,0.1,MISSING,POSITIVE,,,1,-1,True,1479402000,2016.11.17 17:00:00,1800,True,True,0.001665,True,True,True,True,True,True,False,False,False,True,True,True,excluded_missing_forecast,excluded_missing_forecast,excluded_missing_forecast,,,
USD_CPI_1479400200,1479400200,2016.11.17 16:30:00,2016,CORE_2015_2025,CPI,EURUSD,QUOTE,840030005,CPI m/m,True,"840030005,840030006,840030007,840030008",USD_840020004:Housing Starts|USD_840020005:Building Permits|USD_840020015:Housing Starts m/m|USD_840020016:Building Permits m/m|USD_840030009:CPI n.s.a.|USD_840030010:Core CPI|USD_840030030:Real Earnings m/m|USD_840030033:CPI n.s.a. m/m|USD_840030034:Core CPI n.s.a. m/m|USD_840030035:CPI|USD_840030036:Core CPI n.s.a.|USD_840070001:Philadelphia Fed Manufacturing Index|USD_840070002:Philadelphia Fed Employment|USD_840070003:Philadelphia Fed Business Conditions|USD_840070004:Philadelphia Fed Prices Paid|USD_840070005:Philadelphia Fed New Orders|USD_840070006:Philadelphia Fed Capex Index|USD_840140001:Initial Jobless Claims|USD_840140002:Continuing Jobless Claims|USD_840140003:Initial Jobless Claims 4-Week Average|CAD_124010019:Foreign Securities Purchases|CAD_124010020:Foreign Securities Purchases by Canadians,False,False,False,0.4,,0.3,,,0.1,MISSING,POSITIVE,,,1,-1,True,1479402000,2016.11.17 17:00:00,1800,True,True,0.002130,True,True,True,True,True,True,False,False,False,True,True,True,excluded_missing_forecast,excluded_missing_forecast,excluded_missing_forecast,,,
USD_CPI_1479400200,1479400200,2016.11.17 16:30:00,2016,CORE_2015_2025,CPI,GBPUSD,QUOTE,840030005,CPI m/m,True,"840030005,840030006,840030007,840030008",USD_840020004:Housing Starts|USD_840020005:Building Permits|USD_840020015:Housing Starts m/m|USD_840020016:Building Permits m/m|USD_840030009:CPI n.s.a.|USD_840030010:Core CPI|USD_840030030:Real Earnings m/m|USD_840030033:CPI n.s.a. m/m|USD_840030034:Core CPI n.s.a. m/m|USD_840030035:CPI|USD_840030036:Core CPI n.s.a.|USD_840070001:Philadelphia Fed Manufacturing Index|USD_840070002:Philadelphia Fed Employment|USD_840070003:Philadelphia Fed Business Conditions|USD_840070004:Philadelphia Fed Prices Paid|USD_840070005:Philadelphia Fed New Orders|USD_840070006:Philadelphia Fed Capex Index|USD_840140001:Initial Jobless Claims|USD_840140002:Continuing Jobless Claims|USD_840140003:Initial Jobless Claims 4-Week Average|CAD_124010019:Foreign Securities Purchases|CAD_124010020:Foreign Securities Purchases by Canadians,False,False,False,0.4,,0.3,,,0.1,MISSING,POSITIVE,,,1,-1,True,1479402000,2016.11.17 17:00:00,1800,True,True,0.002724,True,True,True,True,True,True,False,False,False,True,True,True,excluded_missing_forecast,excluded_missing_forecast,excluded_missing_forecast,,,
USD_CPI_1479400200,1479400200,2016.11.17 16:30:00,2016,CORE_2015_2025,CPI,NZDUSD,QUOTE,840030005,CPI m/m,True,"840030005,840030006,840030007,840030008",USD_840020004:Housing Starts|USD_840020005:Building Permits|USD_840020015:Housing Starts m/m|USD_840020016:Building Permits m/m|USD_840030009:CPI n.s.a.|USD_840030010:Core CPI|USD_840030030:Real Earnings m/m|USD_840030033:CPI n.s.a. m/m|USD_840030034:Core CPI n.s.a. m/m|USD_840030035:CPI|USD_840030036:Core CPI n.s.a.|USD_840070001:Philadelphia Fed Manufacturing Index|USD_840070002:Philadelphia Fed Employment|USD_840070003:Philadelphia Fed Business Conditions|USD_840070004:Philadelphia Fed Prices Paid|USD_840070005:Philadelphia Fed New Orders|USD_840070006:Philadelphia Fed Capex Index|USD_840140001:Initial Jobless Claims|USD_840140002:Continuing Jobless Claims|USD_840140003:Initial Jobless Claims 4-Week Average|CAD_124010019:Foreign Securities Purchases|CAD_124010020:Foreign Securities Purchases by Canadians,False,False,False,0.4,,0.3,,,0.1,MISSING,POSITIVE,,,1,-1,True,1479402000,2016.11.17 17:00:00,1800,True,True,0.001556,True,True,True,True,True,True,False,False,False,True,True,True,excluded_missing_forecast,excluded_missing_forecast,excluded_missing_forecast,,,
USD_CPI_1479400200,1479400200,2016.11.17 16:30:00,2016,CORE_2015_2025,CPI,USDCAD,BASE,840030005,CPI m/m,True,"840030005,840030006,840030007,840030008",USD_840020004:Housing Starts|USD_840020005:Building Permits|USD_840020015:Housing Starts m/m|USD_840020016:Building Permits m/m|USD_840030009:CPI n.s.a.|USD_840030010:Core CPI|USD_840030030:Real Earnings m/m|USD_840030033:CPI n.s.a. m/m|USD_840030034:Core CPI n.s.a. m/m|USD_840030035:CPI|USD_840030036:Core CPI n.s.a.|USD_840070001:Philadelphia Fed Manufacturing Index|USD_840070002:Philadelphia Fed Employment|USD_840070003:Philadelphia Fed Business Conditions|USD_840070004:Philadelphia Fed Prices Paid|USD_840070005:Philadelphia Fed New Orders|USD_840070006:Philadelphia Fed Capex Index|USD_840140001:Initial Jobless Claims|USD_840140002:Continuing Jobless Claims|USD_840140003:Initial Jobless Claims 4-Week Average|CAD_124010019:Foreign Securities Purchases|CAD_124010020:Foreign Securities Purchases by Canadians,False,False,False,0.4,,0.3,,,0.1,MISSING,POSITIVE,,,1,1,True,1479402000,2016.11.17 17:00:00,1800,True,True,0.001903,True,True,True,True,True,True,False,False,False,True,True,True,excluded_missing_forecast,excluded_missing_forecast,excluded_missing_forecast,,,
USD_CPI_1479400200,1479400200,2016.11.17 16:30:00,2016,CORE_2015_2025,CPI,USDCHF,BASE,840030005,CPI m/m,True,"840030005,840030006,840030007,840030008",USD_840020004:Housing Starts|USD_840020005:Building Permits|USD_840020015:Housing Starts m/m|USD_840020016:Building Permits m/m|USD_840030009:CPI n.s.a.|USD_840030010:Core CPI|USD_840030030:Real Earnings m/m|USD_840030033:CPI n.s.a. m/m|USD_840030034:Core CPI n.s.a. m/m|USD_840030035:CPI|USD_840030036:Core CPI n.s.a.|USD_840070001:Philadelphia Fed Manufacturing Index|USD_840070002:Philadelphia Fed Employment|USD_840070003:Philadelphia Fed Business Conditions|USD_840070004:Philadelphia Fed Prices Paid|USD_840070005:Philadelphia Fed New Orders|USD_840070006:Philadelphia Fed Capex Index|USD_840140001:Initial Jobless Claims|USD_840140002:Continuing Jobless Claims|USD_840140003:Initial Jobless Claims 4-Week Average|CAD_124010019:Foreign Securities Purchases|CAD_124010020:Foreign Securities Purchases by Canadians,False,False,False,0.4,,0.3,,,0.1,MISSING,POSITIVE,,,1,1,True,1479402000,2016.11.17 17:00:00,1800,True,True,0.001822,True,True,True,True,True,True,False,False,False,True,True,True,excluded_missing_forecast,excluded_missing_forecast,excluded_missing_forecast,,,
USD_CPI_1479400200,1479400200,2016.11.17 16:30:00,2016,CORE_2015_2025,CPI,USDJPY,BASE,840030005,CPI m/m,True,"840030005,840030006,840030007,840030008",USD_840020004:Housing Starts|USD_840020005:Building Permits|USD_840020015:Housing Starts m/m|USD_840020016:Building Permits m/m|USD_840030009:CPI n.s.a.|USD_840030010:Core CPI|USD_840030030:Real Earnings m/m|USD_840030033:CPI n.s.a. m/m|USD_840030034:Core CPI n.s.a. m/m|USD_840030035:CPI|USD_840030036:Core CPI n.s.a.|USD_840070001:Philadelphia Fed Manufacturing Index|USD_840070002:Philadelphia Fed Employment|USD_840070003:Philadelphia Fed Business Conditions|USD_840070004:Philadelphia Fed Prices Paid|USD_840070005:Philadelphia Fed New Orders|USD_840070006:Philadelphia Fed Capex Index|USD_840140001:Initial Jobless Claims|USD_840140002:Continuing Jobless Claims|USD_840140003:Initial Jobless Claims 4-Week Average|CAD_124010019:Foreign Securities Purchases|CAD_124010020:Foreign Securities Purchases by Canadians,False,False,False,0.4,,0.3,,,0.1,MISSING,POSITIVE,,,1,1,True,1479402000,2016.11.17 17:00:00,1800,True,True,0.311040,True,True,True,True,True,True,False,False,False,True,True,True,excluded_missing_forecast,excluded_missing_forecast,excluded_missing_forecast,,,
USD_CPI_1481819400,1481819400,2016.12.15 16:30:00,2016,CORE_2015_2025,CPI,AUDUSD,QUOTE,840030005,CPI m/m,True,"840030005,840030006,840030007,840030008",USD_840010015:Current Account|USD_840030009:CPI n.s.a.|USD_840030010:Core CPI|USD_840030030:Real Earnings m/m|USD_840030033:CPI n.s.a. m/m|USD_840030034:Core CPI n.s.a. m/m|USD_840030035:CPI|USD_840030036:Core CPI n.s.a.|USD_840070001:Philadelphia Fed Manufacturing Index|USD_840070002:Philadelphia Fed Employment|USD_840070003:Philadelphia Fed Business Conditions|USD_840070004:Philadelphia Fed Prices Paid|USD_840070005:Philadelphia Fed New Orders|USD_840070006:Philadelphia Fed Capex Index|USD_840140001:Initial Jobless Claims|USD_840140002:Continuing Jobless Claims|USD_840140003:Initial Jobless Claims 4-Week Average|USD_840230001:NY Fed Empire State Manufacturing Index|CAD_124010029:Manufacturing Sales m/m,False,False,False,0.2,,0.4,,,-0.2,MISSING,NEGATIVE,,,-1,1,True,1481821200,2016.12.15 17:00:00,1800,True,True,0.001847,True,True,True,True,True,True,False,False,False,True,True,True,excluded_missing_forecast,excluded_missing_forecast,excluded_missing_forecast,,,
USD_CPI_1481819400,1481819400,2016.12.15 16:30:00,2016,CORE_2015_2025,CPI,EURUSD,QUOTE,840030005,CPI m/m,True,"840030005,840030006,840030007,840030008",USD_840010015:Current Account|USD_840030009:CPI n.s.a.|USD_840030010:Core CPI|USD_840030030:Real Earnings m/m|USD_840030033:CPI n.s.a. m/m|USD_840030034:Core CPI n.s.a. m/m|USD_840030035:CPI|USD_840030036:Core CPI n.s.a.|USD_840070001:Philadelphia Fed Manufacturing Index|USD_840070002:Philadelphia Fed Employment|USD_840070003:Philadelphia Fed Business Conditions|USD_840070004:Philadelphia Fed Prices Paid|USD_840070005:Philadelphia Fed New Orders|USD_840070006:Philadelphia Fed Capex Index|USD_840140001:Initial Jobless Claims|USD_840140002:Continuing Jobless Claims|USD_840140003:Initial Jobless Claims 4-Week Average|USD_840230001:NY Fed Empire State Manufacturing Index|CAD_124010029:Manufacturing Sales m/m,False,False,False,0.2,,0.4,,,-0.2,MISSING,NEGATIVE,,,-1,1,True,1481821200,2016.12.15 17:00:00,1800,True,True,0.002896,True,True,True,True,True,True,False,False,False,True,True,True,excluded_missing_forecast,excluded_missing_forecast,excluded_missing_forecast,,,
USD_CPI_1481819400,1481819400,2016.12.15 16:30:00,2016,CORE_2015_2025,CPI,GBPUSD,QUOTE,840030005,CPI m/m,True,"840030005,840030006,840030007,840030008",USD_840010015:Current Account|USD_840030009:CPI n.s.a.|USD_840030010:Core CPI|USD_840030030:Real Earnings m/m|USD_840030033:CPI n.s.a. m/m|USD_840030034:Core CPI n.s.a. m/m|USD_840030035:CPI|USD_840030036:Core CPI n.s.a.|USD_840070001:Philadelphia Fed Manufacturing Index|USD_840070002:Philadelphia Fed Employment|USD_840070003:Philadelphia Fed Business Conditions|USD_840070004:Philadelphia Fed Prices Paid|USD_840070005:Philadelphia Fed New Orders|USD_840070006:Philadelphia Fed Capex Index|USD_840140001:Initial Jobless Claims|USD_840140002:Continuing Jobless Claims|USD_840140003:Initial Jobless Claims 4-Week Average|USD_840230001:NY Fed Empire State Manufacturing Index|CAD_124010029:Manufacturing Sales m/m,False,False,False,0.2,,0.4,,,-0.2,MISSING,NEGATIVE,,,-1,1,True,1481821200,2016.12.15 17:00:00,1800,True,True,0.003260,True,True,True,True,True,True,False,False,False,True,True,True,excluded_missing_forecast,excluded_missing_forecast,excluded_missing_forecast,,,
USD_CPI_1481819400,1481819400,2016.12.15 16:30:00,2016,CORE_2015_2025,CPI,NZDUSD,QUOTE,840030005,CPI m/m,True,"840030005,840030006,840030007,840030008",USD_840010015:Current Account|USD_840030009:CPI n.s.a.|USD_840030010:Core CPI|USD_840030030:Real Earnings m/m|USD_840030033:CPI n.s.a. m/m|USD_840030034:Core CPI n.s.a. m/m|USD_840030035:CPI|USD_840030036:Core CPI n.s.a.|USD_840070001:Philadelphia Fed Manufacturing Index|USD_840070002:Philadelphia Fed Employment|USD_840070003:Philadelphia Fed Business Conditions|USD_840070004:Philadelphia Fed Prices Paid|USD_840070005:Philadelphia Fed New Orders|USD_840070006:Philadelphia Fed Capex Index|USD_840140001:Initial Jobless Claims|USD_840140002:Continuing Jobless Claims|USD_840140003:Initial Jobless Claims 4-Week Average|USD_840230001:NY Fed Empire State Manufacturing Index|CAD_124010029:Manufacturing Sales m/m,False,False,False,0.2,,0.4,,,-0.2,MISSING,NEGATIVE,,,-1,1,True,1481821200,2016.12.15 17:00:00,1800,True,True,0.001807,True,True,True,True,True,True,False,False,False,True,True,True,excluded_missing_forecast,excluded_missing_forecast,excluded_missing_forecast,,,
USD_CPI_1481819400,1481819400,2016.12.15 16:30:00,2016,CORE_2015_2025,CPI,USDCAD,BASE,840030005,CPI m/m,True,"840030005,840030006,840030007,840030008",USD_840010015:Current Account|USD_840030009:CPI n.s.a.|USD_840030010:Core CPI|USD_840030030:Real Earnings m/m|USD_840030033:CPI n.s.a. m/m|USD_840030034:Core CPI n.s.a. m/m|USD_840030035:CPI|USD_840030036:Core CPI n.s.a.|USD_840070001:Philadelphia Fed Manufacturing Index|USD_840070002:Philadelphia Fed Employment|USD_840070003:Philadelphia Fed Business Conditions|USD_840070004:Philadelphia Fed Prices Paid|USD_840070005:Philadelphia Fed New Orders|USD_840070006:Philadelphia Fed Capex Index|USD_840140001:Initial Jobless Claims|USD_840140002:Continuing Jobless Claims|USD_840140003:Initial Jobless Claims 4-Week Average|USD_840230001:NY Fed Empire State Manufacturing Index|CAD_124010029:Manufacturing Sales m/m,False,False,False,0.2,,0.4,,,-0.2,MISSING,NEGATIVE,,,-1,-1,True,1481821200,2016.12.15 17:00:00,1800,True,True,0.002355,True,True,True,True,True,True,False,False,False,True,True,True,excluded_missing_forecast,excluded_missing_forecast,excluded_missing_forecast,,,
USD_CPI_1481819400,1481819400,2016.12.15 16:30:00,2016,CORE_2015_2025,CPI,USDCHF,BASE,840030005,CPI m/m,True,"840030005,840030006,840030007,840030008",USD_840010015:Current Account|USD_840030009:CPI n.s.a.|USD_840030010:Core CPI|USD_840030030:Real Earnings m/m|USD_840030033:CPI n.s.a. m/m|USD_840030034:Core CPI n.s.a. m/m|USD_840030035:CPI|USD_840030036:Core CPI n.s.a.|USD_840070001:Philadelphia Fed Manufacturing Index|USD_840070002:Philadelphia Fed Employment|USD_840070003:Philadelphia Fed Business Conditions|USD_840070004:Philadelphia Fed Prices Paid|USD_840070005:Philadelphia Fed New Orders|USD_840070006:Philadelphia Fed Capex Index|USD_840140001:Initial Jobless Claims|USD_840140002:Continuing Jobless Claims|USD_840140003:Initial Jobless Claims 4-Week Average|USD_840230001:NY Fed Empire State Manufacturing Index|CAD_124010029:Manufacturing Sales m/m,False,False,False,0.2,,0.4,,,-0.2,MISSING,NEGATIVE,,,-1,-1,True,1481821200,2016.12.15 17:00:00,1800,True,True,0.002382,True,True,True,True,True,True,False,False,False,True,True,True,excluded_missing_forecast,excluded_missing_forecast,excluded_missing_forecast,,,
USD_CPI_1481819400,1481819400,2016.12.15 16:30:00,2016,CORE_2015_2025,CPI,USDJPY,BASE,840030005,CPI m/m,True,"840030005,840030006,840030007,840030008",USD_840010015:Current Account|USD_840030009:CPI n.s.a.|USD_840030010:Core CPI|USD_840030030:Real Earnings m/m|USD_840030033:CPI n.s.a. m/m|USD_840030034:Core CPI n.s.a. m/m|USD_840030035:CPI|USD_840030036:Core CPI n.s.a.|USD_840070001:Philadelphia Fed Manufacturing Index|USD_840070002:Philadelphia Fed Employment|USD_840070003:Philadelphia Fed Business Conditions|USD_840070004:Philadelphia Fed Prices Paid|USD_840070005:Philadelphia Fed New Orders|USD_840070006:Philadelphia Fed Capex Index|USD_840140001:Initial Jobless Claims|USD_840140002:Continuing Jobless Claims|USD_840140003:Initial Jobless Claims 4-Week Average|USD_840230001:NY Fed Empire State Manufacturing Index|CAD_124010029:Manufacturing Sales m/m,False,False,False,0.2,,0.4,,,-0.2,MISSING,NEGATIVE,,,-1,-1,True,1481821200,2016.12.15 17:00:00,1800,True,True,0.350308,True,True,True,True,True,True,False,False,False,True,True,True,excluded_missing_forecast,excluded_missing_forecast,excluded_missing_forecast,,,
USD_CPI_1484757000,1484757000,2017.01.18 16:30:00,2017,CORE_2015_2025,CPI,AUDUSD,QUOTE,840030005,CPI m/m,True,"840030005,840030006,840030007,840030008",USD_840030009:CPI n.s.a.|USD_840030010:Core CPI|USD_840030030:Real Earnings m/m|USD_840030033:CPI n.s.a. m/m|USD_840030034:Core CPI n.s.a. m/m|USD_840030035:CPI|USD_840030036:Core CPI n.s.a.,False,False,False,0.3,,0.2,,,0.1,MISSING,POSITIVE,,,1,-1,True,1484758800,2017.01.18 17:00:00,1800,True,True,0.001175,True,True,True,True,True,True,False,False,False,True,True,True,excluded_missing_forecast,excluded_missing_forecast,excluded_missing_forecast,,,
USD_CPI_1484757000,1484757000,2017.01.18 16:30:00,2017,CORE_2015_2025,CPI,EURUSD,QUOTE,840030005,CPI m/m,True,"840030005,840030006,840030007,840030008",USD_840030009:CPI n.s.a.|USD_840030010:Core CPI|USD_840030030:Real Earnings m/m|USD_840030033:CPI n.s.a. m/m|USD_840030034:Core CPI n.s.a. m/m|USD_840030035:CPI|USD_840030036:Core CPI n.s.a.,False,False,False,0.3,,0.2,,,0.1,MISSING,POSITIVE,,,1,-1,True,1484758800,2017.01.18 17:00:00,1800,True,True,0.001594,True,True,True,True,True,True,False,False,False,True,True,True,excluded_missing_forecast,excluded_missing_forecast,excluded_missing_forecast,,,
USD_CPI_1484757000,1484757000,2017.01.18 16:30:00,2017,CORE_2015_2025,CPI,GBPUSD,QUOTE,840030005,CPI m/m,True,"840030005,840030006,840030007,840030008",USD_840030009:CPI n.s.a.|USD_840030010:Core CPI|USD_840030030:Real Earnings m/m|USD_840030033:CPI n.s.a. m/m|USD_840030034:Core CPI n.s.a. m/m|USD_840030035:CPI|USD_840030036:Core CPI n.s.a.,False,False,False,0.3,,0.2,,,0.1,MISSING,POSITIVE,,,1,-1,True,1484758800,2017.01.18 17:00:00,1800,True,True,0.003123,True,True,True,True,True,True,False,False,False,True,True,True,excluded_missing_forecast,excluded_missing_forecast,excluded_missing_forecast,,,
USD_CPI_1484757000,1484757000,2017.01.18 16:30:00,2017,CORE_2015_2025,CPI,NZDUSD,QUOTE,840030005,CPI m/m,True,"840030005,840030006,840030007,840030008",USD_840030009:CPI n.s.a.|USD_840030010:Core CPI|USD_840030030:Real Earnings m/m|USD_840030033:CPI n.s.a. m/m|USD_840030034:Core CPI n.s.a. m/m|USD_840030035:CPI|USD_840030036:Core CPI n.s.a.,False,False,False,0.3,,0.2,,,0.1,MISSING,POSITIVE,,,1,-1,True,1484758800,2017.01.18 17:00:00,1800,True,True,0.001286,True,True,True,True,True,True,False,False,False,True,True,True,excluded_missing_forecast,excluded_missing_forecast,excluded_missing_forecast,,,
USD_CPI_1484757000,1484757000,2017.01.18 16:30:00,2017,CORE_2015_2025,CPI,USDCAD,BASE,840030005,CPI m/m,True,"840030005,840030006,840030007,840030008",USD_840030009:CPI n.s.a.|USD_840030010:Core CPI|USD_840030030:Real Earnings m/m|USD_840030033:CPI n.s.a. m/m|USD_840030034:Core CPI n.s.a. m/m|USD_840030035:CPI|USD_840030036:Core CPI n.s.a.,False,False,False,0.3,,0.2,,,0.1,MISSING,POSITIVE,,,1,1,True,1484758800,2017.01.18 17:00:00,1800,True,True,0.001729,True,True,True,True,True,True,False,False,False,True,True,True,excluded_missing_forecast,excluded_missing_forecast,excluded_missing_forecast,,,
USD_CPI_1484757000,1484757000,2017.01.18 16:30:00,2017,CORE_2015_2025,CPI,USDCHF,BASE,840030005,CPI m/m,True,"840030005,840030006,840030007,840030008",USD_840030009:CPI n.s.a.|USD_840030010:Core CPI|USD_840030030:Real Earnings m/m|USD_840030033:CPI n.s.a. m/m|USD_840030034:Core CPI n.s.a. m/m|USD_840030035:CPI|USD_840030036:Core CPI n.s.a.,False,False,False,0.3,,0.2,,,0.1,MISSING,POSITIVE,,,1,1,True,1484758800,2017.01.18 17:00:00,1800,True,True,0.001539,True,True,True,True,True,True,False,False,False,True,True,True,excluded_missing_forecast,excluded_missing_forecast,excluded_missing_forecast,,,
USD_CPI_1484757000,1484757000,2017.01.18 16:30:00,2017,CORE_2015_2025,CPI,USDJPY,BASE,840030005,CPI m/m,True,"840030005,840030006,840030007,840030008",USD_840030009:CPI n.s.a.|USD_840030010:Core CPI|USD_840030030:Real Earnings m/m|USD_840030033:CPI n.s.a. m/m|USD_840030034:Core CPI n.s.a. m/m|USD_840030035:CPI|USD_840030036:Core CPI n.s.a.,False,False,False,0.3,,0.2,,,0.1,MISSING,POSITIVE,,,1,1,True,1484758800,2017.01.18 17:00:00,1800,True,True,0.245148,True,True,True,True,True,True,False,False,False,True,True,True,excluded_missing_forecast,excluded_missing_forecast,excluded_missing_forecast,,,
USD_CPI_1487176200,1487176200,2017.02.15 16:30:00,2017,CORE_2015_2025,CPI,AUDUSD,QUOTE,840030005,CPI m/m,True,"840030005,840030006,840030007,840030008",USD_840020010:Retail Sales m/m|USD_840020011:Core Retail Sales m/m|USD_840020012:Retail Control m/m|USD_840020021:Retail Sales excl. Autos and Gas m/m|USD_840020025:Retail Sales y/y|USD_840030009:CPI n.s.a.|USD_840030010:Core CPI|USD_840030030:Real Earnings m/m|USD_840030033:CPI n.s.a. m/m|USD_840030034:Core CPI n.s.a. m/m|USD_840030035:CPI|USD_840030036:Core CPI n.s.a.|USD_840230001:NY Fed Empire State Manufacturing Index|CAD_124010029:Manufacturing Sales m/m,False,False,False,0.6,,0.3,,,0.3,MISSING,POSITIVE,,,1,-1,True,1487178000,2017.02.15 17:00:00,1800,True,True,0.001312,True,True,True,True,True,True,False,False,False,True,True,True,excluded_missing_forecast,excluded_missing_forecast,excluded_missing_forecast,,,
USD_CPI_1487176200,1487176200,2017.02.15 16:30:00,2017,CORE_2015_2025,CPI,EURUSD,QUOTE,840030005,CPI m/m,True,"840030005,840030006,840030007,840030008",USD_840020010:Retail Sales m/m|USD_840020011:Core Retail Sales m/m|USD_840020012:Retail Control m/m|USD_840020021:Retail Sales excl. Autos and Gas m/m|USD_840020025:Retail Sales y/y|USD_840030009:CPI n.s.a.|USD_840030010:Core CPI|USD_840030030:Real Earnings m/m|USD_840030033:CPI n.s.a. m/m|USD_840030034:Core CPI n.s.a. m/m|USD_840030035:CPI|USD_840030036:Core CPI n.s.a.|USD_840230001:NY Fed Empire State Manufacturing Index|CAD_124010029:Manufacturing Sales m/m,False,False,False,0.6,,0.3,,,0.3,MISSING,POSITIVE,,,1,-1,True,1487178000,2017.02.15 17:00:00,1800,True,True,0.001418,True,True,True,True,True,True,False,False,False,True,True,True,excluded_missing_forecast,excluded_missing_forecast,excluded_missing_forecast,,,
USD_CPI_1487176200,1487176200,2017.02.15 16:30:00,2017,CORE_2015_2025,CPI,GBPUSD,QUOTE,840030005,CPI m/m,True,"840030005,840030006,840030007,840030008",USD_840020010:Retail Sales m/m|USD_840020011:Core Retail Sales m/m|USD_840020012:Retail Control m/m|USD_840020021:Retail Sales excl. Autos and Gas m/m|USD_840020025:Retail Sales y/y|USD_840030009:CPI n.s.a.|USD_840030010:Core CPI|USD_840030030:Real Earnings m/m|USD_840030033:CPI n.s.a. m/m|USD_840030034:Core CPI n.s.a. m/m|USD_840030035:CPI|USD_840030036:Core CPI n.s.a.|USD_840230001:NY Fed Empire State Manufacturing Index|CAD_124010029:Manufacturing Sales m/m,False,False,False,0.6,,0.3,,,0.3,MISSING,POSITIVE,,,1,-1,True,1487178000,2017.02.15 17:00:00,1800,True,True,0.001896,True,True,True,True,True,True,False,False,False,True,True,True,excluded_missing_forecast,excluded_missing_forecast,excluded_missing_forecast,,,
USD_CPI_1487176200,1487176200,2017.02.15 16:30:00,2017,CORE_2015_2025,CPI,NZDUSD,QUOTE,840030005,CPI m/m,True,"840030005,840030006,840030007,840030008",USD_840020010:Retail Sales m/m|USD_840020011:Core Retail Sales m/m|USD_840020012:Retail Control m/m|USD_840020021:Retail Sales excl. Autos and Gas m/m|USD_840020025:Retail Sales y/y|USD_840030009:CPI n.s.a.|USD_840030010:Core CPI|USD_840030030:Real Earnings m/m|USD_840030033:CPI n.s.a. m/m|USD_840030034:Core CPI n.s.a. m/m|USD_840030035:CPI|USD_840030036:Core CPI n.s.a.|USD_840230001:NY Fed Empire State Manufacturing Index|CAD_124010029:Manufacturing Sales m/m,False,False,False,0.6,,0.3,,,0.3,MISSING,POSITIVE,,,1,-1,True,1487178000,2017.02.15 17:00:00,1800,True,True,0.001343,True,True,True,True,True,True,False,False,False,True,True,True,excluded_missing_forecast,excluded_missing_forecast,excluded_missing_forecast,,,
USD_CPI_1487176200,1487176200,2017.02.15 16:30:00,2017,CORE_2015_2025,CPI,USDCAD,BASE,840030005,CPI m/m,True,"840030005,840030006,840030007,840030008",USD_840020010:Retail Sales m/m|USD_840020011:Core Retail Sales m/m|USD_840020012:Retail Control m/m|USD_840020021:Retail Sales excl. Autos and Gas m/m|USD_840020025:Retail Sales y/y|USD_840030009:CPI n.s.a.|USD_840030010:Core CPI|USD_840030030:Real Earnings m/m|USD_840030033:CPI n.s.a. m/m|USD_840030034:Core CPI n.s.a. m/m|USD_840030035:CPI|USD_840030036:Core CPI n.s.a.|USD_840230001:NY Fed Empire State Manufacturing Index|CAD_124010029:Manufacturing Sales m/m,False,False,False,0.6,,0.3,,,0.3,MISSING,POSITIVE,,,1,1,True,1487178000,2017.02.15 17:00:00,1800,True,True,0.001534,True,True,True,True,True,True,False,False,False,True,True,True,excluded_missing_forecast,excluded_missing_forecast,excluded_missing_forecast,,,
USD_CPI_1487176200,1487176200,2017.02.15 16:30:00,2017,CORE_2015_2025,CPI,USDCHF,BASE,840030005,CPI m/m,True,"840030005,840030006,840030007,840030008",USD_840020010:Retail Sales m/m|USD_840020011:Core Retail Sales m/m|USD_840020012:Retail Control m/m|USD_840020021:Retail Sales excl. Autos and Gas m/m|USD_840020025:Retail Sales y/y|USD_840030009:CPI n.s.a.|USD_840030010:Core CPI|USD_840030030:Real Earnings m/m|USD_840030033:CPI n.s.a. m/m|USD_840030034:Core CPI n.s.a. m/m|USD_840030035:CPI|USD_840030036:Core CPI n.s.a.|USD_840230001:NY Fed Empire State Manufacturing Index|CAD_124010029:Manufacturing Sales m/m,False,False,False,0.6,,0.3,,,0.3,MISSING,POSITIVE,,,1,1,True,1487178000,2017.02.15 17:00:00,1800,True,True,0.001278,True,True,True,True,True,True,False,False,False,True,True,True,excluded_missing_forecast,excluded_missing_forecast,excluded_missing_forecast,,,
USD_CPI_1487176200,1487176200,2017.02.15 16:30:00,2017,CORE_2015_2025,CPI,USDJPY,BASE,840030005,CPI m/m,True,"840030005,840030006,840030007,840030008",USD_840020010:Retail Sales m/m|USD_840020011:Core Retail Sales m/m|USD_840020012:Retail Control m/m|USD_840020021:Retail Sales excl. Autos and Gas m/m|USD_840020025:Retail Sales y/y|USD_840030009:CPI n.s.a.|USD_840030010:Core CPI|USD_840030030:Real Earnings m/m|USD_840030033:CPI n.s.a. m/m|USD_840030034:Core CPI n.s.a. m/m|USD_840030035:CPI|USD_840030036:Core CPI n.s.a.|USD_840230001:NY Fed Empire State Manufacturing Index|CAD_124010029:Manufacturing Sales m/m,False,False,False,0.6,,0.3,,,0.3,MISSING,POSITIVE,,,1,1,True,1487178000,2017.02.15 17:00:00,1800,True,True,0.195121,True,True,True,True,True,True,False,False,False,True,True,True,excluded_missing_forecast,excluded_missing_forecast,excluded_missing_forecast,,,
USD_CPI_1489591800,1489591800,2017.03.15 15:30:00,2017,CORE_2015_2025,CPI,AUDUSD,QUOTE,840030005,CPI m/m,True,"840030005,840030006,840030007,840030008",USD_840020010:Retail Sales m/m|USD_840020011:Core Retail Sales m/m|USD_840020012:Retail Control m/m|USD_840020021:Retail Sales excl. Autos and Gas m/m|USD_840020025:Retail Sales y/y|USD_840030009:CPI n.s.a.|USD_840030010:Core CPI|USD_840030030:Real Earnings m/m|USD_840030033:CPI n.s.a. m/m|USD_840030034:Core CPI n.s.a. m/m|USD_840030035:CPI|USD_840030036:Core CPI n.s.a.|USD_840230001:NY Fed Empire State Manufacturing Index,False,False,False,0.1,,0.6,,,-0.5,MISSING,NEGATIVE,,,-1,1,True,1489593600,2017.03.15 16:00:00,1800,True,True,0.000863,True,True,True,True,True,True,False,False,False,True,True,True,excluded_missing_forecast,excluded_missing_forecast,excluded_missing_forecast,,,
USD_CPI_1489591800,1489591800,2017.03.15 15:30:00,2017,CORE_2015_2025,CPI,EURUSD,QUOTE,840030005,CPI m/m,True,"840030005,840030006,840030007,840030008",USD_840020010:Retail Sales m/m|USD_840020011:Core Retail Sales m/m|USD_840020012:Retail Control m/m|USD_840020021:Retail Sales excl. Autos and Gas m/m|USD_840020025:Retail Sales y/y|USD_840030009:CPI n.s.a.|USD_840030010:Core CPI|USD_840030030:Real Earnings m/m|USD_840030033:CPI n.s.a. m/m|USD_840030034:Core CPI n.s.a. m/m|USD_840030035:CPI|USD_840030036:Core CPI n.s.a.|USD_840230001:NY Fed Empire State Manufacturing Index,False,False,False,0.1,,0.6,,,-0.5,MISSING,NEGATIVE,,,-1,1,True,1489593600,2017.03.15 16:00:00,1800,True,True,0.001002,True,True,True,True,True,True,False,False,False,True,True,True,excluded_missing_forecast,excluded_missing_forecast,excluded_missing_forecast,,,
USD_CPI_1489591800,1489591800,2017.03.15 15:30:00,2017,CORE_2015_2025,CPI,GBPUSD,QUOTE,840030005,CPI m/m,True,"840030005,840030006,840030007,840030008",USD_840020010:Retail Sales m/m|USD_840020011:Core Retail Sales m/m|USD_840020012:Retail Control m/m|USD_840020021:Retail Sales excl. Autos and Gas m/m|USD_840020025:Retail Sales y/y|USD_840030009:CPI n.s.a.|USD_840030010:Core CPI|USD_840030030:Real Earnings m/m|USD_840030033:CPI n.s.a. m/m|USD_840030034:Core CPI n.s.a. m/m|USD_840030035:CPI|USD_840030036:Core CPI n.s.a.|USD_840230001:NY Fed Empire State Manufacturing Index,False,False,False,0.1,,0.6,,,-0.5,MISSING,NEGATIVE,,,-1,1,True,1489593600,2017.03.15 16:00:00,1800,True,True,0.001957,True,True,True,True,True,True,False,False,False,True,True,True,excluded_missing_forecast,excluded_missing_forecast,excluded_missing_forecast,,,
USD_CPI_1489591800,1489591800,2017.03.15 15:30:00,2017,CORE_2015_2025,CPI,NZDUSD,QUOTE,840030005,CPI m/m,True,"840030005,840030006,840030007,840030008",USD_840020010:Retail Sales m/m|USD_840020011:Core Retail Sales m/m|USD_840020012:Retail Control m/m|USD_840020021:Retail Sales excl. Autos and Gas m/m|USD_840020025:Retail Sales y/y|USD_840030009:CPI n.s.a.|USD_840030010:Core CPI|USD_840030030:Real Earnings m/m|USD_840030033:CPI n.s.a. m/m|USD_840030034:Core CPI n.s.a. m/m|USD_840030035:CPI|USD_840030036:Core CPI n.s.a.|USD_840230001:NY Fed Empire State Manufacturing Index,False,False,False,0.1,,0.6,,,-0.5,MISSING,NEGATIVE,,,-1,1,True,1489593600,2017.03.15 16:00:00,1800,True,True,0.000871,True,True,True,True,True,True,False,False,False,True,True,True,excluded_missing_forecast,excluded_missing_forecast,excluded_missing_forecast,,,
USD_CPI_1489591800,1489591800,2017.03.15 15:30:00,2017,CORE_2015_2025,CPI,USDCAD,BASE,840030005,CPI m/m,True,"840030005,840030006,840030007,840030008",USD_840020010:Retail Sales m/m|USD_840020011:Core Retail Sales m/m|USD_840020012:Retail Control m/m|USD_840020021:Retail Sales excl. Autos and Gas m/m|USD_840020025:Retail Sales y/y|USD_840030009:CPI n.s.a.|USD_840030010:Core CPI|USD_840030030:Real Earnings m/m|USD_840030033:CPI n.s.a. m/m|USD_840030034:Core CPI n.s.a. m/m|USD_840030035:CPI|USD_840030036:Core CPI n.s.a.|USD_840230001:NY Fed Empire State Manufacturing Index,False,False,False,0.1,,0.6,,,-0.5,MISSING,NEGATIVE,,,-1,-1,True,1489593600,2017.03.15 16:00:00,1800,True,True,0.001224,True,True,True,True,True,True,False,False,False,True,True,True,excluded_missing_forecast,excluded_missing_forecast,excluded_missing_forecast,,,
USD_CPI_1489591800,1489591800,2017.03.15 15:30:00,2017,CORE_2015_2025,CPI,USDCHF,BASE,840030005,CPI m/m,True,"840030005,840030006,840030007,840030008",USD_840020010:Retail Sales m/m|USD_840020011:Core Retail Sales m/m|USD_840020012:Retail Control m/m|USD_840020021:Retail Sales excl. Autos and Gas m/m|USD_840020025:Retail Sales y/y|USD_840030009:CPI n.s.a.|USD_840030010:Core CPI|USD_840030030:Real Earnings m/m|USD_840030033:CPI n.s.a. m/m|USD_840030034:Core CPI n.s.a. m/m|USD_840030035:CPI|USD_840030036:Core CPI n.s.a.|USD_840230001:NY Fed Empire State Manufacturing Index,False,False,False,0.1,,0.6,,,-0.5,MISSING,NEGATIVE,,,-1,-1,True,1489593600,2017.03.15 16:00:00,1800,True,True,0.000935,True,True,True,True,True,True,False,False,False,True,True,True,excluded_missing_forecast,excluded_missing_forecast,excluded_missing_forecast,,,
USD_CPI_1489591800,1489591800,2017.03.15 15:30:00,2017,CORE_2015_2025,CPI,USDJPY,BASE,840030005,CPI m/m,True,"840030005,840030006,840030007,840030008",USD_840020010:Retail Sales m/m|USD_840020011:Core Retail Sales m/m|USD_840020012:Retail Control m/m|USD_840020021:Retail Sales excl. Autos and Gas m/m|USD_840020025:Retail Sales y/y|USD_840030009:CPI n.s.a.|USD_840030010:Core CPI|USD_840030030:Real Earnings m/m|USD_840030033:CPI n.s.a. m/m|USD_840030034:Core CPI n.s.a. m/m|USD_840030035:CPI|USD_840030036:Core CPI n.s.a.|USD_840230001:NY Fed Empire State Manufacturing Index,False,False,False,0.1,,0.6,,,-0.5,MISSING,NEGATIVE,,,-1,-1,True,1489593600,2017.03.15 16:00:00,1800,True,True,0.114805,True,True,True,True,True,True,False,False,False,True,True,True,excluded_missing_forecast,excluded_missing_forecast,excluded_missing_forecast,,,
USD_CPI_1492183800,1492183800,2017.04.14 15:30:00,2017,CORE_2015_2025,CPI,AUDUSD,QUOTE,840030005,CPI m/m,True,"840030005,840030006,840030007,840030008",USD_840020010:Retail Sales m/m|USD_840020011:Core Retail Sales m/m|USD_840020012:Retail Control m/m|USD_840020021:Retail Sales excl. Autos and Gas m/m|USD_840020025:Retail Sales y/y|USD_840030009:CPI n.s.a.|USD_840030010:Core CPI|USD_840030030:Real Earnings m/m|USD_840030033:CPI n.s.a. m/m|USD_840030034:Core CPI n.s.a. m/m|USD_840030035:CPI|USD_840030036:Core CPI n.s.a.,False,False,False,-0.3,,0.1,0.1,,-0.4,MISSING,NEGATIVE,,,-1,1,True,1492185600,2017.04.14 16:00:00,1800,True,True,0.000889,True,True,True,True,True,True,False,False,False,True,True,True,excluded_missing_forecast,excluded_missing_forecast,excluded_missing_forecast,,,
USD_CPI_1492183800,1492183800,2017.04.14 15:30:00,2017,CORE_2015_2025,CPI,EURUSD,QUOTE,840030005,CPI m/m,True,"840030005,840030006,840030007,840030008",USD_840020010:Retail Sales m/m|USD_840020011:Core Retail Sales m/m|USD_840020012:Retail Control m/m|USD_840020021:Retail Sales excl. Autos and Gas m/m|USD_840020025:Retail Sales y/y|USD_840030009:CPI n.s.a.|USD_840030010:Core CPI|USD_840030030:Real Earnings m/m|USD_840030033:CPI n.s.a. m/m|USD_840030034:Core CPI n.s.a. m/m|USD_840030035:CPI|USD_840030036:Core CPI n.s.a.,False,False,False,-0.3,,0.1,0.1,,-0.4,MISSING,NEGATIVE,,,-1,1,True,1492185600,2017.04.14 16:00:00,1800,True,True,0.000911,True,True,True,True,True,True,False,False,False,True,True,True,excluded_missing_forecast,excluded_missing_forecast,excluded_missing_forecast,,,
USD_CPI_1492183800,1492183800,2017.04.14 15:30:00,2017,CORE_2015_2025,CPI,GBPUSD,QUOTE,840030005,CPI m/m,True,"840030005,840030006,840030007,840030008",USD_840020010:Retail Sales m/m|USD_840020011:Core Retail Sales m/m|USD_840020012:Retail Control m/m|USD_840020021:Retail Sales excl. Autos and Gas m/m|USD_840020025:Retail Sales y/y|USD_840030009:CPI n.s.a.|USD_840030010:Core CPI|USD_840030030:Real Earnings m/m|USD_840030033:CPI n.s.a. m/m|USD_840030034:Core CPI n.s.a. m/m|USD_840030035:CPI|USD_840030036:Core CPI n.s.a.,False,False,False,-0.3,,0.1,0.1,,-0.4,MISSING,NEGATIVE,,,-1,1,True,1492185600,2017.04.14 16:00:00,1800,True,True,0.000983,True,True,True,True,True,True,False,False,False,True,True,True,excluded_missing_forecast,excluded_missing_forecast,excluded_missing_forecast,,,
USD_CPI_1492183800,1492183800,2017.04.14 15:30:00,2017,CORE_2015_2025,CPI,NZDUSD,QUOTE,840030005,CPI m/m,True,"840030005,840030006,840030007,840030008",USD_840020010:Retail Sales m/m|USD_840020011:Core Retail Sales m/m|USD_840020012:Retail Control m/m|USD_840020021:Retail Sales excl. Autos and Gas m/m|USD_840020025:Retail Sales y/y|USD_840030009:CPI n.s.a.|USD_840030010:Core CPI|USD_840030030:Real Earnings m/m|USD_840030033:CPI n.s.a. m/m|USD_840030034:Core CPI n.s.a. m/m|USD_840030035:CPI|USD_840030036:Core CPI n.s.a.,False,False,False,-0.3,,0.1,0.1,,-0.4,MISSING,NEGATIVE,,,-1,1,True,1492185600,2017.04.14 16:00:00,1800,True,True,0.000979,True,True,True,True,True,True,False,False,False,True,True,True,excluded_missing_forecast,excluded_missing_forecast,excluded_missing_forecast,,,
USD_CPI_1492183800,1492183800,2017.04.14 15:30:00,2017,CORE_2015_2025,CPI,USDCAD,BASE,840030005,CPI m/m,True,"840030005,840030006,840030007,840030008",USD_840020010:Retail Sales m/m|USD_840020011:Core Retail Sales m/m|USD_840020012:Retail Control m/m|USD_840020021:Retail Sales excl. Autos and Gas m/m|USD_840020025:Retail Sales y/y|USD_840030009:CPI n.s.a.|USD_840030010:Core CPI|USD_840030030:Real Earnings m/m|USD_840030033:CPI n.s.a. m/m|USD_840030034:Core CPI n.s.a. m/m|USD_840030035:CPI|USD_840030036:Core CPI n.s.a.,False,False,False,-0.3,,0.1,0.1,,-0.4,MISSING,NEGATIVE,,,-1,-1,True,1492185600,2017.04.14 16:00:00,1800,True,True,0.001243,True,True,True,True,True,True,False,False,False,True,True,True,excluded_missing_forecast,excluded_missing_forecast,excluded_missing_forecast,,,
USD_CPI_1492183800,1492183800,2017.04.14 15:30:00,2017,CORE_2015_2025,CPI,USDCHF,BASE,840030005,CPI m/m,True,"840030005,840030006,840030007,840030008",USD_840020010:Retail Sales m/m|USD_840020011:Core Retail Sales m/m|USD_840020012:Retail Control m/m|USD_840020021:Retail Sales excl. Autos and Gas m/m|USD_840020025:Retail Sales y/y|USD_840030009:CPI n.s.a.|USD_840030010:Core CPI|USD_840030030:Real Earnings m/m|USD_840030033:CPI n.s.a. m/m|USD_840030034:Core CPI n.s.a. m/m|USD_840030035:CPI|USD_840030036:Core CPI n.s.a.,False,False,False,-0.3,,0.1,0.1,,-0.4,MISSING,NEGATIVE,,,-1,-1,True,1492185600,2017.04.14 16:00:00,1800,True,True,0.000834,True,True,True,True,True,True,False,False,False,True,True,True,excluded_missing_forecast,excluded_missing_forecast,excluded_missing_forecast,,,
USD_CPI_1492183800,1492183800,2017.04.14 15:30:00,2017,CORE_2015_2025,CPI,USDJPY,BASE,840030005,CPI m/m,True,"840030005,840030006,840030007,840030008",USD_840020010:Retail Sales m/m|USD_840020011:Core Retail Sales m/m|USD_840020012:Retail Control m/m|USD_840020021:Retail Sales excl. Autos and Gas m/m|USD_840020025:Retail Sales y/y|USD_840030009:CPI n.s.a.|USD_840030010:Core CPI|USD_840030030:Real Earnings m/m|USD_840030033:CPI n.s.a. m/m|USD_840030034:Core CPI n.s.a. m/m|USD_840030035:CPI|USD_840030036:Core CPI n.s.a.,False,False,False,-0.3,,0.1,0.1,,-0.4,MISSING,NEGATIVE,,,-1,-1,True,1492185600,2017.04.14 16:00:00,1800,True,True,0.120599,True,True,True,True,True,True,False,False,False,True,True,True,excluded_missing_forecast,excluded_missing_forecast,excluded_missing_forecast,,,
USD_CPI_1494603000,1494603000,2017.05.12 15:30:00,2017,CORE_2015_2025,CPI,AUDUSD,QUOTE,840030005,CPI m/m,True,"840030005,840030006,840030007,840030008",USD_840020010:Retail Sales m/m|USD_840020011:Core Retail Sales m/m|USD_840020012:Retail Control m/m|USD_840020021:Retail Sales excl. Autos and Gas m/m|USD_840020025:Retail Sales y/y|USD_840030009:CPI n.s.a.|USD_840030010:Core CPI|USD_840030030:Real Earnings m/m|USD_840030033:CPI n.s.a. m/m|USD_840030034:Core CPI n.s.a. m/m|USD_840030035:CPI|USD_840030036:Core CPI n.s.a.,False,False,False,0.2,-0.1,-0.3,-0.3,0.3,0.5,POSITIVE,POSITIVE,1,-1,1,-1,True,1494604800,2017.05.12 16:00:00,1800,True,True,0.001137,True,True,True,True,True,True,True,True,True,True,True,True,,,,,,
USD_CPI_1494603000,1494603000,2017.05.12 15:30:00,2017,CORE_2015_2025,CPI,EURUSD,QUOTE,840030005,CPI m/m,True,"840030005,840030006,840030007,840030008",USD_840020010:Retail Sales m/m|USD_840020011:Core Retail Sales m/m|USD_840020012:Retail Control m/m|USD_840020021:Retail Sales excl. Autos and Gas m/m|USD_840020025:Retail Sales y/y|USD_840030009:CPI n.s.a.|USD_840030010:Core CPI|USD_840030030:Real Earnings m/m|USD_840030033:CPI n.s.a. m/m|USD_840030034:Core CPI n.s.a. m/m|USD_840030035:CPI|USD_840030036:Core CPI n.s.a.,False,False,False,0.2,-0.1,-0.3,-0.3,0.3,0.5,POSITIVE,POSITIVE,1,-1,1,-1,True,1494604800,2017.05.12 16:00:00,1800,True,True,0.000886,True,True,True,True,True,True,True,True,True,True,True,True,,,,,,
USD_CPI_1494603000,1494603000,2017.05.12 15:30:00,2017,CORE_2015_2025,CPI,GBPUSD,QUOTE,840030005,CPI m/m,True,"840030005,840030006,840030007,840030008",USD_840020010:Retail Sales m/m|USD_840020011:Core Retail Sales m/m|USD_840020012:Retail Control m/m|USD_840020021:Retail Sales excl. Autos and Gas m/m|USD_840020025:Retail Sales y/y|USD_840030009:CPI n.s.a.|USD_840030010:Core CPI|USD_840030030:Real Earnings m/m|USD_840030033:CPI n.s.a. m/m|USD_840030034:Core CPI n.s.a. m/m|USD_840030035:CPI|USD_840030036:Core CPI n.s.a.,False,False,False,0.2,-0.1,-0.3,-0.3,0.3,0.5,POSITIVE,POSITIVE,1,-1,1,-1,True,1494604800,2017.05.12 16:00:00,1800,True,True,0.001531,True,True,True,True,True,True,True,True,True,True,True,True,,,,,,
USD_CPI_1494603000,1494603000,2017.05.12 15:30:00,2017,CORE_2015_2025,CPI,NZDUSD,QUOTE,840030005,CPI m/m,True,"840030005,840030006,840030007,840030008",USD_840020010:Retail Sales m/m|USD_840020011:Core Retail Sales m/m|USD_840020012:Retail Control m/m|USD_840020021:Retail Sales excl. Autos and Gas m/m|USD_840020025:Retail Sales y/y|USD_840030009:CPI n.s.a.|USD_840030010:Core CPI|USD_840030030:Real Earnings m/m|USD_840030033:CPI n.s.a. m/m|USD_840030034:Core CPI n.s.a. m/m|USD_840030035:CPI|USD_840030036:Core CPI n.s.a.,False,False,False,0.2,-0.1,-0.3,-0.3,0.3,0.5,POSITIVE,POSITIVE,1,-1,1,-1,True,1494838800,2017.05.15 09:00:00,235800,False,True,0.001175,True,True,True,True,True,True,False,False,False,False,False,False,excluded_entry_delay_exceeded,excluded_entry_delay_exceeded,excluded_entry_delay_exceeded,excluded_entry_delay_exceeded,excluded_entry_delay_exceeded,excluded_entry_delay_exceeded
USD_CPI_1494603000,1494603000,2017.05.12 15:30:00,2017,CORE_2015_2025,CPI,USDCAD,BASE,840030005,CPI m/m,True,"840030005,840030006,840030007,840030008",USD_840020010:Retail Sales m/m|USD_840020011:Core Retail Sales m/m|USD_840020012:Retail Control m/m|USD_840020021:Retail Sales excl. Autos and Gas m/m|USD_840020025:Retail Sales y/y|USD_840030009:CPI n.s.a.|USD_840030010:Core CPI|USD_840030030:Real Earnings m/m|USD_840030033:CPI n.s.a. m/m|USD_840030034:Core CPI n.s.a. m/m|USD_840030035:CPI|USD_840030036:Core CPI n.s.a.,False,False,False,0.2,-0.1,-0.3,-0.3,0.3,0.5,POSITIVE,POSITIVE,1,1,1,1,True,1494604800,2017.05.12 16:00:00,1800,True,True,0.001550,True,True,True,True,True,True,True,True,True,True,True,True,,,,,,
USD_CPI_1494603000,1494603000,2017.05.12 15:30:00,2017,CORE_2015_2025,CPI,USDCHF,BASE,840030005,CPI m/m,True,"840030005,840030006,840030007,840030008",USD_840020010:Retail Sales m/m|USD_840020011:Core Retail Sales m/m|USD_840020012:Retail Control m/m|USD_840020021:Retail Sales excl. Autos and Gas m/m|USD_840020025:Retail Sales y/y|USD_840030009:CPI n.s.a.|USD_840030010:Core CPI|USD_840030030:Real Earnings m/m|USD_840030033:CPI n.s.a. m/m|USD_840030034:Core CPI n.s.a. m/m|USD_840030035:CPI|USD_840030036:Core CPI n.s.a.,False,False,False,0.2,-0.1,-0.3,-0.3,0.3,0.5,POSITIVE,POSITIVE,1,1,1,1,True,1494604800,2017.05.12 16:00:00,1800,True,True,0.000875,True,True,True,True,True,True,True,True,True,True,True,True,,,,,,
USD_CPI_1494603000,1494603000,2017.05.12 15:30:00,2017,CORE_2015_2025,CPI,USDJPY,BASE,840030005,CPI m/m,True,"840030005,840030006,840030007,840030008",USD_840020010:Retail Sales m/m|USD_840020011:Core Retail Sales m/m|USD_840020012:Retail Control m/m|USD_840020021:Retail Sales excl. Autos and Gas m/m|USD_840020025:Retail Sales y/y|USD_840030009:CPI n.s.a.|USD_840030010:Core CPI|USD_840030030:Real Earnings m/m|USD_840030033:CPI n.s.a. m/m|USD_840030034:Core CPI n.s.a. m/m|USD_840030035:CPI|USD_840030036:Core CPI n.s.a.,False,False,False,0.2,-0.1,-0.3,-0.3,0.3,0.5,POSITIVE,POSITIVE,1,1,1,1,True,1494604800,2017.05.12 16:00:00,1800,True,True,0.153611,True,True,True,True,True,True,True,True,True,True,True,True,,,,,,
USD_CPI_1497454200,1497454200,2017.06.14 15:30:00,2017,CORE_2015_2025,CPI,AUDUSD,QUOTE,840030005,CPI m/m,True,"840030005,840030006,840030007,840030008",USD_840020010:Retail Sales m/m|USD_840020011:Core Retail Sales m/m|USD_840020012:Retail Control m/m|USD_840020021:Retail Sales excl. Autos and Gas m/m|USD_840020025:Retail Sales y/y|USD_840030009:CPI n.s.a.|USD_840030010:Core CPI|USD_840030030:Real Earnings m/m|USD_840030033:CPI n.s.a. m/m|USD_840030034:Core CPI n.s.a. m/m|USD_840030035:CPI|USD_840030036:Core CPI n.s.a.,False,False,False,-0.1,0.0,0.2,0.2,-0.1,-0.3,NEGATIVE,NEGATIVE,-1,1,-1,1,True,1497456000,2017.06.14 16:00:00,1800,True,True,0.000871,True,True,True,True,True,True,True,True,True,True,True,True,,,,,,
USD_CPI_1497454200,1497454200,2017.06.14 15:30:00,2017,CORE_2015_2025,CPI,EURUSD,QUOTE,840030005,CPI m/m,True,"840030005,840030006,840030007,840030008",USD_840020010:Retail Sales m/m|USD_840020011:Core Retail Sales m/m|USD_840020012:Retail Control m/m|USD_840020021:Retail Sales excl. Autos and Gas m/m|USD_840020025:Retail Sales y/y|USD_840030009:CPI n.s.a.|USD_840030010:Core CPI|USD_840030030:Real Earnings m/m|USD_840030033:CPI n.s.a. m/m|USD_840030034:Core CPI n.s.a. m/m|USD_840030035:CPI|USD_840030036:Core CPI n.s.a.,False,False,False,-0.1,0.0,0.2,0.2,-0.1,-0.3,NEGATIVE,NEGATIVE,-1,1,-1,1,True,1497456000,2017.06.14 16:00:00,1800,True,True,0.000921,True,True,True,True,True,True,True,True,True,True,True,True,,,,,,
USD_CPI_1497454200,1497454200,2017.06.14 15:30:00,2017,CORE_2015_2025,CPI,GBPUSD,QUOTE,840030005,CPI m/m,True,"840030005,840030006,840030007,840030008",USD_840020010:Retail Sales m/m|USD_840020011:Core Retail Sales m/m|USD_840020012:Retail Control m/m|USD_840020021:Retail Sales excl. Autos and Gas m/m|USD_840020025:Retail Sales y/y|USD_840030009:CPI n.s.a.|USD_840030010:Core CPI|USD_840030030:Real Earnings m/m|USD_840030033:CPI n.s.a. m/m|USD_840030034:Core CPI n.s.a. m/m|USD_840030035:CPI|USD_840030036:Core CPI n.s.a.,False,False,False,-0.1,0.0,0.2,0.2,-0.1,-0.3,NEGATIVE,NEGATIVE,-1,1,-1,1,True,1497456000,2017.06.14 16:00:00,1800,True,True,0.001755,True,True,True,True,True,True,True,True,True,True,True,True,,,,,,
USD_CPI_1497454200,1497454200,2017.06.14 15:30:00,2017,CORE_2015_2025,CPI,NZDUSD,QUOTE,840030005,CPI m/m,True,"840030005,840030006,840030007,840030008",USD_840020010:Retail Sales m/m|USD_840020011:Core Retail Sales m/m|USD_840020012:Retail Control m/m|USD_840020021:Retail Sales excl. Autos and Gas m/m|USD_840020025:Retail Sales y/y|USD_840030009:CPI n.s.a.|USD_840030010:Core CPI|USD_840030030:Real Earnings m/m|USD_840030033:CPI n.s.a. m/m|USD_840030034:Core CPI n.s.a. m/m|USD_840030035:CPI|USD_840030036:Core CPI n.s.a.,False,False,False,-0.1,0.0,0.2,0.2,-0.1,-0.3,NEGATIVE,NEGATIVE,-1,1,-1,1,True,1497456000,2017.06.14 16:00:00,1800,True,True,0.000990,True,True,True,True,True,True,True,True,True,True,True,True,,,,,,
USD_CPI_1497454200,1497454200,2017.06.14 15:30:00,2017,CORE_2015_2025,CPI,USDCAD,BASE,840030005,CPI m/m,True,"840030005,840030006,840030007,840030008",USD_840020010:Retail Sales m/m|USD_840020011:Core Retail Sales m/m|USD_840020012:Retail Control m/m|USD_840020021:Retail Sales excl. Autos and Gas m/m|USD_840020025:Retail Sales y/y|USD_840030009:CPI n.s.a.|USD_840030010:Core CPI|USD_840030030:Real Earnings m/m|USD_840030033:CPI n.s.a. m/m|USD_840030034:Core CPI n.s.a. m/m|USD_840030035:CPI|USD_840030036:Core CPI n.s.a.,False,False,False,-0.1,0.0,0.2,0.2,-0.1,-0.3,NEGATIVE,NEGATIVE,-1,-1,-1,-1,True,1497456000,2017.06.14 16:00:00,1800,True,True,0.001543,True,True,True,True,True,True,True,True,True,True,True,True,,,,,,
USD_CPI_1497454200,1497454200,2017.06.14 15:30:00,2017,CORE_2015_2025,CPI,USDCHF,BASE,840030005,CPI m/m,True,"840030005,840030006,840030007,840030008",USD_840020010:Retail Sales m/m|USD_840020011:Core Retail Sales m/m|USD_840020012:Retail Control m/m|USD_840020021:Retail Sales excl. Autos and Gas m/m|USD_840020025:Retail Sales y/y|USD_840030009:CPI n.s.a.|USD_840030010:Core CPI|USD_840030030:Real Earnings m/m|USD_840030033:CPI n.s.a. m/m|USD_840030034:Core CPI n.s.a. m/m|USD_840030035:CPI|USD_840030036:Core CPI n.s.a.,False,False,False,-0.1,0.0,0.2,0.2,-0.1,-0.3,NEGATIVE,NEGATIVE,-1,-1,-1,-1,True,1497456000,2017.06.14 16:00:00,1800,True,True,0.000876,True,True,True,True,True,True,True,True,True,True,True,True,,,,,,
USD_CPI_1497454200,1497454200,2017.06.14 15:30:00,2017,CORE_2015_2025,CPI,USDJPY,BASE,840030005,CPI m/m,True,"840030005,840030006,840030007,840030008",USD_840020010:Retail Sales m/m|USD_840020011:Core Retail Sales m/m|USD_840020012:Retail Control m/m|USD_840020021:Retail Sales excl. Autos and Gas m/m|USD_840020025:Retail Sales y/y|USD_840030009:CPI n.s.a.|USD_840030010:Core CPI|USD_840030030:Real Earnings m/m|USD_840030033:CPI n.s.a. m/m|USD_840030034:Core CPI n.s.a. m/m|USD_840030035:CPI|USD_840030036:Core CPI n.s.a.,False,False,False,-0.1,0.0,0.2,0.2,-0.1,-0.3,NEGATIVE,NEGATIVE,-1,-1,-1,-1,True,1497456000,2017.06.14 16:00:00,1800,True,True,0.101815,True,True,True,True,True,True,True,True,True,True,True,True,,,,,,
USD_CPI_1500046200,1500046200,2017.07.14 15:30:00,2017,CORE_2015_2025,CPI,AUDUSD,QUOTE,840030005,CPI m/m,True,"840030005,840030006,840030007,840030008",USD_840020010:Retail Sales m/m|USD_840020011:Core Retail Sales m/m|USD_840020012:Retail Control m/m|USD_840020021:Retail Sales excl. Autos and Gas m/m|USD_840020025:Retail Sales y/y|USD_840030009:CPI n.s.a.|USD_840030010:Core CPI|USD_840030030:Real Earnings m/m|USD_840030033:CPI n.s.a. m/m|USD_840030034:Core CPI n.s.a. m/m|USD_840030035:CPI|USD_840030036:Core CPI n.s.a.,False,False,False,0.0,-0.2,-0.1,-0.1,0.2,0.1,POSITIVE,POSITIVE,1,-1,1,-1,True,1500048000,2017.07.14 16:00:00,1800,True,True,0.000807,True,True,True,True,True,True,True,True,True,True,True,True,,,,,,
USD_CPI_1500046200,1500046200,2017.07.14 15:30:00,2017,CORE_2015_2025,CPI,EURUSD,QUOTE,840030005,CPI m/m,True,"840030005,840030006,840030007,840030008",USD_840020010:Retail Sales m/m|USD_840020011:Core Retail Sales m/m|USD_840020012:Retail Control m/m|USD_840020021:Retail Sales excl. Autos and Gas m/m|USD_840020025:Retail Sales y/y|USD_840030009:CPI n.s.a.|USD_840030010:Core CPI|USD_840030030:Real Earnings m/m|USD_840030033:CPI n.s.a. m/m|USD_840030034:Core CPI n.s.a. m/m|USD_840030035:CPI|USD_840030036:Core CPI n.s.a.,False,False,False,0.0,-0.2,-0.1,-0.1,0.2,0.1,POSITIVE,POSITIVE,1,-1,1,-1,True,1500048000,2017.07.14 16:00:00,1800,True,True,0.001202,True,True,True,True,True,True,True,True,True,True,True,True,,,,,,
USD_CPI_1500046200,1500046200,2017.07.14 15:30:00,2017,CORE_2015_2025,CPI,GBPUSD,QUOTE,840030005,CPI m/m,True,"840030005,840030006,840030007,840030008",USD_840020010:Retail Sales m/m|USD_840020011:Core Retail Sales m/m|USD_840020012:Retail Control m/m|USD_840020021:Retail Sales excl. Autos and Gas m/m|USD_840020025:Retail Sales y/y|USD_840030009:CPI n.s.a.|USD_840030010:Core CPI|USD_840030030:Real Earnings m/m|USD_840030033:CPI n.s.a. m/m|USD_840030034:Core CPI n.s.a. m/m|USD_840030035:CPI|USD_840030036:Core CPI n.s.a.,False,False,False,0.0,-0.2,-0.1,-0.1,0.2,0.1,POSITIVE,POSITIVE,1,-1,1,-1,True,1500048000,2017.07.14 16:00:00,1800,True,True,0.001246,True,True,True,True,True,True,True,True,True,True,True,True,,,,,,
USD_CPI_1500046200,1500046200,2017.07.14 15:30:00,2017,CORE_2015_2025,CPI,NZDUSD,QUOTE,840030005,CPI m/m,True,"840030005,840030006,840030007,840030008",USD_840020010:Retail Sales m/m|USD_840020011:Core Retail Sales m/m|USD_840020012:Retail Control m/m|USD_840020021:Retail Sales excl. Autos and Gas m/m|USD_840020025:Retail Sales y/y|USD_840030009:CPI n.s.a.|USD_840030010:Core CPI|USD_840030030:Real Earnings m/m|USD_840030033:CPI n.s.a. m/m|USD_840030034:Core CPI n.s.a. m/m|USD_840030035:CPI|USD_840030036:Core CPI n.s.a.,False,False,False,0.0,-0.2,-0.1,-0.1,0.2,0.1,POSITIVE,POSITIVE,1,-1,1,-1,True,1500048000,2017.07.14 16:00:00,1800,True,True,0.001024,True,True,True,True,True,True,True,True,True,True,True,True,,,,,,
USD_CPI_1500046200,1500046200,2017.07.14 15:30:00,2017,CORE_2015_2025,CPI,USDCAD,BASE,840030005,CPI m/m,True,"840030005,840030006,840030007,840030008",USD_840020010:Retail Sales m/m|USD_840020011:Core Retail Sales m/m|USD_840020012:Retail Control m/m|USD_840020021:Retail Sales excl. Autos and Gas m/m|USD_840020025:Retail Sales y/y|USD_840030009:CPI n.s.a.|USD_840030010:Core CPI|USD_840030030:Real Earnings m/m|USD_840030033:CPI n.s.a. m/m|USD_840030034:Core CPI n.s.a. m/m|USD_840030035:CPI|USD_840030036:Core CPI n.s.a.,False,False,False,0.0,-0.2,-0.1,-0.1,0.2,0.1,POSITIVE,POSITIVE,1,1,1,1,True,1500048000,2017.07.14 16:00:00,1800,True,True,0.001322,True,True,True,True,True,True,True,True,True,True,True,True,,,,,,
USD_CPI_1500046200,1500046200,2017.07.14 15:30:00,2017,CORE_2015_2025,CPI,USDCHF,BASE,840030005,CPI m/m,True,"840030005,840030006,840030007,840030008",USD_840020010:Retail Sales m/m|USD_840020011:Core Retail Sales m/m|USD_840020012:Retail Control m/m|USD_840020021:Retail Sales excl. Autos and Gas m/m|USD_840020025:Retail Sales y/y|USD_840030009:CPI n.s.a.|USD_840030010:Core CPI|USD_840030030:Real Earnings m/m|USD_840030033:CPI n.s.a. m/m|USD_840030034:Core CPI n.s.a. m/m|USD_840030035:CPI|USD_840030036:Core CPI n.s.a.,False,False,False,0.0,-0.2,-0.1,-0.1,0.2,0.1,POSITIVE,POSITIVE,1,1,1,1,True,1500048000,2017.07.14 16:00:00,1800,True,True,0.001192,True,True,True,True,True,True,True,True,True,True,True,True,,,,,,
USD_CPI_1500046200,1500046200,2017.07.14 15:30:00,2017,CORE_2015_2025,CPI,USDJPY,BASE,840030005,CPI m/m,True,"840030005,840030006,840030007,840030008",USD_840020010:Retail Sales m/m|USD_840020011:Core Retail Sales m/m|USD_840020012:Retail Control m/m|USD_840020021:Retail Sales excl. Autos and Gas m/m|USD_840020025:Retail Sales y/y|USD_840030009:CPI n.s.a.|USD_840030010:Core CPI|USD_840030030:Real Earnings m/m|USD_840030033:CPI n.s.a. m/m|USD_840030034:Core CPI n.s.a. m/m|USD_840030035:CPI|USD_840030036:Core CPI n.s.a.,False,False,False,0.0,-0.2,-0.1,-0.1,0.2,0.1,POSITIVE,POSITIVE,1,1,1,1,True,1500048000,2017.07.14 16:00:00,1800,True,True,0.123958,True,True,True,True,True,True,True,True,True,True,True,True,,,,,,
USD_CPI_1502465400,1502465400,2017.08.11 15:30:00,2017,CORE_2015_2025,CPI,AUDUSD,QUOTE,840030005,CPI m/m,True,"840030005,840030006,840030007,840030008",USD_840030009:CPI n.s.a.|USD_840030010:Core CPI|USD_840030030:Real Earnings m/m|USD_840030033:CPI n.s.a. m/m|USD_840030034:Core CPI n.s.a. m/m|USD_840030035:CPI|USD_840030036:Core CPI n.s.a.,False,False,False,0.1,-0.1,0.0,0.0,0.2,0.1,POSITIVE,POSITIVE,1,-1,1,-1,True,1502467200,2017.08.11 16:00:00,1800,True,True,0.001230,True,True,True,True,True,True,True,True,True,True,True,True,,,,,,
USD_CPI_1502465400,1502465400,2017.08.11 15:30:00,2017,CORE_2015_2025,CPI,EURUSD,QUOTE,840030005,CPI m/m,True,"840030005,840030006,840030007,840030008",USD_840030009:CPI n.s.a.|USD_840030010:Core CPI|USD_840030030:Real Earnings m/m|USD_840030033:CPI n.s.a. m/m|USD_840030034:Core CPI n.s.a. m/m|USD_840030035:CPI|USD_840030036:Core CPI n.s.a.,False,False,False,0.1,-0.1,0.0,0.0,0.2,0.1,POSITIVE,POSITIVE,1,-1,1,-1,True,1502467200,2017.08.11 16:00:00,1800,True,True,0.001315,True,True,True,True,True,True,True,True,True,True,True,True,,,,,,
USD_CPI_1502465400,1502465400,2017.08.11 15:30:00,2017,CORE_2015_2025,CPI,GBPUSD,QUOTE,840030005,CPI m/m,True,"840030005,840030006,840030007,840030008",USD_840030009:CPI n.s.a.|USD_840030010:Core CPI|USD_840030030:Real Earnings m/m|USD_840030033:CPI n.s.a. m/m|USD_840030034:Core CPI n.s.a. m/m|USD_840030035:CPI|USD_840030036:Core CPI n.s.a.,False,False,False,0.1,-0.1,0.0,0.0,0.2,0.1,POSITIVE,POSITIVE,1,-1,1,-1,True,1502467200,2017.08.11 16:00:00,1800,True,True,0.001333,True,True,True,True,True,True,True,True,True,True,True,True,,,,,,
USD_CPI_1502465400,1502465400,2017.08.11 15:30:00,2017,CORE_2015_2025,CPI,NZDUSD,QUOTE,840030005,CPI m/m,True,"840030005,840030006,840030007,840030008",USD_840030009:CPI n.s.a.|USD_840030010:Core CPI|USD_840030030:Real Earnings m/m|USD_840030033:CPI n.s.a. m/m|USD_840030034:Core CPI n.s.a. m/m|USD_840030035:CPI|USD_840030036:Core CPI n.s.a.,False,False,False,0.1,-0.1,0.0,0.0,0.2,0.1,POSITIVE,POSITIVE,1,-1,1,-1,True,1502467200,2017.08.11 16:00:00,1800,True,True,0.001163,True,True,True,True,True,True,True,True,True,True,True,True,,,,,,
USD_CPI_1502465400,1502465400,2017.08.11 15:30:00,2017,CORE_2015_2025,CPI,USDCAD,BASE,840030005,CPI m/m,True,"840030005,840030006,840030007,840030008",USD_840030009:CPI n.s.a.|USD_840030010:Core CPI|USD_840030030:Real Earnings m/m|USD_840030033:CPI n.s.a. m/m|USD_840030034:Core CPI n.s.a. m/m|USD_840030035:CPI|USD_840030036:Core CPI n.s.a.,False,False,False,0.1,-0.1,0.0,0.0,0.2,0.1,POSITIVE,POSITIVE,1,1,1,1,True,1502467200,2017.08.11 16:00:00,1800,True,True,0.001341,True,True,True,True,True,True,True,True,True,True,True,True,,,,,,
USD_CPI_1502465400,1502465400,2017.08.11 15:30:00,2017,CORE_2015_2025,CPI,USDCHF,BASE,840030005,CPI m/m,True,"840030005,840030006,840030007,840030008",USD_840030009:CPI n.s.a.|USD_840030010:Core CPI|USD_840030030:Real Earnings m/m|USD_840030033:CPI n.s.a. m/m|USD_840030034:Core CPI n.s.a. m/m|USD_840030035:CPI|USD_840030036:Core CPI n.s.a.,False,False,False,0.1,-0.1,0.0,0.0,0.2,0.1,POSITIVE,POSITIVE,1,1,1,1,True,1502467200,2017.08.11 16:00:00,1800,True,True,0.001454,True,True,True,True,True,True,True,True,True,True,True,True,,,,,,
USD_CPI_1502465400,1502465400,2017.08.11 15:30:00,2017,CORE_2015_2025,CPI,USDJPY,BASE,840030005,CPI m/m,True,"840030005,840030006,840030007,840030008",USD_840030009:CPI n.s.a.|USD_840030010:Core CPI|USD_840030030:Real Earnings m/m|USD_840030033:CPI n.s.a. m/m|USD_840030034:Core CPI n.s.a. m/m|USD_840030035:CPI|USD_840030036:Core CPI n.s.a.,False,False,False,0.1,-0.1,0.0,0.0,0.2,0.1,POSITIVE,POSITIVE,1,1,1,1,True,1502467200,2017.08.11 16:00:00,1800,True,True,0.139807,True,True,True,True,True,True,True,True,True,True,True,True,,,,,,
USD_CPI_1505403000,1505403000,2017.09.14 15:30:00,2017,CORE_2015_2025,CPI,AUDUSD,QUOTE,840030005,CPI m/m,True,"840030005,840030006,840030007,840030008",USD_840030009:CPI n.s.a.|USD_840030010:Core CPI|USD_840030030:Real Earnings m/m|USD_840030033:CPI n.s.a. m/m|USD_840030034:Core CPI n.s.a. m/m|USD_840030035:CPI|USD_840030036:Core CPI n.s.a.|USD_840140001:Initial Jobless Claims|USD_840140002:Continuing Jobless Claims|USD_840140003:Initial Jobless Claims 4-Week Average|CAD_124010030:New Housing Price Index m/m,False,False,False,0.4,0.0,0.1,0.1,0.4,0.3,POSITIVE,POSITIVE,1,-1,1,-1,True,1505404800,2017.09.14 16:00:00,1800,True,True,0.001281,True,True,True,True,True,True,True,True,True,True,True,True,,,,,,
USD_CPI_1505403000,1505403000,2017.09.14 15:30:00,2017,CORE_2015_2025,CPI,EURUSD,QUOTE,840030005,CPI m/m,True,"840030005,840030006,840030007,840030008",USD_840030009:CPI n.s.a.|USD_840030010:Core CPI|USD_840030030:Real Earnings m/m|USD_840030033:CPI n.s.a. m/m|USD_840030034:Core CPI n.s.a. m/m|USD_840030035:CPI|USD_840030036:Core CPI n.s.a.|USD_840140001:Initial Jobless Claims|USD_840140002:Continuing Jobless Claims|USD_840140003:Initial Jobless Claims 4-Week Average|CAD_124010030:New Housing Price Index m/m,False,False,False,0.4,0.0,0.1,0.1,0.4,0.3,POSITIVE,POSITIVE,1,-1,1,-1,True,1505404800,2017.09.14 16:00:00,1800,True,True,0.001529,True,True,True,True,True,True,True,True,True,True,True,True,,,,,,
USD_CPI_1505403000,1505403000,2017.09.14 15:30:00,2017,CORE_2015_2025,CPI,GBPUSD,QUOTE,840030005,CPI m/m,True,"840030005,840030006,840030007,840030008",USD_840030009:CPI n.s.a.|USD_840030010:Core CPI|USD_840030030:Real Earnings m/m|USD_840030033:CPI n.s.a. m/m|USD_840030034:Core CPI n.s.a. m/m|USD_840030035:CPI|USD_840030036:Core CPI n.s.a.|USD_840140001:Initial Jobless Claims|USD_840140002:Continuing Jobless Claims|USD_840140003:Initial Jobless Claims 4-Week Average|CAD_124010030:New Housing Price Index m/m,False,False,False,0.4,0.0,0.1,0.1,0.4,0.3,POSITIVE,POSITIVE,1,-1,1,-1,True,1505404800,2017.09.14 16:00:00,1800,True,True,0.002697,True,True,True,True,True,True,True,True,True,True,True,True,,,,,,
USD_CPI_1505403000,1505403000,2017.09.14 15:30:00,2017,CORE_2015_2025,CPI,NZDUSD,QUOTE,840030005,CPI m/m,True,"840030005,840030006,840030007,840030008",USD_840030009:CPI n.s.a.|USD_840030010:Core CPI|USD_840030030:Real Earnings m/m|USD_840030033:CPI n.s.a. m/m|USD_840030034:Core CPI n.s.a. m/m|USD_840030035:CPI|USD_840030036:Core CPI n.s.a.|USD_840140001:Initial Jobless Claims|USD_840140002:Continuing Jobless Claims|USD_840140003:Initial Jobless Claims 4-Week Average|CAD_124010030:New Housing Price Index m/m,False,False,False,0.4,0.0,0.1,0.1,0.4,0.3,POSITIVE,POSITIVE,1,-1,1,-1,True,1505404800,2017.09.14 16:00:00,1800,True,True,0.001419,True,True,True,True,True,True,True,True,True,True,True,True,,,,,,
USD_CPI_1505403000,1505403000,2017.09.14 15:30:00,2017,CORE_2015_2025,CPI,USDCAD,BASE,840030005,CPI m/m,True,"840030005,840030006,840030007,840030008",USD_840030009:CPI n.s.a.|USD_840030010:Core CPI|USD_840030030:Real Earnings m/m|USD_840030033:CPI n.s.a. m/m|USD_840030034:Core CPI n.s.a. m/m|USD_840030035:CPI|USD_840030036:Core CPI n.s.a.|USD_840140001:Initial Jobless Claims|USD_840140002:Continuing Jobless Claims|USD_840140003:Initial Jobless Claims 4-Week Average|CAD_124010030:New Housing Price Index m/m,False,False,False,0.4,0.0,0.1,0.1,0.4,0.3,POSITIVE,POSITIVE,1,1,1,1,True,1505404800,2017.09.14 16:00:00,1800,True,True,0.001452,True,True,True,True,True,True,True,True,True,True,True,True,,,,,,
USD_CPI_1505403000,1505403000,2017.09.14 15:30:00,2017,CORE_2015_2025,CPI,USDCHF,BASE,840030005,CPI m/m,True,"840030005,840030006,840030007,840030008",USD_840030009:CPI n.s.a.|USD_840030010:Core CPI|USD_840030030:Real Earnings m/m|USD_840030033:CPI n.s.a. m/m|USD_840030034:Core CPI n.s.a. m/m|USD_840030035:CPI|USD_840030036:Core CPI n.s.a.|USD_840140001:Initial Jobless Claims|USD_840140002:Continuing Jobless Claims|USD_840140003:Initial Jobless Claims 4-Week Average|CAD_124010030:New Housing Price Index m/m,False,False,False,0.4,0.0,0.1,0.1,0.4,0.3,POSITIVE,POSITIVE,1,1,1,1,True,1505404800,2017.09.14 16:00:00,1800,True,True,0.001848,True,True,True,True,True,True,True,True,True,True,True,True,,,,,,
USD_CPI_1505403000,1505403000,2017.09.14 15:30:00,2017,CORE_2015_2025,CPI,USDJPY,BASE,840030005,CPI m/m,True,"840030005,840030006,840030007,840030008",USD_840030009:CPI n.s.a.|USD_840030010:Core CPI|USD_840030030:Real Earnings m/m|USD_840030033:CPI n.s.a. m/m|USD_840030034:Core CPI n.s.a. m/m|USD_840030035:CPI|USD_840030036:Core CPI n.s.a.|USD_840140001:Initial Jobless Claims|USD_840140002:Continuing Jobless Claims|USD_840140003:Initial Jobless Claims 4-Week Average|CAD_124010030:New Housing Price Index m/m,False,False,False,0.4,0.0,0.1,0.1,0.4,0.3,POSITIVE,POSITIVE,1,1,1,1,True,1505404800,2017.09.14 16:00:00,1800,True,True,0.150548,True,True,True,True,True,True,True,True,True,True,True,True,,,,,,
USD_CPI_1507908600,1507908600,2017.10.13 15:30:00,2017,CORE_2015_2025,CPI,AUDUSD,QUOTE,840030005,CPI m/m,True,"840030005,840030006,840030007,840030008",USD_840020010:Retail Sales m/m|USD_840020011:Core Retail Sales m/m|USD_840020012:Retail Control m/m|USD_840020021:Retail Sales excl. Autos and Gas m/m|USD_840020025:Retail Sales y/y|USD_840030009:CPI n.s.a.|USD_840030010:Core CPI|USD_840030030:Real Earnings m/m|USD_840030033:CPI n.s.a. m/m|USD_840030034:Core CPI n.s.a. m/m|USD_840030035:CPI|USD_840030036:Core CPI n.s.a.|USD_840270001:FOMC Member Rosengren Speech,False,False,False,0.5,0.1,0.4,0.4,0.4,0.1,POSITIVE,POSITIVE,1,-1,1,-1,True,1507910400,2017.10.13 16:00:00,1800,True,True,0.000996,True,True,True,True,True,True,True,True,True,True,True,True,,,,,,
USD_CPI_1507908600,1507908600,2017.10.13 15:30:00,2017,CORE_2015_2025,CPI,EURUSD,QUOTE,840030005,CPI m/m,True,"840030005,840030006,840030007,840030008",USD_840020010:Retail Sales m/m|USD_840020011:Core Retail Sales m/m|USD_840020012:Retail Control m/m|USD_840020021:Retail Sales excl. Autos and Gas m/m|USD_840020025:Retail Sales y/y|USD_840030009:CPI n.s.a.|USD_840030010:Core CPI|USD_840030030:Real Earnings m/m|USD_840030033:CPI n.s.a. m/m|USD_840030034:Core CPI n.s.a. m/m|USD_840030035:CPI|USD_840030036:Core CPI n.s.a.|USD_840270001:FOMC Member Rosengren Speech,False,False,False,0.5,0.1,0.4,0.4,0.4,0.1,POSITIVE,POSITIVE,1,-1,1,-1,True,1507910400,2017.10.13 16:00:00,1800,True,True,0.001232,True,True,True,True,True,True,True,True,True,True,True,True,,,,,,
USD_CPI_1507908600,1507908600,2017.10.13 15:30:00,2017,CORE_2015_2025,CPI,GBPUSD,QUOTE,840030005,CPI m/m,True,"840030005,840030006,840030007,840030008",USD_840020010:Retail Sales m/m|USD_840020011:Core Retail Sales m/m|USD_840020012:Retail Control m/m|USD_840020021:Retail Sales excl. Autos and Gas m/m|USD_840020025:Retail Sales y/y|USD_840030009:CPI n.s.a.|USD_840030010:Core CPI|USD_840030030:Real Earnings m/m|USD_840030033:CPI n.s.a. m/m|USD_840030034:Core CPI n.s.a. m/m|USD_840030035:CPI|USD_840030036:Core CPI n.s.a.|USD_840270001:FOMC Member Rosengren Speech,False,False,False,0.5,0.1,0.4,0.4,0.4,0.1,POSITIVE,POSITIVE,1,-1,1,-1,True,1507910400,2017.10.13 16:00:00,1800,True,True,0.002509,True,True,True,True,True,True,True,True,True,True,True,True,,,,,,
USD_CPI_1507908600,1507908600,2017.10.13 15:30:00,2017,CORE_2015_2025,CPI,NZDUSD,QUOTE,840030005,CPI m/m,True,"840030005,840030006,840030007,840030008",USD_840020010:Retail Sales m/m|USD_840020011:Core Retail Sales m/m|USD_840020012:Retail Control m/m|USD_840020021:Retail Sales excl. Autos and Gas m/m|USD_840020025:Retail Sales y/y|USD_840030009:CPI n.s.a.|USD_840030010:Core CPI|USD_840030030:Real Earnings m/m|USD_840030033:CPI n.s.a. m/m|USD_840030034:Core CPI n.s.a. m/m|USD_840030035:CPI|USD_840030036:Core CPI n.s.a.|USD_840270001:FOMC Member Rosengren Speech,False,False,False,0.5,0.1,0.4,0.4,0.4,0.1,POSITIVE,POSITIVE,1,-1,1,-1,True,1507910400,2017.10.13 16:00:00,1800,True,True,0.001125,True,True,True,True,True,True,True,True,True,True,True,True,,,,,,
USD_CPI_1507908600,1507908600,2017.10.13 15:30:00,2017,CORE_2015_2025,CPI,USDCAD,BASE,840030005,CPI m/m,True,"840030005,840030006,840030007,840030008",USD_840020010:Retail Sales m/m|USD_840020011:Core Retail Sales m/m|USD_840020012:Retail Control m/m|USD_840020021:Retail Sales excl. Autos and Gas m/m|USD_840020025:Retail Sales y/y|USD_840030009:CPI n.s.a.|USD_840030010:Core CPI|USD_840030030:Real Earnings m/m|USD_840030033:CPI n.s.a. m/m|USD_840030034:Core CPI n.s.a. m/m|USD_840030035:CPI|USD_840030036:Core CPI n.s.a.|USD_840270001:FOMC Member Rosengren Speech,False,False,False,0.5,0.1,0.4,0.4,0.4,0.1,POSITIVE,POSITIVE,1,1,1,1,True,1507910400,2017.10.13 16:00:00,1800,True,True,0.001246,True,True,True,True,True,True,True,True,True,True,True,True,,,,,,
USD_CPI_1507908600,1507908600,2017.10.13 15:30:00,2017,CORE_2015_2025,CPI,USDCHF,BASE,840030005,CPI m/m,True,"840030005,840030006,840030007,840030008",USD_840020010:Retail Sales m/m|USD_840020011:Core Retail Sales m/m|USD_840020012:Retail Control m/m|USD_840020021:Retail Sales excl. Autos and Gas m/m|USD_840020025:Retail Sales y/y|USD_840030009:CPI n.s.a.|USD_840030010:Core CPI|USD_840030030:Real Earnings m/m|USD_840030033:CPI n.s.a. m/m|USD_840030034:Core CPI n.s.a. m/m|USD_840030035:CPI|USD_840030036:Core CPI n.s.a.|USD_840270001:FOMC Member Rosengren Speech,False,False,False,0.5,0.1,0.4,0.4,0.4,0.1,POSITIVE,POSITIVE,1,1,1,1,True,1507910400,2017.10.13 16:00:00,1800,True,True,0.001010,True,True,True,True,True,True,True,True,True,True,True,True,,,,,,
USD_CPI_1507908600,1507908600,2017.10.13 15:30:00,2017,CORE_2015_2025,CPI,USDJPY,BASE,840030005,CPI m/m,True,"840030005,840030006,840030007,840030008",USD_840020010:Retail Sales m/m|USD_840020011:Core Retail Sales m/m|USD_840020012:Retail Control m/m|USD_840020021:Retail Sales excl. Autos and Gas m/m|USD_840020025:Retail Sales y/y|USD_840030009:CPI n.s.a.|USD_840030010:Core CPI|USD_840030030:Real Earnings m/m|USD_840030033:CPI n.s.a. m/m|USD_840030034:Core CPI n.s.a. m/m|USD_840030035:CPI|USD_840030036:Core CPI n.s.a.|USD_840270001:FOMC Member Rosengren Speech,False,False,False,0.5,0.1,0.4,0.4,0.4,0.1,POSITIVE,POSITIVE,1,1,1,1,True,1507910400,2017.10.13 16:00:00,1800,True,True,0.120210,True,True,True,True,True,True,True,True,True,True,True,True,,,,,,
USD_CPI_1510763400,1510763400,2017.11.15 16:30:00,2017,CORE_2015_2025,CPI,AUDUSD,QUOTE,840030005,CPI m/m,True,"840030005,840030006,840030007,840030008",USD_840020010:Retail Sales m/m|USD_840020011:Core Retail Sales m/m|USD_840020012:Retail Control m/m|USD_840020021:Retail Sales excl. Autos and Gas m/m|USD_840020025:Retail Sales y/y|USD_840030009:CPI n.s.a.|USD_840030010:Core CPI|USD_840030030:Real Earnings m/m|USD_840030033:CPI n.s.a. m/m|USD_840030034:Core CPI n.s.a. m/m|USD_840030035:CPI|USD_840030036:Core CPI n.s.a.|USD_840230001:NY Fed Empire State Manufacturing Index,False,False,False,0.1,0.1,0.5,,0.0,-0.4,ZERO,NEGATIVE,,,-1,1,True,1510765200,2017.11.15 17:00:00,1800,True,True,0.001282,True,True,True,True,True,True,False,False,False,True,True,True,excluded_zero_signal,excluded_zero_signal,excluded_zero_signal,,,
USD_CPI_1510763400,1510763400,2017.11.15 16:30:00,2017,CORE_2015_2025,CPI,EURUSD,QUOTE,840030005,CPI m/m,True,"840030005,840030006,840030007,840030008",USD_840020010:Retail Sales m/m|USD_840020011:Core Retail Sales m/m|USD_840020012:Retail Control m/m|USD_840020021:Retail Sales excl. Autos and Gas m/m|USD_840020025:Retail Sales y/y|USD_840030009:CPI n.s.a.|USD_840030010:Core CPI|USD_840030030:Real Earnings m/m|USD_840030033:CPI n.s.a. m/m|USD_840030034:Core CPI n.s.a. m/m|USD_840030035:CPI|USD_840030036:Core CPI n.s.a.|USD_840230001:NY Fed Empire State Manufacturing Index,False,False,False,0.1,0.1,0.5,,0.0,-0.4,ZERO,NEGATIVE,,,-1,1,True,1510765200,2017.11.15 17:00:00,1800,True,True,0.001580,True,True,True,True,True,True,False,False,False,True,True,True,excluded_zero_signal,excluded_zero_signal,excluded_zero_signal,,,
USD_CPI_1510763400,1510763400,2017.11.15 16:30:00,2017,CORE_2015_2025,CPI,GBPUSD,QUOTE,840030005,CPI m/m,True,"840030005,840030006,840030007,840030008",USD_840020010:Retail Sales m/m|USD_840020011:Core Retail Sales m/m|USD_840020012:Retail Control m/m|USD_840020021:Retail Sales excl. Autos and Gas m/m|USD_840020025:Retail Sales y/y|USD_840030009:CPI n.s.a.|USD_840030010:Core CPI|USD_840030030:Real Earnings m/m|USD_840030033:CPI n.s.a. m/m|USD_840030034:Core CPI n.s.a. m/m|USD_840030035:CPI|USD_840030036:Core CPI n.s.a.|USD_840230001:NY Fed Empire State Manufacturing Index,False,False,False,0.1,0.1,0.5,,0.0,-0.4,ZERO,NEGATIVE,,,-1,1,True,1510765200,2017.11.15 17:00:00,1800,True,True,0.002431,True,True,True,True,True,True,False,False,False,True,True,True,excluded_zero_signal,excluded_zero_signal,excluded_zero_signal,,,
USD_CPI_1510763400,1510763400,2017.11.15 16:30:00,2017,CORE_2015_2025,CPI,NZDUSD,QUOTE,840030005,CPI m/m,True,"840030005,840030006,840030007,840030008",USD_840020010:Retail Sales m/m|USD_840020011:Core Retail Sales m/m|USD_840020012:Retail Control m/m|USD_840020021:Retail Sales excl. Autos and Gas m/m|USD_840020025:Retail Sales y/y|USD_840030009:CPI n.s.a.|USD_840030010:Core CPI|USD_840030030:Real Earnings m/m|USD_840030033:CPI n.s.a. m/m|USD_840030034:Core CPI n.s.a. m/m|USD_840030035:CPI|USD_840030036:Core CPI n.s.a.|USD_840230001:NY Fed Empire State Manufacturing Index,False,False,False,0.1,0.1,0.5,,0.0,-0.4,ZERO,NEGATIVE,,,-1,1,True,1510765200,2017.11.15 17:00:00,1800,True,True,0.001160,True,True,True,True,True,True,False,False,False,True,True,True,excluded_zero_signal,excluded_zero_signal,excluded_zero_signal,,,
USD_CPI_1510763400,1510763400,2017.11.15 16:30:00,2017,CORE_2015_2025,CPI,USDCAD,BASE,840030005,CPI m/m,True,"840030005,840030006,840030007,840030008",USD_840020010:Retail Sales m/m|USD_840020011:Core Retail Sales m/m|USD_840020012:Retail Control m/m|USD_840020021:Retail Sales excl. Autos and Gas m/m|USD_840020025:Retail Sales y/y|USD_840030009:CPI n.s.a.|USD_840030010:Core CPI|USD_840030030:Real Earnings m/m|USD_840030033:CPI n.s.a. m/m|USD_840030034:Core CPI n.s.a. m/m|USD_840030035:CPI|USD_840030036:Core CPI n.s.a.|USD_840230001:NY Fed Empire State Manufacturing Index,False,False,False,0.1,0.1,0.5,,0.0,-0.4,ZERO,NEGATIVE,,,-1,-1,True,1510765200,2017.11.15 17:00:00,1800,True,True,0.001479,True,True,True,True,True,True,False,False,False,True,True,True,excluded_zero_signal,excluded_zero_signal,excluded_zero_signal,,,
USD_CPI_1510763400,1510763400,2017.11.15 16:30:00,2017,CORE_2015_2025,CPI,USDCHF,BASE,840030005,CPI m/m,True,"840030005,840030006,840030007,840030008",USD_840020010:Retail Sales m/m|USD_840020011:Core Retail Sales m/m|USD_840020012:Retail Control m/m|USD_840020021:Retail Sales excl. Autos and Gas m/m|USD_840020025:Retail Sales y/y|USD_840030009:CPI n.s.a.|USD_840030010:Core CPI|USD_840030030:Real Earnings m/m|USD_840030033:CPI n.s.a. m/m|USD_840030034:Core CPI n.s.a. m/m|USD_840030035:CPI|USD_840030036:Core CPI n.s.a.|USD_840230001:NY Fed Empire State Manufacturing Index,False,False,False,0.1,0.1,0.5,,0.0,-0.4,ZERO,NEGATIVE,,,-1,-1,True,1510765200,2017.11.15 17:00:00,1800,True,True,0.001318,True,True,True,True,True,True,False,False,False,True,True,True,excluded_zero_signal,excluded_zero_signal,excluded_zero_signal,,,
USD_CPI_1510763400,1510763400,2017.11.15 16:30:00,2017,CORE_2015_2025,CPI,USDJPY,BASE,840030005,CPI m/m,True,"840030005,840030006,840030007,840030008",USD_840020010:Retail Sales m/m|USD_840020011:Core Retail Sales m/m|USD_840020012:Retail Control m/m|USD_840020021:Retail Sales excl. Autos and Gas m/m|USD_840020025:Retail Sales y/y|USD_840030009:CPI n.s.a.|USD_840030010:Core CPI|USD_840030030:Real Earnings m/m|USD_840030033:CPI n.s.a. m/m|USD_840030034:Core CPI n.s.a. m/m|USD_840030035:CPI|USD_840030036:Core CPI n.s.a.|USD_840230001:NY Fed Empire State Manufacturing Index,False,False,False,0.1,0.1,0.5,,0.0,-0.4,ZERO,NEGATIVE,,,-1,-1,True,1510765200,2017.11.15 17:00:00,1800,True,True,0.155999,True,True,True,True,True,True,False,False,False,True,True,True,excluded_zero_signal,excluded_zero_signal,excluded_zero_signal,,,
USD_CPI_1513182600,1513182600,2017.12.13 16:30:00,2017,CORE_2015_2025,CPI,AUDUSD,QUOTE,840030005,CPI m/m,True,"840030005,840030006,840030007,840030008",USD_840030009:CPI n.s.a.|USD_840030010:Core CPI|USD_840030030:Real Earnings m/m|USD_840030033:CPI n.s.a. m/m|USD_840030034:Core CPI n.s.a. m/m|USD_840030035:CPI|USD_840030036:Core CPI n.s.a.,False,False,False,0.4,0.2,0.1,,0.2,0.3,POSITIVE,POSITIVE,1,-1,1,-1,True,1513184400,2017.12.13 17:00:00,1800,True,True,0.001120,True,True,True,True,True,True,True,True,True,True,True,True,,,,,,
USD_CPI_1513182600,1513182600,2017.12.13 16:30:00,2017,CORE_2015_2025,CPI,EURUSD,QUOTE,840030005,CPI m/m,True,"840030005,840030006,840030007,840030008",USD_840030009:CPI n.s.a.|USD_840030010:Core CPI|USD_840030030:Real Earnings m/m|USD_840030033:CPI n.s.a. m/m|USD_840030034:Core CPI n.s.a. m/m|USD_840030035:CPI|USD_840030036:Core CPI n.s.a.,False,False,False,0.4,0.2,0.1,,0.2,0.3,POSITIVE,POSITIVE,1,-1,1,-1,True,1513184400,2017.12.13 17:00:00,1800,True,True,0.001310,True,True,True,True,True,True,True,True,True,True,True,True,,,,,,
USD_CPI_1513182600,1513182600,2017.12.13 16:30:00,2017,CORE_2015_2025,CPI,GBPUSD,QUOTE,840030005,CPI m/m,True,"840030005,840030006,840030007,840030008",USD_840030009:CPI n.s.a.|USD_840030010:Core CPI|USD_840030030:Real Earnings m/m|USD_840030033:CPI n.s.a. m/m|USD_840030034:Core CPI n.s.a. m/m|USD_840030035:CPI|USD_840030036:Core CPI n.s.a.,False,False,False,0.4,0.2,0.1,,0.2,0.3,POSITIVE,POSITIVE,1,-1,1,-1,True,1513184400,2017.12.13 17:00:00,1800,True,True,0.001869,True,True,True,True,True,True,True,True,True,True,True,True,,,,,,
USD_CPI_1513182600,1513182600,2017.12.13 16:30:00,2017,CORE_2015_2025,CPI,NZDUSD,QUOTE,840030005,CPI m/m,True,"840030005,840030006,840030007,840030008",USD_840030009:CPI n.s.a.|USD_840030010:Core CPI|USD_840030030:Real Earnings m/m|USD_840030033:CPI n.s.a. m/m|USD_840030034:Core CPI n.s.a. m/m|USD_840030035:CPI|USD_840030036:Core CPI n.s.a.,False,False,False,0.4,0.2,0.1,,0.2,0.3,POSITIVE,POSITIVE,1,-1,1,-1,True,1513184400,2017.12.13 17:00:00,1800,True,True,0.001177,True,True,True,True,True,True,True,True,True,True,True,True,,,,,,
USD_CPI_1513182600,1513182600,2017.12.13 16:30:00,2017,CORE_2015_2025,CPI,USDCAD,BASE,840030005,CPI m/m,True,"840030005,840030006,840030007,840030008",USD_840030009:CPI n.s.a.|USD_840030010:Core CPI|USD_840030030:Real Earnings m/m|USD_840030033:CPI n.s.a. m/m|USD_840030034:Core CPI n.s.a. m/m|USD_840030035:CPI|USD_840030036:Core CPI n.s.a.,False,False,False,0.4,0.2,0.1,,0.2,0.3,POSITIVE,POSITIVE,1,1,1,1,True,1513184400,2017.12.13 17:00:00,1800,True,True,0.001382,True,True,True,True,True,True,True,True,True,True,True,True,,,,,,
USD_CPI_1513182600,1513182600,2017.12.13 16:30:00,2017,CORE_2015_2025,CPI,USDCHF,BASE,840030005,CPI m/m,True,"840030005,840030006,840030007,840030008",USD_840030009:CPI n.s.a.|USD_840030010:Core CPI|USD_840030030:Real Earnings m/m|USD_840030033:CPI n.s.a. m/m|USD_840030034:Core CPI n.s.a. m/m|USD_840030035:CPI|USD_840030036:Core CPI n.s.a.,False,False,False,0.4,0.2,0.1,,0.2,0.3,POSITIVE,POSITIVE,1,1,1,1,True,1513184400,2017.12.13 17:00:00,1800,True,True,0.001147,True,True,True,True,True,True,True,True,True,True,True,True,,,,,,
USD_CPI_1513182600,1513182600,2017.12.13 16:30:00,2017,CORE_2015_2025,CPI,USDJPY,BASE,840030005,CPI m/m,True,"840030005,840030006,840030007,840030008",USD_840030009:CPI n.s.a.|USD_840030010:Core CPI|USD_840030030:Real Earnings m/m|USD_840030033:CPI n.s.a. m/m|USD_840030034:Core CPI n.s.a. m/m|USD_840030035:CPI|USD_840030036:Core CPI n.s.a.,False,False,False,0.4,0.2,0.1,,0.2,0.3,POSITIVE,POSITIVE,1,1,1,1,True,1513184400,2017.12.13 17:00:00,1800,True,True,0.123216,True,True,True,True,True,True,True,True,True,True,True,True,,,,,,
USD_CPI_1515774600,1515774600,2018.01.12 16:30:00,2018,CORE_2015_2025,CPI,AUDUSD,QUOTE,840030005,CPI m/m,True,"840030005,840030006,840030007,840030008",USD_840020010:Retail Sales m/m|USD_840020011:Core Retail Sales m/m|USD_840020012:Retail Control m/m|USD_840020021:Retail Sales excl. Autos and Gas m/m|USD_840020025:Retail Sales y/y|USD_840030009:CPI n.s.a.|USD_840030010:Core CPI|USD_840030030:Real Earnings m/m|USD_840030033:CPI n.s.a. m/m|USD_840030034:Core CPI n.s.a. m/m|USD_840030035:CPI|USD_840030036:Core CPI n.s.a.,False,False,False,0.1,0.2,0.4,,-0.1,-0.3,NEGATIVE,NEGATIVE,-1,1,-1,1,True,1515776400,2018.01.12 17:00:00,1800,True,True,0.001197,True,True,True,True,True,True,True,True,True,True,True,True,,,,,,
USD_CPI_1515774600,1515774600,2018.01.12 16:30:00,2018,CORE_2015_2025,CPI,EURUSD,QUOTE,840030005,CPI m/m,True,"840030005,840030006,840030007,840030008",USD_840020010:Retail Sales m/m|USD_840020011:Core Retail Sales m/m|USD_840020012:Retail Control m/m|USD_840020021:Retail Sales excl. Autos and Gas m/m|USD_840020025:Retail Sales y/y|USD_840030009:CPI n.s.a.|USD_840030010:Core CPI|USD_840030030:Real Earnings m/m|USD_840030033:CPI n.s.a. m/m|USD_840030034:Core CPI n.s.a. m/m|USD_840030035:CPI|USD_840030036:Core CPI n.s.a.,False,False,False,0.1,0.2,0.4,,-0.1,-0.3,NEGATIVE,NEGATIVE,-1,1,-1,1,True,1515776400,2018.01.12 17:00:00,1800,True,True,0.002065,True,True,True,True,True,True,True,True,True,True,True,True,,,,,,
USD_CPI_1515774600,1515774600,2018.01.12 16:30:00,2018,CORE_2015_2025,CPI,GBPUSD,QUOTE,840030005,CPI m/m,True,"840030005,840030006,840030007,840030008",USD_840020010:Retail Sales m/m|USD_840020011:Core Retail Sales m/m|USD_840020012:Retail Control m/m|USD_840020021:Retail Sales excl. Autos and Gas m/m|USD_840020025:Retail Sales y/y|USD_840030009:CPI n.s.a.|USD_840030010:Core CPI|USD_840030030:Real Earnings m/m|USD_840030033:CPI n.s.a. m/m|USD_840030034:Core CPI n.s.a. m/m|USD_840030035:CPI|USD_840030036:Core CPI n.s.a.,False,False,False,0.1,0.2,0.4,,-0.1,-0.3,NEGATIVE,NEGATIVE,-1,1,-1,1,True,1515776400,2018.01.12 17:00:00,1800,True,True,0.002262,True,True,True,True,True,True,True,True,True,True,True,True,,,,,,
USD_CPI_1515774600,1515774600,2018.01.12 16:30:00,2018,CORE_2015_2025,CPI,NZDUSD,QUOTE,840030005,CPI m/m,True,"840030005,840030006,840030007,840030008",USD_840020010:Retail Sales m/m|USD_840020011:Core Retail Sales m/m|USD_840020012:Retail Control m/m|USD_840020021:Retail Sales excl. Autos and Gas m/m|USD_840020025:Retail Sales y/y|USD_840030009:CPI n.s.a.|USD_840030010:Core CPI|USD_840030030:Real Earnings m/m|USD_840030033:CPI n.s.a. m/m|USD_840030034:Core CPI n.s.a. m/m|USD_840030035:CPI|USD_840030036:Core CPI n.s.a.,False,False,False,0.1,0.2,0.4,,-0.1,-0.3,NEGATIVE,NEGATIVE,-1,1,-1,1,True,1515776400,2018.01.12 17:00:00,1800,True,True,0.001376,True,True,True,True,True,True,True,True,True,True,True,True,,,,,,
USD_CPI_1515774600,1515774600,2018.01.12 16:30:00,2018,CORE_2015_2025,CPI,USDCAD,BASE,840030005,CPI m/m,True,"840030005,840030006,840030007,840030008",USD_840020010:Retail Sales m/m|USD_840020011:Core Retail Sales m/m|USD_840020012:Retail Control m/m|USD_840020021:Retail Sales excl. Autos and Gas m/m|USD_840020025:Retail Sales y/y|USD_840030009:CPI n.s.a.|USD_840030010:Core CPI|USD_840030030:Real Earnings m/m|USD_840030033:CPI n.s.a. m/m|USD_840030034:Core CPI n.s.a. m/m|USD_840030035:CPI|USD_840030036:Core CPI n.s.a.,False,False,False,0.1,0.2,0.4,,-0.1,-0.3,NEGATIVE,NEGATIVE,-1,-1,-1,-1,True,1515776400,2018.01.12 17:00:00,1800,True,True,0.001856,True,True,True,True,True,True,True,True,True,True,True,True,,,,,,
USD_CPI_1515774600,1515774600,2018.01.12 16:30:00,2018,CORE_2015_2025,CPI,USDCHF,BASE,840030005,CPI m/m,True,"840030005,840030006,840030007,840030008",USD_840020010:Retail Sales m/m|USD_840020011:Core Retail Sales m/m|USD_840020012:Retail Control m/m|USD_840020021:Retail Sales excl. Autos and Gas m/m|USD_840020025:Retail Sales y/y|USD_840030009:CPI n.s.a.|USD_840030010:Core CPI|USD_840030030:Real Earnings m/m|USD_840030033:CPI n.s.a. m/m|USD_840030034:Core CPI n.s.a. m/m|USD_840030035:CPI|USD_840030036:Core CPI n.s.a.,False,False,False,0.1,0.2,0.4,,-0.1,-0.3,NEGATIVE,NEGATIVE,-1,-1,-1,-1,True,1515776400,2018.01.12 17:00:00,1800,True,True,0.001686,True,True,True,True,True,True,True,True,True,True,True,True,,,,,,
USD_CPI_1515774600,1515774600,2018.01.12 16:30:00,2018,CORE_2015_2025,CPI,USDJPY,BASE,840030005,CPI m/m,True,"840030005,840030006,840030007,840030008",USD_840020010:Retail Sales m/m|USD_840020011:Core Retail Sales m/m|USD_840020012:Retail Control m/m|USD_840020021:Retail Sales excl. Autos and Gas m/m|USD_840020025:Retail Sales y/y|USD_840030009:CPI n.s.a.|USD_840030010:Core CPI|USD_840030030:Real Earnings m/m|USD_840030033:CPI n.s.a. m/m|USD_840030034:Core CPI n.s.a. m/m|USD_840030035:CPI|USD_840030036:Core CPI n.s.a.,False,False,False,0.1,0.2,0.4,,-0.1,-0.3,NEGATIVE,NEGATIVE,-1,-1,-1,-1,True,1515776400,2018.01.12 17:00:00,1800,True,True,0.178413,True,True,True,True,True,True,True,True,True,True,True,True,,,,,,
USD_CPI_1518625800,1518625800,2018.02.14 16:30:00,2018,CORE_2015_2025,CPI,AUDUSD,QUOTE,840030005,CPI m/m,True,"840030005,840030006,840030007,840030008",USD_840020010:Retail Sales m/m|USD_840020011:Core Retail Sales m/m|USD_840020012:Retail Control m/m|USD_840020021:Retail Sales excl. Autos and Gas m/m|USD_840020025:Retail Sales y/y|USD_840030009:CPI n.s.a.|USD_840030010:Core CPI|USD_840030030:Real Earnings m/m|USD_840030033:CPI n.s.a. m/m|USD_840030034:Core CPI n.s.a. m/m|USD_840030035:CPI|USD_840030036:Core CPI n.s.a.,False,False,False,0.5,0.1,0.1,0.2,0.4,0.4,POSITIVE,POSITIVE,1,-1,1,-1,True,1518627600,2018.02.14 17:00:00,1800,True,True,0.001704,True,True,True,True,True,True,True,True,True,True,True,True,,,,,,
USD_CPI_1518625800,1518625800,2018.02.14 16:30:00,2018,CORE_2015_2025,CPI,EURUSD,QUOTE,840030005,CPI m/m,True,"840030005,840030006,840030007,840030008",USD_840020010:Retail Sales m/m|USD_840020011:Core Retail Sales m/m|USD_840020012:Retail Control m/m|USD_840020021:Retail Sales excl. Autos and Gas m/m|USD_840020025:Retail Sales y/y|USD_840030009:CPI n.s.a.|USD_840030010:Core CPI|USD_840030030:Real Earnings m/m|USD_840030033:CPI n.s.a. m/m|USD_840030034:Core CPI n.s.a. m/m|USD_840030035:CPI|USD_840030036:Core CPI n.s.a.,False,False,False,0.5,0.1,0.1,0.2,0.4,0.4,POSITIVE,POSITIVE,1,-1,1,-1,True,1518627600,2018.02.14 17:00:00,1800,True,True,0.001987,True,True,True,True,True,True,True,True,True,True,True,True,,,,,,
USD_CPI_1518625800,1518625800,2018.02.14 16:30:00,2018,CORE_2015_2025,CPI,GBPUSD,QUOTE,840030005,CPI m/m,True,"840030005,840030006,840030007,840030008",USD_840020010:Retail Sales m/m|USD_840020011:Core Retail Sales m/m|USD_840020012:Retail Control m/m|USD_840020021:Retail Sales excl. Autos and Gas m/m|USD_840020025:Retail Sales y/y|USD_840030009:CPI n.s.a.|USD_840030010:Core CPI|USD_840030030:Real Earnings m/m|USD_840030033:CPI n.s.a. m/m|USD_840030034:Core CPI n.s.a. m/m|USD_840030035:CPI|USD_840030036:Core CPI n.s.a.,False,False,False,0.5,0.1,0.1,0.2,0.4,0.4,POSITIVE,POSITIVE,1,-1,1,-1,True,1518627600,2018.02.14 17:00:00,1800,True,True,0.002771,True,True,True,True,True,True,True,True,True,True,True,True,,,,,,
USD_CPI_1518625800,1518625800,2018.02.14 16:30:00,2018,CORE_2015_2025,CPI,NZDUSD,QUOTE,840030005,CPI m/m,True,"840030005,840030006,840030007,840030008",USD_840020010:Retail Sales m/m|USD_840020011:Core Retail Sales m/m|USD_840020012:Retail Control m/m|USD_840020021:Retail Sales excl. Autos and Gas m/m|USD_840020025:Retail Sales y/y|USD_840030009:CPI n.s.a.|USD_840030010:Core CPI|USD_840030030:Real Earnings m/m|USD_840030033:CPI n.s.a. m/m|USD_840030034:Core CPI n.s.a. m/m|USD_840030035:CPI|USD_840030036:Core CPI n.s.a.,False,False,False,0.5,0.1,0.1,0.2,0.4,0.4,POSITIVE,POSITIVE,1,-1,1,-1,True,1518627600,2018.02.14 17:00:00,1800,True,True,0.001790,True,True,True,True,True,True,True,True,True,True,True,True,,,,,,
USD_CPI_1518625800,1518625800,2018.02.14 16:30:00,2018,CORE_2015_2025,CPI,USDCAD,BASE,840030005,CPI m/m,True,"840030005,840030006,840030007,840030008",USD_840020010:Retail Sales m/m|USD_840020011:Core Retail Sales m/m|USD_840020012:Retail Control m/m|USD_840020021:Retail Sales excl. Autos and Gas m/m|USD_840020025:Retail Sales y/y|USD_840030009:CPI n.s.a.|USD_840030010:Core CPI|USD_840030030:Real Earnings m/m|USD_840030033:CPI n.s.a. m/m|USD_840030034:Core CPI n.s.a. m/m|USD_840030035:CPI|USD_840030036:Core CPI n.s.a.,False,False,False,0.5,0.1,0.1,0.2,0.4,0.4,POSITIVE,POSITIVE,1,1,1,1,True,1518627600,2018.02.14 17:00:00,1800,True,True,0.001738,True,True,True,True,True,True,True,True,True,True,True,True,,,,,,
USD_CPI_1518625800,1518625800,2018.02.14 16:30:00,2018,CORE_2015_2025,CPI,USDCHF,BASE,840030005,CPI m/m,True,"840030005,840030006,840030007,840030008",USD_840020010:Retail Sales m/m|USD_840020011:Core Retail Sales m/m|USD_840020012:Retail Control m/m|USD_840020021:Retail Sales excl. Autos and Gas m/m|USD_840020025:Retail Sales y/y|USD_840030009:CPI n.s.a.|USD_840030010:Core CPI|USD_840030030:Real Earnings m/m|USD_840030033:CPI n.s.a. m/m|USD_840030034:Core CPI n.s.a. m/m|USD_840030035:CPI|USD_840030036:Core CPI n.s.a.,False,False,False,0.5,0.1,0.1,0.2,0.4,0.4,POSITIVE,POSITIVE,1,1,1,1,True,1518627600,2018.02.14 17:00:00,1800,True,True,0.001736,True,True,True,True,True,True,True,True,True,True,True,True,,,,,,
USD_CPI_1518625800,1518625800,2018.02.14 16:30:00,2018,CORE_2015_2025,CPI,USDJPY,BASE,840030005,CPI m/m,True,"840030005,840030006,840030007,840030008",USD_840020010:Retail Sales m/m|USD_840020011:Core Retail Sales m/m|USD_840020012:Retail Control m/m|USD_840020021:Retail Sales excl. Autos and Gas m/m|USD_840020025:Retail Sales y/y|USD_840030009:CPI n.s.a.|USD_840030010:Core CPI|USD_840030030:Real Earnings m/m|USD_840030033:CPI n.s.a. m/m|USD_840030034:Core CPI n.s.a. m/m|USD_840030035:CPI|USD_840030036:Core CPI n.s.a.,False,False,False,0.5,0.1,0.1,0.2,0.4,0.4,POSITIVE,POSITIVE,1,1,1,1,True,1518627600,2018.02.14 17:00:00,1800,True,True,0.207315,True,True,True,True,True,True,True,True,True,True,True,True,,,,,,
USD_CPI_1520955000,1520955000,2018.03.13 15:30:00,2018,CORE_2015_2025,CPI,AUDUSD,QUOTE,840030005,CPI m/m,True,"840030005,840030006,840030007,840030008",USD_840030009:CPI n.s.a.|USD_840030010:Core CPI|USD_840030030:Real Earnings m/m|USD_840030033:CPI n.s.a. m/m|USD_840030034:Core CPI n.s.a. m/m|USD_840030035:CPI|USD_840030036:Core CPI n.s.a.|GBP_826100003:Spring Forecast Statement,False,False,False,0.2,0.1,0.5,,0.1,-0.3,POSITIVE,NEGATIVE,1,-1,-1,1,True,1520956800,2018.03.13 16:00:00,1800,True,True,0.001104,True,True,True,True,True,True,True,True,True,True,True,True,,,,,,
USD_CPI_1520955000,1520955000,2018.03.13 15:30:00,2018,CORE_2015_2025,CPI,EURUSD,QUOTE,840030005,CPI m/m,True,"840030005,840030006,840030007,840030008",USD_840030009:CPI n.s.a.|USD_840030010:Core CPI|USD_840030030:Real Earnings m/m|USD_840030033:CPI n.s.a. m/m|USD_840030034:Core CPI n.s.a. m/m|USD_840030035:CPI|USD_840030036:Core CPI n.s.a.|GBP_826100003:Spring Forecast Statement,False,False,False,0.2,0.1,0.5,,0.1,-0.3,POSITIVE,NEGATIVE,1,-1,-1,1,True,1520956800,2018.03.13 16:00:00,1800,True,True,0.001543,True,True,True,True,True,True,True,True,True,True,True,True,,,,,,
USD_CPI_1520955000,1520955000,2018.03.13 15:30:00,2018,CORE_2015_2025,CPI,GBPUSD,QUOTE,840030005,CPI m/m,True,"840030005,840030006,840030007,840030008",USD_840030009:CPI n.s.a.|USD_840030010:Core CPI|USD_840030030:Real Earnings m/m|USD_840030033:CPI n.s.a. m/m|USD_840030034:Core CPI n.s.a. m/m|USD_840030035:CPI|USD_840030036:Core CPI n.s.a.|GBP_826100003:Spring Forecast Statement,False,False,False,0.2,0.1,0.5,,0.1,-0.3,POSITIVE,NEGATIVE,1,-1,-1,1,True,1520956800,2018.03.13 16:00:00,1800,True,True,0.001809,True,True,True,True,True,True,True,True,True,True,True,True,,,,,,
USD_CPI_1520955000,1520955000,2018.03.13 15:30:00,2018,CORE_2015_2025,CPI,NZDUSD,QUOTE,840030005,CPI m/m,True,"840030005,840030006,840030007,840030008",USD_840030009:CPI n.s.a.|USD_840030010:Core CPI|USD_840030030:Real Earnings m/m|USD_840030033:CPI n.s.a. m/m|USD_840030034:Core CPI n.s.a. m/m|USD_840030035:CPI|USD_840030036:Core CPI n.s.a.|GBP_826100003:Spring Forecast Statement,False,False,False,0.2,0.1,0.5,,0.1,-0.3,POSITIVE,NEGATIVE,1,-1,-1,1,True,1520956800,2018.03.13 16:00:00,1800,True,True,0.001035,True,True,True,True,True,True,True,True,True,True,True,True,,,,,,
USD_CPI_1520955000,1520955000,2018.03.13 15:30:00,2018,CORE_2015_2025,CPI,USDCAD,BASE,840030005,CPI m/m,True,"840030005,840030006,840030007,840030008",USD_840030009:CPI n.s.a.|USD_840030010:Core CPI|USD_840030030:Real Earnings m/m|USD_840030033:CPI n.s.a. m/m|USD_840030034:Core CPI n.s.a. m/m|USD_840030035:CPI|USD_840030036:Core CPI n.s.a.|GBP_826100003:Spring Forecast Statement,False,False,False,0.2,0.1,0.5,,0.1,-0.3,POSITIVE,NEGATIVE,1,1,-1,-1,True,1520956800,2018.03.13 16:00:00,1800,True,True,0.001365,True,True,True,True,True,True,True,True,True,True,True,True,,,,,,
USD_CPI_1520955000,1520955000,2018.03.13 15:30:00,2018,CORE_2015_2025,CPI,USDCHF,BASE,840030005,CPI m/m,True,"840030005,840030006,840030007,840030008",USD_840030009:CPI n.s.a.|USD_840030010:Core CPI|USD_840030030:Real Earnings m/m|USD_840030033:CPI n.s.a. m/m|USD_840030034:Core CPI n.s.a. m/m|USD_840030035:CPI|USD_840030036:Core CPI n.s.a.|GBP_826100003:Spring Forecast Statement,False,False,False,0.2,0.1,0.5,,0.1,-0.3,POSITIVE,NEGATIVE,1,1,-1,-1,True,1520956800,2018.03.13 16:00:00,1800,True,True,0.001319,True,True,True,True,True,True,True,True,True,True,True,True,,,,,,
USD_CPI_1520955000,1520955000,2018.03.13 15:30:00,2018,CORE_2015_2025,CPI,USDJPY,BASE,840030005,CPI m/m,True,"840030005,840030006,840030007,840030008",USD_840030009:CPI n.s.a.|USD_840030010:Core CPI|USD_840030030:Real Earnings m/m|USD_840030033:CPI n.s.a. m/m|USD_840030034:Core CPI n.s.a. m/m|USD_840030035:CPI|USD_840030036:Core CPI n.s.a.|GBP_826100003:Spring Forecast Statement,False,False,False,0.2,0.1,0.5,,0.1,-0.3,POSITIVE,NEGATIVE,1,1,-1,-1,True,1520956800,2018.03.13 16:00:00,1800,True,True,0.174963,True,True,True,True,True,True,True,True,True,True,True,True,,,,,,
USD_CPI_1523460600,1523460600,2018.04.11 15:30:00,2018,CORE_2015_2025,CPI,AUDUSD,QUOTE,840030005,CPI m/m,True,"840030005,840030006,840030007,840030008",USD_840030009:CPI n.s.a.|USD_840030010:Core CPI|USD_840030030:Real Earnings m/m|USD_840030033:CPI n.s.a. m/m|USD_840030034:Core CPI n.s.a. m/m|USD_840030035:CPI|USD_840030036:Core CPI n.s.a.,False,False,False,-0.1,0.1,0.2,,-0.2,-0.3,NEGATIVE,NEGATIVE,-1,1,-1,1,True,1523462400,2018.04.11 16:00:00,1800,True,True,0.000915,True,True,True,True,True,True,True,True,True,True,True,True,,,,,,
USD_CPI_1523460600,1523460600,2018.04.11 15:30:00,2018,CORE_2015_2025,CPI,EURUSD,QUOTE,840030005,CPI m/m,True,"840030005,840030006,840030007,840030008",USD_840030009:CPI n.s.a.|USD_840030010:Core CPI|USD_840030030:Real Earnings m/m|USD_840030033:CPI n.s.a. m/m|USD_840030034:Core CPI n.s.a. m/m|USD_840030035:CPI|USD_840030036:Core CPI n.s.a.,False,False,False,-0.1,0.1,0.2,,-0.2,-0.3,NEGATIVE,NEGATIVE,-1,1,-1,1,True,1523462400,2018.04.11 16:00:00,1800,True,True,0.001359,True,True,True,True,True,True,True,True,True,True,True,True,,,,,,
USD_CPI_1523460600,1523460600,2018.04.11 15:30:00,2018,CORE_2015_2025,CPI,GBPUSD,QUOTE,840030005,CPI m/m,True,"840030005,840030006,840030007,840030008",USD_840030009:CPI n.s.a.|USD_840030010:Core CPI|USD_840030030:Real Earnings m/m|USD_840030033:CPI n.s.a. m/m|USD_840030034:Core CPI n.s.a. m/m|USD_840030035:CPI|USD_840030036:Core CPI n.s.a.,False,False,False,-0.1,0.1,0.2,,-0.2,-0.3,NEGATIVE,NEGATIVE,-1,1,-1,1,True,1523462400,2018.04.11 16:00:00,1800,True,True,0.001705,True,True,True,True,True,True,True,True,True,True,True,True,,,,,,
USD_CPI_1523460600,1523460600,2018.04.11 15:30:00,2018,CORE_2015_2025,CPI,NZDUSD,QUOTE,840030005,CPI m/m,True,"840030005,840030006,840030007,840030008",USD_840030009:CPI n.s.a.|USD_840030010:Core CPI|USD_840030030:Real Earnings m/m|USD_840030033:CPI n.s.a. m/m|USD_840030034:Core CPI n.s.a. m/m|USD_840030035:CPI|USD_840030036:Core CPI n.s.a.,False,False,False,-0.1,0.1,0.2,,-0.2,-0.3,NEGATIVE,NEGATIVE,-1,1,-1,1,True,1523462400,2018.04.11 16:00:00,1800,True,True,0.000805,True,True,True,True,True,True,True,True,True,True,True,True,,,,,,
USD_CPI_1523460600,1523460600,2018.04.11 15:30:00,2018,CORE_2015_2025,CPI,USDCAD,BASE,840030005,CPI m/m,True,"840030005,840030006,840030007,840030008",USD_840030009:CPI n.s.a.|USD_840030010:Core CPI|USD_840030030:Real Earnings m/m|USD_840030033:CPI n.s.a. m/m|USD_840030034:Core CPI n.s.a. m/m|USD_840030035:CPI|USD_840030036:Core CPI n.s.a.,False,False,False,-0.1,0.1,0.2,,-0.2,-0.3,NEGATIVE,NEGATIVE,-1,-1,-1,-1,True,1523462400,2018.04.11 16:00:00,1800,True,True,0.001294,True,True,True,True,True,True,True,True,True,True,True,True,,,,,,
USD_CPI_1523460600,1523460600,2018.04.11 15:30:00,2018,CORE_2015_2025,CPI,USDCHF,BASE,840030005,CPI m/m,True,"840030005,840030006,840030007,840030008",USD_840030009:CPI n.s.a.|USD_840030010:Core CPI|USD_840030030:Real Earnings m/m|USD_840030033:CPI n.s.a. m/m|USD_840030034:Core CPI n.s.a. m/m|USD_840030035:CPI|USD_840030036:Core CPI n.s.a.,False,False,False,-0.1,0.1,0.2,,-0.2,-0.3,NEGATIVE,NEGATIVE,-1,-1,-1,-1,True,1523462400,2018.04.11 16:00:00,1800,True,True,0.001252,True,True,True,True,True,True,True,True,True,True,True,True,,,,,,
USD_CPI_1523460600,1523460600,2018.04.11 15:30:00,2018,CORE_2015_2025,CPI,USDJPY,BASE,840030005,CPI m/m,True,"840030005,840030006,840030007,840030008",USD_840030009:CPI n.s.a.|USD_840030010:Core CPI|USD_840030030:Real Earnings m/m|USD_840030033:CPI n.s.a. m/m|USD_840030034:Core CPI n.s.a. m/m|USD_840030035:CPI|USD_840030036:Core CPI n.s.a.,False,False,False,-0.1,0.1,0.2,,-0.2,-0.3,NEGATIVE,NEGATIVE,-1,-1,-1,-1,True,1523462400,2018.04.11 16:00:00,1800,True,True,0.124571,True,True,True,True,True,True,True,True,True,True,True,True,,,,,,
USD_CPI_1525966200,1525966200,2018.05.10 15:30:00,2018,CORE_2015_2025,CPI,AUDUSD,QUOTE,840030005,CPI m/m,True,"840030005,840030006,840030007,840030008",USD_840030009:CPI n.s.a.|USD_840030010:Core CPI|USD_840030030:Real Earnings m/m|USD_840030033:CPI n.s.a. m/m|USD_840030034:Core CPI n.s.a. m/m|USD_840030035:CPI|USD_840030036:Core CPI n.s.a.|USD_840140001:Initial Jobless Claims|USD_840140002:Continuing Jobless Claims|USD_840140003:Initial Jobless Claims 4-Week Average|CAD_124010030:New Housing Price Index m/m,False,False,False,0.2,0.0,-0.1,,0.2,0.3,POSITIVE,POSITIVE,1,-1,1,-1,True,1525968000,2018.05.10 16:00:00,1800,True,True,0.001218,True,True,True,True,True,True,True,True,True,True,True,True,,,,,,
USD_CPI_1525966200,1525966200,2018.05.10 15:30:00,2018,CORE_2015_2025,CPI,EURUSD,QUOTE,840030005,CPI m/m,True,"840030005,840030006,840030007,840030008",USD_840030009:CPI n.s.a.|USD_840030010:Core CPI|USD_840030030:Real Earnings m/m|USD_840030033:CPI n.s.a. m/m|USD_840030034:Core CPI n.s.a. m/m|USD_840030035:CPI|USD_840030036:Core CPI n.s.a.|USD_840140001:Initial Jobless Claims|USD_840140002:Continuing Jobless Claims|USD_840140003:Initial Jobless Claims 4-Week Average|CAD_124010030:New Housing Price Index m/m,False,False,False,0.2,0.0,-0.1,,0.2,0.3,POSITIVE,POSITIVE,1,-1,1,-1,True,1525968000,2018.05.10 16:00:00,1800,True,True,0.001569,True,True,True,True,True,True,True,True,True,True,True,True,,,,,,
USD_CPI_1525966200,1525966200,2018.05.10 15:30:00,2018,CORE_2015_2025,CPI,GBPUSD,QUOTE,840030005,CPI m/m,True,"840030005,840030006,840030007,840030008",USD_840030009:CPI n.s.a.|USD_840030010:Core CPI|USD_840030030:Real Earnings m/m|USD_840030033:CPI n.s.a. m/m|USD_840030034:Core CPI n.s.a. m/m|USD_840030035:CPI|USD_840030036:Core CPI n.s.a.|USD_840140001:Initial Jobless Claims|USD_840140002:Continuing Jobless Claims|USD_840140003:Initial Jobless Claims 4-Week Average|CAD_124010030:New Housing Price Index m/m,False,False,False,0.2,0.0,-0.1,,0.2,0.3,POSITIVE,POSITIVE,1,-1,1,-1,True,1525968000,2018.05.10 16:00:00,1800,True,True,0.002724,True,True,True,True,True,True,True,True,True,True,True,True,,,,,,
USD_CPI_1525966200,1525966200,2018.05.10 15:30:00,2018,CORE_2015_2025,CPI,NZDUSD,QUOTE,840030005,CPI m/m,True,"840030005,840030006,840030007,840030008",USD_840030009:CPI n.s.a.|USD_840030010:Core CPI|USD_840030030:Real Earnings m/m|USD_840030033:CPI n.s.a. m/m|USD_840030034:Core CPI n.s.a. m/m|USD_840030035:CPI|USD_840030036:Core CPI n.s.a.|USD_840140001:Initial Jobless Claims|USD_840140002:Continuing Jobless Claims|USD_840140003:Initial Jobless Claims 4-Week Average|CAD_124010030:New Housing Price Index m/m,False,False,False,0.2,0.0,-0.1,,0.2,0.3,POSITIVE,POSITIVE,1,-1,1,-1,True,1525968000,2018.05.10 16:00:00,1800,True,True,0.001338,True,True,True,True,True,True,True,True,True,True,True,True,,,,,,
USD_CPI_1525966200,1525966200,2018.05.10 15:30:00,2018,CORE_2015_2025,CPI,USDCAD,BASE,840030005,CPI m/m,True,"840030005,840030006,840030007,840030008",USD_840030009:CPI n.s.a.|USD_840030010:Core CPI|USD_840030030:Real Earnings m/m|USD_840030033:CPI n.s.a. m/m|USD_840030034:Core CPI n.s.a. m/m|USD_840030035:CPI|USD_840030036:Core CPI n.s.a.|USD_840140001:Initial Jobless Claims|USD_840140002:Continuing Jobless Claims|USD_840140003:Initial Jobless Claims 4-Week Average|CAD_124010030:New Housing Price Index m/m,False,False,False,0.2,0.0,-0.1,,0.2,0.3,POSITIVE,POSITIVE,1,1,1,1,True,1525968000,2018.05.10 16:00:00,1800,True,True,0.001850,True,True,True,True,True,True,True,True,True,True,True,True,,,,,,
USD_CPI_1525966200,1525966200,2018.05.10 15:30:00,2018,CORE_2015_2025,CPI,USDCHF,BASE,840030005,CPI m/m,True,"840030005,840030006,840030007,840030008",USD_840030009:CPI n.s.a.|USD_840030010:Core CPI|USD_840030030:Real Earnings m/m|USD_840030033:CPI n.s.a. m/m|USD_840030034:Core CPI n.s.a. m/m|USD_840030035:CPI|USD_840030036:Core CPI n.s.a.|USD_840140001:Initial Jobless Claims|USD_840140002:Continuing Jobless Claims|USD_840140003:Initial Jobless Claims 4-Week Average|CAD_124010030:New Housing Price Index m/m,False,False,False,0.2,0.0,-0.1,,0.2,0.3,POSITIVE,POSITIVE,1,1,1,1,True,1525968000,2018.05.10 16:00:00,1800,True,True,0.001083,True,True,True,True,True,True,True,True,True,True,True,True,,,,,,
USD_CPI_1525966200,1525966200,2018.05.10 15:30:00,2018,CORE_2015_2025,CPI,USDJPY,BASE,840030005,CPI m/m,True,"840030005,840030006,840030007,840030008",USD_840030009:CPI n.s.a.|USD_840030010:Core CPI|USD_840030030:Real Earnings m/m|USD_840030033:CPI n.s.a. m/m|USD_840030034:Core CPI n.s.a. m/m|USD_840030035:CPI|USD_840030036:Core CPI n.s.a.|USD_840140001:Initial Jobless Claims|USD_840140002:Continuing Jobless Claims|USD_840140003:Initial Jobless Claims 4-Week Average|CAD_124010030:New Housing Price Index m/m,False,False,False,0.2,0.0,-0.1,,0.2,0.3,POSITIVE,POSITIVE,1,1,1,1,True,1525968000,2018.05.10 16:00:00,1800,True,True,0.132919,True,True,True,True,True,True,True,True,True,True,True,True,,,,,,
USD_CPI_1528817400,1528817400,2018.06.12 15:30:00,2018,CORE_2015_2025,CPI,AUDUSD,QUOTE,840030005,CPI m/m,True,"840030005,840030006,840030007,840030008",USD_840030009:CPI n.s.a.|USD_840030010:Core CPI|USD_840030030:Real Earnings m/m|USD_840030033:CPI n.s.a. m/m|USD_840030034:Core CPI n.s.a. m/m|USD_840030035:CPI|USD_840030036:Core CPI n.s.a.,False,False,False,0.2,0.0,0.2,,0.2,0.0,POSITIVE,ZERO,1,-1,,,True,1528819200,2018.06.12 16:00:00,1800,True,True,0.000959,True,True,True,True,True,True,True,True,True,False,False,False,,,,excluded_zero_signal,excluded_zero_signal,excluded_zero_signal
USD_CPI_1528817400,1528817400,2018.06.12 15:30:00,2018,CORE_2015_2025,CPI,EURUSD,QUOTE,840030005,CPI m/m,True,"840030005,840030006,840030007,840030008",USD_840030009:CPI n.s.a.|USD_840030010:Core CPI|USD_840030030:Real Earnings m/m|USD_840030033:CPI n.s.a. m/m|USD_840030034:Core CPI n.s.a. m/m|USD_840030035:CPI|USD_840030036:Core CPI n.s.a.,False,False,False,0.2,0.0,0.2,,0.2,0.0,POSITIVE,ZERO,1,-1,,,True,1528819200,2018.06.12 16:00:00,1800,True,True,0.001550,True,True,True,True,True,True,True,True,True,False,False,False,,,,excluded_zero_signal,excluded_zero_signal,excluded_zero_signal
USD_CPI_1528817400,1528817400,2018.06.12 15:30:00,2018,CORE_2015_2025,CPI,GBPUSD,QUOTE,840030005,CPI m/m,True,"840030005,840030006,840030007,840030008",USD_840030009:CPI n.s.a.|USD_840030010:Core CPI|USD_840030030:Real Earnings m/m|USD_840030033:CPI n.s.a. m/m|USD_840030034:Core CPI n.s.a. m/m|USD_840030035:CPI|USD_840030036:Core CPI n.s.a.,False,False,False,0.2,0.0,0.2,,0.2,0.0,POSITIVE,ZERO,1,-1,,,True,1528819200,2018.06.12 16:00:00,1800,True,True,0.001853,True,True,True,True,True,True,True,True,True,False,False,False,,,,excluded_zero_signal,excluded_zero_signal,excluded_zero_signal
USD_CPI_1528817400,1528817400,2018.06.12 15:30:00,2018,CORE_2015_2025,CPI,NZDUSD,QUOTE,840030005,CPI m/m,True,"840030005,840030006,840030007,840030008",USD_840030009:CPI n.s.a.|USD_840030010:Core CPI|USD_840030030:Real Earnings m/m|USD_840030033:CPI n.s.a. m/m|USD_840030034:Core CPI n.s.a. m/m|USD_840030035:CPI|USD_840030036:Core CPI n.s.a.,False,False,False,0.2,0.0,0.2,,0.2,0.0,POSITIVE,ZERO,1,-1,,,True,1528819200,2018.06.12 16:00:00,1800,True,True,0.000992,True,True,True,True,True,True,True,True,True,False,False,False,,,,excluded_zero_signal,excluded_zero_signal,excluded_zero_signal
USD_CPI_1528817400,1528817400,2018.06.12 15:30:00,2018,CORE_2015_2025,CPI,USDCAD,BASE,840030005,CPI m/m,True,"840030005,840030006,840030007,840030008",USD_840030009:CPI n.s.a.|USD_840030010:Core CPI|USD_840030030:Real Earnings m/m|USD_840030033:CPI n.s.a. m/m|USD_840030034:Core CPI n.s.a. m/m|USD_840030035:CPI|USD_840030036:Core CPI n.s.a.,False,False,False,0.2,0.0,0.2,,0.2,0.0,POSITIVE,ZERO,1,1,,,True,1528819200,2018.06.12 16:00:00,1800,True,True,0.001460,True,True,True,True,True,True,True,True,True,False,False,False,,,,excluded_zero_signal,excluded_zero_signal,excluded_zero_signal
USD_CPI_1528817400,1528817400,2018.06.12 15:30:00,2018,CORE_2015_2025,CPI,USDCHF,BASE,840030005,CPI m/m,True,"840030005,840030006,840030007,840030008",USD_840030009:CPI n.s.a.|USD_840030010:Core CPI|USD_840030030:Real Earnings m/m|USD_840030033:CPI n.s.a. m/m|USD_840030034:Core CPI n.s.a. m/m|USD_840030035:CPI|USD_840030036:Core CPI n.s.a.,False,False,False,0.2,0.0,0.2,,0.2,0.0,POSITIVE,ZERO,1,1,,,True,1528819200,2018.06.12 16:00:00,1800,True,True,0.001124,True,True,True,True,True,True,True,True,True,False,False,False,,,,excluded_zero_signal,excluded_zero_signal,excluded_zero_signal
USD_CPI_1528817400,1528817400,2018.06.12 15:30:00,2018,CORE_2015_2025,CPI,USDJPY,BASE,840030005,CPI m/m,True,"840030005,840030006,840030007,840030008",USD_840030009:CPI n.s.a.|USD_840030010:Core CPI|USD_840030030:Real Earnings m/m|USD_840030033:CPI n.s.a. m/m|USD_840030034:Core CPI n.s.a. m/m|USD_840030035:CPI|USD_840030036:Core CPI n.s.a.,False,False,False,0.2,0.0,0.2,,0.2,0.0,POSITIVE,ZERO,1,1,,,True,1528819200,2018.06.12 16:00:00,1800,True,True,0.135729,True,True,True,True,True,True,True,True,True,False,False,False,,,,excluded_zero_signal,excluded_zero_signal,excluded_zero_signal
USD_CPI_1531409400,1531409400,2018.07.12 15:30:00,2018,CORE_2015_2025,CPI,AUDUSD,QUOTE,840030005,CPI m/m,True,"840030005,840030006,840030007,840030008",USD_840030009:CPI n.s.a.|USD_840030010:Core CPI|USD_840030030:Real Earnings m/m|USD_840030033:CPI n.s.a. m/m|USD_840030034:Core CPI n.s.a. m/m|USD_840030035:CPI|USD_840030036:Core CPI n.s.a.|USD_840140001:Initial Jobless Claims|USD_840140002:Continuing Jobless Claims|USD_840140003:Initial Jobless Claims 4-Week Average|USD_840250001:FOMC Member Kashkari Speech|CAD_124010030:New Housing Price Index m/m,False,False,False,0.1,0.0,0.2,,0.1,-0.1,POSITIVE,NEGATIVE,1,-1,-1,1,True,1531411200,2018.07.12 16:00:00,1800,True,True,0.001098,True,True,True,True,True,True,True,True,True,True,True,True,,,,,,
USD_CPI_1531409400,1531409400,2018.07.12 15:30:00,2018,CORE_2015_2025,CPI,EURUSD,QUOTE,840030005,CPI m/m,True,"840030005,840030006,840030007,840030008",USD_840030009:CPI n.s.a.|USD_840030010:Core CPI|USD_840030030:Real Earnings m/m|USD_840030033:CPI n.s.a. m/m|USD_840030034:Core CPI n.s.a. m/m|USD_840030035:CPI|USD_840030036:Core CPI n.s.a.|USD_840140001:Initial Jobless Claims|USD_840140002:Continuing Jobless Claims|USD_840140003:Initial Jobless Claims 4-Week Average|USD_840250001:FOMC Member Kashkari Speech|CAD_124010030:New Housing Price Index m/m,False,False,False,0.1,0.0,0.2,,0.1,-0.1,POSITIVE,NEGATIVE,1,-1,-1,1,True,1531411200,2018.07.12 16:00:00,1800,True,True,0.001457,True,True,True,True,True,True,True,True,True,True,True,True,,,,,,
USD_CPI_1531409400,1531409400,2018.07.12 15:30:00,2018,CORE_2015_2025,CPI,GBPUSD,QUOTE,840030005,CPI m/m,True,"840030005,840030006,840030007,840030008",USD_840030009:CPI n.s.a.|USD_840030010:Core CPI|USD_840030030:Real Earnings m/m|USD_840030033:CPI n.s.a. m/m|USD_840030034:Core CPI n.s.a. m/m|USD_840030035:CPI|USD_840030036:Core CPI n.s.a.|USD_840140001:Initial Jobless Claims|USD_840140002:Continuing Jobless Claims|USD_840140003:Initial Jobless Claims 4-Week Average|USD_840250001:FOMC Member Kashkari Speech|CAD_124010030:New Housing Price Index m/m,False,False,False,0.1,0.0,0.2,,0.1,-0.1,POSITIVE,NEGATIVE,1,-1,-1,1,True,1531411200,2018.07.12 16:00:00,1800,True,True,0.001584,True,True,True,True,True,True,True,True,True,True,True,True,,,,,,
USD_CPI_1531409400,1531409400,2018.07.12 15:30:00,2018,CORE_2015_2025,CPI,NZDUSD,QUOTE,840030005,CPI m/m,True,"840030005,840030006,840030007,840030008",USD_840030009:CPI n.s.a.|USD_840030010:Core CPI|USD_840030030:Real Earnings m/m|USD_840030033:CPI n.s.a. m/m|USD_840030034:Core CPI n.s.a. m/m|USD_840030035:CPI|USD_840030036:Core CPI n.s.a.|USD_840140001:Initial Jobless Claims|USD_840140002:Continuing Jobless Claims|USD_840140003:Initial Jobless Claims 4-Week Average|USD_840250001:FOMC Member Kashkari Speech|CAD_124010030:New Housing Price Index m/m,False,False,False,0.1,0.0,0.2,,0.1,-0.1,POSITIVE,NEGATIVE,1,-1,-1,1,True,1531411200,2018.07.12 16:00:00,1800,True,True,0.000941,True,True,True,True,True,True,True,True,True,True,True,True,,,,,,
USD_CPI_1531409400,1531409400,2018.07.12 15:30:00,2018,CORE_2015_2025,CPI,USDCAD,BASE,840030005,CPI m/m,True,"840030005,840030006,840030007,840030008",USD_840030009:CPI n.s.a.|USD_840030010:Core CPI|USD_840030030:Real Earnings m/m|USD_840030033:CPI n.s.a. m/m|USD_840030034:Core CPI n.s.a. m/m|USD_840030035:CPI|USD_840030036:Core CPI n.s.a.|USD_840140001:Initial Jobless Claims|USD_840140002:Continuing Jobless Claims|USD_840140003:Initial Jobless Claims 4-Week Average|USD_840250001:FOMC Member Kashkari Speech|CAD_124010030:New Housing Price Index m/m,False,False,False,0.1,0.0,0.2,,0.1,-0.1,POSITIVE,NEGATIVE,1,1,-1,-1,True,1531411200,2018.07.12 16:00:00,1800,True,True,0.001587,True,True,True,True,True,True,True,True,True,True,True,True,,,,,,
USD_CPI_1531409400,1531409400,2018.07.12 15:30:00,2018,CORE_2015_2025,CPI,USDCHF,BASE,840030005,CPI m/m,True,"840030005,840030006,840030007,840030008",USD_840030009:CPI n.s.a.|USD_840030010:Core CPI|USD_840030030:Real Earnings m/m|USD_840030033:CPI n.s.a. m/m|USD_840030034:Core CPI n.s.a. m/m|USD_840030035:CPI|USD_840030036:Core CPI n.s.a.|USD_840140001:Initial Jobless Claims|USD_840140002:Continuing Jobless Claims|USD_840140003:Initial Jobless Claims 4-Week Average|USD_840250001:FOMC Member Kashkari Speech|CAD_124010030:New Housing Price Index m/m,False,False,False,0.1,0.0,0.2,,0.1,-0.1,POSITIVE,NEGATIVE,1,1,-1,-1,True,1531411200,2018.07.12 16:00:00,1800,True,True,0.001099,True,True,True,True,True,True,True,True,True,True,True,True,,,,,,
USD_CPI_1531409400,1531409400,2018.07.12 15:30:00,2018,CORE_2015_2025,CPI,USDJPY,BASE,840030005,CPI m/m,True,"840030005,840030006,840030007,840030008",USD_840030009:CPI n.s.a.|USD_840030010:Core CPI|USD_840030030:Real Earnings m/m|USD_840030033:CPI n.s.a. m/m|USD_840030034:Core CPI n.s.a. m/m|USD_840030035:CPI|USD_840030036:Core CPI n.s.a.|USD_840140001:Initial Jobless Claims|USD_840140002:Continuing Jobless Claims|USD_840140003:Initial Jobless Claims 4-Week Average|USD_840250001:FOMC Member Kashkari Speech|CAD_124010030:New Housing Price Index m/m,False,False,False,0.1,0.0,0.2,,0.1,-0.1,POSITIVE,NEGATIVE,1,1,-1,-1,True,1531411200,2018.07.12 16:00:00,1800,True,True,0.143299,True,True,True,True,True,True,True,True,True,True,True,True,,,,,,
USD_CPI_1533915000,1533915000,2018.08.10 15:30:00,2018,CORE_2015_2025,CPI,AUDUSD,QUOTE,840030005,CPI m/m,True,"840030005,840030006,840030007,840030008",USD_840030009:CPI n.s.a.|USD_840030010:Core CPI|USD_840030030:Real Earnings m/m|USD_840030033:CPI n.s.a. m/m|USD_840030034:Core CPI n.s.a. m/m|USD_840030035:CPI|USD_840030036:Core CPI n.s.a.|CAD_124010011:Employment Change|CAD_124010012:Full-Time Employment Change|CAD_124010013:Part-Time Employment Change|CAD_124010014:Unemployment Rate|CAD_124010015:Participation Rate,True,False,False,0.2,0.0,0.1,,0.2,0.1,POSITIVE,POSITIVE,1,-1,1,-1,True,1533916800,2018.08.10 16:00:00,1800,True,True,0.001493,True,True,True,True,True,True,True,True,True,True,True,True,,,,,,
USD_CPI_1533915000,1533915000,2018.08.10 15:30:00,2018,CORE_2015_2025,CPI,EURUSD,QUOTE,840030005,CPI m/m,True,"840030005,840030006,840030007,840030008",USD_840030009:CPI n.s.a.|USD_840030010:Core CPI|USD_840030030:Real Earnings m/m|USD_840030033:CPI n.s.a. m/m|USD_840030034:Core CPI n.s.a. m/m|USD_840030035:CPI|USD_840030036:Core CPI n.s.a.|CAD_124010011:Employment Change|CAD_124010012:Full-Time Employment Change|CAD_124010013:Part-Time Employment Change|CAD_124010014:Unemployment Rate|CAD_124010015:Participation Rate,True,False,False,0.2,0.0,0.1,,0.2,0.1,POSITIVE,POSITIVE,1,-1,1,-1,True,1533916800,2018.08.10 16:00:00,1800,True,True,0.001991,True,True,True,True,True,True,True,True,True,True,True,True,,,,,,
USD_CPI_1533915000,1533915000,2018.08.10 15:30:00,2018,CORE_2015_2025,CPI,GBPUSD,QUOTE,840030005,CPI m/m,True,"840030005,840030006,840030007,840030008",USD_840030009:CPI n.s.a.|USD_840030010:Core CPI|USD_840030030:Real Earnings m/m|USD_840030033:CPI n.s.a. m/m|USD_840030034:Core CPI n.s.a. m/m|USD_840030035:CPI|USD_840030036:Core CPI n.s.a.|CAD_124010011:Employment Change|CAD_124010012:Full-Time Employment Change|CAD_124010013:Part-Time Employment Change|CAD_124010014:Unemployment Rate|CAD_124010015:Participation Rate,True,False,False,0.2,0.0,0.1,,0.2,0.1,POSITIVE,POSITIVE,1,-1,1,-1,True,1533916800,2018.08.10 16:00:00,1800,True,True,0.002099,True,True,True,True,True,True,True,True,True,True,True,True,,,,,,
USD_CPI_1533915000,1533915000,2018.08.10 15:30:00,2018,CORE_2015_2025,CPI,NZDUSD,QUOTE,840030005,CPI m/m,True,"840030005,840030006,840030007,840030008",USD_840030009:CPI n.s.a.|USD_840030010:Core CPI|USD_840030030:Real Earnings m/m|USD_840030033:CPI n.s.a. m/m|USD_840030034:Core CPI n.s.a. m/m|USD_840030035:CPI|USD_840030036:Core CPI n.s.a.|CAD_124010011:Employment Change|CAD_124010012:Full-Time Employment Change|CAD_124010013:Part-Time Employment Change|CAD_124010014:Unemployment Rate|CAD_124010015:Participation Rate,True,False,False,0.2,0.0,0.1,,0.2,0.1,POSITIVE,POSITIVE,1,-1,1,-1,True,1533916800,2018.08.10 16:00:00,1800,True,True,0.001296,True,True,True,True,True,True,True,True,True,True,True,True,,,,,,
USD_CPI_1533915000,1533915000,2018.08.10 15:30:00,2018,CORE_2015_2025,CPI,USDCAD,BASE,840030005,CPI m/m,True,"840030005,840030006,840030007,840030008",USD_840030009:CPI n.s.a.|USD_840030010:Core CPI|USD_840030030:Real Earnings m/m|USD_840030033:CPI n.s.a. m/m|USD_840030034:Core CPI n.s.a. m/m|USD_840030035:CPI|USD_840030036:Core CPI n.s.a.|CAD_124010011:Employment Change|CAD_124010012:Full-Time Employment Change|CAD_124010013:Part-Time Employment Change|CAD_124010014:Unemployment Rate|CAD_124010015:Participation Rate,True,False,False,0.2,0.0,0.1,,0.2,0.1,POSITIVE,POSITIVE,1,1,1,1,True,1533916800,2018.08.10 16:00:00,1800,True,True,0.001624,True,True,True,True,True,True,True,True,True,True,True,True,,,,,,
USD_CPI_1533915000,1533915000,2018.08.10 15:30:00,2018,CORE_2015_2025,CPI,USDCHF,BASE,840030005,CPI m/m,True,"840030005,840030006,840030007,840030008",USD_840030009:CPI n.s.a.|USD_840030010:Core CPI|USD_840030030:Real Earnings m/m|USD_840030033:CPI n.s.a. m/m|USD_840030034:Core CPI n.s.a. m/m|USD_840030035:CPI|USD_840030036:Core CPI n.s.a.|CAD_124010011:Employment Change|CAD_124010012:Full-Time Employment Change|CAD_124010013:Part-Time Employment Change|CAD_124010014:Unemployment Rate|CAD_124010015:Participation Rate,True,False,False,0.2,0.0,0.1,,0.2,0.1,POSITIVE,POSITIVE,1,1,1,1,True,1533916800,2018.08.10 16:00:00,1800,True,True,0.001335,True,True,True,True,True,True,True,True,True,True,True,True,,,,,,
USD_CPI_1533915000,1533915000,2018.08.10 15:30:00,2018,CORE_2015_2025,CPI,USDJPY,BASE,840030005,CPI m/m,True,"840030005,840030006,840030007,840030008",USD_840030009:CPI n.s.a.|USD_840030010:Core CPI|USD_840030030:Real Earnings m/m|USD_840030033:CPI n.s.a. m/m|USD_840030034:Core CPI n.s.a. m/m|USD_840030035:CPI|USD_840030036:Core CPI n.s.a.|CAD_124010011:Employment Change|CAD_124010012:Full-Time Employment Change|CAD_124010013:Part-Time Employment Change|CAD_124010014:Unemployment Rate|CAD_124010015:Participation Rate,True,False,False,0.2,0.0,0.1,,0.2,0.1,POSITIVE,POSITIVE,1,1,1,1,True,1533916800,2018.08.10 16:00:00,1800,True,True,0.153125,True,True,True,True,True,True,True,True,True,True,True,True,,,,,,
USD_CPI_1536852600,1536852600,2018.09.13 15:30:00,2018,CORE_2015_2025,CPI,AUDUSD,QUOTE,840030005,CPI m/m,True,"840030005,840030006,840030007,840030008",USD_840030009:CPI n.s.a.|USD_840030010:Core CPI|USD_840030030:Real Earnings m/m|USD_840030033:CPI n.s.a. m/m|USD_840030034:Core CPI n.s.a. m/m|USD_840030035:CPI|USD_840030036:Core CPI n.s.a.|USD_840140001:Initial Jobless Claims|USD_840140002:Continuing Jobless Claims|USD_840140003:Initial Jobless Claims 4-Week Average|EUR_999010003:ECB Monetary Policy Press Conference|CAD_124010030:New Housing Price Index m/m,False,False,False,0.2,0.1,0.2,,0.1,0.0,POSITIVE,ZERO,1,-1,,,True,1536854400,2018.09.13 16:00:00,1800,True,True,0.001184,True,True,True,True,True,True,True,True,True,False,False,False,,,,excluded_zero_signal,excluded_zero_signal,excluded_zero_signal
USD_CPI_1536852600,1536852600,2018.09.13 15:30:00,2018,CORE_2015_2025,CPI,EURUSD,QUOTE,840030005,CPI m/m,True,"840030005,840030006,840030007,840030008",USD_840030009:CPI n.s.a.|USD_840030010:Core CPI|USD_840030030:Real Earnings m/m|USD_840030033:CPI n.s.a. m/m|USD_840030034:Core CPI n.s.a. m/m|USD_840030035:CPI|USD_840030036:Core CPI n.s.a.|USD_840140001:Initial Jobless Claims|USD_840140002:Continuing Jobless Claims|USD_840140003:Initial Jobless Claims 4-Week Average|EUR_999010003:ECB Monetary Policy Press Conference|CAD_124010030:New Housing Price Index m/m,False,False,False,0.2,0.1,0.2,,0.1,0.0,POSITIVE,ZERO,1,-1,,,True,1536854400,2018.09.13 16:00:00,1800,True,True,0.001233,True,True,True,True,True,True,True,True,True,False,False,False,,,,excluded_zero_signal,excluded_zero_signal,excluded_zero_signal
USD_CPI_1536852600,1536852600,2018.09.13 15:30:00,2018,CORE_2015_2025,CPI,GBPUSD,QUOTE,840030005,CPI m/m,True,"840030005,840030006,840030007,840030008",USD_840030009:CPI n.s.a.|USD_840030010:Core CPI|USD_840030030:Real Earnings m/m|USD_840030033:CPI n.s.a. m/m|USD_840030034:Core CPI n.s.a. m/m|USD_840030035:CPI|USD_840030036:Core CPI n.s.a.|USD_840140001:Initial Jobless Claims|USD_840140002:Continuing Jobless Claims|USD_840140003:Initial Jobless Claims 4-Week Average|EUR_999010003:ECB Monetary Policy Press Conference|CAD_124010030:New Housing Price Index m/m,False,False,False,0.2,0.1,0.2,,0.1,0.0,POSITIVE,ZERO,1,-1,,,True,1536854400,2018.09.13 16:00:00,1800,True,True,0.001797,True,True,True,True,True,True,True,True,True,False,False,False,,,,excluded_zero_signal,excluded_zero_signal,excluded_zero_signal
USD_CPI_1536852600,1536852600,2018.09.13 15:30:00,2018,CORE_2015_2025,CPI,NZDUSD,QUOTE,840030005,CPI m/m,True,"840030005,840030006,840030007,840030008",USD_840030009:CPI n.s.a.|USD_840030010:Core CPI|USD_840030030:Real Earnings m/m|USD_840030033:CPI n.s.a. m/m|USD_840030034:Core CPI n.s.a. m/m|USD_840030035:CPI|USD_840030036:Core CPI n.s.a.|USD_840140001:Initial Jobless Claims|USD_840140002:Continuing Jobless Claims|USD_840140003:Initial Jobless Claims 4-Week Average|EUR_999010003:ECB Monetary Policy Press Conference|CAD_124010030:New Housing Price Index m/m,False,False,False,0.2,0.1,0.2,,0.1,0.0,POSITIVE,ZERO,1,-1,,,True,1536854400,2018.09.13 16:00:00,1800,True,True,0.000865,True,True,True,True,True,True,True,True,True,False,False,False,,,,excluded_zero_signal,excluded_zero_signal,excluded_zero_signal
USD_CPI_1536852600,1536852600,2018.09.13 15:30:00,2018,CORE_2015_2025,CPI,USDCAD,BASE,840030005,CPI m/m,True,"840030005,840030006,840030007,840030008",USD_840030009:CPI n.s.a.|USD_840030010:Core CPI|USD_840030030:Real Earnings m/m|USD_840030033:CPI n.s.a. m/m|USD_840030034:Core CPI n.s.a. m/m|USD_840030035:CPI|USD_840030036:Core CPI n.s.a.|USD_840140001:Initial Jobless Claims|USD_840140002:Continuing Jobless Claims|USD_840140003:Initial Jobless Claims 4-Week Average|EUR_999010003:ECB Monetary Policy Press Conference|CAD_124010030:New Housing Price Index m/m,False,False,False,0.2,0.1,0.2,,0.1,0.0,POSITIVE,ZERO,1,1,,,True,1536854400,2018.09.13 16:00:00,1800,True,True,0.001273,True,True,True,True,True,True,True,True,True,False,False,False,,,,excluded_zero_signal,excluded_zero_signal,excluded_zero_signal
USD_CPI_1536852600,1536852600,2018.09.13 15:30:00,2018,CORE_2015_2025,CPI,USDCHF,BASE,840030005,CPI m/m,True,"840030005,840030006,840030007,840030008",USD_840030009:CPI n.s.a.|USD_840030010:Core CPI|USD_840030030:Real Earnings m/m|USD_840030033:CPI n.s.a. m/m|USD_840030034:Core CPI n.s.a. m/m|USD_840030035:CPI|USD_840030036:Core CPI n.s.a.|USD_840140001:Initial Jobless Claims|USD_840140002:Continuing Jobless Claims|USD_840140003:Initial Jobless Claims 4-Week Average|EUR_999010003:ECB Monetary Policy Press Conference|CAD_124010030:New Housing Price Index m/m,False,False,False,0.2,0.1,0.2,,0.1,0.0,POSITIVE,ZERO,1,1,,,True,1536854400,2018.09.13 16:00:00,1800,True,True,0.000804,True,True,True,True,True,True,True,True,True,False,False,False,,,,excluded_zero_signal,excluded_zero_signal,excluded_zero_signal
USD_CPI_1536852600,1536852600,2018.09.13 15:30:00,2018,CORE_2015_2025,CPI,USDJPY,BASE,840030005,CPI m/m,True,"840030005,840030006,840030007,840030008",USD_840030009:CPI n.s.a.|USD_840030010:Core CPI|USD_840030030:Real Earnings m/m|USD_840030033:CPI n.s.a. m/m|USD_840030034:Core CPI n.s.a. m/m|USD_840030035:CPI|USD_840030036:Core CPI n.s.a.|USD_840140001:Initial Jobless Claims|USD_840140002:Continuing Jobless Claims|USD_840140003:Initial Jobless Claims 4-Week Average|EUR_999010003:ECB Monetary Policy Press Conference|CAD_124010030:New Housing Price Index m/m,False,False,False,0.2,0.1,0.2,,0.1,0.0,POSITIVE,ZERO,1,1,,,True,1536854400,2018.09.13 16:00:00,1800,True,True,0.090537,True,True,True,True,True,True,True,True,True,False,False,False,,,,excluded_zero_signal,excluded_zero_signal,excluded_zero_signal
USD_CPI_1539271800,1539271800,2018.10.11 15:30:00,2018,CORE_2015_2025,CPI,AUDUSD,QUOTE,840030005,CPI m/m,True,"840030005,840030006,840030007,840030008",USD_840030009:CPI n.s.a.|USD_840030010:Core CPI|USD_840030030:Real Earnings m/m|USD_840030033:CPI n.s.a. m/m|USD_840030034:Core CPI n.s.a. m/m|USD_840030035:CPI|USD_840030036:Core CPI n.s.a.|USD_840140001:Initial Jobless Claims|USD_840140002:Continuing Jobless Claims|USD_840140003:Initial Jobless Claims 4-Week Average|CAD_124010030:New Housing Price Index m/m,False,False,False,0.1,0.2,0.2,,-0.1,-0.1,NEGATIVE,NEGATIVE,-1,1,-1,1,True,1539273600,2018.10.11 16:00:00,1800,True,True,0.001205,True,True,True,True,True,True,True,True,True,True,True,True,,,,,,
USD_CPI_1539271800,1539271800,2018.10.11 15:30:00,2018,CORE_2015_2025,CPI,EURUSD,QUOTE,840030005,CPI m/m,True,"840030005,840030006,840030007,840030008",USD_840030009:CPI n.s.a.|USD_840030010:Core CPI|USD_840030030:Real Earnings m/m|USD_840030033:CPI n.s.a. m/m|USD_840030034:Core CPI n.s.a. m/m|USD_840030035:CPI|USD_840030036:Core CPI n.s.a.|USD_840140001:Initial Jobless Claims|USD_840140002:Continuing Jobless Claims|USD_840140003:Initial Jobless Claims 4-Week Average|CAD_124010030:New Housing Price Index m/m,False,False,False,0.1,0.2,0.2,,-0.1,-0.1,NEGATIVE,NEGATIVE,-1,1,-1,1,True,1539273600,2018.10.11 16:00:00,1800,True,True,0.001493,True,True,True,True,True,True,True,True,True,True,True,True,,,,,,
USD_CPI_1539271800,1539271800,2018.10.11 15:30:00,2018,CORE_2015_2025,CPI,GBPUSD,QUOTE,840030005,CPI m/m,True,"840030005,840030006,840030007,840030008",USD_840030009:CPI n.s.a.|USD_840030010:Core CPI|USD_840030030:Real Earnings m/m|USD_840030033:CPI n.s.a. m/m|USD_840030034:Core CPI n.s.a. m/m|USD_840030035:CPI|USD_840030036:Core CPI n.s.a.|USD_840140001:Initial Jobless Claims|USD_840140002:Continuing Jobless Claims|USD_840140003:Initial Jobless Claims 4-Week Average|CAD_124010030:New Housing Price Index m/m,False,False,False,0.1,0.2,0.2,,-0.1,-0.1,NEGATIVE,NEGATIVE,-1,1,-1,1,True,1539273600,2018.10.11 16:00:00,1800,True,True,0.001879,True,True,True,True,True,True,True,True,True,True,True,True,,,,,,
USD_CPI_1539271800,1539271800,2018.10.11 15:30:00,2018,CORE_2015_2025,CPI,NZDUSD,QUOTE,840030005,CPI m/m,True,"840030005,840030006,840030007,840030008",USD_840030009:CPI n.s.a.|USD_840030010:Core CPI|USD_840030030:Real Earnings m/m|USD_840030033:CPI n.s.a. m/m|USD_840030034:Core CPI n.s.a. m/m|USD_840030035:CPI|USD_840030036:Core CPI n.s.a.|USD_840140001:Initial Jobless Claims|USD_840140002:Continuing Jobless Claims|USD_840140003:Initial Jobless Claims 4-Week Average|CAD_124010030:New Housing Price Index m/m,False,False,False,0.1,0.2,0.2,,-0.1,-0.1,NEGATIVE,NEGATIVE,-1,1,-1,1,True,1539273600,2018.10.11 16:00:00,1800,True,True,0.000946,True,True,True,True,True,True,True,True,True,True,True,True,,,,,,
USD_CPI_1539271800,1539271800,2018.10.11 15:30:00,2018,CORE_2015_2025,CPI,USDCAD,BASE,840030005,CPI m/m,True,"840030005,840030006,840030007,840030008",USD_840030009:CPI n.s.a.|USD_840030010:Core CPI|USD_840030030:Real Earnings m/m|USD_840030033:CPI n.s.a. m/m|USD_840030034:Core CPI n.s.a. m/m|USD_840030035:CPI|USD_840030036:Core CPI n.s.a.|USD_840140001:Initial Jobless Claims|USD_840140002:Continuing Jobless Claims|USD_840140003:Initial Jobless Claims 4-Week Average|CAD_124010030:New Housing Price Index m/m,False,False,False,0.1,0.2,0.2,,-0.1,-0.1,NEGATIVE,NEGATIVE,-1,-1,-1,-1,True,1539273600,2018.10.11 16:00:00,1800,True,True,0.001427,True,True,True,True,True,True,True,True,True,True,True,True,,,,,,
USD_CPI_1539271800,1539271800,2018.10.11 15:30:00,2018,CORE_2015_2025,CPI,USDCHF,BASE,840030005,CPI m/m,True,"840030005,840030006,840030007,840030008",USD_840030009:CPI n.s.a.|USD_840030010:Core CPI|USD_840030030:Real Earnings m/m|USD_840030033:CPI n.s.a. m/m|USD_840030034:Core CPI n.s.a. m/m|USD_840030035:CPI|USD_840030036:Core CPI n.s.a.|USD_840140001:Initial Jobless Claims|USD_840140002:Continuing Jobless Claims|USD_840140003:Initial Jobless Claims 4-Week Average|CAD_124010030:New Housing Price Index m/m,False,False,False,0.1,0.2,0.2,,-0.1,-0.1,NEGATIVE,NEGATIVE,-1,-1,-1,-1,True,1539273600,2018.10.11 16:00:00,1800,True,True,0.001225,True,True,True,True,True,True,True,True,True,True,True,True,,,,,,
USD_CPI_1539271800,1539271800,2018.10.11 15:30:00,2018,CORE_2015_2025,CPI,USDJPY,BASE,840030005,CPI m/m,True,"840030005,840030006,840030007,840030008",USD_840030009:CPI n.s.a.|USD_840030010:Core CPI|USD_840030030:Real Earnings m/m|USD_840030033:CPI n.s.a. m/m|USD_840030034:Core CPI n.s.a. m/m|USD_840030035:CPI|USD_840030036:Core CPI n.s.a.|USD_840140001:Initial Jobless Claims|USD_840140002:Continuing Jobless Claims|USD_840140003:Initial Jobless Claims 4-Week Average|CAD_124010030:New Housing Price Index m/m,False,False,False,0.1,0.2,0.2,,-0.1,-0.1,NEGATIVE,NEGATIVE,-1,-1,-1,-1,True,1539273600,2018.10.11 16:00:00,1800,True,True,0.170274,True,True,True,True,True,True,True,True,True,True,True,True,,,,,,
USD_CPI_1542213000,1542213000,2018.11.14 16:30:00,2018,CORE_2015_2025,CPI,AUDUSD,QUOTE,840030005,CPI m/m,True,"840030005,840030006,840030007,840030008",USD_840030009:CPI n.s.a.|USD_840030010:Core CPI|USD_840030030:Real Earnings m/m|USD_840030033:CPI n.s.a. m/m|USD_840030034:Core CPI n.s.a. m/m|USD_840030035:CPI|USD_840030036:Core CPI n.s.a.,False,False,False,0.3,0.2,0.1,,0.1,0.2,POSITIVE,POSITIVE,1,-1,1,-1,True,1542214800,2018.11.14 17:00:00,1800,True,True,0.001254,True,True,True,True,True,True,True,True,True,True,True,True,,,,,,
USD_CPI_1542213000,1542213000,2018.11.14 16:30:00,2018,CORE_2015_2025,CPI,EURUSD,QUOTE,840030005,CPI m/m,True,"840030005,840030006,840030007,840030008",USD_840030009:CPI n.s.a.|USD_840030010:Core CPI|USD_840030030:Real Earnings m/m|USD_840030033:CPI n.s.a. m/m|USD_840030034:Core CPI n.s.a. m/m|USD_840030035:CPI|USD_840030036:Core CPI n.s.a.,False,False,False,0.3,0.2,0.1,,0.1,0.2,POSITIVE,POSITIVE,1,-1,1,-1,True,1542214800,2018.11.14 17:00:00,1800,True,True,0.001579,True,True,True,True,True,True,True,True,True,True,True,True,,,,,,
USD_CPI_1542213000,1542213000,2018.11.14 16:30:00,2018,CORE_2015_2025,CPI,GBPUSD,QUOTE,840030005,CPI m/m,True,"840030005,840030006,840030007,840030008",USD_840030009:CPI n.s.a.|USD_840030010:Core CPI|USD_840030030:Real Earnings m/m|USD_840030033:CPI n.s.a. m/m|USD_840030034:Core CPI n.s.a. m/m|USD_840030035:CPI|USD_840030036:Core CPI n.s.a.,False,False,False,0.3,0.2,0.1,,0.1,0.2,POSITIVE,POSITIVE,1,-1,1,-1,True,1542214800,2018.11.14 17:00:00,1800,True,True,0.003458,True,True,True,True,True,True,True,True,True,True,True,True,,,,,,
USD_CPI_1542213000,1542213000,2018.11.14 16:30:00,2018,CORE_2015_2025,CPI,NZDUSD,QUOTE,840030005,CPI m/m,True,"840030005,840030006,840030007,840030008",USD_840030009:CPI n.s.a.|USD_840030010:Core CPI|USD_840030030:Real Earnings m/m|USD_840030033:CPI n.s.a. m/m|USD_840030034:Core CPI n.s.a. m/m|USD_840030035:CPI|USD_840030036:Core CPI n.s.a.,False,False,False,0.3,0.2,0.1,,0.1,0.2,POSITIVE,POSITIVE,1,-1,1,-1,True,1542214800,2018.11.14 17:00:00,1800,True,True,0.001143,True,True,True,True,True,True,True,True,True,True,True,True,,,,,,
USD_CPI_1542213000,1542213000,2018.11.14 16:30:00,2018,CORE_2015_2025,CPI,USDCAD,BASE,840030005,CPI m/m,True,"840030005,840030006,840030007,840030008",USD_840030009:CPI n.s.a.|USD_840030010:Core CPI|USD_840030030:Real Earnings m/m|USD_840030033:CPI n.s.a. m/m|USD_840030034:Core CPI n.s.a. m/m|USD_840030035:CPI|USD_840030036:Core CPI n.s.a.,False,False,False,0.3,0.2,0.1,,0.1,0.2,POSITIVE,POSITIVE,1,1,1,1,True,1542214800,2018.11.14 17:00:00,1800,True,True,0.001232,True,True,True,True,True,True,True,True,True,True,True,True,,,,,,
USD_CPI_1542213000,1542213000,2018.11.14 16:30:00,2018,CORE_2015_2025,CPI,USDCHF,BASE,840030005,CPI m/m,True,"840030005,840030006,840030007,840030008",USD_840030009:CPI n.s.a.|USD_840030010:Core CPI|USD_840030030:Real Earnings m/m|USD_840030033:CPI n.s.a. m/m|USD_840030034:Core CPI n.s.a. m/m|USD_840030035:CPI|USD_840030036:Core CPI n.s.a.,False,False,False,0.3,0.2,0.1,,0.1,0.2,POSITIVE,POSITIVE,1,1,1,1,True,1542214800,2018.11.14 17:00:00,1800,True,True,0.001142,True,True,True,True,True,True,True,True,True,True,True,True,,,,,,
USD_CPI_1542213000,1542213000,2018.11.14 16:30:00,2018,CORE_2015_2025,CPI,USDJPY,BASE,840030005,CPI m/m,True,"840030005,840030006,840030007,840030008",USD_840030009:CPI n.s.a.|USD_840030010:Core CPI|USD_840030030:Real Earnings m/m|USD_840030033:CPI n.s.a. m/m|USD_840030034:Core CPI n.s.a. m/m|USD_840030035:CPI|USD_840030036:Core CPI n.s.a.,False,False,False,0.3,0.2,0.1,,0.1,0.2,POSITIVE,POSITIVE,1,1,1,1,True,1542214800,2018.11.14 17:00:00,1800,True,True,0.101727,True,True,True,True,True,True,True,True,True,True,True,True,,,,,,
USD_CPI_1544632200,1544632200,2018.12.12 16:30:00,2018,CORE_2015_2025,CPI,AUDUSD,QUOTE,840030005,CPI m/m,True,"840030005,840030006,840030007,840030008",USD_840030009:CPI n.s.a.|USD_840030010:Core CPI|USD_840030030:Real Earnings m/m|USD_840030033:CPI n.s.a. m/m|USD_840030034:Core CPI n.s.a. m/m|USD_840030035:CPI|USD_840030036:Core CPI n.s.a.|CAD_124010002:Capacity Utilization Rate,False,False,False,0.0,0.1,0.3,,-0.1,-0.3,NEGATIVE,NEGATIVE,-1,1,-1,1,True,1544634000,2018.12.12 17:00:00,1800,True,True,0.001179,True,True,True,True,True,True,True,True,True,True,True,True,,,,,,
USD_CPI_1544632200,1544632200,2018.12.12 16:30:00,2018,CORE_2015_2025,CPI,EURUSD,QUOTE,840030005,CPI m/m,True,"840030005,840030006,840030007,840030008",USD_840030009:CPI n.s.a.|USD_840030010:Core CPI|USD_840030030:Real Earnings m/m|USD_840030033:CPI n.s.a. m/m|USD_840030034:Core CPI n.s.a. m/m|USD_840030035:CPI|USD_840030036:Core CPI n.s.a.|CAD_124010002:Capacity Utilization Rate,False,False,False,0.0,0.1,0.3,,-0.1,-0.3,NEGATIVE,NEGATIVE,-1,1,-1,1,True,1544634000,2018.12.12 17:00:00,1800,True,True,0.001479,True,True,True,True,True,True,True,True,True,True,True,True,,,,,,
USD_CPI_1544632200,1544632200,2018.12.12 16:30:00,2018,CORE_2015_2025,CPI,GBPUSD,QUOTE,840030005,CPI m/m,True,"840030005,840030006,840030007,840030008",USD_840030009:CPI n.s.a.|USD_840030010:Core CPI|USD_840030030:Real Earnings m/m|USD_840030033:CPI n.s.a. m/m|USD_840030034:Core CPI n.s.a. m/m|USD_840030035:CPI|USD_840030036:Core CPI n.s.a.|CAD_124010002:Capacity Utilization Rate,False,False,False,0.0,0.1,0.3,,-0.1,-0.3,NEGATIVE,NEGATIVE,-1,1,-1,1,True,1544634000,2018.12.12 17:00:00,1800,True,True,0.002931,True,True,True,True,True,True,True,True,True,True,True,True,,,,,,
USD_CPI_1544632200,1544632200,2018.12.12 16:30:00,2018,CORE_2015_2025,CPI,NZDUSD,QUOTE,840030005,CPI m/m,True,"840030005,840030006,840030007,840030008",USD_840030009:CPI n.s.a.|USD_840030010:Core CPI|USD_840030030:Real Earnings m/m|USD_840030033:CPI n.s.a. m/m|USD_840030034:Core CPI n.s.a. m/m|USD_840030035:CPI|USD_840030036:Core CPI n.s.a.|CAD_124010002:Capacity Utilization Rate,False,False,False,0.0,0.1,0.3,,-0.1,-0.3,NEGATIVE,NEGATIVE,-1,1,-1,1,True,1544634000,2018.12.12 17:00:00,1800,True,True,0.001185,True,True,True,True,True,True,True,True,True,True,True,True,,,,,,
USD_CPI_1544632200,1544632200,2018.12.12 16:30:00,2018,CORE_2015_2025,CPI,USDCAD,BASE,840030005,CPI m/m,True,"840030005,840030006,840030007,840030008",USD_840030009:CPI n.s.a.|USD_840030010:Core CPI|USD_840030030:Real Earnings m/m|USD_840030033:CPI n.s.a. m/m|USD_840030034:Core CPI n.s.a. m/m|USD_840030035:CPI|USD_840030036:Core CPI n.s.a.|CAD_124010002:Capacity Utilization Rate,False,False,False,0.0,0.1,0.3,,-0.1,-0.3,NEGATIVE,NEGATIVE,-1,-1,-1,-1,True,1544634000,2018.12.12 17:00:00,1800,True,True,0.001324,True,True,True,True,True,True,True,True,True,True,True,True,,,,,,
USD_CPI_1544632200,1544632200,2018.12.12 16:30:00,2018,CORE_2015_2025,CPI,USDCHF,BASE,840030005,CPI m/m,True,"840030005,840030006,840030007,840030008",USD_840030009:CPI n.s.a.|USD_840030010:Core CPI|USD_840030030:Real Earnings m/m|USD_840030033:CPI n.s.a. m/m|USD_840030034:Core CPI n.s.a. m/m|USD_840030035:CPI|USD_840030036:Core CPI n.s.a.|CAD_124010002:Capacity Utilization Rate,False,False,False,0.0,0.1,0.3,,-0.1,-0.3,NEGATIVE,NEGATIVE,-1,-1,-1,-1,True,1544634000,2018.12.12 17:00:00,1800,True,True,0.001097,True,True,True,True,True,True,True,True,True,True,True,True,,,,,,
USD_CPI_1544632200,1544632200,2018.12.12 16:30:00,2018,CORE_2015_2025,CPI,USDJPY,BASE,840030005,CPI m/m,True,"840030005,840030006,840030007,840030008",USD_840030009:CPI n.s.a.|USD_840030010:Core CPI|USD_840030030:Real Earnings m/m|USD_840030033:CPI n.s.a. m/m|USD_840030034:Core CPI n.s.a. m/m|USD_840030035:CPI|USD_840030036:Core CPI n.s.a.|CAD_124010002:Capacity Utilization Rate,False,False,False,0.0,0.1,0.3,,-0.1,-0.3,NEGATIVE,NEGATIVE,-1,-1,-1,-1,True,1544634000,2018.12.12 17:00:00,1800,True,True,0.097162,True,True,True,True,True,True,True,True,True,True,True,True,,,,,,
USD_CPI_1547224200,1547224200,2019.01.11 16:30:00,2019,CORE_2015_2025,CPI,AUDUSD,QUOTE,840030005,CPI m/m,True,"840030005,840030006,840030007,840030008",USD_840030009:CPI n.s.a.|USD_840030010:Core CPI|USD_840030030:Real Earnings m/m|USD_840030033:CPI n.s.a. m/m|USD_840030034:Core CPI n.s.a. m/m|USD_840030035:CPI|USD_840030036:Core CPI n.s.a.,False,False,False,-0.1,0.1,0.0,,-0.2,-0.1,NEGATIVE,NEGATIVE,-1,1,-1,1,True,1547226000,2019.01.11 17:00:00,1800,True,True,0.001197,True,True,True,True,True,True,True,True,True,True,True,True,,,,,,
USD_CPI_1547224200,1547224200,2019.01.11 16:30:00,2019,CORE_2015_2025,CPI,EURUSD,QUOTE,840030005,CPI m/m,True,"840030005,840030006,840030007,840030008",USD_840030009:CPI n.s.a.|USD_840030010:Core CPI|USD_840030030:Real Earnings m/m|USD_840030033:CPI n.s.a. m/m|USD_840030034:Core CPI n.s.a. m/m|USD_840030035:CPI|USD_840030036:Core CPI n.s.a.,False,False,False,-0.1,0.1,0.0,,-0.2,-0.1,NEGATIVE,NEGATIVE,-1,1,-1,1,True,1547226000,2019.01.11 17:00:00,1800,True,True,0.001379,True,True,True,True,True,True,True,True,True,True,True,True,,,,,,
USD_CPI_1547224200,1547224200,2019.01.11 16:30:00,2019,CORE_2015_2025,CPI,GBPUSD,QUOTE,840030005,CPI m/m,True,"840030005,840030006,840030007,840030008",USD_840030009:CPI n.s.a.|USD_840030010:Core CPI|USD_840030030:Real Earnings m/m|USD_840030033:CPI n.s.a. m/m|USD_840030034:Core CPI n.s.a. m/m|USD_840030035:CPI|USD_840030036:Core CPI n.s.a.,False,False,False,-0.1,0.1,0.0,,-0.2,-0.1,NEGATIVE,NEGATIVE,-1,1,-1,1,True,1547226000,2019.01.11 17:00:00,1800,True,True,0.002814,True,True,True,True,True,True,True,True,True,True,True,True,,,,,,
USD_CPI_1547224200,1547224200,2019.01.11 16:30:00,2019,CORE_2015_2025,CPI,NZDUSD,QUOTE,840030005,CPI m/m,True,"840030005,840030006,840030007,840030008",USD_840030009:CPI n.s.a.|USD_840030010:Core CPI|USD_840030030:Real Earnings m/m|USD_840030033:CPI n.s.a. m/m|USD_840030034:Core CPI n.s.a. m/m|USD_840030035:CPI|USD_840030036:Core CPI n.s.a.,False,False,False,-0.1,0.1,0.0,,-0.2,-0.1,NEGATIVE,NEGATIVE,-1,1,-1,1,True,1547226000,2019.01.11 17:00:00,1800,True,True,0.000987,True,True,True,True,True,True,True,True,True,True,True,True,,,,,,
USD_CPI_1547224200,1547224200,2019.01.11 16:30:00,2019,CORE_2015_2025,CPI,USDCAD,BASE,840030005,CPI m/m,True,"840030005,840030006,840030007,840030008",USD_840030009:CPI n.s.a.|USD_840030010:Core CPI|USD_840030030:Real Earnings m/m|USD_840030033:CPI n.s.a. m/m|USD_840030034:Core CPI n.s.a. m/m|USD_840030035:CPI|USD_840030036:Core CPI n.s.a.,False,False,False,-0.1,0.1,0.0,,-0.2,-0.1,NEGATIVE,NEGATIVE,-1,-1,-1,-1,True,1547226000,2019.01.11 17:00:00,1800,True,True,0.001431,True,True,True,True,True,True,True,True,True,True,True,True,,,,,,
USD_CPI_1547224200,1547224200,2019.01.11 16:30:00,2019,CORE_2015_2025,CPI,USDCHF,BASE,840030005,CPI m/m,True,"840030005,840030006,840030007,840030008",USD_840030009:CPI n.s.a.|USD_840030010:Core CPI|USD_840030030:Real Earnings m/m|USD_840030033:CPI n.s.a. m/m|USD_840030034:Core CPI n.s.a. m/m|USD_840030035:CPI|USD_840030036:Core CPI n.s.a.,False,False,False,-0.1,0.1,0.0,,-0.2,-0.1,NEGATIVE,NEGATIVE,-1,-1,-1,-1,True,1547226000,2019.01.11 17:00:00,1800,True,True,0.001163,True,True,True,True,True,True,True,True,True,True,True,True,,,,,,
USD_CPI_1547224200,1547224200,2019.01.11 16:30:00,2019,CORE_2015_2025,CPI,USDJPY,BASE,840030005,CPI m/m,True,"840030005,840030006,840030007,840030008",USD_840030009:CPI n.s.a.|USD_840030010:Core CPI|USD_840030030:Real Earnings m/m|USD_840030033:CPI n.s.a. m/m|USD_840030034:Core CPI n.s.a. m/m|USD_840030035:CPI|USD_840030036:Core CPI n.s.a.,False,False,False,-0.1,0.1,0.0,,-0.2,-0.1,NEGATIVE,NEGATIVE,-1,-1,-1,-1,True,1547226000,2019.01.11 17:00:00,1800,True,True,0.134571,True,True,True,True,True,True,True,True,True,True,True,True,,,,,,
USD_CPI_1550075400,1550075400,2019.02.13 16:30:00,2019,CORE_2015_2025,CPI,AUDUSD,QUOTE,840030005,CPI m/m,True,"840030005,840030006,840030007,840030008",USD_840030009:CPI n.s.a.|USD_840030010:Core CPI|USD_840030030:Real Earnings m/m|USD_840030033:CPI n.s.a. m/m|USD_840030034:Core CPI n.s.a. m/m|USD_840030035:CPI|USD_840030036:Core CPI n.s.a.,False,False,False,0.0,0.1,-0.1,0.0,-0.1,0.1,NEGATIVE,POSITIVE,-1,1,1,-1,True,1550077200,2019.02.13 17:00:00,1800,True,True,0.000962,True,True,True,True,True,True,True,True,True,True,True,True,,,,,,
USD_CPI_1550075400,1550075400,2019.02.13 16:30:00,2019,CORE_2015_2025,CPI,EURUSD,QUOTE,840030005,CPI m/m,True,"840030005,840030006,840030007,840030008",USD_840030009:CPI n.s.a.|USD_840030010:Core CPI|USD_840030030:Real Earnings m/m|USD_840030033:CPI n.s.a. m/m|USD_840030034:Core CPI n.s.a. m/m|USD_840030035:CPI|USD_840030036:Core CPI n.s.a.,False,False,False,0.0,0.1,-0.1,0.0,-0.1,0.1,NEGATIVE,POSITIVE,-1,1,1,-1,True,1550077200,2019.02.13 17:00:00,1800,True,True,0.001230,True,True,True,True,True,True,True,True,True,True,True,True,,,,,,
USD_CPI_1550075400,1550075400,2019.02.13 16:30:00,2019,CORE_2015_2025,CPI,GBPUSD,QUOTE,840030005,CPI m/m,True,"840030005,840030006,840030007,840030008",USD_840030009:CPI n.s.a.|USD_840030010:Core CPI|USD_840030030:Real Earnings m/m|USD_840030033:CPI n.s.a. m/m|USD_840030034:Core CPI n.s.a. m/m|USD_840030035:CPI|USD_840030036:Core CPI n.s.a.,False,False,False,0.0,0.1,-0.1,0.0,-0.1,0.1,NEGATIVE,POSITIVE,-1,1,1,-1,True,1550077200,2019.02.13 17:00:00,1800,True,True,0.002191,True,True,True,True,True,True,True,True,True,True,True,True,,,,,,
USD_CPI_1550075400,1550075400,2019.02.13 16:30:00,2019,CORE_2015_2025,CPI,NZDUSD,QUOTE,840030005,CPI m/m,True,"840030005,840030006,840030007,840030008",USD_840030009:CPI n.s.a.|USD_840030010:Core CPI|USD_840030030:Real Earnings m/m|USD_840030033:CPI n.s.a. m/m|USD_840030034:Core CPI n.s.a. m/m|USD_840030035:CPI|USD_840030036:Core CPI n.s.a.,False,False,False,0.0,0.1,-0.1,0.0,-0.1,0.1,NEGATIVE,POSITIVE,-1,1,1,-1,True,1550077200,2019.02.13 17:00:00,1800,True,True,0.001294,True,True,True,True,True,True,True,True,True,True,True,True,,,,,,
USD_CPI_1550075400,1550075400,2019.02.13 16:30:00,2019,CORE_2015_2025,CPI,USDCAD,BASE,840030005,CPI m/m,True,"840030005,840030006,840030007,840030008",USD_840030009:CPI n.s.a.|USD_840030010:Core CPI|USD_840030030:Real Earnings m/m|USD_840030033:CPI n.s.a. m/m|USD_840030034:Core CPI n.s.a. m/m|USD_840030035:CPI|USD_840030036:Core CPI n.s.a.,False,False,False,0.0,0.1,-0.1,0.0,-0.1,0.1,NEGATIVE,POSITIVE,-1,-1,1,1,True,1550077200,2019.02.13 17:00:00,1800,True,True,0.001214,True,True,True,True,True,True,True,True,True,True,True,True,,,,,,
USD_CPI_1550075400,1550075400,2019.02.13 16:30:00,2019,CORE_2015_2025,CPI,USDCHF,BASE,840030005,CPI m/m,True,"840030005,840030006,840030007,840030008",USD_840030009:CPI n.s.a.|USD_840030010:Core CPI|USD_840030030:Real Earnings m/m|USD_840030033:CPI n.s.a. m/m|USD_840030034:Core CPI n.s.a. m/m|USD_840030035:CPI|USD_840030036:Core CPI n.s.a.,False,False,False,0.0,0.1,-0.1,0.0,-0.1,0.1,NEGATIVE,POSITIVE,-1,-1,1,1,True,1550077200,2019.02.13 17:00:00,1800,True,True,0.000949,True,True,True,True,True,True,True,True,True,True,True,True,,,,,,
USD_CPI_1550075400,1550075400,2019.02.13 16:30:00,2019,CORE_2015_2025,CPI,USDJPY,BASE,840030005,CPI m/m,True,"840030005,840030006,840030007,840030008",USD_840030009:CPI n.s.a.|USD_840030010:Core CPI|USD_840030030:Real Earnings m/m|USD_840030033:CPI n.s.a. m/m|USD_840030034:Core CPI n.s.a. m/m|USD_840030035:CPI|USD_840030036:Core CPI n.s.a.,False,False,False,0.0,0.1,-0.1,0.0,-0.1,0.1,NEGATIVE,POSITIVE,-1,-1,1,1,True,1550077200,2019.02.13 17:00:00,1800,True,True,0.091641,True,True,True,True,True,True,True,True,True,True,True,True,,,,,,
USD_CPI_1552404600,1552404600,2019.03.12 15:30:00,2019,CORE_2015_2025,CPI,AUDUSD,QUOTE,840030005,CPI m/m,True,"840030005,840030006,840030007,840030008",USD_840030009:CPI n.s.a.|USD_840030010:Core CPI|USD_840030030:Real Earnings m/m|USD_840030033:CPI n.s.a. m/m|USD_840030034:Core CPI n.s.a. m/m|USD_840030035:CPI|USD_840030036:Core CPI n.s.a.,False,False,False,0.2,0.0,0.0,,0.2,0.2,POSITIVE,POSITIVE,1,-1,1,-1,True,1552406400,2019.03.12 16:00:00,1800,True,True,0.000907,True,True,True,True,True,True,True,True,True,True,True,True,,,,,,
USD_CPI_1552404600,1552404600,2019.03.12 15:30:00,2019,CORE_2015_2025,CPI,EURUSD,QUOTE,840030005,CPI m/m,True,"840030005,840030006,840030007,840030008",USD_840030009:CPI n.s.a.|USD_840030010:Core CPI|USD_840030030:Real Earnings m/m|USD_840030033:CPI n.s.a. m/m|USD_840030034:Core CPI n.s.a. m/m|USD_840030035:CPI|USD_840030036:Core CPI n.s.a.,False,False,False,0.2,0.0,0.0,,0.2,0.2,POSITIVE,POSITIVE,1,-1,1,-1,True,1552406400,2019.03.12 16:00:00,1800,True,True,0.001322,True,True,True,True,True,True,True,True,True,True,True,True,,,,,,
USD_CPI_1552404600,1552404600,2019.03.12 15:30:00,2019,CORE_2015_2025,CPI,GBPUSD,QUOTE,840030005,CPI m/m,True,"840030005,840030006,840030007,840030008",USD_840030009:CPI n.s.a.|USD_840030010:Core CPI|USD_840030030:Real Earnings m/m|USD_840030033:CPI n.s.a. m/m|USD_840030034:Core CPI n.s.a. m/m|USD_840030035:CPI|USD_840030036:Core CPI n.s.a.,False,False,False,0.2,0.0,0.0,,0.2,0.2,POSITIVE,POSITIVE,1,-1,1,-1,True,1552406400,2019.03.12 16:00:00,1800,True,True,0.004566,True,True,True,True,True,True,True,True,True,True,True,True,,,,,,
USD_CPI_1552404600,1552404600,2019.03.12 15:30:00,2019,CORE_2015_2025,CPI,NZDUSD,QUOTE,840030005,CPI m/m,True,"840030005,840030006,840030007,840030008",USD_840030009:CPI n.s.a.|USD_840030010:Core CPI|USD_840030030:Real Earnings m/m|USD_840030033:CPI n.s.a. m/m|USD_840030034:Core CPI n.s.a. m/m|USD_840030035:CPI|USD_840030036:Core CPI n.s.a.,False,False,False,0.2,0.0,0.0,,0.2,0.2,POSITIVE,POSITIVE,1,-1,1,-1,True,1552406400,2019.03.12 16:00:00,1800,True,True,0.000862,True,True,True,True,True,True,True,True,True,True,True,True,,,,,,
USD_CPI_1552404600,1552404600,2019.03.12 15:30:00,2019,CORE_2015_2025,CPI,USDCAD,BASE,840030005,CPI m/m,True,"840030005,840030006,840030007,840030008",USD_840030009:CPI n.s.a.|USD_840030010:Core CPI|USD_840030030:Real Earnings m/m|USD_840030033:CPI n.s.a. m/m|USD_840030034:Core CPI n.s.a. m/m|USD_840030035:CPI|USD_840030036:Core CPI n.s.a.,False,False,False,0.2,0.0,0.0,,0.2,0.2,POSITIVE,POSITIVE,1,1,1,1,True,1552406400,2019.03.12 16:00:00,1800,True,True,0.001101,True,True,True,True,True,True,True,True,True,True,True,True,,,,,,
USD_CPI_1552404600,1552404600,2019.03.12 15:30:00,2019,CORE_2015_2025,CPI,USDCHF,BASE,840030005,CPI m/m,True,"840030005,840030006,840030007,840030008",USD_840030009:CPI n.s.a.|USD_840030010:Core CPI|USD_840030030:Real Earnings m/m|USD_840030033:CPI n.s.a. m/m|USD_840030034:Core CPI n.s.a. m/m|USD_840030035:CPI|USD_840030036:Core CPI n.s.a.,False,False,False,0.2,0.0,0.0,,0.2,0.2,POSITIVE,POSITIVE,1,1,1,1,True,1552406400,2019.03.12 16:00:00,1800,True,True,0.001007,True,True,True,True,True,True,True,True,True,True,True,True,,,,,,
USD_CPI_1552404600,1552404600,2019.03.12 15:30:00,2019,CORE_2015_2025,CPI,USDJPY,BASE,840030005,CPI m/m,True,"840030005,840030006,840030007,840030008",USD_840030009:CPI n.s.a.|USD_840030010:Core CPI|USD_840030030:Real Earnings m/m|USD_840030033:CPI n.s.a. m/m|USD_840030034:Core CPI n.s.a. m/m|USD_840030035:CPI|USD_840030036:Core CPI n.s.a.,False,False,False,0.2,0.0,0.0,,0.2,0.2,POSITIVE,POSITIVE,1,1,1,1,True,1552406400,2019.03.12 16:00:00,1800,True,True,0.100753,True,True,True,True,True,True,True,True,True,True,True,True,,,,,,
USD_CPI_1554910200,1554910200,2019.04.10 15:30:00,2019,CORE_2015_2025,CPI,AUDUSD,QUOTE,840030005,CPI m/m,True,"840030005,840030006,840030007,840030008",USD_840030009:CPI n.s.a.|USD_840030010:Core CPI|USD_840030030:Real Earnings m/m|USD_840030033:CPI n.s.a. m/m|USD_840030034:Core CPI n.s.a. m/m|USD_840030035:CPI|USD_840030036:Core CPI n.s.a.|EUR_999010003:ECB Monetary Policy Press Conference,False,False,False,0.4,0.1,0.2,,0.3,0.2,POSITIVE,POSITIVE,1,-1,1,-1,True,1554912000,2019.04.10 16:00:00,1800,True,True,0.000864,True,True,True,True,True,True,True,True,True,True,True,True,,,,,,
USD_CPI_1554910200,1554910200,2019.04.10 15:30:00,2019,CORE_2015_2025,CPI,EURUSD,QUOTE,840030005,CPI m/m,True,"840030005,840030006,840030007,840030008",USD_840030009:CPI n.s.a.|USD_840030010:Core CPI|USD_840030030:Real Earnings m/m|USD_840030033:CPI n.s.a. m/m|USD_840030034:Core CPI n.s.a. m/m|USD_840030035:CPI|USD_840030036:Core CPI n.s.a.|EUR_999010003:ECB Monetary Policy Press Conference,False,False,False,0.4,0.1,0.2,,0.3,0.2,POSITIVE,POSITIVE,1,-1,1,-1,True,1554912000,2019.04.10 16:00:00,1800,True,True,0.000781,True,True,True,True,True,True,True,True,True,True,True,True,,,,,,
USD_CPI_1554910200,1554910200,2019.04.10 15:30:00,2019,CORE_2015_2025,CPI,GBPUSD,QUOTE,840030005,CPI m/m,True,"840030005,840030006,840030007,840030008",USD_840030009:CPI n.s.a.|USD_840030010:Core CPI|USD_840030030:Real Earnings m/m|USD_840030033:CPI n.s.a. m/m|USD_840030034:Core CPI n.s.a. m/m|USD_840030035:CPI|USD_840030036:Core CPI n.s.a.|EUR_999010003:ECB Monetary Policy Press Conference,False,False,False,0.4,0.1,0.2,,0.3,0.2,POSITIVE,POSITIVE,1,-1,1,-1,True,1554912000,2019.04.10 16:00:00,1800,True,True,0.001607,True,True,True,True,True,True,True,True,True,True,True,True,,,,,,
USD_CPI_1554910200,1554910200,2019.04.10 15:30:00,2019,CORE_2015_2025,CPI,NZDUSD,QUOTE,840030005,CPI m/m,True,"840030005,840030006,840030007,840030008",USD_840030009:CPI n.s.a.|USD_840030010:Core CPI|USD_840030030:Real Earnings m/m|USD_840030033:CPI n.s.a. m/m|USD_840030034:Core CPI n.s.a. m/m|USD_840030035:CPI|USD_840030036:Core CPI n.s.a.|EUR_999010003:ECB Monetary Policy Press Conference,False,False,False,0.4,0.1,0.2,,0.3,0.2,POSITIVE,POSITIVE,1,-1,1,-1,True,1554912000,2019.04.10 16:00:00,1800,True,True,0.000702,True,True,True,True,True,True,True,True,True,True,True,True,,,,,,
USD_CPI_1554910200,1554910200,2019.04.10 15:30:00,2019,CORE_2015_2025,CPI,USDCAD,BASE,840030005,CPI m/m,True,"840030005,840030006,840030007,840030008",USD_840030009:CPI n.s.a.|USD_840030010:Core CPI|USD_840030030:Real Earnings m/m|USD_840030033:CPI n.s.a. m/m|USD_840030034:Core CPI n.s.a. m/m|USD_840030035:CPI|USD_840030036:Core CPI n.s.a.|EUR_999010003:ECB Monetary Policy Press Conference,False,False,False,0.4,0.1,0.2,,0.3,0.2,POSITIVE,POSITIVE,1,1,1,1,True,1554912000,2019.04.10 16:00:00,1800,True,True,0.000848,True,True,True,True,True,True,True,True,True,True,True,True,,,,,,
USD_CPI_1554910200,1554910200,2019.04.10 15:30:00,2019,CORE_2015_2025,CPI,USDCHF,BASE,840030005,CPI m/m,True,"840030005,840030006,840030007,840030008",USD_840030009:CPI n.s.a.|USD_840030010:Core CPI|USD_840030030:Real Earnings m/m|USD_840030033:CPI n.s.a. m/m|USD_840030034:Core CPI n.s.a. m/m|USD_840030035:CPI|USD_840030036:Core CPI n.s.a.|EUR_999010003:ECB Monetary Policy Press Conference,False,False,False,0.4,0.1,0.2,,0.3,0.2,POSITIVE,POSITIVE,1,1,1,1,True,1554912000,2019.04.10 16:00:00,1800,True,True,0.000668,True,True,True,True,True,True,True,True,True,True,True,True,,,,,,
USD_CPI_1554910200,1554910200,2019.04.10 15:30:00,2019,CORE_2015_2025,CPI,USDJPY,BASE,840030005,CPI m/m,True,"840030005,840030006,840030007,840030008",USD_840030009:CPI n.s.a.|USD_840030010:Core CPI|USD_840030030:Real Earnings m/m|USD_840030033:CPI n.s.a. m/m|USD_840030034:Core CPI n.s.a. m/m|USD_840030035:CPI|USD_840030036:Core CPI n.s.a.|EUR_999010003:ECB Monetary Policy Press Conference,False,False,False,0.4,0.1,0.2,,0.3,0.2,POSITIVE,POSITIVE,1,1,1,1,True,1554912000,2019.04.10 16:00:00,1800,True,True,0.076807,True,True,True,True,True,True,True,True,True,True,True,True,,,,,,
USD_CPI_1557502200,1557502200,2019.05.10 15:30:00,2019,CORE_2015_2025,CPI,AUDUSD,QUOTE,840030005,CPI m/m,True,"840030005,840030006,840030007,840030008",USD_840030009:CPI n.s.a.|USD_840030010:Core CPI|USD_840030030:Real Earnings m/m|USD_840030033:CPI n.s.a. m/m|USD_840030034:Core CPI n.s.a. m/m|USD_840030035:CPI|USD_840030036:Core CPI n.s.a.|USD_840050009:Fed Governor Brainard Speech|CAD_124010001:Building Permits m/m|CAD_124010011:Employment Change|CAD_124010012:Full-Time Employment Change|CAD_124010013:Part-Time Employment Change|CAD_124010014:Unemployment Rate|CAD_124010015:Participation Rate,True,False,False,0.3,0.2,0.4,,0.1,-0.1,POSITIVE,NEGATIVE,1,-1,-1,1,True,1557504000,2019.05.10 16:00:00,1800,True,True,0.001007,True,True,True,True,True,True,True,True,True,True,True,True,,,,,,
USD_CPI_1557502200,1557502200,2019.05.10 15:30:00,2019,CORE_2015_2025,CPI,EURUSD,QUOTE,840030005,CPI m/m,True,"840030005,840030006,840030007,840030008",USD_840030009:CPI n.s.a.|USD_840030010:Core CPI|USD_840030030:Real Earnings m/m|USD_840030033:CPI n.s.a. m/m|USD_840030034:Core CPI n.s.a. m/m|USD_840030035:CPI|USD_840030036:Core CPI n.s.a.|USD_840050009:Fed Governor Brainard Speech|CAD_124010001:Building Permits m/m|CAD_124010011:Employment Change|CAD_124010012:Full-Time Employment Change|CAD_124010013:Part-Time Employment Change|CAD_124010014:Unemployment Rate|CAD_124010015:Participation Rate,True,False,False,0.3,0.2,0.4,,0.1,-0.1,POSITIVE,NEGATIVE,1,-1,-1,1,True,1557504000,2019.05.10 16:00:00,1800,True,True,0.001000,True,True,True,True,True,True,True,True,True,True,True,True,,,,,,
USD_CPI_1557502200,1557502200,2019.05.10 15:30:00,2019,CORE_2015_2025,CPI,GBPUSD,QUOTE,840030005,CPI m/m,True,"840030005,840030006,840030007,840030008",USD_840030009:CPI n.s.a.|USD_840030010:Core CPI|USD_840030030:Real Earnings m/m|USD_840030033:CPI n.s.a. m/m|USD_840030034:Core CPI n.s.a. m/m|USD_840030035:CPI|USD_840030036:Core CPI n.s.a.|USD_840050009:Fed Governor Brainard Speech|CAD_124010001:Building Permits m/m|CAD_124010011:Employment Change|CAD_124010012:Full-Time Employment Change|CAD_124010013:Part-Time Employment Change|CAD_124010014:Unemployment Rate|CAD_124010015:Participation Rate,True,False,False,0.3,0.2,0.4,,0.1,-0.1,POSITIVE,NEGATIVE,1,-1,-1,1,True,1557504000,2019.05.10 16:00:00,1800,True,True,0.001506,True,True,True,True,True,True,True,True,True,True,True,True,,,,,,
USD_CPI_1557502200,1557502200,2019.05.10 15:30:00,2019,CORE_2015_2025,CPI,NZDUSD,QUOTE,840030005,CPI m/m,True,"840030005,840030006,840030007,840030008",USD_840030009:CPI n.s.a.|USD_840030010:Core CPI|USD_840030030:Real Earnings m/m|USD_840030033:CPI n.s.a. m/m|USD_840030034:Core CPI n.s.a. m/m|USD_840030035:CPI|USD_840030036:Core CPI n.s.a.|USD_840050009:Fed Governor Brainard Speech|CAD_124010001:Building Permits m/m|CAD_124010011:Employment Change|CAD_124010012:Full-Time Employment Change|CAD_124010013:Part-Time Employment Change|CAD_124010014:Unemployment Rate|CAD_124010015:Participation Rate,True,False,False,0.3,0.2,0.4,,0.1,-0.1,POSITIVE,NEGATIVE,1,-1,-1,1,True,1557504000,2019.05.10 16:00:00,1800,True,True,0.000883,True,True,True,True,True,True,True,True,True,True,True,True,,,,,,
USD_CPI_1557502200,1557502200,2019.05.10 15:30:00,2019,CORE_2015_2025,CPI,USDCAD,BASE,840030005,CPI m/m,True,"840030005,840030006,840030007,840030008",USD_840030009:CPI n.s.a.|USD_840030010:Core CPI|USD_840030030:Real Earnings m/m|USD_840030033:CPI n.s.a. m/m|USD_840030034:Core CPI n.s.a. m/m|USD_840030035:CPI|USD_840030036:Core CPI n.s.a.|USD_840050009:Fed Governor Brainard Speech|CAD_124010001:Building Permits m/m|CAD_124010011:Employment Change|CAD_124010012:Full-Time Employment Change|CAD_124010013:Part-Time Employment Change|CAD_124010014:Unemployment Rate|CAD_124010015:Participation Rate,True,False,False,0.3,0.2,0.4,,0.1,-0.1,POSITIVE,NEGATIVE,1,1,-1,-1,True,1557504000,2019.05.10 16:00:00,1800,True,True,0.001322,True,True,True,True,True,True,True,True,True,True,True,True,,,,,,
USD_CPI_1557502200,1557502200,2019.05.10 15:30:00,2019,CORE_2015_2025,CPI,USDCHF,BASE,840030005,CPI m/m,True,"840030005,840030006,840030007,840030008",USD_840030009:CPI n.s.a.|USD_840030010:Core CPI|USD_840030030:Real Earnings m/m|USD_840030033:CPI n.s.a. m/m|USD_840030034:Core CPI n.s.a. m/m|USD_840030035:CPI|USD_840030036:Core CPI n.s.a.|USD_840050009:Fed Governor Brainard Speech|CAD_124010001:Building Permits m/m|CAD_124010011:Employment Change|CAD_124010012:Full-Time Employment Change|CAD_124010013:Part-Time Employment Change|CAD_124010014:Unemployment Rate|CAD_124010015:Participation Rate,True,False,False,0.3,0.2,0.4,,0.1,-0.1,POSITIVE,NEGATIVE,1,1,-1,-1,True,1557504000,2019.05.10 16:00:00,1800,True,True,0.001071,True,True,True,True,True,True,True,True,True,True,True,True,,,,,,
USD_CPI_1557502200,1557502200,2019.05.10 15:30:00,2019,CORE_2015_2025,CPI,USDJPY,BASE,840030005,CPI m/m,True,"840030005,840030006,840030007,840030008",USD_840030009:CPI n.s.a.|USD_840030010:Core CPI|USD_840030030:Real Earnings m/m|USD_840030033:CPI n.s.a. m/m|USD_840030034:Core CPI n.s.a. m/m|USD_840030035:CPI|USD_840030036:Core CPI n.s.a.|USD_840050009:Fed Governor Brainard Speech|CAD_124010001:Building Permits m/m|CAD_124010011:Employment Change|CAD_124010012:Full-Time Employment Change|CAD_124010013:Part-Time Employment Change|CAD_124010014:Unemployment Rate|CAD_124010015:Participation Rate,True,False,False,0.3,0.2,0.4,,0.1,-0.1,POSITIVE,NEGATIVE,1,1,-1,-1,True,1557504000,2019.05.10 16:00:00,1800,True,True,0.133797,True,True,True,True,True,True,True,True,True,True,True,True,,,,,,
USD_CPI_1560353400,1560353400,2019.06.12 15:30:00,2019,CORE_2015_2025,CPI,AUDUSD,QUOTE,840030005,CPI m/m,True,"840030005,840030006,840030007,840030008",USD_840030009:CPI n.s.a.|USD_840030010:Core CPI|USD_840030030:Real Earnings m/m|USD_840030033:CPI n.s.a. m/m|USD_840030034:Core CPI n.s.a. m/m|USD_840030035:CPI|USD_840030036:Core CPI n.s.a.,False,False,False,0.1,0.3,0.3,,-0.2,-0.2,NEGATIVE,NEGATIVE,-1,1,-1,1,True,1560355200,2019.06.12 16:00:00,1800,True,True,0.000610,True,True,True,True,True,True,True,True,True,True,True,True,,,,,,
USD_CPI_1560353400,1560353400,2019.06.12 15:30:00,2019,CORE_2015_2025,CPI,EURUSD,QUOTE,840030005,CPI m/m,True,"840030005,840030006,840030007,840030008",USD_840030009:CPI n.s.a.|USD_840030010:Core CPI|USD_840030030:Real Earnings m/m|USD_840030033:CPI n.s.a. m/m|USD_840030034:Core CPI n.s.a. m/m|USD_840030035:CPI|USD_840030036:Core CPI n.s.a.,False,False,False,0.1,0.3,0.3,,-0.2,-0.2,NEGATIVE,NEGATIVE,-1,1,-1,1,True,1560355200,2019.06.12 16:00:00,1800,True,True,0.000934,True,True,True,True,True,True,True,True,True,True,True,True,,,,,,
USD_CPI_1560353400,1560353400,2019.06.12 15:30:00,2019,CORE_2015_2025,CPI,GBPUSD,QUOTE,840030005,CPI m/m,True,"840030005,840030006,840030007,840030008",USD_840030009:CPI n.s.a.|USD_840030010:Core CPI|USD_840030030:Real Earnings m/m|USD_840030033:CPI n.s.a. m/m|USD_840030034:Core CPI n.s.a. m/m|USD_840030035:CPI|USD_840030036:Core CPI n.s.a.,False,False,False,0.1,0.3,0.3,,-0.2,-0.2,NEGATIVE,NEGATIVE,-1,1,-1,1,True,1560355200,2019.06.12 16:00:00,1800,True,True,0.001261,True,True,True,True,True,True,True,True,True,True,True,True,,,,,,
USD_CPI_1560353400,1560353400,2019.06.12 15:30:00,2019,CORE_2015_2025,CPI,NZDUSD,QUOTE,840030005,CPI m/m,True,"840030005,840030006,840030007,840030008",USD_840030009:CPI n.s.a.|USD_840030010:Core CPI|USD_840030030:Real Earnings m/m|USD_840030033:CPI n.s.a. m/m|USD_840030034:Core CPI n.s.a. m/m|USD_840030035:CPI|USD_840030036:Core CPI n.s.a.,False,False,False,0.1,0.3,0.3,,-0.2,-0.2,NEGATIVE,NEGATIVE,-1,1,-1,1,True,1560355200,2019.06.12 16:00:00,1800,True,True,0.000712,True,True,True,True,True,True,True,True,True,True,True,True,,,,,,
USD_CPI_1560353400,1560353400,2019.06.12 15:30:00,2019,CORE_2015_2025,CPI,USDCAD,BASE,840030005,CPI m/m,True,"840030005,840030006,840030007,840030008",USD_840030009:CPI n.s.a.|USD_840030010:Core CPI|USD_840030030:Real Earnings m/m|USD_840030033:CPI n.s.a. m/m|USD_840030034:Core CPI n.s.a. m/m|USD_840030035:CPI|USD_840030036:Core CPI n.s.a.,False,False,False,0.1,0.3,0.3,,-0.2,-0.2,NEGATIVE,NEGATIVE,-1,-1,-1,-1,True,1560355200,2019.06.12 16:00:00,1800,True,True,0.000953,True,True,True,True,True,True,True,True,True,True,True,True,,,,,,
USD_CPI_1560353400,1560353400,2019.06.12 15:30:00,2019,CORE_2015_2025,CPI,USDCHF,BASE,840030005,CPI m/m,True,"840030005,840030006,840030007,840030008",USD_840030009:CPI n.s.a.|USD_840030010:Core CPI|USD_840030030:Real Earnings m/m|USD_840030033:CPI n.s.a. m/m|USD_840030034:Core CPI n.s.a. m/m|USD_840030035:CPI|USD_840030036:Core CPI n.s.a.,False,False,False,0.1,0.3,0.3,,-0.2,-0.2,NEGATIVE,NEGATIVE,-1,-1,-1,-1,True,1560355200,2019.06.12 16:00:00,1800,True,True,0.000965,True,True,True,True,True,True,True,True,True,True,True,True,,,,,,
USD_CPI_1560353400,1560353400,2019.06.12 15:30:00,2019,CORE_2015_2025,CPI,USDJPY,BASE,840030005,CPI m/m,True,"840030005,840030006,840030007,840030008",USD_840030009:CPI n.s.a.|USD_840030010:Core CPI|USD_840030030:Real Earnings m/m|USD_840030033:CPI n.s.a. m/m|USD_840030034:Core CPI n.s.a. m/m|USD_840030035:CPI|USD_840030036:Core CPI n.s.a.,False,False,False,0.1,0.3,0.3,,-0.2,-0.2,NEGATIVE,NEGATIVE,-1,-1,-1,-1,True,1560355200,2019.06.12 16:00:00,1800,True,True,0.088623,True,True,True,True,True,True,True,True,True,True,True,True,,,,,,
USD_CPI_1562859000,1562859000,2019.07.11 15:30:00,2019,CORE_2015_2025,CPI,AUDUSD,QUOTE,840030005,CPI m/m,True,"840030005,840030006,840030007,840030008",USD_840030009:CPI n.s.a.|USD_840030010:Core CPI|USD_840030030:Real Earnings m/m|USD_840030033:CPI n.s.a. m/m|USD_840030034:Core CPI n.s.a. m/m|USD_840030035:CPI|USD_840030036:Core CPI n.s.a.|USD_840140001:Initial Jobless Claims|USD_840140002:Continuing Jobless Claims|USD_840140003:Initial Jobless Claims 4-Week Average|CAD_124010030:New Housing Price Index m/m,False,False,False,0.1,0.2,0.1,,-0.1,0.0,NEGATIVE,ZERO,-1,1,,,True,1562860800,2019.07.11 16:00:00,1800,True,True,0.000773,True,True,True,True,True,True,True,True,True,False,False,False,,,,excluded_zero_signal,excluded_zero_signal,excluded_zero_signal
USD_CPI_1562859000,1562859000,2019.07.11 15:30:00,2019,CORE_2015_2025,CPI,EURUSD,QUOTE,840030005,CPI m/m,True,"840030005,840030006,840030007,840030008",USD_840030009:CPI n.s.a.|USD_840030010:Core CPI|USD_840030030:Real Earnings m/m|USD_840030033:CPI n.s.a. m/m|USD_840030034:Core CPI n.s.a. m/m|USD_840030035:CPI|USD_840030036:Core CPI n.s.a.|USD_840140001:Initial Jobless Claims|USD_840140002:Continuing Jobless Claims|USD_840140003:Initial Jobless Claims 4-Week Average|CAD_124010030:New Housing Price Index m/m,False,False,False,0.1,0.2,0.1,,-0.1,0.0,NEGATIVE,ZERO,-1,1,,,True,1562860800,2019.07.11 16:00:00,1800,True,True,0.000890,True,True,True,True,True,True,True,True,True,False,False,False,,,,excluded_zero_signal,excluded_zero_signal,excluded_zero_signal
USD_CPI_1562859000,1562859000,2019.07.11 15:30:00,2019,CORE_2015_2025,CPI,GBPUSD,QUOTE,840030005,CPI m/m,True,"840030005,840030006,840030007,840030008",USD_840030009:CPI n.s.a.|USD_840030010:Core CPI|USD_840030030:Real Earnings m/m|USD_840030033:CPI n.s.a. m/m|USD_840030034:Core CPI n.s.a. m/m|USD_840030035:CPI|USD_840030036:Core CPI n.s.a.|USD_840140001:Initial Jobless Claims|USD_840140002:Continuing Jobless Claims|USD_840140003:Initial Jobless Claims 4-Week Average|CAD_124010030:New Housing Price Index m/m,False,False,False,0.1,0.2,0.1,,-0.1,0.0,NEGATIVE,ZERO,-1,1,,,True,1562860800,2019.07.11 16:00:00,1800,True,True,0.001385,True,True,True,True,True,True,True,True,True,False,False,False,,,,excluded_zero_signal,excluded_zero_signal,excluded_zero_signal
USD_CPI_1562859000,1562859000,2019.07.11 15:30:00,2019,CORE_2015_2025,CPI,NZDUSD,QUOTE,840030005,CPI m/m,True,"840030005,840030006,840030007,840030008",USD_840030009:CPI n.s.a.|USD_840030010:Core CPI|USD_840030030:Real Earnings m/m|USD_840030033:CPI n.s.a. m/m|USD_840030034:Core CPI n.s.a. m/m|USD_840030035:CPI|USD_840030036:Core CPI n.s.a.|USD_840140001:Initial Jobless Claims|USD_840140002:Continuing Jobless Claims|USD_840140003:Initial Jobless Claims 4-Week Average|CAD_124010030:New Housing Price Index m/m,False,False,False,0.1,0.2,0.1,,-0.1,0.0,NEGATIVE,ZERO,-1,1,,,True,1562860800,2019.07.11 16:00:00,1800,True,True,0.000779,True,True,True,True,True,True,True,True,True,False,False,False,,,,excluded_zero_signal,excluded_zero_signal,excluded_zero_signal
USD_CPI_1562859000,1562859000,2019.07.11 15:30:00,2019,CORE_2015_2025,CPI,USDCAD,BASE,840030005,CPI m/m,True,"840030005,840030006,840030007,840030008",USD_840030009:CPI n.s.a.|USD_840030010:Core CPI|USD_840030030:Real Earnings m/m|USD_840030033:CPI n.s.a. m/m|USD_840030034:Core CPI n.s.a. m/m|USD_840030035:CPI|USD_840030036:Core CPI n.s.a.|USD_840140001:Initial Jobless Claims|USD_840140002:Continuing Jobless Claims|USD_840140003:Initial Jobless Claims 4-Week Average|CAD_124010030:New Housing Price Index m/m,False,False,False,0.1,0.2,0.1,,-0.1,0.0,NEGATIVE,ZERO,-1,-1,,,True,1562860800,2019.07.11 16:00:00,1800,True,True,0.001111,True,True,True,True,True,True,True,True,True,False,False,False,,,,excluded_zero_signal,excluded_zero_signal,excluded_zero_signal
USD_CPI_1562859000,1562859000,2019.07.11 15:30:00,2019,CORE_2015_2025,CPI,USDCHF,BASE,840030005,CPI m/m,True,"840030005,840030006,840030007,840030008",USD_840030009:CPI n.s.a.|USD_840030010:Core CPI|USD_840030030:Real Earnings m/m|USD_840030033:CPI n.s.a. m/m|USD_840030034:Core CPI n.s.a. m/m|USD_840030035:CPI|USD_840030036:Core CPI n.s.a.|USD_840140001:Initial Jobless Claims|USD_840140002:Continuing Jobless Claims|USD_840140003:Initial Jobless Claims 4-Week Average|CAD_124010030:New Housing Price Index m/m,False,False,False,0.1,0.2,0.1,,-0.1,0.0,NEGATIVE,ZERO,-1,-1,,,True,1562860800,2019.07.11 16:00:00,1800,True,True,0.000996,True,True,True,True,True,True,True,True,True,False,False,False,,,,excluded_zero_signal,excluded_zero_signal,excluded_zero_signal
USD_CPI_1562859000,1562859000,2019.07.11 15:30:00,2019,CORE_2015_2025,CPI,USDJPY,BASE,840030005,CPI m/m,True,"840030005,840030006,840030007,840030008",USD_840030009:CPI n.s.a.|USD_840030010:Core CPI|USD_840030030:Real Earnings m/m|USD_840030033:CPI n.s.a. m/m|USD_840030034:Core CPI n.s.a. m/m|USD_840030035:CPI|USD_840030036:Core CPI n.s.a.|USD_840140001:Initial Jobless Claims|USD_840140002:Continuing Jobless Claims|USD_840140003:Initial Jobless Claims 4-Week Average|CAD_124010030:New Housing Price Index m/m,False,False,False,0.1,0.2,0.1,,-0.1,0.0,NEGATIVE,ZERO,-1,-1,,,True,1562860800,2019.07.11 16:00:00,1800,True,True,0.101043,True,True,True,True,True,True,True,True,True,False,False,False,,,,excluded_zero_signal,excluded_zero_signal,excluded_zero_signal
USD_CPI_1565710200,1565710200,2019.08.13 15:30:00,2019,CORE_2015_2025,CPI,AUDUSD,QUOTE,840030005,CPI m/m,True,"840030005,840030006,840030007,840030008",USD_840030009:CPI n.s.a.|USD_840030010:Core CPI|USD_840030030:Real Earnings m/m|USD_840030033:CPI n.s.a. m/m|USD_840030034:Core CPI n.s.a. m/m|USD_840030035:CPI|USD_840030036:Core CPI n.s.a.,False,False,False,0.3,0.2,0.1,,0.1,0.2,POSITIVE,POSITIVE,1,-1,1,-1,True,1565712000,2019.08.13 16:00:00,1800,True,True,0.000780,True,True,True,True,True,True,True,True,True,True,True,True,,,,,,
USD_CPI_1565710200,1565710200,2019.08.13 15:30:00,2019,CORE_2015_2025,CPI,EURUSD,QUOTE,840030005,CPI m/m,True,"840030005,840030006,840030007,840030008",USD_840030009:CPI n.s.a.|USD_840030010:Core CPI|USD_840030030:Real Earnings m/m|USD_840030033:CPI n.s.a. m/m|USD_840030034:Core CPI n.s.a. m/m|USD_840030035:CPI|USD_840030036:Core CPI n.s.a.,False,False,False,0.3,0.2,0.1,,0.1,0.2,POSITIVE,POSITIVE,1,-1,1,-1,True,1565712000,2019.08.13 16:00:00,1800,True,True,0.001120,True,True,True,True,True,True,True,True,True,True,True,True,,,,,,
USD_CPI_1565710200,1565710200,2019.08.13 15:30:00,2019,CORE_2015_2025,CPI,GBPUSD,QUOTE,840030005,CPI m/m,True,"840030005,840030006,840030007,840030008",USD_840030009:CPI n.s.a.|USD_840030010:Core CPI|USD_840030030:Real Earnings m/m|USD_840030033:CPI n.s.a. m/m|USD_840030034:Core CPI n.s.a. m/m|USD_840030035:CPI|USD_840030036:Core CPI n.s.a.,False,False,False,0.3,0.2,0.1,,0.1,0.2,POSITIVE,POSITIVE,1,-1,1,-1,True,1565712000,2019.08.13 16:00:00,1800,True,True,0.001453,True,True,True,True,True,True,True,True,True,True,True,True,,,,,,
USD_CPI_1565710200,1565710200,2019.08.13 15:30:00,2019,CORE_2015_2025,CPI,NZDUSD,QUOTE,840030005,CPI m/m,True,"840030005,840030006,840030007,840030008",USD_840030009:CPI n.s.a.|USD_840030010:Core CPI|USD_840030030:Real Earnings m/m|USD_840030033:CPI n.s.a. m/m|USD_840030034:Core CPI n.s.a. m/m|USD_840030035:CPI|USD_840030036:Core CPI n.s.a.,False,False,False,0.3,0.2,0.1,,0.1,0.2,POSITIVE,POSITIVE,1,-1,1,-1,True,1565712000,2019.08.13 16:00:00,1800,True,True,0.000768,True,True,True,True,True,True,True,True,True,True,True,True,,,,,,
USD_CPI_1565710200,1565710200,2019.08.13 15:30:00,2019,CORE_2015_2025,CPI,USDCAD,BASE,840030005,CPI m/m,True,"840030005,840030006,840030007,840030008",USD_840030009:CPI n.s.a.|USD_840030010:Core CPI|USD_840030030:Real Earnings m/m|USD_840030033:CPI n.s.a. m/m|USD_840030034:Core CPI n.s.a. m/m|USD_840030035:CPI|USD_840030036:Core CPI n.s.a.,False,False,False,0.3,0.2,0.1,,0.1,0.2,POSITIVE,POSITIVE,1,1,1,1,True,1565712000,2019.08.13 16:00:00,1800,True,True,0.001116,True,True,True,True,True,True,True,True,True,True,True,True,,,,,,
USD_CPI_1565710200,1565710200,2019.08.13 15:30:00,2019,CORE_2015_2025,CPI,USDCHF,BASE,840030005,CPI m/m,True,"840030005,840030006,840030007,840030008",USD_840030009:CPI n.s.a.|USD_840030010:Core CPI|USD_840030030:Real Earnings m/m|USD_840030033:CPI n.s.a. m/m|USD_840030034:Core CPI n.s.a. m/m|USD_840030035:CPI|USD_840030036:Core CPI n.s.a.,False,False,False,0.3,0.2,0.1,,0.1,0.2,POSITIVE,POSITIVE,1,1,1,1,True,1565712000,2019.08.13 16:00:00,1800,True,True,0.001317,True,True,True,True,True,True,True,True,True,True,True,True,,,,,,
USD_CPI_1565710200,1565710200,2019.08.13 15:30:00,2019,CORE_2015_2025,CPI,USDJPY,BASE,840030005,CPI m/m,True,"840030005,840030006,840030007,840030008",USD_840030009:CPI n.s.a.|USD_840030010:Core CPI|USD_840030030:Real Earnings m/m|USD_840030033:CPI n.s.a. m/m|USD_840030034:Core CPI n.s.a. m/m|USD_840030035:CPI|USD_840030036:Core CPI n.s.a.,False,False,False,0.3,0.2,0.1,,0.1,0.2,POSITIVE,POSITIVE,1,1,1,1,True,1565712000,2019.08.13 16:00:00,1800,True,True,0.144163,True,True,True,True,True,True,True,True,True,True,True,True,,,,,,
USD_CPI_1568302200,1568302200,2019.09.12 15:30:00,2019,CORE_2015_2025,CPI,AUDUSD,QUOTE,840030005,CPI m/m,True,"840030005,840030006,840030007,840030008",USD_840030009:CPI n.s.a.|USD_840030010:Core CPI|USD_840030030:Real Earnings m/m|USD_840030033:CPI n.s.a. m/m|USD_840030034:Core CPI n.s.a. m/m|USD_840030035:CPI|USD_840030036:Core CPI n.s.a.|USD_840140001:Initial Jobless Claims|USD_840140002:Continuing Jobless Claims|USD_840140003:Initial Jobless Claims 4-Week Average|EUR_999010003:ECB Monetary Policy Press Conference|CAD_124010030:New Housing Price Index m/m,False,False,False,0.1,0.1,0.3,,0.0,-0.2,ZERO,NEGATIVE,,,-1,1,True,1568304000,2019.09.12 16:00:00,1800,True,True,0.000670,True,True,True,True,True,True,False,False,False,True,True,True,excluded_zero_signal,excluded_zero_signal,excluded_zero_signal,,,
USD_CPI_1568302200,1568302200,2019.09.12 15:30:00,2019,CORE_2015_2025,CPI,EURUSD,QUOTE,840030005,CPI m/m,True,"840030005,840030006,840030007,840030008",USD_840030009:CPI n.s.a.|USD_840030010:Core CPI|USD_840030030:Real Earnings m/m|USD_840030033:CPI n.s.a. m/m|USD_840030034:Core CPI n.s.a. m/m|USD_840030035:CPI|USD_840030036:Core CPI n.s.a.|USD_840140001:Initial Jobless Claims|USD_840140002:Continuing Jobless Claims|USD_840140003:Initial Jobless Claims 4-Week Average|EUR_999010003:ECB Monetary Policy Press Conference|CAD_124010030:New Housing Price Index m/m,False,False,False,0.1,0.1,0.3,,0.0,-0.2,ZERO,NEGATIVE,,,-1,1,True,1568304000,2019.09.12 16:00:00,1800,True,True,0.001484,True,True,True,True,True,True,False,False,False,True,True,True,excluded_zero_signal,excluded_zero_signal,excluded_zero_signal,,,
USD_CPI_1568302200,1568302200,2019.09.12 15:30:00,2019,CORE_2015_2025,CPI,GBPUSD,QUOTE,840030005,CPI m/m,True,"840030005,840030006,840030007,840030008",USD_840030009:CPI n.s.a.|USD_840030010:Core CPI|USD_840030030:Real Earnings m/m|USD_840030033:CPI n.s.a. m/m|USD_840030034:Core CPI n.s.a. m/m|USD_840030035:CPI|USD_840030036:Core CPI n.s.a.|USD_840140001:Initial Jobless Claims|USD_840140002:Continuing Jobless Claims|USD_840140003:Initial Jobless Claims 4-Week Average|EUR_999010003:ECB Monetary Policy Press Conference|CAD_124010030:New Housing Price Index m/m,False,False,False,0.1,0.1,0.3,,0.0,-0.2,ZERO,NEGATIVE,,,-1,1,True,1568304000,2019.09.12 16:00:00,1800,True,True,0.001667,True,True,True,True,True,True,False,False,False,True,True,True,excluded_zero_signal,excluded_zero_signal,excluded_zero_signal,,,
USD_CPI_1568302200,1568302200,2019.09.12 15:30:00,2019,CORE_2015_2025,CPI,NZDUSD,QUOTE,840030005,CPI m/m,True,"840030005,840030006,840030007,840030008",USD_840030009:CPI n.s.a.|USD_840030010:Core CPI|USD_840030030:Real Earnings m/m|USD_840030033:CPI n.s.a. m/m|USD_840030034:Core CPI n.s.a. m/m|USD_840030035:CPI|USD_840030036:Core CPI n.s.a.|USD_840140001:Initial Jobless Claims|USD_840140002:Continuing Jobless Claims|USD_840140003:Initial Jobless Claims 4-Week Average|EUR_999010003:ECB Monetary Policy Press Conference|CAD_124010030:New Housing Price Index m/m,False,False,False,0.1,0.1,0.3,,0.0,-0.2,ZERO,NEGATIVE,,,-1,1,True,1568304000,2019.09.12 16:00:00,1800,True,True,0.000792,True,True,True,True,True,True,False,False,False,True,True,True,excluded_zero_signal,excluded_zero_signal,excluded_zero_signal,,,
USD_CPI_1568302200,1568302200,2019.09.12 15:30:00,2019,CORE_2015_2025,CPI,USDCAD,BASE,840030005,CPI m/m,True,"840030005,840030006,840030007,840030008",USD_840030009:CPI n.s.a.|USD_840030010:Core CPI|USD_840030030:Real Earnings m/m|USD_840030033:CPI n.s.a. m/m|USD_840030034:Core CPI n.s.a. m/m|USD_840030035:CPI|USD_840030036:Core CPI n.s.a.|USD_840140001:Initial Jobless Claims|USD_840140002:Continuing Jobless Claims|USD_840140003:Initial Jobless Claims 4-Week Average|EUR_999010003:ECB Monetary Policy Press Conference|CAD_124010030:New Housing Price Index m/m,False,False,False,0.1,0.1,0.3,,0.0,-0.2,ZERO,NEGATIVE,,,-1,-1,True,1568304000,2019.09.12 16:00:00,1800,True,True,0.000953,True,True,True,True,True,True,False,False,False,True,True,True,excluded_zero_signal,excluded_zero_signal,excluded_zero_signal,,,
USD_CPI_1568302200,1568302200,2019.09.12 15:30:00,2019,CORE_2015_2025,CPI,USDCHF,BASE,840030005,CPI m/m,True,"840030005,840030006,840030007,840030008",USD_840030009:CPI n.s.a.|USD_840030010:Core CPI|USD_840030030:Real Earnings m/m|USD_840030033:CPI n.s.a. m/m|USD_840030034:Core CPI n.s.a. m/m|USD_840030035:CPI|USD_840030036:Core CPI n.s.a.|USD_840140001:Initial Jobless Claims|USD_840140002:Continuing Jobless Claims|USD_840140003:Initial Jobless Claims 4-Week Average|EUR_999010003:ECB Monetary Policy Press Conference|CAD_124010030:New Housing Price Index m/m,False,False,False,0.1,0.1,0.3,,0.0,-0.2,ZERO,NEGATIVE,,,-1,-1,True,1568304000,2019.09.12 16:00:00,1800,True,True,0.001254,True,True,True,True,True,True,False,False,False,True,True,True,excluded_zero_signal,excluded_zero_signal,excluded_zero_signal,,,
USD_CPI_1568302200,1568302200,2019.09.12 15:30:00,2019,CORE_2015_2025,CPI,USDJPY,BASE,840030005,CPI m/m,True,"840030005,840030006,840030007,840030008",USD_840030009:CPI n.s.a.|USD_840030010:Core CPI|USD_840030030:Real Earnings m/m|USD_840030033:CPI n.s.a. m/m|USD_840030034:Core CPI n.s.a. m/m|USD_840030035:CPI|USD_840030036:Core CPI n.s.a.|USD_840140001:Initial Jobless Claims|USD_840140002:Continuing Jobless Claims|USD_840140003:Initial Jobless Claims 4-Week Average|EUR_999010003:ECB Monetary Policy Press Conference|CAD_124010030:New Housing Price Index m/m,False,False,False,0.1,0.1,0.3,,0.0,-0.2,ZERO,NEGATIVE,,,-1,-1,True,1568304000,2019.09.12 16:00:00,1800,True,True,0.097496,True,True,True,True,True,True,False,False,False,True,True,True,excluded_zero_signal,excluded_zero_signal,excluded_zero_signal,,,
USD_CPI_1570721400,1570721400,2019.10.10 15:30:00,2019,CORE_2015_2025,CPI,AUDUSD,QUOTE,840030005,CPI m/m,True,"840030005,840030006,840030007,840030008",USD_840030009:CPI n.s.a.|USD_840030010:Core CPI|USD_840030030:Real Earnings m/m|USD_840030033:CPI n.s.a. m/m|USD_840030034:Core CPI n.s.a. m/m|USD_840030035:CPI|USD_840030036:Core CPI n.s.a.|USD_840140001:Initial Jobless Claims|USD_840140002:Continuing Jobless Claims|USD_840140003:Initial Jobless Claims 4-Week Average|CAD_124010030:New Housing Price Index m/m,False,False,False,0.0,0.1,0.1,,-0.1,-0.1,NEGATIVE,NEGATIVE,-1,1,-1,1,True,1570723200,2019.10.10 16:00:00,1800,True,True,0.000899,True,True,True,True,True,True,True,True,True,True,True,True,,,,,,
USD_CPI_1570721400,1570721400,2019.10.10 15:30:00,2019,CORE_2015_2025,CPI,EURUSD,QUOTE,840030005,CPI m/m,True,"840030005,840030006,840030007,840030008",USD_840030009:CPI n.s.a.|USD_840030010:Core CPI|USD_840030030:Real Earnings m/m|USD_840030033:CPI n.s.a. m/m|USD_840030034:Core CPI n.s.a. m/m|USD_840030035:CPI|USD_840030036:Core CPI n.s.a.|USD_840140001:Initial Jobless Claims|USD_840140002:Continuing Jobless Claims|USD_840140003:Initial Jobless Claims 4-Week Average|CAD_124010030:New Housing Price Index m/m,False,False,False,0.0,0.1,0.1,,-0.1,-0.1,NEGATIVE,NEGATIVE,-1,1,-1,1,True,1570723200,2019.10.10 16:00:00,1800,True,True,0.001016,True,True,True,True,True,True,True,True,True,True,True,True,,,,,,
USD_CPI_1570721400,1570721400,2019.10.10 15:30:00,2019,CORE_2015_2025,CPI,GBPUSD,QUOTE,840030005,CPI m/m,True,"840030005,840030006,840030007,840030008",USD_840030009:CPI n.s.a.|USD_840030010:Core CPI|USD_840030030:Real Earnings m/m|USD_840030033:CPI n.s.a. m/m|USD_840030034:Core CPI n.s.a. m/m|USD_840030035:CPI|USD_840030036:Core CPI n.s.a.|USD_840140001:Initial Jobless Claims|USD_840140002:Continuing Jobless Claims|USD_840140003:Initial Jobless Claims 4-Week Average|CAD_124010030:New Housing Price Index m/m,False,False,False,0.0,0.1,0.1,,-0.1,-0.1,NEGATIVE,NEGATIVE,-1,1,-1,1,True,1570723200,2019.10.10 16:00:00,1800,True,True,0.001779,True,True,True,True,True,True,True,True,True,True,True,True,,,,,,
USD_CPI_1570721400,1570721400,2019.10.10 15:30:00,2019,CORE_2015_2025,CPI,NZDUSD,QUOTE,840030005,CPI m/m,True,"840030005,840030006,840030007,840030008",USD_840030009:CPI n.s.a.|USD_840030010:Core CPI|USD_840030030:Real Earnings m/m|USD_840030033:CPI n.s.a. m/m|USD_840030034:Core CPI n.s.a. m/m|USD_840030035:CPI|USD_840030036:Core CPI n.s.a.|USD_840140001:Initial Jobless Claims|USD_840140002:Continuing Jobless Claims|USD_840140003:Initial Jobless Claims 4-Week Average|CAD_124010030:New Housing Price Index m/m,False,False,False,0.0,0.1,0.1,,-0.1,-0.1,NEGATIVE,NEGATIVE,-1,1,-1,1,True,1570723200,2019.10.10 16:00:00,1800,True,True,0.000904,True,True,True,True,True,True,True,True,True,True,True,True,,,,,,
USD_CPI_1570721400,1570721400,2019.10.10 15:30:00,2019,CORE_2015_2025,CPI,USDCAD,BASE,840030005,CPI m/m,True,"840030005,840030006,840030007,840030008",USD_840030009:CPI n.s.a.|USD_840030010:Core CPI|USD_840030030:Real Earnings m/m|USD_840030033:CPI n.s.a. m/m|USD_840030034:Core CPI n.s.a. m/m|USD_840030035:CPI|USD_840030036:Core CPI n.s.a.|USD_840140001:Initial Jobless Claims|USD_840140002:Continuing Jobless Claims|USD_840140003:Initial Jobless Claims 4-Week Average|CAD_124010030:New Housing Price Index m/m,False,False,False,0.0,0.1,0.1,,-0.1,-0.1,NEGATIVE,NEGATIVE,-1,-1,-1,-1,True,1570723200,2019.10.10 16:00:00,1800,True,True,0.000989,True,True,True,True,True,True,True,True,True,True,True,True,,,,,,
USD_CPI_1570721400,1570721400,2019.10.10 15:30:00,2019,CORE_2015_2025,CPI,USDCHF,BASE,840030005,CPI m/m,True,"840030005,840030006,840030007,840030008",USD_840030009:CPI n.s.a.|USD_840030010:Core CPI|USD_840030030:Real Earnings m/m|USD_840030033:CPI n.s.a. m/m|USD_840030034:Core CPI n.s.a. m/m|USD_840030035:CPI|USD_840030036:Core CPI n.s.a.|USD_840140001:Initial Jobless Claims|USD_840140002:Continuing Jobless Claims|USD_840140003:Initial Jobless Claims 4-Week Average|CAD_124010030:New Housing Price Index m/m,False,False,False,0.0,0.1,0.1,,-0.1,-0.1,NEGATIVE,NEGATIVE,-1,-1,-1,-1,True,1570723200,2019.10.10 16:00:00,1800,True,True,0.001130,True,True,True,True,True,True,True,True,True,True,True,True,,,,,,
USD_CPI_1570721400,1570721400,2019.10.10 15:30:00,2019,CORE_2015_2025,CPI,USDJPY,BASE,840030005,CPI m/m,True,"840030005,840030006,840030007,840030008",USD_840030009:CPI n.s.a.|USD_840030010:Core CPI|USD_840030030:Real Earnings m/m|USD_840030033:CPI n.s.a. m/m|USD_840030034:Core CPI n.s.a. m/m|USD_840030035:CPI|USD_840030036:Core CPI n.s.a.|USD_840140001:Initial Jobless Claims|USD_840140002:Continuing Jobless Claims|USD_840140003:Initial Jobless Claims 4-Week Average|CAD_124010030:New Housing Price Index m/m,False,False,False,0.0,0.1,0.1,,-0.1,-0.1,NEGATIVE,NEGATIVE,-1,-1,-1,-1,True,1570723200,2019.10.10 16:00:00,1800,True,True,0.129964,True,True,True,True,True,True,True,True,True,True,True,True,,,,,,
USD_CPI_1573662600,1573662600,2019.11.13 16:30:00,2019,CORE_2015_2025,CPI,AUDUSD,QUOTE,840030005,CPI m/m,True,"840030005,840030006,840030007,840030008",USD_840030009:CPI n.s.a.|USD_840030010:Core CPI|USD_840030030:Real Earnings m/m|USD_840030033:CPI n.s.a. m/m|USD_840030034:Core CPI n.s.a. m/m|USD_840030035:CPI|USD_840030036:Core CPI n.s.a.,False,False,False,0.4,0.1,0.0,,0.3,0.4,POSITIVE,POSITIVE,1,-1,1,-1,True,1573664400,2019.11.13 17:00:00,1800,True,True,0.000786,True,True,True,True,True,True,True,True,True,True,True,True,,,,,,
USD_CPI_1573662600,1573662600,2019.11.13 16:30:00,2019,CORE_2015_2025,CPI,EURUSD,QUOTE,840030005,CPI m/m,True,"840030005,840030006,840030007,840030008",USD_840030009:CPI n.s.a.|USD_840030010:Core CPI|USD_840030030:Real Earnings m/m|USD_840030033:CPI n.s.a. m/m|USD_840030034:Core CPI n.s.a. m/m|USD_840030035:CPI|USD_840030036:Core CPI n.s.a.,False,False,False,0.4,0.1,0.0,,0.3,0.4,POSITIVE,POSITIVE,1,-1,1,-1,True,1573664400,2019.11.13 17:00:00,1800,True,True,0.000736,True,True,True,True,True,True,True,True,True,True,True,True,,,,,,
USD_CPI_1573662600,1573662600,2019.11.13 16:30:00,2019,CORE_2015_2025,CPI,GBPUSD,QUOTE,840030005,CPI m/m,True,"840030005,840030006,840030007,840030008",USD_840030009:CPI n.s.a.|USD_840030010:Core CPI|USD_840030030:Real Earnings m/m|USD_840030033:CPI n.s.a. m/m|USD_840030034:Core CPI n.s.a. m/m|USD_840030035:CPI|USD_840030036:Core CPI n.s.a.,False,False,False,0.4,0.1,0.0,,0.3,0.4,POSITIVE,POSITIVE,1,-1,1,-1,True,1573664400,2019.11.13 17:00:00,1800,True,True,0.001465,True,True,True,True,True,True,True,True,True,True,True,True,,,,,,
USD_CPI_1573662600,1573662600,2019.11.13 16:30:00,2019,CORE_2015_2025,CPI,NZDUSD,QUOTE,840030005,CPI m/m,True,"840030005,840030006,840030007,840030008",USD_840030009:CPI n.s.a.|USD_840030010:Core CPI|USD_840030030:Real Earnings m/m|USD_840030033:CPI n.s.a. m/m|USD_840030034:Core CPI n.s.a. m/m|USD_840030035:CPI|USD_840030036:Core CPI n.s.a.,False,False,False,0.4,0.1,0.0,,0.3,0.4,POSITIVE,POSITIVE,1,-1,1,-1,True,1573664400,2019.11.13 17:00:00,1800,True,True,0.001250,True,True,True,True,True,True,True,True,True,True,True,True,,,,,,
USD_CPI_1573662600,1573662600,2019.11.13 16:30:00,2019,CORE_2015_2025,CPI,USDCAD,BASE,840030005,CPI m/m,True,"840030005,840030006,840030007,840030008",USD_840030009:CPI n.s.a.|USD_840030010:Core CPI|USD_840030030:Real Earnings m/m|USD_840030033:CPI n.s.a. m/m|USD_840030034:Core CPI n.s.a. m/m|USD_840030035:CPI|USD_840030036:Core CPI n.s.a.,False,False,False,0.4,0.1,0.0,,0.3,0.4,POSITIVE,POSITIVE,1,1,1,1,True,1573664400,2019.11.13 17:00:00,1800,True,True,0.000803,True,True,True,True,True,True,True,True,True,True,True,True,,,,,,
USD_CPI_1573662600,1573662600,2019.11.13 16:30:00,2019,CORE_2015_2025,CPI,USDCHF,BASE,840030005,CPI m/m,True,"840030005,840030006,840030007,840030008",USD_840030009:CPI n.s.a.|USD_840030010:Core CPI|USD_840030030:Real Earnings m/m|USD_840030033:CPI n.s.a. m/m|USD_840030034:Core CPI n.s.a. m/m|USD_840030035:CPI|USD_840030036:Core CPI n.s.a.,False,False,False,0.4,0.1,0.0,,0.3,0.4,POSITIVE,POSITIVE,1,1,1,1,True,1573664400,2019.11.13 17:00:00,1800,True,True,0.000786,True,True,True,True,True,True,True,True,True,True,True,True,,,,,,
USD_CPI_1573662600,1573662600,2019.11.13 16:30:00,2019,CORE_2015_2025,CPI,USDJPY,BASE,840030005,CPI m/m,True,"840030005,840030006,840030007,840030008",USD_840030009:CPI n.s.a.|USD_840030010:Core CPI|USD_840030030:Real Earnings m/m|USD_840030033:CPI n.s.a. m/m|USD_840030034:Core CPI n.s.a. m/m|USD_840030035:CPI|USD_840030036:Core CPI n.s.a.,False,False,False,0.4,0.1,0.0,,0.3,0.4,POSITIVE,POSITIVE,1,1,1,1,True,1573664400,2019.11.13 17:00:00,1800,True,True,0.096182,True,True,True,True,True,True,True,True,True,True,True,True,,,,,,
USD_CPI_1576081800,1576081800,2019.12.11 16:30:00,2019,CORE_2015_2025,CPI,AUDUSD,QUOTE,840030005,CPI m/m,True,"840030005,840030006,840030007,840030008",USD_840030009:CPI n.s.a.|USD_840030010:Core CPI|USD_840030030:Real Earnings m/m|USD_840030033:CPI n.s.a. m/m|USD_840030034:Core CPI n.s.a. m/m|USD_840030035:CPI|USD_840030036:Core CPI n.s.a.|CAD_124010002:Capacity Utilization Rate,False,False,False,0.3,0.1,0.4,,0.2,-0.1,POSITIVE,NEGATIVE,1,-1,-1,1,True,1576083600,2019.12.11 17:00:00,1800,True,True,0.000599,True,True,True,True,True,True,True,True,True,True,True,True,,,,,,
USD_CPI_1576081800,1576081800,2019.12.11 16:30:00,2019,CORE_2015_2025,CPI,EURUSD,QUOTE,840030005,CPI m/m,True,"840030005,840030006,840030007,840030008",USD_840030009:CPI n.s.a.|USD_840030010:Core CPI|USD_840030030:Real Earnings m/m|USD_840030033:CPI n.s.a. m/m|USD_840030034:Core CPI n.s.a. m/m|USD_840030035:CPI|USD_840030036:Core CPI n.s.a.|CAD_124010002:Capacity Utilization Rate,False,False,False,0.3,0.1,0.4,,0.2,-0.1,POSITIVE,NEGATIVE,1,-1,-1,1,True,1576083600,2019.12.11 17:00:00,1800,True,True,0.000703,True,True,True,True,True,True,True,True,True,True,True,True,,,,,,
USD_CPI_1576081800,1576081800,2019.12.11 16:30:00,2019,CORE_2015_2025,CPI,GBPUSD,QUOTE,840030005,CPI m/m,True,"840030005,840030006,840030007,840030008",USD_840030009:CPI n.s.a.|USD_840030010:Core CPI|USD_840030030:Real Earnings m/m|USD_840030033:CPI n.s.a. m/m|USD_840030034:Core CPI n.s.a. m/m|USD_840030035:CPI|USD_840030036:Core CPI n.s.a.|CAD_124010002:Capacity Utilization Rate,False,False,False,0.3,0.1,0.4,,0.2,-0.1,POSITIVE,NEGATIVE,1,-1,-1,1,True,1576083600,2019.12.11 17:00:00,1800,True,True,0.001808,True,True,True,True,True,True,True,True,True,True,True,True,,,,,,
USD_CPI_1576081800,1576081800,2019.12.11 16:30:00,2019,CORE_2015_2025,CPI,NZDUSD,QUOTE,840030005,CPI m/m,True,"840030005,840030006,840030007,840030008",USD_840030009:CPI n.s.a.|USD_840030010:Core CPI|USD_840030030:Real Earnings m/m|USD_840030033:CPI n.s.a. m/m|USD_840030034:Core CPI n.s.a. m/m|USD_840030035:CPI|USD_840030036:Core CPI n.s.a.|CAD_124010002:Capacity Utilization Rate,False,False,False,0.3,0.1,0.4,,0.2,-0.1,POSITIVE,NEGATIVE,1,-1,-1,1,True,1576083600,2019.12.11 17:00:00,1800,True,True,0.000821,True,True,True,True,True,True,True,True,True,True,True,True,,,,,,
USD_CPI_1576081800,1576081800,2019.12.11 16:30:00,2019,CORE_2015_2025,CPI,USDCAD,BASE,840030005,CPI m/m,True,"840030005,840030006,840030007,840030008",USD_840030009:CPI n.s.a.|USD_840030010:Core CPI|USD_840030030:Real Earnings m/m|USD_840030033:CPI n.s.a. m/m|USD_840030034:Core CPI n.s.a. m/m|USD_840030035:CPI|USD_840030036:Core CPI n.s.a.|CAD_124010002:Capacity Utilization Rate,False,False,False,0.3,0.1,0.4,,0.2,-0.1,POSITIVE,NEGATIVE,1,1,-1,-1,True,1576083600,2019.12.11 17:00:00,1800,True,True,0.000691,True,True,True,True,True,True,True,True,True,True,True,True,,,,,,
USD_CPI_1576081800,1576081800,2019.12.11 16:30:00,2019,CORE_2015_2025,CPI,USDCHF,BASE,840030005,CPI m/m,True,"840030005,840030006,840030007,840030008",USD_840030009:CPI n.s.a.|USD_840030010:Core CPI|USD_840030030:Real Earnings m/m|USD_840030033:CPI n.s.a. m/m|USD_840030034:Core CPI n.s.a. m/m|USD_840030035:CPI|USD_840030036:Core CPI n.s.a.|CAD_124010002:Capacity Utilization Rate,False,False,False,0.3,0.1,0.4,,0.2,-0.1,POSITIVE,NEGATIVE,1,1,-1,-1,True,1576083600,2019.12.11 17:00:00,1800,True,True,0.000712,True,True,True,True,True,True,True,True,True,True,True,True,,,,,,
USD_CPI_1576081800,1576081800,2019.12.11 16:30:00,2019,CORE_2015_2025,CPI,USDJPY,BASE,840030005,CPI m/m,True,"840030005,840030006,840030007,840030008",USD_840030009:CPI n.s.a.|USD_840030010:Core CPI|USD_840030030:Real Earnings m/m|USD_840030033:CPI n.s.a. m/m|USD_840030034:Core CPI n.s.a. m/m|USD_840030035:CPI|USD_840030036:Core CPI n.s.a.|CAD_124010002:Capacity Utilization Rate,False,False,False,0.3,0.1,0.4,,0.2,-0.1,POSITIVE,NEGATIVE,1,1,-1,-1,True,1576083600,2019.12.11 17:00:00,1800,True,True,0.062206,True,True,True,True,True,True,True,True,True,True,True,True,,,,,,
USD_CPI_1579019400,1579019400,2020.01.14 16:30:00,2020,CORE_2015_2025,CPI,AUDUSD,QUOTE,840030005,CPI m/m,True,"840030005,840030006,840030007,840030008",USD_840030009:CPI n.s.a.|USD_840030010:Core CPI|USD_840030030:Real Earnings m/m|USD_840030033:CPI n.s.a. m/m|USD_840030034:Core CPI n.s.a. m/m|USD_840030035:CPI|USD_840030036:Core CPI n.s.a.,False,False,False,0.2,0.2,0.3,,0.0,-0.1,ZERO,NEGATIVE,,,-1,1,True,1579021200,2020.01.14 17:00:00,1800,True,True,0.000920,True,True,True,True,True,True,False,False,False,True,True,True,excluded_zero_signal,excluded_zero_signal,excluded_zero_signal,,,
USD_CPI_1579019400,1579019400,2020.01.14 16:30:00,2020,CORE_2015_2025,CPI,EURUSD,QUOTE,840030005,CPI m/m,True,"840030005,840030006,840030007,840030008",USD_840030009:CPI n.s.a.|USD_840030010:Core CPI|USD_840030030:Real Earnings m/m|USD_840030033:CPI n.s.a. m/m|USD_840030034:Core CPI n.s.a. m/m|USD_840030035:CPI|USD_840030036:Core CPI n.s.a.,False,False,False,0.2,0.2,0.3,,0.0,-0.1,ZERO,NEGATIVE,,,-1,1,True,1579021200,2020.01.14 17:00:00,1800,True,True,0.000796,True,True,True,True,True,True,False,False,False,True,True,True,excluded_zero_signal,excluded_zero_signal,excluded_zero_signal,,,
USD_CPI_1579019400,1579019400,2020.01.14 16:30:00,2020,CORE_2015_2025,CPI,GBPUSD,QUOTE,840030005,CPI m/m,True,"840030005,840030006,840030007,840030008",USD_840030009:CPI n.s.a.|USD_840030010:Core CPI|USD_840030030:Real Earnings m/m|USD_840030033:CPI n.s.a. m/m|USD_840030034:Core CPI n.s.a. m/m|USD_840030035:CPI|USD_840030036:Core CPI n.s.a.,False,False,False,0.2,0.2,0.3,,0.0,-0.1,ZERO,NEGATIVE,,,-1,1,True,1579021200,2020.01.14 17:00:00,1800,True,True,0.001722,True,True,True,True,True,True,False,False,False,True,True,True,excluded_zero_signal,excluded_zero_signal,excluded_zero_signal,,,
USD_CPI_1579019400,1579019400,2020.01.14 16:30:00,2020,CORE_2015_2025,CPI,NZDUSD,QUOTE,840030005,CPI m/m,True,"840030005,840030006,840030007,840030008",USD_840030009:CPI n.s.a.|USD_840030010:Core CPI|USD_840030030:Real Earnings m/m|USD_840030033:CPI n.s.a. m/m|USD_840030034:Core CPI n.s.a. m/m|USD_840030035:CPI|USD_840030036:Core CPI n.s.a.,False,False,False,0.2,0.2,0.3,,0.0,-0.1,ZERO,NEGATIVE,,,-1,1,True,1579021200,2020.01.14 17:00:00,1800,True,True,0.000843,True,True,True,True,True,True,False,False,False,True,True,True,excluded_zero_signal,excluded_zero_signal,excluded_zero_signal,,,
USD_CPI_1579019400,1579019400,2020.01.14 16:30:00,2020,CORE_2015_2025,CPI,USDCAD,BASE,840030005,CPI m/m,True,"840030005,840030006,840030007,840030008",USD_840030009:CPI n.s.a.|USD_840030010:Core CPI|USD_840030030:Real Earnings m/m|USD_840030033:CPI n.s.a. m/m|USD_840030034:Core CPI n.s.a. m/m|USD_840030035:CPI|USD_840030036:Core CPI n.s.a.,False,False,False,0.2,0.2,0.3,,0.0,-0.1,ZERO,NEGATIVE,,,-1,-1,True,1579021200,2020.01.14 17:00:00,1800,True,True,0.000927,True,True,True,True,True,True,False,False,False,True,True,True,excluded_zero_signal,excluded_zero_signal,excluded_zero_signal,,,
USD_CPI_1579019400,1579019400,2020.01.14 16:30:00,2020,CORE_2015_2025,CPI,USDCHF,BASE,840030005,CPI m/m,True,"840030005,840030006,840030007,840030008",USD_840030009:CPI n.s.a.|USD_840030010:Core CPI|USD_840030030:Real Earnings m/m|USD_840030033:CPI n.s.a. m/m|USD_840030034:Core CPI n.s.a. m/m|USD_840030035:CPI|USD_840030036:Core CPI n.s.a.,False,False,False,0.2,0.2,0.3,,0.0,-0.1,ZERO,NEGATIVE,,,-1,-1,True,1579021200,2020.01.14 17:00:00,1800,True,True,0.001047,True,True,True,True,True,True,False,False,False,True,True,True,excluded_zero_signal,excluded_zero_signal,excluded_zero_signal,,,
USD_CPI_1579019400,1579019400,2020.01.14 16:30:00,2020,CORE_2015_2025,CPI,USDJPY,BASE,840030005,CPI m/m,True,"840030005,840030006,840030007,840030008",USD_840030009:CPI n.s.a.|USD_840030010:Core CPI|USD_840030030:Real Earnings m/m|USD_840030033:CPI n.s.a. m/m|USD_840030034:Core CPI n.s.a. m/m|USD_840030035:CPI|USD_840030036:Core CPI n.s.a.,False,False,False,0.2,0.2,0.3,,0.0,-0.1,ZERO,NEGATIVE,,,-1,-1,True,1579021200,2020.01.14 17:00:00,1800,True,True,0.091971,True,True,True,True,True,True,False,False,False,True,True,True,excluded_zero_signal,excluded_zero_signal,excluded_zero_signal,,,
USD_CPI_1581611400,1581611400,2020.02.13 16:30:00,2020,CORE_2015_2025,CPI,AUDUSD,QUOTE,840030005,CPI m/m,True,"840030005,840030006,840030007,840030008",USD_840030009:CPI n.s.a.|USD_840030010:Core CPI|USD_840030030:Real Earnings m/m|USD_840030033:CPI n.s.a. m/m|USD_840030034:Core CPI n.s.a. m/m|USD_840030035:CPI|USD_840030036:Core CPI n.s.a.|USD_840140001:Initial Jobless Claims|USD_840140002:Continuing Jobless Claims|USD_840140003:Initial Jobless Claims 4-Week Average,False,False,False,0.1,0.2,0.2,,-0.1,-0.1,NEGATIVE,NEGATIVE,-1,1,-1,1,True,1581613200,2020.02.13 17:00:00,1800,True,True,0.000901,True,True,True,True,True,True,True,True,True,True,True,True,,,,,,
USD_CPI_1581611400,1581611400,2020.02.13 16:30:00,2020,CORE_2015_2025,CPI,EURUSD,QUOTE,840030005,CPI m/m,True,"840030005,840030006,840030007,840030008",USD_840030009:CPI n.s.a.|USD_840030010:Core CPI|USD_840030030:Real Earnings m/m|USD_840030033:CPI n.s.a. m/m|USD_840030034:Core CPI n.s.a. m/m|USD_840030035:CPI|USD_840030036:Core CPI n.s.a.|USD_840140001:Initial Jobless Claims|USD_840140002:Continuing Jobless Claims|USD_840140003:Initial Jobless Claims 4-Week Average,False,False,False,0.1,0.2,0.2,,-0.1,-0.1,NEGATIVE,NEGATIVE,-1,1,-1,1,True,1581613200,2020.02.13 17:00:00,1800,True,True,0.000952,True,True,True,True,True,True,True,True,True,True,True,True,,,,,,
USD_CPI_1581611400,1581611400,2020.02.13 16:30:00,2020,CORE_2015_2025,CPI,GBPUSD,QUOTE,840030005,CPI m/m,True,"840030005,840030006,840030007,840030008",USD_840030009:CPI n.s.a.|USD_840030010:Core CPI|USD_840030030:Real Earnings m/m|USD_840030033:CPI n.s.a. m/m|USD_840030034:Core CPI n.s.a. m/m|USD_840030035:CPI|USD_840030036:Core CPI n.s.a.|USD_840140001:Initial Jobless Claims|USD_840140002:Continuing Jobless Claims|USD_840140003:Initial Jobless Claims 4-Week Average,False,False,False,0.1,0.2,0.2,,-0.1,-0.1,NEGATIVE,NEGATIVE,-1,1,-1,1,True,1581613200,2020.02.13 17:00:00,1800,True,True,0.001825,True,True,True,True,True,True,True,True,True,True,True,True,,,,,,
USD_CPI_1581611400,1581611400,2020.02.13 16:30:00,2020,CORE_2015_2025,CPI,NZDUSD,QUOTE,840030005,CPI m/m,True,"840030005,840030006,840030007,840030008",USD_840030009:CPI n.s.a.|USD_840030010:Core CPI|USD_840030030:Real Earnings m/m|USD_840030033:CPI n.s.a. m/m|USD_840030034:Core CPI n.s.a. m/m|USD_840030035:CPI|USD_840030036:Core CPI n.s.a.|USD_840140001:Initial Jobless Claims|USD_840140002:Continuing Jobless Claims|USD_840140003:Initial Jobless Claims 4-Week Average,False,False,False,0.1,0.2,0.2,,-0.1,-0.1,NEGATIVE,NEGATIVE,-1,1,-1,1,True,1581613200,2020.02.13 17:00:00,1800,True,True,0.001009,True,True,True,True,True,True,True,True,True,True,True,True,,,,,,
USD_CPI_1581611400,1581611400,2020.02.13 16:30:00,2020,CORE_2015_2025,CPI,USDCAD,BASE,840030005,CPI m/m,True,"840030005,840030006,840030007,840030008",USD_840030009:CPI n.s.a.|USD_840030010:Core CPI|USD_840030030:Real Earnings m/m|USD_840030033:CPI n.s.a. m/m|USD_840030034:Core CPI n.s.a. m/m|USD_840030035:CPI|USD_840030036:Core CPI n.s.a.|USD_840140001:Initial Jobless Claims|USD_840140002:Continuing Jobless Claims|USD_840140003:Initial Jobless Claims 4-Week Average,False,False,False,0.1,0.2,0.2,,-0.1,-0.1,NEGATIVE,NEGATIVE,-1,-1,-1,-1,True,1581613200,2020.02.13 17:00:00,1800,True,True,0.001026,True,True,True,True,True,True,True,True,True,True,True,True,,,,,,
USD_CPI_1581611400,1581611400,2020.02.13 16:30:00,2020,CORE_2015_2025,CPI,USDCHF,BASE,840030005,CPI m/m,True,"840030005,840030006,840030007,840030008",USD_840030009:CPI n.s.a.|USD_840030010:Core CPI|USD_840030030:Real Earnings m/m|USD_840030033:CPI n.s.a. m/m|USD_840030034:Core CPI n.s.a. m/m|USD_840030035:CPI|USD_840030036:Core CPI n.s.a.|USD_840140001:Initial Jobless Claims|USD_840140002:Continuing Jobless Claims|USD_840140003:Initial Jobless Claims 4-Week Average,False,False,False,0.1,0.2,0.2,,-0.1,-0.1,NEGATIVE,NEGATIVE,-1,-1,-1,-1,True,1581613200,2020.02.13 17:00:00,1800,True,True,0.000862,True,True,True,True,True,True,True,True,True,True,True,True,,,,,,
USD_CPI_1581611400,1581611400,2020.02.13 16:30:00,2020,CORE_2015_2025,CPI,USDJPY,BASE,840030005,CPI m/m,True,"840030005,840030006,840030007,840030008",USD_840030009:CPI n.s.a.|USD_840030010:Core CPI|USD_840030030:Real Earnings m/m|USD_840030033:CPI n.s.a. m/m|USD_840030034:Core CPI n.s.a. m/m|USD_840030035:CPI|USD_840030036:Core CPI n.s.a.|USD_840140001:Initial Jobless Claims|USD_840140002:Continuing Jobless Claims|USD_840140003:Initial Jobless Claims 4-Week Average,False,False,False,0.1,0.2,0.2,,-0.1,-0.1,NEGATIVE,NEGATIVE,-1,-1,-1,-1,True,1581613200,2020.02.13 17:00:00,1800,True,True,0.087048,True,True,True,True,True,True,True,True,True,True,True,True,,,,,,
USD_CPI_1583940600,1583940600,2020.03.11 15:30:00,2020,CORE_2015_2025,CPI,AUDUSD,QUOTE,840030005,CPI m/m,True,"840030005,840030006,840030007,840030008",USD_840030009:CPI n.s.a.|USD_840030010:Core CPI|USD_840030030:Real Earnings m/m|USD_840030033:CPI n.s.a. m/m|USD_840030034:Core CPI n.s.a. m/m|USD_840030035:CPI|USD_840030036:Core CPI n.s.a.|GBP_826100001:Annual Budget|CAD_124010002:Capacity Utilization Rate,False,False,False,0.1,0.2,0.1,,-0.1,0.0,NEGATIVE,ZERO,-1,1,,,True,1583942400,2020.03.11 16:00:00,1800,True,True,0.002043,True,True,True,True,True,True,True,True,True,False,False,False,,,,excluded_zero_signal,excluded_zero_signal,excluded_zero_signal
USD_CPI_1583940600,1583940600,2020.03.11 15:30:00,2020,CORE_2015_2025,CPI,EURUSD,QUOTE,840030005,CPI m/m,True,"840030005,840030006,840030007,840030008",USD_840030009:CPI n.s.a.|USD_840030010:Core CPI|USD_840030030:Real Earnings m/m|USD_840030033:CPI n.s.a. m/m|USD_840030034:Core CPI n.s.a. m/m|USD_840030035:CPI|USD_840030036:Core CPI n.s.a.|GBP_826100001:Annual Budget|CAD_124010002:Capacity Utilization Rate,False,False,False,0.1,0.2,0.1,,-0.1,0.0,NEGATIVE,ZERO,-1,1,,,True,1583942400,2020.03.11 16:00:00,1800,True,True,0.002665,True,True,True,True,True,True,True,True,True,False,False,False,,,,excluded_zero_signal,excluded_zero_signal,excluded_zero_signal
USD_CPI_1583940600,1583940600,2020.03.11 15:30:00,2020,CORE_2015_2025,CPI,GBPUSD,QUOTE,840030005,CPI m/m,True,"840030005,840030006,840030007,840030008",USD_840030009:CPI n.s.a.|USD_840030010:Core CPI|USD_840030030:Real Earnings m/m|USD_840030033:CPI n.s.a. m/m|USD_840030034:Core CPI n.s.a. m/m|USD_840030035:CPI|USD_840030036:Core CPI n.s.a.|GBP_826100001:Annual Budget|CAD_124010002:Capacity Utilization Rate,False,False,False,0.1,0.2,0.1,,-0.1,0.0,NEGATIVE,ZERO,-1,1,,,True,1583942400,2020.03.11 16:00:00,1800,True,True,0.003547,True,True,True,True,True,True,True,True,True,False,False,False,,,,excluded_zero_signal,excluded_zero_signal,excluded_zero_signal
USD_CPI_1583940600,1583940600,2020.03.11 15:30:00,2020,CORE_2015_2025,CPI,NZDUSD,QUOTE,840030005,CPI m/m,True,"840030005,840030006,840030007,840030008",USD_840030009:CPI n.s.a.|USD_840030010:Core CPI|USD_840030030:Real Earnings m/m|USD_840030033:CPI n.s.a. m/m|USD_840030034:Core CPI n.s.a. m/m|USD_840030035:CPI|USD_840030036:Core CPI n.s.a.|GBP_826100001:Annual Budget|CAD_124010002:Capacity Utilization Rate,False,False,False,0.1,0.2,0.1,,-0.1,0.0,NEGATIVE,ZERO,-1,1,,,True,1583942400,2020.03.11 16:00:00,1800,True,True,0.001857,True,True,True,True,True,True,True,True,True,False,False,False,,,,excluded_zero_signal,excluded_zero_signal,excluded_zero_signal
USD_CPI_1583940600,1583940600,2020.03.11 15:30:00,2020,CORE_2015_2025,CPI,USDCAD,BASE,840030005,CPI m/m,True,"840030005,840030006,840030007,840030008",USD_840030009:CPI n.s.a.|USD_840030010:Core CPI|USD_840030030:Real Earnings m/m|USD_840030033:CPI n.s.a. m/m|USD_840030034:Core CPI n.s.a. m/m|USD_840030035:CPI|USD_840030036:Core CPI n.s.a.|GBP_826100001:Annual Budget|CAD_124010002:Capacity Utilization Rate,False,False,False,0.1,0.2,0.1,,-0.1,0.0,NEGATIVE,ZERO,-1,-1,,,True,1583942400,2020.03.11 16:00:00,1800,True,True,0.003061,True,True,True,True,True,True,True,True,True,False,False,False,,,,excluded_zero_signal,excluded_zero_signal,excluded_zero_signal
USD_CPI_1583940600,1583940600,2020.03.11 15:30:00,2020,CORE_2015_2025,CPI,USDCHF,BASE,840030005,CPI m/m,True,"840030005,840030006,840030007,840030008",USD_840030009:CPI n.s.a.|USD_840030010:Core CPI|USD_840030030:Real Earnings m/m|USD_840030033:CPI n.s.a. m/m|USD_840030034:Core CPI n.s.a. m/m|USD_840030035:CPI|USD_840030036:Core CPI n.s.a.|GBP_826100001:Annual Budget|CAD_124010002:Capacity Utilization Rate,False,False,False,0.1,0.2,0.1,,-0.1,0.0,NEGATIVE,ZERO,-1,-1,,,True,1583942400,2020.03.11 16:00:00,1800,True,True,0.002566,True,True,True,True,True,True,True,True,True,False,False,False,,,,excluded_zero_signal,excluded_zero_signal,excluded_zero_signal
USD_CPI_1583940600,1583940600,2020.03.11 15:30:00,2020,CORE_2015_2025,CPI,USDJPY,BASE,840030005,CPI m/m,True,"840030005,840030006,840030007,840030008",USD_840030009:CPI n.s.a.|USD_840030010:Core CPI|USD_840030030:Real Earnings m/m|USD_840030033:CPI n.s.a. m/m|USD_840030034:Core CPI n.s.a. m/m|USD_840030035:CPI|USD_840030036:Core CPI n.s.a.|GBP_826100001:Annual Budget|CAD_124010002:Capacity Utilization Rate,False,False,False,0.1,0.2,0.1,,-0.1,0.0,NEGATIVE,ZERO,-1,-1,,,True,1583942400,2020.03.11 16:00:00,1800,True,True,0.496464,True,True,True,True,True,True,True,True,True,False,False,False,,,,excluded_zero_signal,excluded_zero_signal,excluded_zero_signal
USD_CPI_1586532600,1586532600,2020.04.10 15:30:00,2020,CORE_2015_2025,CPI,AUDUSD,QUOTE,840030005,CPI m/m,True,"840030005,840030006,840030007,840030008",USD_840030009:CPI n.s.a.|USD_840030010:Core CPI|USD_840030030:Real Earnings m/m|USD_840030033:CPI n.s.a. m/m|USD_840030034:Core CPI n.s.a. m/m|USD_840030035:CPI|USD_840030036:Core CPI n.s.a.,False,False,False,-0.4,0.1,0.1,,-0.5,-0.5,NEGATIVE,NEGATIVE,-1,1,-1,1,True,1586534400,2020.04.10 16:00:00,1800,True,True,0.001671,True,True,True,True,True,True,True,True,True,True,True,True,,,,,,
USD_CPI_1586532600,1586532600,2020.04.10 15:30:00,2020,CORE_2015_2025,CPI,EURUSD,QUOTE,840030005,CPI m/m,True,"840030005,840030006,840030007,840030008",USD_840030009:CPI n.s.a.|USD_840030010:Core CPI|USD_840030030:Real Earnings m/m|USD_840030033:CPI n.s.a. m/m|USD_840030034:Core CPI n.s.a. m/m|USD_840030035:CPI|USD_840030036:Core CPI n.s.a.,False,False,False,-0.4,0.1,0.1,,-0.5,-0.5,NEGATIVE,NEGATIVE,-1,1,-1,1,True,1586534400,2020.04.10 16:00:00,1800,True,True,0.001372,True,True,True,True,True,True,True,True,True,True,True,True,,,,,,
USD_CPI_1586532600,1586532600,2020.04.10 15:30:00,2020,CORE_2015_2025,CPI,GBPUSD,QUOTE,840030005,CPI m/m,True,"840030005,840030006,840030007,840030008",USD_840030009:CPI n.s.a.|USD_840030010:Core CPI|USD_840030030:Real Earnings m/m|USD_840030033:CPI n.s.a. m/m|USD_840030034:Core CPI n.s.a. m/m|USD_840030035:CPI|USD_840030036:Core CPI n.s.a.,False,False,False,-0.4,0.1,0.1,,-0.5,-0.5,NEGATIVE,NEGATIVE,-1,1,-1,1,True,1586534400,2020.04.10 16:00:00,1800,True,True,0.001833,True,True,True,True,True,True,True,True,True,True,True,True,,,,,,
USD_CPI_1586532600,1586532600,2020.04.10 15:30:00,2020,CORE_2015_2025,CPI,NZDUSD,QUOTE,840030005,CPI m/m,True,"840030005,840030006,840030007,840030008",USD_840030009:CPI n.s.a.|USD_840030010:Core CPI|USD_840030030:Real Earnings m/m|USD_840030033:CPI n.s.a. m/m|USD_840030034:Core CPI n.s.a. m/m|USD_840030035:CPI|USD_840030036:Core CPI n.s.a.,False,False,False,-0.4,0.1,0.1,,-0.5,-0.5,NEGATIVE,NEGATIVE,-1,1,-1,1,True,1586534400,2020.04.10 16:00:00,1800,True,True,0.001605,True,True,True,True,True,True,True,True,True,True,True,True,,,,,,
USD_CPI_1586532600,1586532600,2020.04.10 15:30:00,2020,CORE_2015_2025,CPI,USDCAD,BASE,840030005,CPI m/m,True,"840030005,840030006,840030007,840030008",USD_840030009:CPI n.s.a.|USD_840030010:Core CPI|USD_840030030:Real Earnings m/m|USD_840030033:CPI n.s.a. m/m|USD_840030034:Core CPI n.s.a. m/m|USD_840030035:CPI|USD_840030036:Core CPI n.s.a.,False,False,False,-0.4,0.1,0.1,,-0.5,-0.5,NEGATIVE,NEGATIVE,-1,-1,-1,-1,True,1586534400,2020.04.10 16:00:00,1800,True,True,0.002121,True,True,True,True,True,True,True,True,True,True,True,True,,,,,,
USD_CPI_1586532600,1586532600,2020.04.10 15:30:00,2020,CORE_2015_2025,CPI,USDCHF,BASE,840030005,CPI m/m,True,"840030005,840030006,840030007,840030008",USD_840030009:CPI n.s.a.|USD_840030010:Core CPI|USD_840030030:Real Earnings m/m|USD_840030033:CPI n.s.a. m/m|USD_840030034:Core CPI n.s.a. m/m|USD_840030035:CPI|USD_840030036:Core CPI n.s.a.,False,False,False,-0.4,0.1,0.1,,-0.5,-0.5,NEGATIVE,NEGATIVE,-1,-1,-1,-1,True,1586534400,2020.04.10 16:00:00,1800,True,True,0.001180,True,True,True,True,True,True,True,True,True,True,True,True,,,,,,
USD_CPI_1586532600,1586532600,2020.04.10 15:30:00,2020,CORE_2015_2025,CPI,USDJPY,BASE,840030005,CPI m/m,True,"840030005,840030006,840030007,840030008",USD_840030009:CPI n.s.a.|USD_840030010:Core CPI|USD_840030030:Real Earnings m/m|USD_840030033:CPI n.s.a. m/m|USD_840030034:Core CPI n.s.a. m/m|USD_840030035:CPI|USD_840030036:Core CPI n.s.a.,False,False,False,-0.4,0.1,0.1,,-0.5,-0.5,NEGATIVE,NEGATIVE,-1,-1,-1,-1,True,1586534400,2020.04.10 16:00:00,1800,True,True,0.105883,True,True,True,True,True,True,True,True,True,True,True,True,,,,,,
USD_CPI_1589297400,1589297400,2020.05.12 15:30:00,2020,CORE_2015_2025,CPI,AUDUSD,QUOTE,840030005,CPI m/m,True,"840030005,840030006,840030007,840030008",USD_840030009:CPI n.s.a.|USD_840030010:Core CPI|USD_840030030:Real Earnings m/m|USD_840030033:CPI n.s.a. m/m|USD_840030034:Core CPI n.s.a. m/m|USD_840030035:CPI|USD_840030036:Core CPI n.s.a.,False,False,False,-0.8,0.0,-0.4,,-0.8,-0.4,NEGATIVE,NEGATIVE,-1,1,-1,1,True,1589299200,2020.05.12 16:00:00,1800,True,True,0.001812,True,True,True,True,True,True,True,True,True,True,True,True,,,,,,
USD_CPI_1589297400,1589297400,2020.05.12 15:30:00,2020,CORE_2015_2025,CPI,EURUSD,QUOTE,840030005,CPI m/m,True,"840030005,840030006,840030007,840030008",USD_840030009:CPI n.s.a.|USD_840030010:Core CPI|USD_840030030:Real Earnings m/m|USD_840030033:CPI n.s.a. m/m|USD_840030034:Core CPI n.s.a. m/m|USD_840030035:CPI|USD_840030036:Core CPI n.s.a.,False,False,False,-0.8,0.0,-0.4,,-0.8,-0.4,NEGATIVE,NEGATIVE,-1,1,-1,1,True,1589299200,2020.05.12 16:00:00,1800,True,True,0.001379,True,True,True,True,True,True,True,True,True,True,True,True,,,,,,
USD_CPI_1589297400,1589297400,2020.05.12 15:30:00,2020,CORE_2015_2025,CPI,GBPUSD,QUOTE,840030005,CPI m/m,True,"840030005,840030006,840030007,840030008",USD_840030009:CPI n.s.a.|USD_840030010:Core CPI|USD_840030030:Real Earnings m/m|USD_840030033:CPI n.s.a. m/m|USD_840030034:Core CPI n.s.a. m/m|USD_840030035:CPI|USD_840030036:Core CPI n.s.a.,False,False,False,-0.8,0.0,-0.4,,-0.8,-0.4,NEGATIVE,NEGATIVE,-1,1,-1,1,True,1589299200,2020.05.12 16:00:00,1800,True,True,0.002458,True,True,True,True,True,True,True,True,True,True,True,True,,,,,,
USD_CPI_1589297400,1589297400,2020.05.12 15:30:00,2020,CORE_2015_2025,CPI,NZDUSD,QUOTE,840030005,CPI m/m,True,"840030005,840030006,840030007,840030008",USD_840030009:CPI n.s.a.|USD_840030010:Core CPI|USD_840030030:Real Earnings m/m|USD_840030033:CPI n.s.a. m/m|USD_840030034:Core CPI n.s.a. m/m|USD_840030035:CPI|USD_840030036:Core CPI n.s.a.,False,False,False,-0.8,0.0,-0.4,,-0.8,-0.4,NEGATIVE,NEGATIVE,-1,1,-1,1,True,1589299200,2020.05.12 16:00:00,1800,True,True,0.001521,True,True,True,True,True,True,True,True,True,True,True,True,,,,,,
USD_CPI_1589297400,1589297400,2020.05.12 15:30:00,2020,CORE_2015_2025,CPI,USDCAD,BASE,840030005,CPI m/m,True,"840030005,840030006,840030007,840030008",USD_840030009:CPI n.s.a.|USD_840030010:Core CPI|USD_840030030:Real Earnings m/m|USD_840030033:CPI n.s.a. m/m|USD_840030034:Core CPI n.s.a. m/m|USD_840030035:CPI|USD_840030036:Core CPI n.s.a.,False,False,False,-0.8,0.0,-0.4,,-0.8,-0.4,NEGATIVE,NEGATIVE,-1,-1,-1,-1,True,1589299200,2020.05.12 16:00:00,1800,True,True,0.001935,True,True,True,True,True,True,True,True,True,True,True,True,,,,,,
USD_CPI_1589297400,1589297400,2020.05.12 15:30:00,2020,CORE_2015_2025,CPI,USDCHF,BASE,840030005,CPI m/m,True,"840030005,840030006,840030007,840030008",USD_840030009:CPI n.s.a.|USD_840030010:Core CPI|USD_840030030:Real Earnings m/m|USD_840030033:CPI n.s.a. m/m|USD_840030034:Core CPI n.s.a. m/m|USD_840030035:CPI|USD_840030036:Core CPI n.s.a.,False,False,False,-0.8,0.0,-0.4,,-0.8,-0.4,NEGATIVE,NEGATIVE,-1,-1,-1,-1,True,1589299200,2020.05.12 16:00:00,1800,True,True,0.001140,True,True,True,True,True,True,True,True,True,True,True,True,,,,,,
USD_CPI_1589297400,1589297400,2020.05.12 15:30:00,2020,CORE_2015_2025,CPI,USDJPY,BASE,840030005,CPI m/m,True,"840030005,840030006,840030007,840030008",USD_840030009:CPI n.s.a.|USD_840030010:Core CPI|USD_840030030:Real Earnings m/m|USD_840030033:CPI n.s.a. m/m|USD_840030034:Core CPI n.s.a. m/m|USD_840030035:CPI|USD_840030036:Core CPI n.s.a.,False,False,False,-0.8,0.0,-0.4,,-0.8,-0.4,NEGATIVE,NEGATIVE,-1,-1,-1,-1,True,1589299200,2020.05.12 16:00:00,1800,True,True,0.121280,True,True,True,True,True,True,True,True,True,True,True,True,,,,,,
USD_CPI_1591803000,1591803000,2020.06.10 15:30:00,2020,CORE_2015_2025,CPI,AUDUSD,QUOTE,840030005,CPI m/m,True,"840030005,840030006,840030007,840030008",USD_840030009:CPI n.s.a.|USD_840030010:Core CPI|USD_840030030:Real Earnings m/m|USD_840030033:CPI n.s.a. m/m|USD_840030034:Core CPI n.s.a. m/m|USD_840030035:CPI|USD_840030036:Core CPI n.s.a.,False,False,False,-0.1,-0.2,-0.8,,0.1,0.7,POSITIVE,POSITIVE,1,-1,1,-1,True,1591804800,2020.06.10 16:00:00,1800,True,True,0.001897,True,True,True,True,True,True,True,True,True,True,True,True,,,,,,
USD_CPI_1591803000,1591803000,2020.06.10 15:30:00,2020,CORE_2015_2025,CPI,EURUSD,QUOTE,840030005,CPI m/m,True,"840030005,840030006,840030007,840030008",USD_840030009:CPI n.s.a.|USD_840030010:Core CPI|USD_840030030:Real Earnings m/m|USD_840030033:CPI n.s.a. m/m|USD_840030034:Core CPI n.s.a. m/m|USD_840030035:CPI|USD_840030036:Core CPI n.s.a.,False,False,False,-0.1,-0.2,-0.8,,0.1,0.7,POSITIVE,POSITIVE,1,-1,1,-1,True,1591804800,2020.06.10 16:00:00,1800,True,True,0.001629,True,True,True,True,True,True,True,True,True,True,True,True,,,,,,
USD_CPI_1591803000,1591803000,2020.06.10 15:30:00,2020,CORE_2015_2025,CPI,GBPUSD,QUOTE,840030005,CPI m/m,True,"840030005,840030006,840030007,840030008",USD_840030009:CPI n.s.a.|USD_840030010:Core CPI|USD_840030030:Real Earnings m/m|USD_840030033:CPI n.s.a. m/m|USD_840030034:Core CPI n.s.a. m/m|USD_840030035:CPI|USD_840030036:Core CPI n.s.a.,False,False,False,-0.1,-0.2,-0.8,,0.1,0.7,POSITIVE,POSITIVE,1,-1,1,-1,True,1591804800,2020.06.10 16:00:00,1800,True,True,0.002442,True,True,True,True,True,True,True,True,True,True,True,True,,,,,,
USD_CPI_1591803000,1591803000,2020.06.10 15:30:00,2020,CORE_2015_2025,CPI,NZDUSD,QUOTE,840030005,CPI m/m,True,"840030005,840030006,840030007,840030008",USD_840030009:CPI n.s.a.|USD_840030010:Core CPI|USD_840030030:Real Earnings m/m|USD_840030033:CPI n.s.a. m/m|USD_840030034:Core CPI n.s.a. m/m|USD_840030035:CPI|USD_840030036:Core CPI n.s.a.,False,False,False,-0.1,-0.2,-0.8,,0.1,0.7,POSITIVE,POSITIVE,1,-1,1,-1,True,1591804800,2020.06.10 16:00:00,1800,True,True,0.001515,True,True,True,True,True,True,True,True,True,True,True,True,,,,,,
USD_CPI_1591803000,1591803000,2020.06.10 15:30:00,2020,CORE_2015_2025,CPI,USDCAD,BASE,840030005,CPI m/m,True,"840030005,840030006,840030007,840030008",USD_840030009:CPI n.s.a.|USD_840030010:Core CPI|USD_840030030:Real Earnings m/m|USD_840030033:CPI n.s.a. m/m|USD_840030034:Core CPI n.s.a. m/m|USD_840030035:CPI|USD_840030036:Core CPI n.s.a.,False,False,False,-0.1,-0.2,-0.8,,0.1,0.7,POSITIVE,POSITIVE,1,1,1,1,True,1591804800,2020.06.10 16:00:00,1800,True,True,0.001957,True,True,True,True,True,True,True,True,True,True,True,True,,,,,,
USD_CPI_1591803000,1591803000,2020.06.10 15:30:00,2020,CORE_2015_2025,CPI,USDCHF,BASE,840030005,CPI m/m,True,"840030005,840030006,840030007,840030008",USD_840030009:CPI n.s.a.|USD_840030010:Core CPI|USD_840030030:Real Earnings m/m|USD_840030033:CPI n.s.a. m/m|USD_840030034:Core CPI n.s.a. m/m|USD_840030035:CPI|USD_840030036:Core CPI n.s.a.,False,False,False,-0.1,-0.2,-0.8,,0.1,0.7,POSITIVE,POSITIVE,1,1,1,1,True,1591804800,2020.06.10 16:00:00,1800,True,True,0.001158,True,True,True,True,True,True,True,True,True,True,True,True,,,,,,
USD_CPI_1591803000,1591803000,2020.06.10 15:30:00,2020,CORE_2015_2025,CPI,USDJPY,BASE,840030005,CPI m/m,True,"840030005,840030006,840030007,840030008",USD_840030009:CPI n.s.a.|USD_840030010:Core CPI|USD_840030030:Real Earnings m/m|USD_840030033:CPI n.s.a. m/m|USD_840030034:Core CPI n.s.a. m/m|USD_840030035:CPI|USD_840030036:Core CPI n.s.a.,False,False,False,-0.1,-0.2,-0.8,,0.1,0.7,POSITIVE,POSITIVE,1,1,1,1,True,1591804800,2020.06.10 16:00:00,1800,True,True,0.136867,True,True,True,True,True,True,True,True,True,True,True,True,,,,,,
USD_CPI_1594740600,1594740600,2020.07.14 15:30:00,2020,CORE_2015_2025,CPI,AUDUSD,QUOTE,840030005,CPI m/m,True,"840030005,840030006,840030007,840030008",USD_840030009:CPI n.s.a.|USD_840030010:Core CPI|USD_840030030:Real Earnings m/m|USD_840030033:CPI n.s.a. m/m|USD_840030034:Core CPI n.s.a. m/m|USD_840030035:CPI|USD_840030036:Core CPI n.s.a.,False,False,False,0.6,-0.2,-0.1,,0.8,0.7,POSITIVE,POSITIVE,1,-1,1,-1,True,1594742400,2020.07.14 16:00:00,1800,True,True,0.001259,True,True,True,True,True,True,True,True,True,True,True,True,,,,,,
USD_CPI_1594740600,1594740600,2020.07.14 15:30:00,2020,CORE_2015_2025,CPI,EURUSD,QUOTE,840030005,CPI m/m,True,"840030005,840030006,840030007,840030008",USD_840030009:CPI n.s.a.|USD_840030010:Core CPI|USD_840030030:Real Earnings m/m|USD_840030033:CPI n.s.a. m/m|USD_840030034:Core CPI n.s.a. m/m|USD_840030035:CPI|USD_840030036:Core CPI n.s.a.,False,False,False,0.6,-0.2,-0.1,,0.8,0.7,POSITIVE,POSITIVE,1,-1,1,-1,True,1594742400,2020.07.14 16:00:00,1800,True,True,0.001416,True,True,True,True,True,True,True,True,True,True,True,True,,,,,,
USD_CPI_1594740600,1594740600,2020.07.14 15:30:00,2020,CORE_2015_2025,CPI,GBPUSD,QUOTE,840030005,CPI m/m,True,"840030005,840030006,840030007,840030008",USD_840030009:CPI n.s.a.|USD_840030010:Core CPI|USD_840030030:Real Earnings m/m|USD_840030033:CPI n.s.a. m/m|USD_840030034:Core CPI n.s.a. m/m|USD_840030035:CPI|USD_840030036:Core CPI n.s.a.,False,False,False,0.6,-0.2,-0.1,,0.8,0.7,POSITIVE,POSITIVE,1,-1,1,-1,True,1594742400,2020.07.14 16:00:00,1800,True,True,0.001682,True,True,True,True,True,True,True,True,True,True,True,True,,,,,,
USD_CPI_1594740600,1594740600,2020.07.14 15:30:00,2020,CORE_2015_2025,CPI,NZDUSD,QUOTE,840030005,CPI m/m,True,"840030005,840030006,840030007,840030008",USD_840030009:CPI n.s.a.|USD_840030010:Core CPI|USD_840030030:Real Earnings m/m|USD_840030033:CPI n.s.a. m/m|USD_840030034:Core CPI n.s.a. m/m|USD_840030035:CPI|USD_840030036:Core CPI n.s.a.,False,False,False,0.6,-0.2,-0.1,,0.8,0.7,POSITIVE,POSITIVE,1,-1,1,-1,True,1594742400,2020.07.14 16:00:00,1800,True,True,0.001116,True,True,True,True,True,True,True,True,True,True,True,True,,,,,,
USD_CPI_1594740600,1594740600,2020.07.14 15:30:00,2020,CORE_2015_2025,CPI,USDCAD,BASE,840030005,CPI m/m,True,"840030005,840030006,840030007,840030008",USD_840030009:CPI n.s.a.|USD_840030010:Core CPI|USD_840030030:Real Earnings m/m|USD_840030033:CPI n.s.a. m/m|USD_840030034:Core CPI n.s.a. m/m|USD_840030035:CPI|USD_840030036:Core CPI n.s.a.,False,False,False,0.6,-0.2,-0.1,,0.8,0.7,POSITIVE,POSITIVE,1,1,1,1,True,1594742400,2020.07.14 16:00:00,1800,True,True,0.001508,True,True,True,True,True,True,True,True,True,True,True,True,,,,,,
USD_CPI_1594740600,1594740600,2020.07.14 15:30:00,2020,CORE_2015_2025,CPI,USDCHF,BASE,840030005,CPI m/m,True,"840030005,840030006,840030007,840030008",USD_840030009:CPI n.s.a.|USD_840030010:Core CPI|USD_840030030:Real Earnings m/m|USD_840030033:CPI n.s.a. m/m|USD_840030034:Core CPI n.s.a. m/m|USD_840030035:CPI|USD_840030036:Core CPI n.s.a.,False,False,False,0.6,-0.2,-0.1,,0.8,0.7,POSITIVE,POSITIVE,1,1,1,1,True,1594742400,2020.07.14 16:00:00,1800,True,True,0.000889,True,True,True,True,True,True,True,True,True,True,True,True,,,,,,
USD_CPI_1594740600,1594740600,2020.07.14 15:30:00,2020,CORE_2015_2025,CPI,USDJPY,BASE,840030005,CPI m/m,True,"840030005,840030006,840030007,840030008",USD_840030009:CPI n.s.a.|USD_840030010:Core CPI|USD_840030030:Real Earnings m/m|USD_840030033:CPI n.s.a. m/m|USD_840030034:Core CPI n.s.a. m/m|USD_840030035:CPI|USD_840030036:Core CPI n.s.a.,False,False,False,0.6,-0.2,-0.1,,0.8,0.7,POSITIVE,POSITIVE,1,1,1,1,True,1594742400,2020.07.14 16:00:00,1800,True,True,0.077847,True,True,True,True,True,True,True,True,True,True,True,True,,,,,,
USD_CPI_1597246200,1597246200,2020.08.12 15:30:00,2020,CORE_2015_2025,CPI,AUDUSD,QUOTE,840030005,CPI m/m,True,"840030005,840030006,840030007,840030008",USD_840030009:CPI n.s.a.|USD_840030010:Core CPI|USD_840030030:Real Earnings m/m|USD_840030033:CPI n.s.a. m/m|USD_840030034:Core CPI n.s.a. m/m|USD_840030035:CPI|USD_840030036:Core CPI n.s.a.,False,False,False,0.6,0.3,0.6,,0.3,0.0,POSITIVE,ZERO,1,-1,,,True,1597248000,2020.08.12 16:00:00,1800,True,True,0.001375,True,True,True,True,True,True,True,True,True,False,False,False,,,,excluded_zero_signal,excluded_zero_signal,excluded_zero_signal
USD_CPI_1597246200,1597246200,2020.08.12 15:30:00,2020,CORE_2015_2025,CPI,EURUSD,QUOTE,840030005,CPI m/m,True,"840030005,840030006,840030007,840030008",USD_840030009:CPI n.s.a.|USD_840030010:Core CPI|USD_840030030:Real Earnings m/m|USD_840030033:CPI n.s.a. m/m|USD_840030034:Core CPI n.s.a. m/m|USD_840030035:CPI|USD_840030036:Core CPI n.s.a.,False,False,False,0.6,0.3,0.6,,0.3,0.0,POSITIVE,ZERO,1,-1,,,True,1597248000,2020.08.12 16:00:00,1800,True,True,0.001771,True,True,True,True,True,True,True,True,True,False,False,False,,,,excluded_zero_signal,excluded_zero_signal,excluded_zero_signal
USD_CPI_1597246200,1597246200,2020.08.12 15:30:00,2020,CORE_2015_2025,CPI,GBPUSD,QUOTE,840030005,CPI m/m,True,"840030005,840030006,840030007,840030008",USD_840030009:CPI n.s.a.|USD_840030010:Core CPI|USD_840030030:Real Earnings m/m|USD_840030033:CPI n.s.a. m/m|USD_840030034:Core CPI n.s.a. m/m|USD_840030035:CPI|USD_840030036:Core CPI n.s.a.,False,False,False,0.6,0.3,0.6,,0.3,0.0,POSITIVE,ZERO,1,-1,,,True,1597248000,2020.08.12 16:00:00,1800,True,True,0.002109,True,True,True,True,True,True,True,True,True,False,False,False,,,,excluded_zero_signal,excluded_zero_signal,excluded_zero_signal
USD_CPI_1597246200,1597246200,2020.08.12 15:30:00,2020,CORE_2015_2025,CPI,NZDUSD,QUOTE,840030005,CPI m/m,True,"840030005,840030006,840030007,840030008",USD_840030009:CPI n.s.a.|USD_840030010:Core CPI|USD_840030030:Real Earnings m/m|USD_840030033:CPI n.s.a. m/m|USD_840030034:Core CPI n.s.a. m/m|USD_840030035:CPI|USD_840030036:Core CPI n.s.a.,False,False,False,0.6,0.3,0.6,,0.3,0.0,POSITIVE,ZERO,1,-1,,,True,1597248000,2020.08.12 16:00:00,1800,True,True,0.001402,True,True,True,True,True,True,True,True,True,False,False,False,,,,excluded_zero_signal,excluded_zero_signal,excluded_zero_signal
USD_CPI_1597246200,1597246200,2020.08.12 15:30:00,2020,CORE_2015_2025,CPI,USDCAD,BASE,840030005,CPI m/m,True,"840030005,840030006,840030007,840030008",USD_840030009:CPI n.s.a.|USD_840030010:Core CPI|USD_840030030:Real Earnings m/m|USD_840030033:CPI n.s.a. m/m|USD_840030034:Core CPI n.s.a. m/m|USD_840030035:CPI|USD_840030036:Core CPI n.s.a.,False,False,False,0.6,0.3,0.6,,0.3,0.0,POSITIVE,ZERO,1,1,,,True,1597248000,2020.08.12 16:00:00,1800,True,True,0.001724,True,True,True,True,True,True,True,True,True,False,False,False,,,,excluded_zero_signal,excluded_zero_signal,excluded_zero_signal
USD_CPI_1597246200,1597246200,2020.08.12 15:30:00,2020,CORE_2015_2025,CPI,USDCHF,BASE,840030005,CPI m/m,True,"840030005,840030006,840030007,840030008",USD_840030009:CPI n.s.a.|USD_840030010:Core CPI|USD_840030030:Real Earnings m/m|USD_840030033:CPI n.s.a. m/m|USD_840030034:Core CPI n.s.a. m/m|USD_840030035:CPI|USD_840030036:Core CPI n.s.a.,False,False,False,0.6,0.3,0.6,,0.3,0.0,POSITIVE,ZERO,1,1,,,True,1597248000,2020.08.12 16:00:00,1800,True,True,0.001401,True,True,True,True,True,True,True,True,True,False,False,False,,,,excluded_zero_signal,excluded_zero_signal,excluded_zero_signal
USD_CPI_1597246200,1597246200,2020.08.12 15:30:00,2020,CORE_2015_2025,CPI,USDJPY,BASE,840030005,CPI m/m,True,"840030005,840030006,840030007,840030008",USD_840030009:CPI n.s.a.|USD_840030010:Core CPI|USD_840030030:Real Earnings m/m|USD_840030033:CPI n.s.a. m/m|USD_840030034:Core CPI n.s.a. m/m|USD_840030035:CPI|USD_840030036:Core CPI n.s.a.,False,False,False,0.6,0.3,0.6,,0.3,0.0,POSITIVE,ZERO,1,1,,,True,1597248000,2020.08.12 16:00:00,1800,True,True,0.113088,True,True,True,True,True,True,True,True,True,False,False,False,,,,excluded_zero_signal,excluded_zero_signal,excluded_zero_signal
USD_CPI_1599838200,1599838200,2020.09.11 15:30:00,2020,CORE_2015_2025,CPI,AUDUSD,QUOTE,840030005,CPI m/m,True,"840030005,840030006,840030007,840030008",USD_840030009:CPI n.s.a.|USD_840030010:Core CPI|USD_840030030:Real Earnings m/m|USD_840030033:CPI n.s.a. m/m|USD_840030034:Core CPI n.s.a. m/m|USD_840030035:CPI|USD_840030036:Core CPI n.s.a.|EUR_999010033:ECB Executive Board Member Schnabel Speech|CAD_124010002:Capacity Utilization Rate,False,False,False,0.4,0.6,0.6,,-0.2,-0.2,NEGATIVE,NEGATIVE,-1,1,-1,1,True,1599840000,2020.09.11 16:00:00,1800,True,True,0.001202,True,True,True,True,True,True,True,True,True,True,True,True,,,,,,
USD_CPI_1599838200,1599838200,2020.09.11 15:30:00,2020,CORE_2015_2025,CPI,EURUSD,QUOTE,840030005,CPI m/m,True,"840030005,840030006,840030007,840030008",USD_840030009:CPI n.s.a.|USD_840030010:Core CPI|USD_840030030:Real Earnings m/m|USD_840030033:CPI n.s.a. m/m|USD_840030034:Core CPI n.s.a. m/m|USD_840030035:CPI|USD_840030036:Core CPI n.s.a.|EUR_999010033:ECB Executive Board Member Schnabel Speech|CAD_124010002:Capacity Utilization Rate,False,False,False,0.4,0.6,0.6,,-0.2,-0.2,NEGATIVE,NEGATIVE,-1,1,-1,1,True,1599840000,2020.09.11 16:00:00,1800,True,True,0.001613,True,True,True,True,True,True,True,True,True,True,True,True,,,,,,
USD_CPI_1599838200,1599838200,2020.09.11 15:30:00,2020,CORE_2015_2025,CPI,GBPUSD,QUOTE,840030005,CPI m/m,True,"840030005,840030006,840030007,840030008",USD_840030009:CPI n.s.a.|USD_840030010:Core CPI|USD_840030030:Real Earnings m/m|USD_840030033:CPI n.s.a. m/m|USD_840030034:Core CPI n.s.a. m/m|USD_840030035:CPI|USD_840030036:Core CPI n.s.a.|EUR_999010033:ECB Executive Board Member Schnabel Speech|CAD_124010002:Capacity Utilization Rate,False,False,False,0.4,0.6,0.6,,-0.2,-0.2,NEGATIVE,NEGATIVE,-1,1,-1,1,True,1599840000,2020.09.11 16:00:00,1800,True,True,0.003252,True,True,True,True,True,True,True,True,True,True,True,True,,,,,,
USD_CPI_1599838200,1599838200,2020.09.11 15:30:00,2020,CORE_2015_2025,CPI,NZDUSD,QUOTE,840030005,CPI m/m,True,"840030005,840030006,840030007,840030008",USD_840030009:CPI n.s.a.|USD_840030010:Core CPI|USD_840030030:Real Earnings m/m|USD_840030033:CPI n.s.a. m/m|USD_840030034:Core CPI n.s.a. m/m|USD_840030035:CPI|USD_840030036:Core CPI n.s.a.|EUR_999010033:ECB Executive Board Member Schnabel Speech|CAD_124010002:Capacity Utilization Rate,False,False,False,0.4,0.6,0.6,,-0.2,-0.2,NEGATIVE,NEGATIVE,-1,1,-1,1,True,1599840000,2020.09.11 16:00:00,1800,True,True,0.001121,True,True,True,True,True,True,True,True,True,True,True,True,,,,,,
USD_CPI_1599838200,1599838200,2020.09.11 15:30:00,2020,CORE_2015_2025,CPI,USDCAD,BASE,840030005,CPI m/m,True,"840030005,840030006,840030007,840030008",USD_840030009:CPI n.s.a.|USD_840030010:Core CPI|USD_840030030:Real Earnings m/m|USD_840030033:CPI n.s.a. m/m|USD_840030034:Core CPI n.s.a. m/m|USD_840030035:CPI|USD_840030036:Core CPI n.s.a.|EUR_999010033:ECB Executive Board Member Schnabel Speech|CAD_124010002:Capacity Utilization Rate,False,False,False,0.4,0.6,0.6,,-0.2,-0.2,NEGATIVE,NEGATIVE,-1,-1,-1,-1,True,1599840000,2020.09.11 16:00:00,1800,True,True,0.001395,True,True,True,True,True,True,True,True,True,True,True,True,,,,,,
USD_CPI_1599838200,1599838200,2020.09.11 15:30:00,2020,CORE_2015_2025,CPI,USDCHF,BASE,840030005,CPI m/m,True,"840030005,840030006,840030007,840030008",USD_840030009:CPI n.s.a.|USD_840030010:Core CPI|USD_840030030:Real Earnings m/m|USD_840030033:CPI n.s.a. m/m|USD_840030034:Core CPI n.s.a. m/m|USD_840030035:CPI|USD_840030036:Core CPI n.s.a.|EUR_999010033:ECB Executive Board Member Schnabel Speech|CAD_124010002:Capacity Utilization Rate,False,False,False,0.4,0.6,0.6,,-0.2,-0.2,NEGATIVE,NEGATIVE,-1,-1,-1,-1,True,1599840000,2020.09.11 16:00:00,1800,True,True,0.001051,True,True,True,True,True,True,True,True,True,True,True,True,,,,,,
USD_CPI_1599838200,1599838200,2020.09.11 15:30:00,2020,CORE_2015_2025,CPI,USDJPY,BASE,840030005,CPI m/m,True,"840030005,840030006,840030007,840030008",USD_840030009:CPI n.s.a.|USD_840030010:Core CPI|USD_840030030:Real Earnings m/m|USD_840030033:CPI n.s.a. m/m|USD_840030034:Core CPI n.s.a. m/m|USD_840030035:CPI|USD_840030036:Core CPI n.s.a.|EUR_999010033:ECB Executive Board Member Schnabel Speech|CAD_124010002:Capacity Utilization Rate,False,False,False,0.4,0.6,0.6,,-0.2,-0.2,NEGATIVE,NEGATIVE,-1,-1,-1,-1,True,1599840000,2020.09.11 16:00:00,1800,True,True,0.066237,True,True,True,True,True,True,True,True,True,True,True,True,,,,,,
USD_CPI_1602603000,1602603000,2020.10.13 15:30:00,2020,CORE_2015_2025,CPI,AUDUSD,QUOTE,840030005,CPI m/m,True,"840030005,840030006,840030007,840030008",USD_840030009:CPI n.s.a.|USD_840030010:Core CPI|USD_840030030:Real Earnings m/m|USD_840030033:CPI n.s.a. m/m|USD_840030034:Core CPI n.s.a. m/m|USD_840030035:CPI|USD_840030036:Core CPI n.s.a.,False,False,False,0.2,0.5,0.4,,-0.3,-0.2,NEGATIVE,NEGATIVE,-1,1,-1,1,True,1602604800,2020.10.13 16:00:00,1800,True,True,0.001080,True,True,True,True,True,True,True,True,True,True,True,True,,,,,,
USD_CPI_1602603000,1602603000,2020.10.13 15:30:00,2020,CORE_2015_2025,CPI,EURUSD,QUOTE,840030005,CPI m/m,True,"840030005,840030006,840030007,840030008",USD_840030009:CPI n.s.a.|USD_840030010:Core CPI|USD_840030030:Real Earnings m/m|USD_840030033:CPI n.s.a. m/m|USD_840030034:Core CPI n.s.a. m/m|USD_840030035:CPI|USD_840030036:Core CPI n.s.a.,False,False,False,0.2,0.5,0.4,,-0.3,-0.2,NEGATIVE,NEGATIVE,-1,1,-1,1,True,1602604800,2020.10.13 16:00:00,1800,True,True,0.001009,True,True,True,True,True,True,True,True,True,True,True,True,,,,,,
USD_CPI_1602603000,1602603000,2020.10.13 15:30:00,2020,CORE_2015_2025,CPI,GBPUSD,QUOTE,840030005,CPI m/m,True,"840030005,840030006,840030007,840030008",USD_840030009:CPI n.s.a.|USD_840030010:Core CPI|USD_840030030:Real Earnings m/m|USD_840030033:CPI n.s.a. m/m|USD_840030034:Core CPI n.s.a. m/m|USD_840030035:CPI|USD_840030036:Core CPI n.s.a.,False,False,False,0.2,0.5,0.4,,-0.3,-0.2,NEGATIVE,NEGATIVE,-1,1,-1,1,True,1602604800,2020.10.13 16:00:00,1800,True,True,0.001922,True,True,True,True,True,True,True,True,True,True,True,True,,,,,,
USD_CPI_1602603000,1602603000,2020.10.13 15:30:00,2020,CORE_2015_2025,CPI,NZDUSD,QUOTE,840030005,CPI m/m,True,"840030005,840030006,840030007,840030008",USD_840030009:CPI n.s.a.|USD_840030010:Core CPI|USD_840030030:Real Earnings m/m|USD_840030033:CPI n.s.a. m/m|USD_840030034:Core CPI n.s.a. m/m|USD_840030035:CPI|USD_840030036:Core CPI n.s.a.,False,False,False,0.2,0.5,0.4,,-0.3,-0.2,NEGATIVE,NEGATIVE,-1,1,-1,1,True,1602604800,2020.10.13 16:00:00,1800,True,True,0.000891,True,True,True,True,True,True,True,True,True,True,True,True,,,,,,
USD_CPI_1602603000,1602603000,2020.10.13 15:30:00,2020,CORE_2015_2025,CPI,USDCAD,BASE,840030005,CPI m/m,True,"840030005,840030006,840030007,840030008",USD_840030009:CPI n.s.a.|USD_840030010:Core CPI|USD_840030030:Real Earnings m/m|USD_840030033:CPI n.s.a. m/m|USD_840030034:Core CPI n.s.a. m/m|USD_840030035:CPI|USD_840030036:Core CPI n.s.a.,False,False,False,0.2,0.5,0.4,,-0.3,-0.2,NEGATIVE,NEGATIVE,-1,-1,-1,-1,True,1602604800,2020.10.13 16:00:00,1800,True,True,0.001103,True,True,True,True,True,True,True,True,True,True,True,True,,,,,,
USD_CPI_1602603000,1602603000,2020.10.13 15:30:00,2020,CORE_2015_2025,CPI,USDCHF,BASE,840030005,CPI m/m,True,"840030005,840030006,840030007,840030008",USD_840030009:CPI n.s.a.|USD_840030010:Core CPI|USD_840030030:Real Earnings m/m|USD_840030033:CPI n.s.a. m/m|USD_840030034:Core CPI n.s.a. m/m|USD_840030035:CPI|USD_840030036:Core CPI n.s.a.,False,False,False,0.2,0.5,0.4,,-0.3,-0.2,NEGATIVE,NEGATIVE,-1,-1,-1,-1,True,1602604800,2020.10.13 16:00:00,1800,True,True,0.000819,True,True,True,True,True,True,True,True,True,True,True,True,,,,,,
USD_CPI_1602603000,1602603000,2020.10.13 15:30:00,2020,CORE_2015_2025,CPI,USDJPY,BASE,840030005,CPI m/m,True,"840030005,840030006,840030007,840030008",USD_840030009:CPI n.s.a.|USD_840030010:Core CPI|USD_840030030:Real Earnings m/m|USD_840030033:CPI n.s.a. m/m|USD_840030034:Core CPI n.s.a. m/m|USD_840030035:CPI|USD_840030036:Core CPI n.s.a.,False,False,False,0.2,0.5,0.4,,-0.3,-0.2,NEGATIVE,NEGATIVE,-1,-1,-1,-1,True,1602604800,2020.10.13 16:00:00,1800,True,True,0.071448,True,True,True,True,True,True,True,True,True,True,True,True,,,,,,
USD_CPI_1605198600,1605198600,2020.11.12 16:30:00,2020,CORE_2015_2025,CPI,AUDUSD,QUOTE,840030005,CPI m/m,True,"840030005,840030006,840030007,840030008",USD_840030009:CPI n.s.a.|USD_840030010:Core CPI|USD_840030030:Real Earnings m/m|USD_840030033:CPI n.s.a. m/m|USD_840030034:Core CPI n.s.a. m/m|USD_840030035:CPI|USD_840030036:Core CPI n.s.a.|USD_840140001:Initial Jobless Claims|USD_840140002:Continuing Jobless Claims|USD_840140003:Initial Jobless Claims 4-Week Average,False,False,False,0.0,0.2,0.2,,-0.2,-0.2,NEGATIVE,NEGATIVE,-1,1,-1,1,True,1605200400,2020.11.12 17:00:00,1800,True,True,0.001477,True,True,True,True,True,True,True,True,True,True,True,True,,,,,,
USD_CPI_1605198600,1605198600,2020.11.12 16:30:00,2020,CORE_2015_2025,CPI,EURUSD,QUOTE,840030005,CPI m/m,True,"840030005,840030006,840030007,840030008",USD_840030009:CPI n.s.a.|USD_840030010:Core CPI|USD_840030030:Real Earnings m/m|USD_840030033:CPI n.s.a. m/m|USD_840030034:Core CPI n.s.a. m/m|USD_840030035:CPI|USD_840030036:Core CPI n.s.a.|USD_840140001:Initial Jobless Claims|USD_840140002:Continuing Jobless Claims|USD_840140003:Initial Jobless Claims 4-Week Average,False,False,False,0.0,0.2,0.2,,-0.2,-0.2,NEGATIVE,NEGATIVE,-1,1,-1,1,True,1605200400,2020.11.12 17:00:00,1800,True,True,0.001481,True,True,True,True,True,True,True,True,True,True,True,True,,,,,,
USD_CPI_1605198600,1605198600,2020.11.12 16:30:00,2020,CORE_2015_2025,CPI,GBPUSD,QUOTE,840030005,CPI m/m,True,"840030005,840030006,840030007,840030008",USD_840030009:CPI n.s.a.|USD_840030010:Core CPI|USD_840030030:Real Earnings m/m|USD_840030033:CPI n.s.a. m/m|USD_840030034:Core CPI n.s.a. m/m|USD_840030035:CPI|USD_840030036:Core CPI n.s.a.|USD_840140001:Initial Jobless Claims|USD_840140002:Continuing Jobless Claims|USD_840140003:Initial Jobless Claims 4-Week Average,False,False,False,0.0,0.2,0.2,,-0.2,-0.2,NEGATIVE,NEGATIVE,-1,1,-1,1,True,1605200400,2020.11.12 17:00:00,1800,True,True,0.002455,True,True,True,True,True,True,True,True,True,True,True,True,,,,,,
USD_CPI_1605198600,1605198600,2020.11.12 16:30:00,2020,CORE_2015_2025,CPI,NZDUSD,QUOTE,840030005,CPI m/m,True,"840030005,840030006,840030007,840030008",USD_840030009:CPI n.s.a.|USD_840030010:Core CPI|USD_840030030:Real Earnings m/m|USD_840030033:CPI n.s.a. m/m|USD_840030034:Core CPI n.s.a. m/m|USD_840030035:CPI|USD_840030036:Core CPI n.s.a.|USD_840140001:Initial Jobless Claims|USD_840140002:Continuing Jobless Claims|USD_840140003:Initial Jobless Claims 4-Week Average,False,False,False,0.0,0.2,0.2,,-0.2,-0.2,NEGATIVE,NEGATIVE,-1,1,-1,1,True,1605200400,2020.11.12 17:00:00,1800,True,True,0.001368,True,True,True,True,True,True,True,True,True,True,True,True,,,,,,
USD_CPI_1605198600,1605198600,2020.11.12 16:30:00,2020,CORE_2015_2025,CPI,USDCAD,BASE,840030005,CPI m/m,True,"840030005,840030006,840030007,840030008",USD_840030009:CPI n.s.a.|USD_840030010:Core CPI|USD_840030030:Real Earnings m/m|USD_840030033:CPI n.s.a. m/m|USD_840030034:Core CPI n.s.a. m/m|USD_840030035:CPI|USD_840030036:Core CPI n.s.a.|USD_840140001:Initial Jobless Claims|USD_840140002:Continuing Jobless Claims|USD_840140003:Initial Jobless Claims 4-Week Average,False,False,False,0.0,0.2,0.2,,-0.2,-0.2,NEGATIVE,NEGATIVE,-1,-1,-1,-1,True,1605200400,2020.11.12 17:00:00,1800,True,True,0.001747,True,True,True,True,True,True,True,True,True,True,True,True,,,,,,
USD_CPI_1605198600,1605198600,2020.11.12 16:30:00,2020,CORE_2015_2025,CPI,USDCHF,BASE,840030005,CPI m/m,True,"840030005,840030006,840030007,840030008",USD_840030009:CPI n.s.a.|USD_840030010:Core CPI|USD_840030030:Real Earnings m/m|USD_840030033:CPI n.s.a. m/m|USD_840030034:Core CPI n.s.a. m/m|USD_840030035:CPI|USD_840030036:Core CPI n.s.a.|USD_840140001:Initial Jobless Claims|USD_840140002:Continuing Jobless Claims|USD_840140003:Initial Jobless Claims 4-Week Average,False,False,False,0.0,0.2,0.2,,-0.2,-0.2,NEGATIVE,NEGATIVE,-1,-1,-1,-1,True,1605200400,2020.11.12 17:00:00,1800,True,True,0.001155,True,True,True,True,True,True,True,True,True,True,True,True,,,,,,
USD_CPI_1605198600,1605198600,2020.11.12 16:30:00,2020,CORE_2015_2025,CPI,USDJPY,BASE,840030005,CPI m/m,True,"840030005,840030006,840030007,840030008",USD_840030009:CPI n.s.a.|USD_840030010:Core CPI|USD_840030030:Real Earnings m/m|USD_840030033:CPI n.s.a. m/m|USD_840030034:Core CPI n.s.a. m/m|USD_840030035:CPI|USD_840030036:Core CPI n.s.a.|USD_840140001:Initial Jobless Claims|USD_840140002:Continuing Jobless Claims|USD_840140003:Initial Jobless Claims 4-Week Average,False,False,False,0.0,0.2,0.2,,-0.2,-0.2,NEGATIVE,NEGATIVE,-1,-1,-1,-1,True,1605200400,2020.11.12 17:00:00,1800,True,True,0.110667,True,True,True,True,True,True,True,True,True,True,True,True,,,,,,
USD_CPI_1607617800,1607617800,2020.12.10 16:30:00,2020,CORE_2015_2025,CPI,AUDUSD,QUOTE,840030005,CPI m/m,True,"840030005,840030006,840030007,840030008",USD_840030009:CPI n.s.a.|USD_840030010:Core CPI|USD_840030030:Real Earnings m/m|USD_840030033:CPI n.s.a. m/m|USD_840030034:Core CPI n.s.a. m/m|USD_840030035:CPI|USD_840030036:Core CPI n.s.a.|USD_840140001:Initial Jobless Claims|USD_840140002:Continuing Jobless Claims|USD_840140003:Initial Jobless Claims 4-Week Average|EUR_999010003:ECB Monetary Policy Press Conference,False,False,False,0.2,0.0,0.0,,0.2,0.2,POSITIVE,POSITIVE,1,-1,1,-1,True,1607619600,2020.12.10 17:00:00,1800,True,True,0.001373,True,True,True,True,True,True,True,True,True,True,True,True,,,,,,
USD_CPI_1607617800,1607617800,2020.12.10 16:30:00,2020,CORE_2015_2025,CPI,EURUSD,QUOTE,840030005,CPI m/m,True,"840030005,840030006,840030007,840030008",USD_840030009:CPI n.s.a.|USD_840030010:Core CPI|USD_840030030:Real Earnings m/m|USD_840030033:CPI n.s.a. m/m|USD_840030034:Core CPI n.s.a. m/m|USD_840030035:CPI|USD_840030036:Core CPI n.s.a.|USD_840140001:Initial Jobless Claims|USD_840140002:Continuing Jobless Claims|USD_840140003:Initial Jobless Claims 4-Week Average|EUR_999010003:ECB Monetary Policy Press Conference,False,False,False,0.2,0.0,0.0,,0.2,0.2,POSITIVE,POSITIVE,1,-1,1,-1,True,1607619600,2020.12.10 17:00:00,1800,True,True,0.001545,True,True,True,True,True,True,True,True,True,True,True,True,,,,,,
USD_CPI_1607617800,1607617800,2020.12.10 16:30:00,2020,CORE_2015_2025,CPI,GBPUSD,QUOTE,840030005,CPI m/m,True,"840030005,840030006,840030007,840030008",USD_840030009:CPI n.s.a.|USD_840030010:Core CPI|USD_840030030:Real Earnings m/m|USD_840030033:CPI n.s.a. m/m|USD_840030034:Core CPI n.s.a. m/m|USD_840030035:CPI|USD_840030036:Core CPI n.s.a.|USD_840140001:Initial Jobless Claims|USD_840140002:Continuing Jobless Claims|USD_840140003:Initial Jobless Claims 4-Week Average|EUR_999010003:ECB Monetary Policy Press Conference,False,False,False,0.2,0.0,0.0,,0.2,0.2,POSITIVE,POSITIVE,1,-1,1,-1,True,1607619600,2020.12.10 17:00:00,1800,True,True,0.003131,True,True,True,True,True,True,True,True,True,True,True,True,,,,,,
USD_CPI_1607617800,1607617800,2020.12.10 16:30:00,2020,CORE_2015_2025,CPI,NZDUSD,QUOTE,840030005,CPI m/m,True,"840030005,840030006,840030007,840030008",USD_840030009:CPI n.s.a.|USD_840030010:Core CPI|USD_840030030:Real Earnings m/m|USD_840030033:CPI n.s.a. m/m|USD_840030034:Core CPI n.s.a. m/m|USD_840030035:CPI|USD_840030036:Core CPI n.s.a.|USD_840140001:Initial Jobless Claims|USD_840140002:Continuing Jobless Claims|USD_840140003:Initial Jobless Claims 4-Week Average|EUR_999010003:ECB Monetary Policy Press Conference,False,False,False,0.2,0.0,0.0,,0.2,0.2,POSITIVE,POSITIVE,1,-1,1,-1,True,1607619600,2020.12.10 17:00:00,1800,True,True,0.001190,True,True,True,True,True,True,True,True,True,True,True,True,,,,,,
USD_CPI_1607617800,1607617800,2020.12.10 16:30:00,2020,CORE_2015_2025,CPI,USDCAD,BASE,840030005,CPI m/m,True,"840030005,840030006,840030007,840030008",USD_840030009:CPI n.s.a.|USD_840030010:Core CPI|USD_840030030:Real Earnings m/m|USD_840030033:CPI n.s.a. m/m|USD_840030034:Core CPI n.s.a. m/m|USD_840030035:CPI|USD_840030036:Core CPI n.s.a.|USD_840140001:Initial Jobless Claims|USD_840140002:Continuing Jobless Claims|USD_840140003:Initial Jobless Claims 4-Week Average|EUR_999010003:ECB Monetary Policy Press Conference,False,False,False,0.2,0.0,0.0,,0.2,0.2,POSITIVE,POSITIVE,1,1,1,1,True,1607619600,2020.12.10 17:00:00,1800,True,True,0.001470,True,True,True,True,True,True,True,True,True,True,True,True,,,,,,
USD_CPI_1607617800,1607617800,2020.12.10 16:30:00,2020,CORE_2015_2025,CPI,USDCHF,BASE,840030005,CPI m/m,True,"840030005,840030006,840030007,840030008",USD_840030009:CPI n.s.a.|USD_840030010:Core CPI|USD_840030030:Real Earnings m/m|USD_840030033:CPI n.s.a. m/m|USD_840030034:Core CPI n.s.a. m/m|USD_840030035:CPI|USD_840030036:Core CPI n.s.a.|USD_840140001:Initial Jobless Claims|USD_840140002:Continuing Jobless Claims|USD_840140003:Initial Jobless Claims 4-Week Average|EUR_999010003:ECB Monetary Policy Press Conference,False,False,False,0.2,0.0,0.0,,0.2,0.2,POSITIVE,POSITIVE,1,1,1,1,True,1607619600,2020.12.10 17:00:00,1800,True,True,0.001047,True,True,True,True,True,True,True,True,True,True,True,True,,,,,,
USD_CPI_1607617800,1607617800,2020.12.10 16:30:00,2020,CORE_2015_2025,CPI,USDJPY,BASE,840030005,CPI m/m,True,"840030005,840030006,840030007,840030008",USD_840030009:CPI n.s.a.|USD_840030010:Core CPI|USD_840030030:Real Earnings m/m|USD_840030033:CPI n.s.a. m/m|USD_840030034:Core CPI n.s.a. m/m|USD_840030035:CPI|USD_840030036:Core CPI n.s.a.|USD_840140001:Initial Jobless Claims|USD_840140002:Continuing Jobless Claims|USD_840140003:Initial Jobless Claims 4-Week Average|EUR_999010003:ECB Monetary Policy Press Conference,False,False,False,0.2,0.0,0.0,,0.2,0.2,POSITIVE,POSITIVE,1,1,1,1,True,1607619600,2020.12.10 17:00:00,1800,True,True,0.087829,True,True,True,True,True,True,True,True,True,True,True,True,,,,,,
USD_CPI_1610555400,1610555400,2021.01.13 16:30:00,2021,CORE_2015_2025,CPI,AUDUSD,QUOTE,840030005,CPI m/m,True,"840030005,840030006,840030007,840030008",USD_840030009:CPI n.s.a.|USD_840030010:Core CPI|USD_840030030:Real Earnings m/m|USD_840030033:CPI n.s.a. m/m|USD_840030034:Core CPI n.s.a. m/m|USD_840030035:CPI|USD_840030036:Core CPI n.s.a.,False,False,False,0.4,0.0,0.2,,0.4,0.2,POSITIVE,POSITIVE,1,-1,1,-1,True,1610557200,2021.01.13 17:00:00,1800,True,True,0.001416,True,True,True,True,True,True,True,True,True,True,True,True,,,,,,
USD_CPI_1610555400,1610555400,2021.01.13 16:30:00,2021,CORE_2015_2025,CPI,EURUSD,QUOTE,840030005,CPI m/m,True,"840030005,840030006,840030007,840030008",USD_840030009:CPI n.s.a.|USD_840030010:Core CPI|USD_840030030:Real Earnings m/m|USD_840030033:CPI n.s.a. m/m|USD_840030034:Core CPI n.s.a. m/m|USD_840030035:CPI|USD_840030036:Core CPI n.s.a.,False,False,False,0.4,0.0,0.2,,0.4,0.2,POSITIVE,POSITIVE,1,-1,1,-1,True,1610557200,2021.01.13 17:00:00,1800,True,True,0.001463,True,True,True,True,True,True,True,True,True,True,True,True,,,,,,
USD_CPI_1610555400,1610555400,2021.01.13 16:30:00,2021,CORE_2015_2025,CPI,GBPUSD,QUOTE,840030005,CPI m/m,True,"840030005,840030006,840030007,840030008",USD_840030009:CPI n.s.a.|USD_840030010:Core CPI|USD_840030030:Real Earnings m/m|USD_840030033:CPI n.s.a. m/m|USD_840030034:Core CPI n.s.a. m/m|USD_840030035:CPI|USD_840030036:Core CPI n.s.a.,False,False,False,0.4,0.0,0.2,,0.4,0.2,POSITIVE,POSITIVE,1,-1,1,-1,True,1610557200,2021.01.13 17:00:00,1800,True,True,0.001957,True,True,True,True,True,True,True,True,True,True,True,True,,,,,,
USD_CPI_1610555400,1610555400,2021.01.13 16:30:00,2021,CORE_2015_2025,CPI,NZDUSD,QUOTE,840030005,CPI m/m,True,"840030005,840030006,840030007,840030008",USD_840030009:CPI n.s.a.|USD_840030010:Core CPI|USD_840030030:Real Earnings m/m|USD_840030033:CPI n.s.a. m/m|USD_840030034:Core CPI n.s.a. m/m|USD_840030035:CPI|USD_840030036:Core CPI n.s.a.,False,False,False,0.4,0.0,0.2,,0.4,0.2,POSITIVE,POSITIVE,1,-1,1,-1,True,1610557200,2021.01.13 17:00:00,1800,True,True,0.001362,True,True,True,True,True,True,True,True,True,True,True,True,,,,,,
USD_CPI_1610555400,1610555400,2021.01.13 16:30:00,2021,CORE_2015_2025,CPI,USDCAD,BASE,840030005,CPI m/m,True,"840030005,840030006,840030007,840030008",USD_840030009:CPI n.s.a.|USD_840030010:Core CPI|USD_840030030:Real Earnings m/m|USD_840030033:CPI n.s.a. m/m|USD_840030034:Core CPI n.s.a. m/m|USD_840030035:CPI|USD_840030036:Core CPI n.s.a.,False,False,False,0.4,0.0,0.2,,0.4,0.2,POSITIVE,POSITIVE,1,1,1,1,True,1610557200,2021.01.13 17:00:00,1800,True,True,0.001453,True,True,True,True,True,True,True,True,True,True,True,True,,,,,,
USD_CPI_1610555400,1610555400,2021.01.13 16:30:00,2021,CORE_2015_2025,CPI,USDCHF,BASE,840030005,CPI m/m,True,"840030005,840030006,840030007,840030008",USD_840030009:CPI n.s.a.|USD_840030010:Core CPI|USD_840030030:Real Earnings m/m|USD_840030033:CPI n.s.a. m/m|USD_840030034:Core CPI n.s.a. m/m|USD_840030035:CPI|USD_840030036:Core CPI n.s.a.,False,False,False,0.4,0.0,0.2,,0.4,0.2,POSITIVE,POSITIVE,1,1,1,1,True,1610557200,2021.01.13 17:00:00,1800,True,True,0.001008,True,True,True,True,True,True,True,True,True,True,True,True,,,,,,
USD_CPI_1610555400,1610555400,2021.01.13 16:30:00,2021,CORE_2015_2025,CPI,USDJPY,BASE,840030005,CPI m/m,True,"840030005,840030006,840030007,840030008",USD_840030009:CPI n.s.a.|USD_840030010:Core CPI|USD_840030030:Real Earnings m/m|USD_840030033:CPI n.s.a. m/m|USD_840030034:Core CPI n.s.a. m/m|USD_840030035:CPI|USD_840030036:Core CPI n.s.a.,False,False,False,0.4,0.0,0.2,,0.4,0.2,POSITIVE,POSITIVE,1,1,1,1,True,1610557200,2021.01.13 17:00:00,1800,True,True,0.102469,True,True,True,True,True,True,True,True,True,True,True,True,,,,,,
USD_CPI_1612974600,1612974600,2021.02.10 16:30:00,2021,CORE_2015_2025,CPI,AUDUSD,QUOTE,840030005,CPI m/m,True,"840030005,840030006,840030007,840030008",USD_840030009:CPI n.s.a.|USD_840030010:Core CPI|USD_840030030:Real Earnings m/m|USD_840030033:CPI n.s.a. m/m|USD_840030034:Core CPI n.s.a. m/m|USD_840030035:CPI|USD_840030036:Core CPI n.s.a.,False,False,False,0.3,0.2,0.4,0.2,0.1,-0.1,POSITIVE,NEGATIVE,1,-1,-1,1,True,1612976400,2021.02.10 17:00:00,1800,True,True,0.001255,True,True,True,True,True,True,True,True,True,True,True,True,,,,,,
USD_CPI_1612974600,1612974600,2021.02.10 16:30:00,2021,CORE_2015_2025,CPI,EURUSD,QUOTE,840030005,CPI m/m,True,"840030005,840030006,840030007,840030008",USD_840030009:CPI n.s.a.|USD_840030010:Core CPI|USD_840030030:Real Earnings m/m|USD_840030033:CPI n.s.a. m/m|USD_840030034:Core CPI n.s.a. m/m|USD_840030035:CPI|USD_840030036:Core CPI n.s.a.,False,False,False,0.3,0.2,0.4,0.2,0.1,-0.1,POSITIVE,NEGATIVE,1,-1,-1,1,True,1612976400,2021.02.10 17:00:00,1800,True,True,0.001151,True,True,True,True,True,True,True,True,True,True,True,True,,,,,,
USD_CPI_1612974600,1612974600,2021.02.10 16:30:00,2021,CORE_2015_2025,CPI,GBPUSD,QUOTE,840030005,CPI m/m,True,"840030005,840030006,840030007,840030008",USD_840030009:CPI n.s.a.|USD_840030010:Core CPI|USD_840030030:Real Earnings m/m|USD_840030033:CPI n.s.a. m/m|USD_840030034:Core CPI n.s.a. m/m|USD_840030035:CPI|USD_840030036:Core CPI n.s.a.,False,False,False,0.3,0.2,0.4,0.2,0.1,-0.1,POSITIVE,NEGATIVE,1,-1,-1,1,True,1612976400,2021.02.10 17:00:00,1800,True,True,0.001439,True,True,True,True,True,True,True,True,True,True,True,True,,,,,,
USD_CPI_1612974600,1612974600,2021.02.10 16:30:00,2021,CORE_2015_2025,CPI,NZDUSD,QUOTE,840030005,CPI m/m,True,"840030005,840030006,840030007,840030008",USD_840030009:CPI n.s.a.|USD_840030010:Core CPI|USD_840030030:Real Earnings m/m|USD_840030033:CPI n.s.a. m/m|USD_840030034:Core CPI n.s.a. m/m|USD_840030035:CPI|USD_840030036:Core CPI n.s.a.,False,False,False,0.3,0.2,0.4,0.2,0.1,-0.1,POSITIVE,NEGATIVE,1,-1,-1,1,True,1612976400,2021.02.10 17:00:00,1800,True,True,0.001271,True,True,True,True,True,True,True,True,True,True,True,True,,,,,,
USD_CPI_1612974600,1612974600,2021.02.10 16:30:00,2021,CORE_2015_2025,CPI,USDCAD,BASE,840030005,CPI m/m,True,"840030005,840030006,840030007,840030008",USD_840030009:CPI n.s.a.|USD_840030010:Core CPI|USD_840030030:Real Earnings m/m|USD_840030033:CPI n.s.a. m/m|USD_840030034:Core CPI n.s.a. m/m|USD_840030035:CPI|USD_840030036:Core CPI n.s.a.,False,False,False,0.3,0.2,0.4,0.2,0.1,-0.1,POSITIVE,NEGATIVE,1,1,-1,-1,True,1612976400,2021.02.10 17:00:00,1800,True,True,0.001396,True,True,True,True,True,True,True,True,True,True,True,True,,,,,,
USD_CPI_1612974600,1612974600,2021.02.10 16:30:00,2021,CORE_2015_2025,CPI,USDCHF,BASE,840030005,CPI m/m,True,"840030005,840030006,840030007,840030008",USD_840030009:CPI n.s.a.|USD_840030010:Core CPI|USD_840030030:Real Earnings m/m|USD_840030033:CPI n.s.a. m/m|USD_840030034:Core CPI n.s.a. m/m|USD_840030035:CPI|USD_840030036:Core CPI n.s.a.,False,False,False,0.3,0.2,0.4,0.2,0.1,-0.1,POSITIVE,NEGATIVE,1,1,-1,-1,True,1612976400,2021.02.10 17:00:00,1800,True,True,0.000932,True,True,True,True,True,True,True,True,True,True,True,True,,,,,,
USD_CPI_1612974600,1612974600,2021.02.10 16:30:00,2021,CORE_2015_2025,CPI,USDJPY,BASE,840030005,CPI m/m,True,"840030005,840030006,840030007,840030008",USD_840030009:CPI n.s.a.|USD_840030010:Core CPI|USD_840030030:Real Earnings m/m|USD_840030033:CPI n.s.a. m/m|USD_840030034:Core CPI n.s.a. m/m|USD_840030035:CPI|USD_840030036:Core CPI n.s.a.,False,False,False,0.3,0.2,0.4,0.2,0.1,-0.1,POSITIVE,NEGATIVE,1,1,-1,-1,True,1612976400,2021.02.10 17:00:00,1800,True,True,0.118699,True,True,True,True,True,True,True,True,True,True,True,True,,,,,,
USD_CPI_1615393800,1615393800,2021.03.10 16:30:00,2021,CORE_2015_2025,CPI,AUDUSD,QUOTE,840030005,CPI m/m,True,"840030005,840030006,840030007,840030008",USD_840030009:CPI n.s.a.|USD_840030010:Core CPI|USD_840030030:Real Earnings m/m|USD_840030033:CPI n.s.a. m/m|USD_840030034:Core CPI n.s.a. m/m|USD_840030035:CPI|USD_840030036:Core CPI n.s.a.,False,False,False,0.4,0.4,0.3,,0.0,0.1,ZERO,POSITIVE,,,1,-1,True,1615395600,2021.03.10 17:00:00,1800,True,True,0.001615,True,True,True,True,True,True,False,False,False,True,True,True,excluded_zero_signal,excluded_zero_signal,excluded_zero_signal,,,
USD_CPI_1615393800,1615393800,2021.03.10 16:30:00,2021,CORE_2015_2025,CPI,EURUSD,QUOTE,840030005,CPI m/m,True,"840030005,840030006,840030007,840030008",USD_840030009:CPI n.s.a.|USD_840030010:Core CPI|USD_840030030:Real Earnings m/m|USD_840030033:CPI n.s.a. m/m|USD_840030034:Core CPI n.s.a. m/m|USD_840030035:CPI|USD_840030036:Core CPI n.s.a.,False,False,False,0.4,0.4,0.3,,0.0,0.1,ZERO,POSITIVE,,,1,-1,True,1615395600,2021.03.10 17:00:00,1800,True,True,0.001343,True,True,True,True,True,True,False,False,False,True,True,True,excluded_zero_signal,excluded_zero_signal,excluded_zero_signal,,,
USD_CPI_1615393800,1615393800,2021.03.10 16:30:00,2021,CORE_2015_2025,CPI,GBPUSD,QUOTE,840030005,CPI m/m,True,"840030005,840030006,840030007,840030008",USD_840030009:CPI n.s.a.|USD_840030010:Core CPI|USD_840030030:Real Earnings m/m|USD_840030033:CPI n.s.a. m/m|USD_840030034:Core CPI n.s.a. m/m|USD_840030035:CPI|USD_840030036:Core CPI n.s.a.,False,False,False,0.4,0.4,0.3,,0.0,0.1,ZERO,POSITIVE,,,1,-1,True,1615395600,2021.03.10 17:00:00,1800,True,True,0.002326,True,True,True,True,True,True,False,False,False,True,True,True,excluded_zero_signal,excluded_zero_signal,excluded_zero_signal,,,
USD_CPI_1615393800,1615393800,2021.03.10 16:30:00,2021,CORE_2015_2025,CPI,NZDUSD,QUOTE,840030005,CPI m/m,True,"840030005,840030006,840030007,840030008",USD_840030009:CPI n.s.a.|USD_840030010:Core CPI|USD_840030030:Real Earnings m/m|USD_840030033:CPI n.s.a. m/m|USD_840030034:Core CPI n.s.a. m/m|USD_840030035:CPI|USD_840030036:Core CPI n.s.a.,False,False,False,0.4,0.4,0.3,,0.0,0.1,ZERO,POSITIVE,,,1,-1,True,1615395600,2021.03.10 17:00:00,1800,True,True,0.001446,True,True,True,True,True,True,False,False,False,True,True,True,excluded_zero_signal,excluded_zero_signal,excluded_zero_signal,,,
USD_CPI_1615393800,1615393800,2021.03.10 16:30:00,2021,CORE_2015_2025,CPI,USDCAD,BASE,840030005,CPI m/m,True,"840030005,840030006,840030007,840030008",USD_840030009:CPI n.s.a.|USD_840030010:Core CPI|USD_840030030:Real Earnings m/m|USD_840030033:CPI n.s.a. m/m|USD_840030034:Core CPI n.s.a. m/m|USD_840030035:CPI|USD_840030036:Core CPI n.s.a.,False,False,False,0.4,0.4,0.3,,0.0,0.1,ZERO,POSITIVE,,,1,1,True,1615395600,2021.03.10 17:00:00,1800,True,True,0.001574,True,True,True,True,True,True,False,False,False,True,True,True,excluded_zero_signal,excluded_zero_signal,excluded_zero_signal,,,
USD_CPI_1615393800,1615393800,2021.03.10 16:30:00,2021,CORE_2015_2025,CPI,USDCHF,BASE,840030005,CPI m/m,True,"840030005,840030006,840030007,840030008",USD_840030009:CPI n.s.a.|USD_840030010:Core CPI|USD_840030030:Real Earnings m/m|USD_840030033:CPI n.s.a. m/m|USD_840030034:Core CPI n.s.a. m/m|USD_840030035:CPI|USD_840030036:Core CPI n.s.a.,False,False,False,0.4,0.4,0.3,,0.0,0.1,ZERO,POSITIVE,,,1,1,True,1615395600,2021.03.10 17:00:00,1800,True,True,0.001321,True,True,True,True,True,True,False,False,False,True,True,True,excluded_zero_signal,excluded_zero_signal,excluded_zero_signal,,,
USD_CPI_1615393800,1615393800,2021.03.10 16:30:00,2021,CORE_2015_2025,CPI,USDJPY,BASE,840030005,CPI m/m,True,"840030005,840030006,840030007,840030008",USD_840030009:CPI n.s.a.|USD_840030010:Core CPI|USD_840030030:Real Earnings m/m|USD_840030033:CPI n.s.a. m/m|USD_840030034:Core CPI n.s.a. m/m|USD_840030035:CPI|USD_840030036:Core CPI n.s.a.,False,False,False,0.4,0.4,0.3,,0.0,0.1,ZERO,POSITIVE,,,1,1,True,1615395600,2021.03.10 17:00:00,1800,True,True,0.153520,True,True,True,True,True,True,False,False,False,True,True,True,excluded_zero_signal,excluded_zero_signal,excluded_zero_signal,,,
USD_CPI_1618327800,1618327800,2021.04.13 15:30:00,2021,CORE_2015_2025,CPI,AUDUSD,QUOTE,840030005,CPI m/m,True,"840030005,840030006,840030007,840030008",USD_840030009:CPI n.s.a.|USD_840030010:Core CPI|USD_840030030:Real Earnings m/m|USD_840030033:CPI n.s.a. m/m|USD_840030034:Core CPI n.s.a. m/m|USD_840030035:CPI|USD_840030036:Core CPI n.s.a.,False,False,False,0.6,0.4,0.4,,0.2,0.2,POSITIVE,POSITIVE,1,-1,1,-1,True,1618329600,2021.04.13 16:00:00,1800,True,True,0.001112,True,True,True,True,True,True,True,True,True,True,True,True,,,,,,
USD_CPI_1618327800,1618327800,2021.04.13 15:30:00,2021,CORE_2015_2025,CPI,EURUSD,QUOTE,840030005,CPI m/m,True,"840030005,840030006,840030007,840030008",USD_840030009:CPI n.s.a.|USD_840030010:Core CPI|USD_840030030:Real Earnings m/m|USD_840030033:CPI n.s.a. m/m|USD_840030034:Core CPI n.s.a. m/m|USD_840030035:CPI|USD_840030036:Core CPI n.s.a.,False,False,False,0.6,0.4,0.4,,0.2,0.2,POSITIVE,POSITIVE,1,-1,1,-1,True,1618329600,2021.04.13 16:00:00,1800,True,True,0.001066,True,True,True,True,True,True,True,True,True,True,True,True,,,,,,
USD_CPI_1618327800,1618327800,2021.04.13 15:30:00,2021,CORE_2015_2025,CPI,GBPUSD,QUOTE,840030005,CPI m/m,True,"840030005,840030006,840030007,840030008",USD_840030009:CPI n.s.a.|USD_840030010:Core CPI|USD_840030030:Real Earnings m/m|USD_840030033:CPI n.s.a. m/m|USD_840030034:Core CPI n.s.a. m/m|USD_840030035:CPI|USD_840030036:Core CPI n.s.a.,False,False,False,0.6,0.4,0.4,,0.2,0.2,POSITIVE,POSITIVE,1,-1,1,-1,True,1618329600,2021.04.13 16:00:00,1800,True,True,0.001762,True,True,True,True,True,True,True,True,True,True,True,True,,,,,,
USD_CPI_1618327800,1618327800,2021.04.13 15:30:00,2021,CORE_2015_2025,CPI,NZDUSD,QUOTE,840030005,CPI m/m,True,"840030005,840030006,840030007,840030008",USD_840030009:CPI n.s.a.|USD_840030010:Core CPI|USD_840030030:Real Earnings m/m|USD_840030033:CPI n.s.a. m/m|USD_840030034:Core CPI n.s.a. m/m|USD_840030035:CPI|USD_840030036:Core CPI n.s.a.,False,False,False,0.6,0.4,0.4,,0.2,0.2,POSITIVE,POSITIVE,1,-1,1,-1,True,1618329600,2021.04.13 16:00:00,1800,True,True,0.001138,True,True,True,True,True,True,True,True,True,True,True,True,,,,,,
USD_CPI_1618327800,1618327800,2021.04.13 15:30:00,2021,CORE_2015_2025,CPI,USDCAD,BASE,840030005,CPI m/m,True,"840030005,840030006,840030007,840030008",USD_840030009:CPI n.s.a.|USD_840030010:Core CPI|USD_840030030:Real Earnings m/m|USD_840030033:CPI n.s.a. m/m|USD_840030034:Core CPI n.s.a. m/m|USD_840030035:CPI|USD_840030036:Core CPI n.s.a.,False,False,False,0.6,0.4,0.4,,0.2,0.2,POSITIVE,POSITIVE,1,1,1,1,True,1618329600,2021.04.13 16:00:00,1800,True,True,0.001234,True,True,True,True,True,True,True,True,True,True,True,True,,,,,,
USD_CPI_1618327800,1618327800,2021.04.13 15:30:00,2021,CORE_2015_2025,CPI,USDCHF,BASE,840030005,CPI m/m,True,"840030005,840030006,840030007,840030008",USD_840030009:CPI n.s.a.|USD_840030010:Core CPI|USD_840030030:Real Earnings m/m|USD_840030033:CPI n.s.a. m/m|USD_840030034:Core CPI n.s.a. m/m|USD_840030035:CPI|USD_840030036:Core CPI n.s.a.,False,False,False,0.6,0.4,0.4,,0.2,0.2,POSITIVE,POSITIVE,1,1,1,1,True,1618329600,2021.04.13 16:00:00,1800,True,True,0.001057,True,True,True,True,True,True,True,True,True,True,True,True,,,,,,
USD_CPI_1618327800,1618327800,2021.04.13 15:30:00,2021,CORE_2015_2025,CPI,USDJPY,BASE,840030005,CPI m/m,True,"840030005,840030006,840030007,840030008",USD_840030009:CPI n.s.a.|USD_840030010:Core CPI|USD_840030030:Real Earnings m/m|USD_840030033:CPI n.s.a. m/m|USD_840030034:Core CPI n.s.a. m/m|USD_840030035:CPI|USD_840030036:Core CPI n.s.a.,False,False,False,0.6,0.4,0.4,,0.2,0.2,POSITIVE,POSITIVE,1,1,1,1,True,1618329600,2021.04.13 16:00:00,1800,True,True,0.131410,True,True,True,True,True,True,True,True,True,True,True,True,,,,,,
USD_CPI_1620833400,1620833400,2021.05.12 15:30:00,2021,CORE_2015_2025,CPI,AUDUSD,QUOTE,840030005,CPI m/m,True,"840030005,840030006,840030007,840030008",USD_840030009:CPI n.s.a.|USD_840030010:Core CPI|USD_840030030:Real Earnings m/m|USD_840030033:CPI n.s.a. m/m|USD_840030034:Core CPI n.s.a. m/m|USD_840030035:CPI|USD_840030036:Core CPI n.s.a.,False,False,False,0.8,0.2,0.6,,0.6,0.2,POSITIVE,POSITIVE,1,-1,1,-1,True,1620835200,2021.05.12 16:00:00,1800,True,True,0.001270,True,True,True,True,True,True,True,True,True,True,True,True,,,,,,
USD_CPI_1620833400,1620833400,2021.05.12 15:30:00,2021,CORE_2015_2025,CPI,EURUSD,QUOTE,840030005,CPI m/m,True,"840030005,840030006,840030007,840030008",USD_840030009:CPI n.s.a.|USD_840030010:Core CPI|USD_840030030:Real Earnings m/m|USD_840030033:CPI n.s.a. m/m|USD_840030034:Core CPI n.s.a. m/m|USD_840030035:CPI|USD_840030036:Core CPI n.s.a.,False,False,False,0.8,0.2,0.6,,0.6,0.2,POSITIVE,POSITIVE,1,-1,1,-1,True,1620835200,2021.05.12 16:00:00,1800,True,True,0.001164,True,True,True,True,True,True,True,True,True,True,True,True,,,,,,
USD_CPI_1620833400,1620833400,2021.05.12 15:30:00,2021,CORE_2015_2025,CPI,GBPUSD,QUOTE,840030005,CPI m/m,True,"840030005,840030006,840030007,840030008",USD_840030009:CPI n.s.a.|USD_840030010:Core CPI|USD_840030030:Real Earnings m/m|USD_840030033:CPI n.s.a. m/m|USD_840030034:Core CPI n.s.a. m/m|USD_840030035:CPI|USD_840030036:Core CPI n.s.a.,False,False,False,0.8,0.2,0.6,,0.6,0.2,POSITIVE,POSITIVE,1,-1,1,-1,True,1620835200,2021.05.12 16:00:00,1800,True,True,0.001719,True,True,True,True,True,True,True,True,True,True,True,True,,,,,,
USD_CPI_1620833400,1620833400,2021.05.12 15:30:00,2021,CORE_2015_2025,CPI,NZDUSD,QUOTE,840030005,CPI m/m,True,"840030005,840030006,840030007,840030008",USD_840030009:CPI n.s.a.|USD_840030010:Core CPI|USD_840030030:Real Earnings m/m|USD_840030033:CPI n.s.a. m/m|USD_840030034:Core CPI n.s.a. m/m|USD_840030035:CPI|USD_840030036:Core CPI n.s.a.,False,False,False,0.8,0.2,0.6,,0.6,0.2,POSITIVE,POSITIVE,1,-1,1,-1,True,1620835200,2021.05.12 16:00:00,1800,True,True,0.001144,True,True,True,True,True,True,True,True,True,True,True,True,,,,,,
USD_CPI_1620833400,1620833400,2021.05.12 15:30:00,2021,CORE_2015_2025,CPI,USDCAD,BASE,840030005,CPI m/m,True,"840030005,840030006,840030007,840030008",USD_840030009:CPI n.s.a.|USD_840030010:Core CPI|USD_840030030:Real Earnings m/m|USD_840030033:CPI n.s.a. m/m|USD_840030034:Core CPI n.s.a. m/m|USD_840030035:CPI|USD_840030036:Core CPI n.s.a.,False,False,False,0.8,0.2,0.6,,0.6,0.2,POSITIVE,POSITIVE,1,1,1,1,True,1620835200,2021.05.12 16:00:00,1800,True,True,0.001458,True,True,True,True,True,True,True,True,True,True,True,True,,,,,,
USD_CPI_1620833400,1620833400,2021.05.12 15:30:00,2021,CORE_2015_2025,CPI,USDCHF,BASE,840030005,CPI m/m,True,"840030005,840030006,840030007,840030008",USD_840030009:CPI n.s.a.|USD_840030010:Core CPI|USD_840030030:Real Earnings m/m|USD_840030033:CPI n.s.a. m/m|USD_840030034:Core CPI n.s.a. m/m|USD_840030035:CPI|USD_840030036:Core CPI n.s.a.,False,False,False,0.8,0.2,0.6,,0.6,0.2,POSITIVE,POSITIVE,1,1,1,1,True,1620835200,2021.05.12 16:00:00,1800,True,True,0.001022,True,True,True,True,True,True,True,True,True,True,True,True,,,,,,
USD_CPI_1620833400,1620833400,2021.05.12 15:30:00,2021,CORE_2015_2025,CPI,USDJPY,BASE,840030005,CPI m/m,True,"840030005,840030006,840030007,840030008",USD_840030009:CPI n.s.a.|USD_840030010:Core CPI|USD_840030030:Real Earnings m/m|USD_840030033:CPI n.s.a. m/m|USD_840030034:Core CPI n.s.a. m/m|USD_840030035:CPI|USD_840030036:Core CPI n.s.a.,False,False,False,0.8,0.2,0.6,,0.6,0.2,POSITIVE,POSITIVE,1,1,1,1,True,1620835200,2021.05.12 16:00:00,1800,True,True,0.097240,True,True,True,True,True,True,True,True,True,True,True,True,,,,,,
USD_CPI_1623339000,1623339000,2021.06.10 15:30:00,2021,CORE_2015_2025,CPI,AUDUSD,QUOTE,840030005,CPI m/m,True,"840030005,840030006,840030007,840030008",USD_840030009:CPI n.s.a.|USD_840030010:Core CPI|USD_840030030:Real Earnings m/m|USD_840030033:CPI n.s.a. m/m|USD_840030034:Core CPI n.s.a. m/m|USD_840030035:CPI|USD_840030036:Core CPI n.s.a.|USD_840140001:Initial Jobless Claims|USD_840140002:Continuing Jobless Claims|USD_840140003:Initial Jobless Claims 4-Week Average|EUR_999010003:ECB Monetary Policy Press Conference,False,False,False,0.6,0.3,0.8,,0.3,-0.2,POSITIVE,NEGATIVE,1,-1,-1,1,True,1623340800,2021.06.10 16:00:00,1800,True,True,0.000860,True,True,True,True,True,True,True,True,True,True,True,True,,,,,,
USD_CPI_1623339000,1623339000,2021.06.10 15:30:00,2021,CORE_2015_2025,CPI,EURUSD,QUOTE,840030005,CPI m/m,True,"840030005,840030006,840030007,840030008",USD_840030009:CPI n.s.a.|USD_840030010:Core CPI|USD_840030030:Real Earnings m/m|USD_840030033:CPI n.s.a. m/m|USD_840030034:Core CPI n.s.a. m/m|USD_840030035:CPI|USD_840030036:Core CPI n.s.a.|USD_840140001:Initial Jobless Claims|USD_840140002:Continuing Jobless Claims|USD_840140003:Initial Jobless Claims 4-Week Average|EUR_999010003:ECB Monetary Policy Press Conference,False,False,False,0.6,0.3,0.8,,0.3,-0.2,POSITIVE,NEGATIVE,1,-1,-1,1,True,1623340800,2021.06.10 16:00:00,1800,True,True,0.000991,True,True,True,True,True,True,True,True,True,True,True,True,,,,,,
USD_CPI_1623339000,1623339000,2021.06.10 15:30:00,2021,CORE_2015_2025,CPI,GBPUSD,QUOTE,840030005,CPI m/m,True,"840030005,840030006,840030007,840030008",USD_840030009:CPI n.s.a.|USD_840030010:Core CPI|USD_840030030:Real Earnings m/m|USD_840030033:CPI n.s.a. m/m|USD_840030034:Core CPI n.s.a. m/m|USD_840030035:CPI|USD_840030036:Core CPI n.s.a.|USD_840140001:Initial Jobless Claims|USD_840140002:Continuing Jobless Claims|USD_840140003:Initial Jobless Claims 4-Week Average|EUR_999010003:ECB Monetary Policy Press Conference,False,False,False,0.6,0.3,0.8,,0.3,-0.2,POSITIVE,NEGATIVE,1,-1,-1,1,True,1623340800,2021.06.10 16:00:00,1800,True,True,0.001369,True,True,True,True,True,True,True,True,True,True,True,True,,,,,,
USD_CPI_1623339000,1623339000,2021.06.10 15:30:00,2021,CORE_2015_2025,CPI,NZDUSD,QUOTE,840030005,CPI m/m,True,"840030005,840030006,840030007,840030008",USD_840030009:CPI n.s.a.|USD_840030010:Core CPI|USD_840030030:Real Earnings m/m|USD_840030033:CPI n.s.a. m/m|USD_840030034:Core CPI n.s.a. m/m|USD_840030035:CPI|USD_840030036:Core CPI n.s.a.|USD_840140001:Initial Jobless Claims|USD_840140002:Continuing Jobless Claims|USD_840140003:Initial Jobless Claims 4-Week Average|EUR_999010003:ECB Monetary Policy Press Conference,False,False,False,0.6,0.3,0.8,,0.3,-0.2,POSITIVE,NEGATIVE,1,-1,-1,1,True,1623340800,2021.06.10 16:00:00,1800,True,True,0.000915,True,True,True,True,True,True,True,True,True,True,True,True,,,,,,
USD_CPI_1623339000,1623339000,2021.06.10 15:30:00,2021,CORE_2015_2025,CPI,USDCAD,BASE,840030005,CPI m/m,True,"840030005,840030006,840030007,840030008",USD_840030009:CPI n.s.a.|USD_840030010:Core CPI|USD_840030030:Real Earnings m/m|USD_840030033:CPI n.s.a. m/m|USD_840030034:Core CPI n.s.a. m/m|USD_840030035:CPI|USD_840030036:Core CPI n.s.a.|USD_840140001:Initial Jobless Claims|USD_840140002:Continuing Jobless Claims|USD_840140003:Initial Jobless Claims 4-Week Average|EUR_999010003:ECB Monetary Policy Press Conference,False,False,False,0.6,0.3,0.8,,0.3,-0.2,POSITIVE,NEGATIVE,1,1,-1,-1,True,1623340800,2021.06.10 16:00:00,1800,True,True,0.000934,True,True,True,True,True,True,True,True,True,True,True,True,,,,,,
USD_CPI_1623339000,1623339000,2021.06.10 15:30:00,2021,CORE_2015_2025,CPI,USDCHF,BASE,840030005,CPI m/m,True,"840030005,840030006,840030007,840030008",USD_840030009:CPI n.s.a.|USD_840030010:Core CPI|USD_840030030:Real Earnings m/m|USD_840030033:CPI n.s.a. m/m|USD_840030034:Core CPI n.s.a. m/m|USD_840030035:CPI|USD_840030036:Core CPI n.s.a.|USD_840140001:Initial Jobless Claims|USD_840140002:Continuing Jobless Claims|USD_840140003:Initial Jobless Claims 4-Week Average|EUR_999010003:ECB Monetary Policy Press Conference,False,False,False,0.6,0.3,0.8,,0.3,-0.2,POSITIVE,NEGATIVE,1,1,-1,-1,True,1623340800,2021.06.10 16:00:00,1800,True,True,0.000785,True,True,True,True,True,True,True,True,True,True,True,True,,,,,,
USD_CPI_1623339000,1623339000,2021.06.10 15:30:00,2021,CORE_2015_2025,CPI,USDJPY,BASE,840030005,CPI m/m,True,"840030005,840030006,840030007,840030008",USD_840030009:CPI n.s.a.|USD_840030010:Core CPI|USD_840030030:Real Earnings m/m|USD_840030033:CPI n.s.a. m/m|USD_840030034:Core CPI n.s.a. m/m|USD_840030035:CPI|USD_840030036:Core CPI n.s.a.|USD_840140001:Initial Jobless Claims|USD_840140002:Continuing Jobless Claims|USD_840140003:Initial Jobless Claims 4-Week Average|EUR_999010003:ECB Monetary Policy Press Conference,False,False,False,0.6,0.3,0.8,,0.3,-0.2,POSITIVE,NEGATIVE,1,1,-1,-1,True,1623340800,2021.06.10 16:00:00,1800,True,True,0.079609,True,True,True,True,True,True,True,True,True,True,True,True,,,,,,
USD_CPI_1626190200,1626190200,2021.07.13 15:30:00,2021,CORE_2015_2025,CPI,AUDUSD,QUOTE,840030005,CPI m/m,True,"840030005,840030006,840030007,840030008",USD_840030009:CPI n.s.a.|USD_840030010:Core CPI|USD_840030030:Real Earnings m/m|USD_840030033:CPI n.s.a. m/m|USD_840030034:Core CPI n.s.a. m/m|USD_840030035:CPI|USD_840030036:Core CPI n.s.a.,False,False,False,0.9,0.1,0.6,,0.8,0.3,POSITIVE,POSITIVE,1,-1,1,-1,True,1626192000,2021.07.13 16:00:00,1800,True,True,0.001017,True,True,True,True,True,True,True,True,True,True,True,True,,,,,,
USD_CPI_1626190200,1626190200,2021.07.13 15:30:00,2021,CORE_2015_2025,CPI,EURUSD,QUOTE,840030005,CPI m/m,True,"840030005,840030006,840030007,840030008",USD_840030009:CPI n.s.a.|USD_840030010:Core CPI|USD_840030030:Real Earnings m/m|USD_840030033:CPI n.s.a. m/m|USD_840030034:Core CPI n.s.a. m/m|USD_840030035:CPI|USD_840030036:Core CPI n.s.a.,False,False,False,0.9,0.1,0.6,,0.8,0.3,POSITIVE,POSITIVE,1,-1,1,-1,True,1626192000,2021.07.13 16:00:00,1800,True,True,0.001049,True,True,True,True,True,True,True,True,True,True,True,True,,,,,,
USD_CPI_1626190200,1626190200,2021.07.13 15:30:00,2021,CORE_2015_2025,CPI,GBPUSD,QUOTE,840030005,CPI m/m,True,"840030005,840030006,840030007,840030008",USD_840030009:CPI n.s.a.|USD_840030010:Core CPI|USD_840030030:Real Earnings m/m|USD_840030033:CPI n.s.a. m/m|USD_840030034:Core CPI n.s.a. m/m|USD_840030035:CPI|USD_840030036:Core CPI n.s.a.,False,False,False,0.9,0.1,0.6,,0.8,0.3,POSITIVE,POSITIVE,1,-1,1,-1,True,1626192000,2021.07.13 16:00:00,1800,True,True,0.001337,True,True,True,True,True,True,True,True,True,True,True,True,,,,,,
USD_CPI_1626190200,1626190200,2021.07.13 15:30:00,2021,CORE_2015_2025,CPI,NZDUSD,QUOTE,840030005,CPI m/m,True,"840030005,840030006,840030007,840030008",USD_840030009:CPI n.s.a.|USD_840030010:Core CPI|USD_840030030:Real Earnings m/m|USD_840030033:CPI n.s.a. m/m|USD_840030034:Core CPI n.s.a. m/m|USD_840030035:CPI|USD_840030036:Core CPI n.s.a.,False,False,False,0.9,0.1,0.6,,0.8,0.3,POSITIVE,POSITIVE,1,-1,1,-1,True,1626192000,2021.07.13 16:00:00,1800,True,True,0.001078,True,True,True,True,True,True,True,True,True,True,True,True,,,,,,
USD_CPI_1626190200,1626190200,2021.07.13 15:30:00,2021,CORE_2015_2025,CPI,USDCAD,BASE,840030005,CPI m/m,True,"840030005,840030006,840030007,840030008",USD_840030009:CPI n.s.a.|USD_840030010:Core CPI|USD_840030030:Real Earnings m/m|USD_840030033:CPI n.s.a. m/m|USD_840030034:Core CPI n.s.a. m/m|USD_840030035:CPI|USD_840030036:Core CPI n.s.a.,False,False,False,0.9,0.1,0.6,,0.8,0.3,POSITIVE,POSITIVE,1,1,1,1,True,1626192000,2021.07.13 16:00:00,1800,True,True,0.001214,True,True,True,True,True,True,True,True,True,True,True,True,,,,,,
USD_CPI_1626190200,1626190200,2021.07.13 15:30:00,2021,CORE_2015_2025,CPI,USDCHF,BASE,840030005,CPI m/m,True,"840030005,840030006,840030007,840030008",USD_840030009:CPI n.s.a.|USD_840030010:Core CPI|USD_840030030:Real Earnings m/m|USD_840030033:CPI n.s.a. m/m|USD_840030034:Core CPI n.s.a. m/m|USD_840030035:CPI|USD_840030036:Core CPI n.s.a.,False,False,False,0.9,0.1,0.6,,0.8,0.3,POSITIVE,POSITIVE,1,1,1,1,True,1626192000,2021.07.13 16:00:00,1800,True,True,0.000780,True,True,True,True,True,True,True,True,True,True,True,True,,,,,,
USD_CPI_1626190200,1626190200,2021.07.13 15:30:00,2021,CORE_2015_2025,CPI,USDJPY,BASE,840030005,CPI m/m,True,"840030005,840030006,840030007,840030008",USD_840030009:CPI n.s.a.|USD_840030010:Core CPI|USD_840030030:Real Earnings m/m|USD_840030033:CPI n.s.a. m/m|USD_840030034:Core CPI n.s.a. m/m|USD_840030035:CPI|USD_840030036:Core CPI n.s.a.,False,False,False,0.9,0.1,0.6,,0.8,0.3,POSITIVE,POSITIVE,1,1,1,1,True,1626192000,2021.07.13 16:00:00,1800,True,True,0.086282,True,True,True,True,True,True,True,True,True,True,True,True,,,,,,
USD_CPI_1628695800,1628695800,2021.08.11 15:30:00,2021,CORE_2015_2025,CPI,AUDUSD,QUOTE,840030005,CPI m/m,True,"840030005,840030006,840030007,840030008",USD_840030009:CPI n.s.a.|USD_840030010:Core CPI|USD_840030030:Real Earnings m/m|USD_840030033:CPI n.s.a. m/m|USD_840030034:Core CPI n.s.a. m/m|USD_840030035:CPI|USD_840030036:Core CPI n.s.a.,False,False,False,0.5,0.4,0.9,,0.1,-0.4,POSITIVE,NEGATIVE,1,-1,-1,1,True,1628697600,2021.08.11 16:00:00,1800,True,True,0.000806,True,True,True,True,True,True,True,True,True,True,True,True,,,,,,
USD_CPI_1628695800,1628695800,2021.08.11 15:30:00,2021,CORE_2015_2025,CPI,EURUSD,QUOTE,840030005,CPI m/m,True,"840030005,840030006,840030007,840030008",USD_840030009:CPI n.s.a.|USD_840030010:Core CPI|USD_840030030:Real Earnings m/m|USD_840030033:CPI n.s.a. m/m|USD_840030034:Core CPI n.s.a. m/m|USD_840030035:CPI|USD_840030036:Core CPI n.s.a.,False,False,False,0.5,0.4,0.9,,0.1,-0.4,POSITIVE,NEGATIVE,1,-1,-1,1,True,1628697600,2021.08.11 16:00:00,1800,True,True,0.000755,True,True,True,True,True,True,True,True,True,True,True,True,,,,,,
USD_CPI_1628695800,1628695800,2021.08.11 15:30:00,2021,CORE_2015_2025,CPI,GBPUSD,QUOTE,840030005,CPI m/m,True,"840030005,840030006,840030007,840030008",USD_840030009:CPI n.s.a.|USD_840030010:Core CPI|USD_840030030:Real Earnings m/m|USD_840030033:CPI n.s.a. m/m|USD_840030034:Core CPI n.s.a. m/m|USD_840030035:CPI|USD_840030036:Core CPI n.s.a.,False,False,False,0.5,0.4,0.9,,0.1,-0.4,POSITIVE,NEGATIVE,1,-1,-1,1,True,1628697600,2021.08.11 16:00:00,1800,True,True,0.001159,True,True,True,True,True,True,True,True,True,True,True,True,,,,,,
USD_CPI_1628695800,1628695800,2021.08.11 15:30:00,2021,CORE_2015_2025,CPI,NZDUSD,QUOTE,840030005,CPI m/m,True,"840030005,840030006,840030007,840030008",USD_840030009:CPI n.s.a.|USD_840030010:Core CPI|USD_840030030:Real Earnings m/m|USD_840030033:CPI n.s.a. m/m|USD_840030034:Core CPI n.s.a. m/m|USD_840030035:CPI|USD_840030036:Core CPI n.s.a.,False,False,False,0.5,0.4,0.9,,0.1,-0.4,POSITIVE,NEGATIVE,1,-1,-1,1,True,1628697600,2021.08.11 16:00:00,1800,True,True,0.000826,True,True,True,True,True,True,True,True,True,True,True,True,,,,,,
USD_CPI_1628695800,1628695800,2021.08.11 15:30:00,2021,CORE_2015_2025,CPI,USDCAD,BASE,840030005,CPI m/m,True,"840030005,840030006,840030007,840030008",USD_840030009:CPI n.s.a.|USD_840030010:Core CPI|USD_840030030:Real Earnings m/m|USD_840030033:CPI n.s.a. m/m|USD_840030034:Core CPI n.s.a. m/m|USD_840030035:CPI|USD_840030036:Core CPI n.s.a.,False,False,False,0.5,0.4,0.9,,0.1,-0.4,POSITIVE,NEGATIVE,1,1,-1,-1,True,1628697600,2021.08.11 16:00:00,1800,True,True,0.001065,True,True,True,True,True,True,True,True,True,True,True,True,,,,,,
USD_CPI_1628695800,1628695800,2021.08.11 15:30:00,2021,CORE_2015_2025,CPI,USDCHF,BASE,840030005,CPI m/m,True,"840030005,840030006,840030007,840030008",USD_840030009:CPI n.s.a.|USD_840030010:Core CPI|USD_840030030:Real Earnings m/m|USD_840030033:CPI n.s.a. m/m|USD_840030034:Core CPI n.s.a. m/m|USD_840030035:CPI|USD_840030036:Core CPI n.s.a.,False,False,False,0.5,0.4,0.9,,0.1,-0.4,POSITIVE,NEGATIVE,1,1,-1,-1,True,1628697600,2021.08.11 16:00:00,1800,True,True,0.000712,True,True,True,True,True,True,True,True,True,True,True,True,,,,,,
USD_CPI_1628695800,1628695800,2021.08.11 15:30:00,2021,CORE_2015_2025,CPI,USDJPY,BASE,840030005,CPI m/m,True,"840030005,840030006,840030007,840030008",USD_840030009:CPI n.s.a.|USD_840030010:Core CPI|USD_840030030:Real Earnings m/m|USD_840030033:CPI n.s.a. m/m|USD_840030034:Core CPI n.s.a. m/m|USD_840030035:CPI|USD_840030036:Core CPI n.s.a.,False,False,False,0.5,0.4,0.9,,0.1,-0.4,POSITIVE,NEGATIVE,1,1,-1,-1,True,1628697600,2021.08.11 16:00:00,1800,True,True,0.062178,True,True,True,True,True,True,True,True,True,True,True,True,,,,,,
USD_CPI_1631633400,1631633400,2021.09.14 15:30:00,2021,CORE_2015_2025,CPI,AUDUSD,QUOTE,840030005,CPI m/m,True,"840030005,840030006,840030007,840030008",USD_840030009:CPI n.s.a.|USD_840030010:Core CPI|USD_840030030:Real Earnings m/m|USD_840030033:CPI n.s.a. m/m|USD_840030034:Core CPI n.s.a. m/m|USD_840030035:CPI|USD_840030036:Core CPI n.s.a.|CAD_124010029:Manufacturing Sales m/m,False,False,False,0.3,0.4,0.5,,-0.1,-0.2,NEGATIVE,NEGATIVE,-1,1,-1,1,True,1631635200,2021.09.14 16:00:00,1800,True,True,0.001142,True,True,True,True,True,True,True,True,True,True,True,True,,,,,,
USD_CPI_1631633400,1631633400,2021.09.14 15:30:00,2021,CORE_2015_2025,CPI,EURUSD,QUOTE,840030005,CPI m/m,True,"840030005,840030006,840030007,840030008",USD_840030009:CPI n.s.a.|USD_840030010:Core CPI|USD_840030030:Real Earnings m/m|USD_840030033:CPI n.s.a. m/m|USD_840030034:Core CPI n.s.a. m/m|USD_840030035:CPI|USD_840030036:Core CPI n.s.a.|CAD_124010029:Manufacturing Sales m/m,False,False,False,0.3,0.4,0.5,,-0.1,-0.2,NEGATIVE,NEGATIVE,-1,1,-1,1,True,1631635200,2021.09.14 16:00:00,1800,True,True,0.000919,True,True,True,True,True,True,True,True,True,True,True,True,,,,,,
USD_CPI_1631633400,1631633400,2021.09.14 15:30:00,2021,CORE_2015_2025,CPI,GBPUSD,QUOTE,840030005,CPI m/m,True,"840030005,840030006,840030007,840030008",USD_840030009:CPI n.s.a.|USD_840030010:Core CPI|USD_840030030:Real Earnings m/m|USD_840030033:CPI n.s.a. m/m|USD_840030034:Core CPI n.s.a. m/m|USD_840030035:CPI|USD_840030036:Core CPI n.s.a.|CAD_124010029:Manufacturing Sales m/m,False,False,False,0.3,0.4,0.5,,-0.1,-0.2,NEGATIVE,NEGATIVE,-1,1,-1,1,True,1631635200,2021.09.14 16:00:00,1800,True,True,0.001393,True,True,True,True,True,True,True,True,True,True,True,True,,,,,,
USD_CPI_1631633400,1631633400,2021.09.14 15:30:00,2021,CORE_2015_2025,CPI,NZDUSD,QUOTE,840030005,CPI m/m,True,"840030005,840030006,840030007,840030008",USD_840030009:CPI n.s.a.|USD_840030010:Core CPI|USD_840030030:Real Earnings m/m|USD_840030033:CPI n.s.a. m/m|USD_840030034:Core CPI n.s.a. m/m|USD_840030035:CPI|USD_840030036:Core CPI n.s.a.|CAD_124010029:Manufacturing Sales m/m,False,False,False,0.3,0.4,0.5,,-0.1,-0.2,NEGATIVE,NEGATIVE,-1,1,-1,1,True,1631635200,2021.09.14 16:00:00,1800,True,True,0.000968,True,True,True,True,True,True,True,True,True,True,True,True,,,,,,
USD_CPI_1631633400,1631633400,2021.09.14 15:30:00,2021,CORE_2015_2025,CPI,USDCAD,BASE,840030005,CPI m/m,True,"840030005,840030006,840030007,840030008",USD_840030009:CPI n.s.a.|USD_840030010:Core CPI|USD_840030030:Real Earnings m/m|USD_840030033:CPI n.s.a. m/m|USD_840030034:Core CPI n.s.a. m/m|USD_840030035:CPI|USD_840030036:Core CPI n.s.a.|CAD_124010029:Manufacturing Sales m/m,False,False,False,0.3,0.4,0.5,,-0.1,-0.2,NEGATIVE,NEGATIVE,-1,-1,-1,-1,True,1631635200,2021.09.14 16:00:00,1800,True,True,0.001409,True,True,True,True,True,True,True,True,True,True,True,True,,,,,,
USD_CPI_1631633400,1631633400,2021.09.14 15:30:00,2021,CORE_2015_2025,CPI,USDCHF,BASE,840030005,CPI m/m,True,"840030005,840030006,840030007,840030008",USD_840030009:CPI n.s.a.|USD_840030010:Core CPI|USD_840030030:Real Earnings m/m|USD_840030033:CPI n.s.a. m/m|USD_840030034:Core CPI n.s.a. m/m|USD_840030035:CPI|USD_840030036:Core CPI n.s.a.|CAD_124010029:Manufacturing Sales m/m,False,False,False,0.3,0.4,0.5,,-0.1,-0.2,NEGATIVE,NEGATIVE,-1,-1,-1,-1,True,1631635200,2021.09.14 16:00:00,1800,True,True,0.000837,True,True,True,True,True,True,True,True,True,True,True,True,,,,,,
USD_CPI_1631633400,1631633400,2021.09.14 15:30:00,2021,CORE_2015_2025,CPI,USDJPY,BASE,840030005,CPI m/m,True,"840030005,840030006,840030007,840030008",USD_840030009:CPI n.s.a.|USD_840030010:Core CPI|USD_840030030:Real Earnings m/m|USD_840030033:CPI n.s.a. m/m|USD_840030034:Core CPI n.s.a. m/m|USD_840030035:CPI|USD_840030036:Core CPI n.s.a.|CAD_124010029:Manufacturing Sales m/m,False,False,False,0.3,0.4,0.5,,-0.1,-0.2,NEGATIVE,NEGATIVE,-1,-1,-1,-1,True,1631635200,2021.09.14 16:00:00,1800,True,True,0.063943,True,True,True,True,True,True,True,True,True,True,True,True,,,,,,
USD_CPI_1634139000,1634139000,2021.10.13 15:30:00,2021,CORE_2015_2025,CPI,AUDUSD,QUOTE,840030005,CPI m/m,True,"840030005,840030006,840030007,840030008",USD_840030009:CPI n.s.a.|USD_840030010:Core CPI|USD_840030030:Real Earnings m/m|USD_840030033:CPI n.s.a. m/m|USD_840030034:Core CPI n.s.a. m/m|USD_840030035:CPI|USD_840030036:Core CPI n.s.a.,False,False,False,0.4,0.4,0.3,,0.0,0.1,ZERO,POSITIVE,,,1,-1,True,1634140800,2021.10.13 16:00:00,1800,True,True,0.001073,True,True,True,True,True,True,False,False,False,True,True,True,excluded_zero_signal,excluded_zero_signal,excluded_zero_signal,,,
USD_CPI_1634139000,1634139000,2021.10.13 15:30:00,2021,CORE_2015_2025,CPI,EURUSD,QUOTE,840030005,CPI m/m,True,"840030005,840030006,840030007,840030008",USD_840030009:CPI n.s.a.|USD_840030010:Core CPI|USD_840030030:Real Earnings m/m|USD_840030033:CPI n.s.a. m/m|USD_840030034:Core CPI n.s.a. m/m|USD_840030035:CPI|USD_840030036:Core CPI n.s.a.,False,False,False,0.4,0.4,0.3,,0.0,0.1,ZERO,POSITIVE,,,1,-1,True,1634140800,2021.10.13 16:00:00,1800,True,True,0.000843,True,True,True,True,True,True,False,False,False,True,True,True,excluded_zero_signal,excluded_zero_signal,excluded_zero_signal,,,
USD_CPI_1634139000,1634139000,2021.10.13 15:30:00,2021,CORE_2015_2025,CPI,GBPUSD,QUOTE,840030005,CPI m/m,True,"840030005,840030006,840030007,840030008",USD_840030009:CPI n.s.a.|USD_840030010:Core CPI|USD_840030030:Real Earnings m/m|USD_840030033:CPI n.s.a. m/m|USD_840030034:Core CPI n.s.a. m/m|USD_840030035:CPI|USD_840030036:Core CPI n.s.a.,False,False,False,0.4,0.4,0.3,,0.0,0.1,ZERO,POSITIVE,,,1,-1,True,1634140800,2021.10.13 16:00:00,1800,True,True,0.001579,True,True,True,True,True,True,False,False,False,True,True,True,excluded_zero_signal,excluded_zero_signal,excluded_zero_signal,,,
USD_CPI_1634139000,1634139000,2021.10.13 15:30:00,2021,CORE_2015_2025,CPI,NZDUSD,QUOTE,840030005,CPI m/m,True,"840030005,840030006,840030007,840030008",USD_840030009:CPI n.s.a.|USD_840030010:Core CPI|USD_840030030:Real Earnings m/m|USD_840030033:CPI n.s.a. m/m|USD_840030034:Core CPI n.s.a. m/m|USD_840030035:CPI|USD_840030036:Core CPI n.s.a.,False,False,False,0.4,0.4,0.3,,0.0,0.1,ZERO,POSITIVE,,,1,-1,True,1634140800,2021.10.13 16:00:00,1800,True,True,0.001043,True,True,True,True,True,True,False,False,False,True,True,True,excluded_zero_signal,excluded_zero_signal,excluded_zero_signal,,,
USD_CPI_1634139000,1634139000,2021.10.13 15:30:00,2021,CORE_2015_2025,CPI,USDCAD,BASE,840030005,CPI m/m,True,"840030005,840030006,840030007,840030008",USD_840030009:CPI n.s.a.|USD_840030010:Core CPI|USD_840030030:Real Earnings m/m|USD_840030033:CPI n.s.a. m/m|USD_840030034:Core CPI n.s.a. m/m|USD_840030035:CPI|USD_840030036:Core CPI n.s.a.,False,False,False,0.4,0.4,0.3,,0.0,0.1,ZERO,POSITIVE,,,1,1,True,1634140800,2021.10.13 16:00:00,1800,True,True,0.001372,True,True,True,True,True,True,False,False,False,True,True,True,excluded_zero_signal,excluded_zero_signal,excluded_zero_signal,,,
USD_CPI_1634139000,1634139000,2021.10.13 15:30:00,2021,CORE_2015_2025,CPI,USDCHF,BASE,840030005,CPI m/m,True,"840030005,840030006,840030007,840030008",USD_840030009:CPI n.s.a.|USD_840030010:Core CPI|USD_840030030:Real Earnings m/m|USD_840030033:CPI n.s.a. m/m|USD_840030034:Core CPI n.s.a. m/m|USD_840030035:CPI|USD_840030036:Core CPI n.s.a.,False,False,False,0.4,0.4,0.3,,0.0,0.1,ZERO,POSITIVE,,,1,1,True,1634140800,2021.10.13 16:00:00,1800,True,True,0.000844,True,True,True,True,True,True,False,False,False,True,True,True,excluded_zero_signal,excluded_zero_signal,excluded_zero_signal,,,
USD_CPI_1634139000,1634139000,2021.10.13 15:30:00,2021,CORE_2015_2025,CPI,USDJPY,BASE,840030005,CPI m/m,True,"840030005,840030006,840030007,840030008",USD_840030009:CPI n.s.a.|USD_840030010:Core CPI|USD_840030030:Real Earnings m/m|USD_840030033:CPI n.s.a. m/m|USD_840030034:Core CPI n.s.a. m/m|USD_840030035:CPI|USD_840030036:Core CPI n.s.a.,False,False,False,0.4,0.4,0.3,,0.0,0.1,ZERO,POSITIVE,,,1,1,True,1634140800,2021.10.13 16:00:00,1800,True,True,0.108772,True,True,True,True,True,True,False,False,False,True,True,True,excluded_zero_signal,excluded_zero_signal,excluded_zero_signal,,,
USD_CPI_1636561800,1636561800,2021.11.10 16:30:00,2021,CORE_2015_2025,CPI,AUDUSD,QUOTE,840030005,CPI m/m,True,"840030005,840030006,840030007,840030008",USD_840030009:CPI n.s.a.|USD_840030010:Core CPI|USD_840030030:Real Earnings m/m|USD_840030033:CPI n.s.a. m/m|USD_840030034:Core CPI n.s.a. m/m|USD_840030035:CPI|USD_840030036:Core CPI n.s.a.|USD_840140001:Initial Jobless Claims|USD_840140002:Continuing Jobless Claims|USD_840140003:Initial Jobless Claims 4-Week Average,False,False,False,0.9,0.5,0.4,,0.4,0.5,POSITIVE,POSITIVE,1,-1,1,-1,True,1636563600,2021.11.10 17:00:00,1800,True,True,0.001246,True,True,True,True,True,True,True,True,True,True,True,True,,,,,,
USD_CPI_1636561800,1636561800,2021.11.10 16:30:00,2021,CORE_2015_2025,CPI,EURUSD,QUOTE,840030005,CPI m/m,True,"840030005,840030006,840030007,840030008",USD_840030009:CPI n.s.a.|USD_840030010:Core CPI|USD_840030030:Real Earnings m/m|USD_840030033:CPI n.s.a. m/m|USD_840030034:Core CPI n.s.a. m/m|USD_840030035:CPI|USD_840030036:Core CPI n.s.a.|USD_840140001:Initial Jobless Claims|USD_840140002:Continuing Jobless Claims|USD_840140003:Initial Jobless Claims 4-Week Average,False,False,False,0.9,0.5,0.4,,0.4,0.5,POSITIVE,POSITIVE,1,-1,1,-1,True,1636563600,2021.11.10 17:00:00,1800,True,True,0.001333,True,True,True,True,True,True,True,True,True,True,True,True,,,,,,
USD_CPI_1636561800,1636561800,2021.11.10 16:30:00,2021,CORE_2015_2025,CPI,GBPUSD,QUOTE,840030005,CPI m/m,True,"840030005,840030006,840030007,840030008",USD_840030009:CPI n.s.a.|USD_840030010:Core CPI|USD_840030030:Real Earnings m/m|USD_840030033:CPI n.s.a. m/m|USD_840030034:Core CPI n.s.a. m/m|USD_840030035:CPI|USD_840030036:Core CPI n.s.a.|USD_840140001:Initial Jobless Claims|USD_840140002:Continuing Jobless Claims|USD_840140003:Initial Jobless Claims 4-Week Average,False,False,False,0.9,0.5,0.4,,0.4,0.5,POSITIVE,POSITIVE,1,-1,1,-1,True,1636563600,2021.11.10 17:00:00,1800,True,True,0.001807,True,True,True,True,True,True,True,True,True,True,True,True,,,,,,
USD_CPI_1636561800,1636561800,2021.11.10 16:30:00,2021,CORE_2015_2025,CPI,NZDUSD,QUOTE,840030005,CPI m/m,True,"840030005,840030006,840030007,840030008",USD_840030009:CPI n.s.a.|USD_840030010:Core CPI|USD_840030030:Real Earnings m/m|USD_840030033:CPI n.s.a. m/m|USD_840030034:Core CPI n.s.a. m/m|USD_840030035:CPI|USD_840030036:Core CPI n.s.a.|USD_840140001:Initial Jobless Claims|USD_840140002:Continuing Jobless Claims|USD_840140003:Initial Jobless Claims 4-Week Average,False,False,False,0.9,0.5,0.4,,0.4,0.5,POSITIVE,POSITIVE,1,-1,1,-1,True,1636563600,2021.11.10 17:00:00,1800,True,True,0.001263,True,True,True,True,True,True,True,True,True,True,True,True,,,,,,
USD_CPI_1636561800,1636561800,2021.11.10 16:30:00,2021,CORE_2015_2025,CPI,USDCAD,BASE,840030005,CPI m/m,True,"840030005,840030006,840030007,840030008",USD_840030009:CPI n.s.a.|USD_840030010:Core CPI|USD_840030030:Real Earnings m/m|USD_840030033:CPI n.s.a. m/m|USD_840030034:Core CPI n.s.a. m/m|USD_840030035:CPI|USD_840030036:Core CPI n.s.a.|USD_840140001:Initial Jobless Claims|USD_840140002:Continuing Jobless Claims|USD_840140003:Initial Jobless Claims 4-Week Average,False,False,False,0.9,0.5,0.4,,0.4,0.5,POSITIVE,POSITIVE,1,1,1,1,True,1636563600,2021.11.10 17:00:00,1800,True,True,0.001488,True,True,True,True,True,True,True,True,True,True,True,True,,,,,,
USD_CPI_1636561800,1636561800,2021.11.10 16:30:00,2021,CORE_2015_2025,CPI,USDCHF,BASE,840030005,CPI m/m,True,"840030005,840030006,840030007,840030008",USD_840030009:CPI n.s.a.|USD_840030010:Core CPI|USD_840030030:Real Earnings m/m|USD_840030033:CPI n.s.a. m/m|USD_840030034:Core CPI n.s.a. m/m|USD_840030035:CPI|USD_840030036:Core CPI n.s.a.|USD_840140001:Initial Jobless Claims|USD_840140002:Continuing Jobless Claims|USD_840140003:Initial Jobless Claims 4-Week Average,False,False,False,0.9,0.5,0.4,,0.4,0.5,POSITIVE,POSITIVE,1,1,1,1,True,1636563600,2021.11.10 17:00:00,1800,True,True,0.001188,True,True,True,True,True,True,True,True,True,True,True,True,,,,,,
USD_CPI_1636561800,1636561800,2021.11.10 16:30:00,2021,CORE_2015_2025,CPI,USDJPY,BASE,840030005,CPI m/m,True,"840030005,840030006,840030007,840030008",USD_840030009:CPI n.s.a.|USD_840030010:Core CPI|USD_840030030:Real Earnings m/m|USD_840030033:CPI n.s.a. m/m|USD_840030034:Core CPI n.s.a. m/m|USD_840030035:CPI|USD_840030036:Core CPI n.s.a.|USD_840140001:Initial Jobless Claims|USD_840140002:Continuing Jobless Claims|USD_840140003:Initial Jobless Claims 4-Week Average,False,False,False,0.9,0.5,0.4,,0.4,0.5,POSITIVE,POSITIVE,1,1,1,1,True,1636563600,2021.11.10 17:00:00,1800,True,True,0.127543,True,True,True,True,True,True,True,True,True,True,True,True,,,,,,
USD_CPI_1639153800,1639153800,2021.12.10 16:30:00,2021,CORE_2015_2025,CPI,AUDUSD,QUOTE,840030005,CPI m/m,True,"840030005,840030006,840030007,840030008",USD_840030009:CPI n.s.a.|USD_840030010:Core CPI|USD_840030030:Real Earnings m/m|USD_840030033:CPI n.s.a. m/m|USD_840030034:Core CPI n.s.a. m/m|USD_840030035:CPI|USD_840030036:Core CPI n.s.a.|CAD_124010002:Capacity Utilization Rate,False,False,False,0.8,0.5,0.9,,0.3,-0.1,POSITIVE,NEGATIVE,1,-1,-1,1,True,1639155600,2021.12.10 17:00:00,1800,True,True,0.001150,True,True,True,True,True,True,True,True,True,True,True,True,,,,,,
USD_CPI_1639153800,1639153800,2021.12.10 16:30:00,2021,CORE_2015_2025,CPI,EURUSD,QUOTE,840030005,CPI m/m,True,"840030005,840030006,840030007,840030008",USD_840030009:CPI n.s.a.|USD_840030010:Core CPI|USD_840030030:Real Earnings m/m|USD_840030033:CPI n.s.a. m/m|USD_840030034:Core CPI n.s.a. m/m|USD_840030035:CPI|USD_840030036:Core CPI n.s.a.|CAD_124010002:Capacity Utilization Rate,False,False,False,0.8,0.5,0.9,,0.3,-0.1,POSITIVE,NEGATIVE,1,-1,-1,1,True,1639155600,2021.12.10 17:00:00,1800,True,True,0.001220,True,True,True,True,True,True,True,True,True,True,True,True,,,,,,
USD_CPI_1639153800,1639153800,2021.12.10 16:30:00,2021,CORE_2015_2025,CPI,GBPUSD,QUOTE,840030005,CPI m/m,True,"840030005,840030006,840030007,840030008",USD_840030009:CPI n.s.a.|USD_840030010:Core CPI|USD_840030030:Real Earnings m/m|USD_840030033:CPI n.s.a. m/m|USD_840030034:Core CPI n.s.a. m/m|USD_840030035:CPI|USD_840030036:Core CPI n.s.a.|CAD_124010002:Capacity Utilization Rate,False,False,False,0.8,0.5,0.9,,0.3,-0.1,POSITIVE,NEGATIVE,1,-1,-1,1,True,1639155600,2021.12.10 17:00:00,1800,True,True,0.001594,True,True,True,True,True,True,True,True,True,True,True,True,,,,,,
USD_CPI_1639153800,1639153800,2021.12.10 16:30:00,2021,CORE_2015_2025,CPI,NZDUSD,QUOTE,840030005,CPI m/m,True,"840030005,840030006,840030007,840030008",USD_840030009:CPI n.s.a.|USD_840030010:Core CPI|USD_840030030:Real Earnings m/m|USD_840030033:CPI n.s.a. m/m|USD_840030034:Core CPI n.s.a. m/m|USD_840030035:CPI|USD_840030036:Core CPI n.s.a.|CAD_124010002:Capacity Utilization Rate,False,False,False,0.8,0.5,0.9,,0.3,-0.1,POSITIVE,NEGATIVE,1,-1,-1,1,True,1639155600,2021.12.10 17:00:00,1800,True,True,0.001078,True,True,True,True,True,True,True,True,True,True,True,True,,,,,,
USD_CPI_1639153800,1639153800,2021.12.10 16:30:00,2021,CORE_2015_2025,CPI,USDCAD,BASE,840030005,CPI m/m,True,"840030005,840030006,840030007,840030008",USD_840030009:CPI n.s.a.|USD_840030010:Core CPI|USD_840030030:Real Earnings m/m|USD_840030033:CPI n.s.a. m/m|USD_840030034:Core CPI n.s.a. m/m|USD_840030035:CPI|USD_840030036:Core CPI n.s.a.|CAD_124010002:Capacity Utilization Rate,False,False,False,0.8,0.5,0.9,,0.3,-0.1,POSITIVE,NEGATIVE,1,1,-1,-1,True,1639155600,2021.12.10 17:00:00,1800,True,True,0.001545,True,True,True,True,True,True,True,True,True,True,True,True,,,,,,
USD_CPI_1639153800,1639153800,2021.12.10 16:30:00,2021,CORE_2015_2025,CPI,USDCHF,BASE,840030005,CPI m/m,True,"840030005,840030006,840030007,840030008",USD_840030009:CPI n.s.a.|USD_840030010:Core CPI|USD_840030030:Real Earnings m/m|USD_840030033:CPI n.s.a. m/m|USD_840030034:Core CPI n.s.a. m/m|USD_840030035:CPI|USD_840030036:Core CPI n.s.a.|CAD_124010002:Capacity Utilization Rate,False,False,False,0.8,0.5,0.9,,0.3,-0.1,POSITIVE,NEGATIVE,1,1,-1,-1,True,1639155600,2021.12.10 17:00:00,1800,True,True,0.001065,True,True,True,True,True,True,True,True,True,True,True,True,,,,,,
USD_CPI_1639153800,1639153800,2021.12.10 16:30:00,2021,CORE_2015_2025,CPI,USDJPY,BASE,840030005,CPI m/m,True,"840030005,840030006,840030007,840030008",USD_840030009:CPI n.s.a.|USD_840030010:Core CPI|USD_840030030:Real Earnings m/m|USD_840030033:CPI n.s.a. m/m|USD_840030034:Core CPI n.s.a. m/m|USD_840030035:CPI|USD_840030036:Core CPI n.s.a.|CAD_124010002:Capacity Utilization Rate,False,False,False,0.8,0.5,0.9,,0.3,-0.1,POSITIVE,NEGATIVE,1,1,-1,-1,True,1639155600,2021.12.10 17:00:00,1800,True,True,0.118890,True,True,True,True,True,True,True,True,True,True,True,True,,,,,,
USD_CPI_1642005000,1642005000,2022.01.12 16:30:00,2022,CORE_2015_2025,CPI,AUDUSD,QUOTE,840030005,CPI m/m,True,"840030005,840030006,840030007,840030008",USD_840030009:CPI n.s.a.|USD_840030010:Core CPI|USD_840030030:Real Earnings m/m|USD_840030033:CPI n.s.a. m/m|USD_840030034:Core CPI n.s.a. m/m|USD_840030035:CPI|USD_840030036:Core CPI n.s.a.,False,False,False,0.5,0.7,0.8,,-0.2,-0.3,NEGATIVE,NEGATIVE,-1,1,-1,1,True,1642006800,2022.01.12 17:00:00,1800,True,True,0.001152,True,True,True,True,True,True,True,True,True,True,True,True,,,,,,
USD_CPI_1642005000,1642005000,2022.01.12 16:30:00,2022,CORE_2015_2025,CPI,EURUSD,QUOTE,840030005,CPI m/m,True,"840030005,840030006,840030007,840030008",USD_840030009:CPI n.s.a.|USD_840030010:Core CPI|USD_840030030:Real Earnings m/m|USD_840030033:CPI n.s.a. m/m|USD_840030034:Core CPI n.s.a. m/m|USD_840030035:CPI|USD_840030036:Core CPI n.s.a.,False,False,False,0.5,0.7,0.8,,-0.2,-0.3,NEGATIVE,NEGATIVE,-1,1,-1,1,True,1642006800,2022.01.12 17:00:00,1800,True,True,0.001329,True,True,True,True,True,True,True,True,True,True,True,True,,,,,,
USD_CPI_1642005000,1642005000,2022.01.12 16:30:00,2022,CORE_2015_2025,CPI,GBPUSD,QUOTE,840030005,CPI m/m,True,"840030005,840030006,840030007,840030008",USD_840030009:CPI n.s.a.|USD_840030010:Core CPI|USD_840030030:Real Earnings m/m|USD_840030033:CPI n.s.a. m/m|USD_840030034:Core CPI n.s.a. m/m|USD_840030035:CPI|USD_840030036:Core CPI n.s.a.,False,False,False,0.5,0.7,0.8,,-0.2,-0.3,NEGATIVE,NEGATIVE,-1,1,-1,1,True,1642006800,2022.01.12 17:00:00,1800,True,True,0.001420,True,True,True,True,True,True,True,True,True,True,True,True,,,,,,
USD_CPI_1642005000,1642005000,2022.01.12 16:30:00,2022,CORE_2015_2025,CPI,NZDUSD,QUOTE,840030005,CPI m/m,True,"840030005,840030006,840030007,840030008",USD_840030009:CPI n.s.a.|USD_840030010:Core CPI|USD_840030030:Real Earnings m/m|USD_840030033:CPI n.s.a. m/m|USD_840030034:Core CPI n.s.a. m/m|USD_840030035:CPI|USD_840030036:Core CPI n.s.a.,False,False,False,0.5,0.7,0.8,,-0.2,-0.3,NEGATIVE,NEGATIVE,-1,1,-1,1,True,1642006800,2022.01.12 17:00:00,1800,True,True,0.001054,True,True,True,True,True,True,True,True,True,True,True,True,,,,,,
USD_CPI_1642005000,1642005000,2022.01.12 16:30:00,2022,CORE_2015_2025,CPI,USDCAD,BASE,840030005,CPI m/m,True,"840030005,840030006,840030007,840030008",USD_840030009:CPI n.s.a.|USD_840030010:Core CPI|USD_840030030:Real Earnings m/m|USD_840030033:CPI n.s.a. m/m|USD_840030034:Core CPI n.s.a. m/m|USD_840030035:CPI|USD_840030036:Core CPI n.s.a.,False,False,False,0.5,0.7,0.8,,-0.2,-0.3,NEGATIVE,NEGATIVE,-1,-1,-1,-1,True,1642006800,2022.01.12 17:00:00,1800,True,True,0.001562,True,True,True,True,True,True,True,True,True,True,True,True,,,,,,
USD_CPI_1642005000,1642005000,2022.01.12 16:30:00,2022,CORE_2015_2025,CPI,USDCHF,BASE,840030005,CPI m/m,True,"840030005,840030006,840030007,840030008",USD_840030009:CPI n.s.a.|USD_840030010:Core CPI|USD_840030030:Real Earnings m/m|USD_840030033:CPI n.s.a. m/m|USD_840030034:Core CPI n.s.a. m/m|USD_840030035:CPI|USD_840030036:Core CPI n.s.a.,False,False,False,0.5,0.7,0.8,,-0.2,-0.3,NEGATIVE,NEGATIVE,-1,-1,-1,-1,True,1642006800,2022.01.12 17:00:00,1800,True,True,0.001058,True,True,True,True,True,True,True,True,True,True,True,True,,,,,,
USD_CPI_1642005000,1642005000,2022.01.12 16:30:00,2022,CORE_2015_2025,CPI,USDJPY,BASE,840030005,CPI m/m,True,"840030005,840030006,840030007,840030008",USD_840030009:CPI n.s.a.|USD_840030010:Core CPI|USD_840030030:Real Earnings m/m|USD_840030033:CPI n.s.a. m/m|USD_840030034:Core CPI n.s.a. m/m|USD_840030035:CPI|USD_840030036:Core CPI n.s.a.,False,False,False,0.5,0.7,0.8,,-0.2,-0.3,NEGATIVE,NEGATIVE,-1,-1,-1,-1,True,1642006800,2022.01.12 17:00:00,1800,True,True,0.118081,True,True,True,True,True,True,True,True,True,True,True,True,,,,,,
USD_CPI_1644510600,1644510600,2022.02.10 16:30:00,2022,CORE_2015_2025,CPI,AUDUSD,QUOTE,840030005,CPI m/m,True,"840030005,840030006,840030007,840030008",USD_840030009:CPI n.s.a.|USD_840030010:Core CPI|USD_840030030:Real Earnings m/m|USD_840030033:CPI n.s.a. m/m|USD_840030034:Core CPI n.s.a. m/m|USD_840030035:CPI|USD_840030036:Core CPI n.s.a.|USD_840140001:Initial Jobless Claims|USD_840140002:Continuing Jobless Claims|USD_840140003:Initial Jobless Claims 4-Week Average,False,False,False,0.6,0.3,0.5,0.6,0.3,0.1,POSITIVE,POSITIVE,1,-1,1,-1,True,1644512400,2022.02.10 17:00:00,1800,True,True,0.001180,True,True,True,True,True,True,True,True,True,True,True,True,,,,,,
USD_CPI_1644510600,1644510600,2022.02.10 16:30:00,2022,CORE_2015_2025,CPI,EURUSD,QUOTE,840030005,CPI m/m,True,"840030005,840030006,840030007,840030008",USD_840030009:CPI n.s.a.|USD_840030010:Core CPI|USD_840030030:Real Earnings m/m|USD_840030033:CPI n.s.a. m/m|USD_840030034:Core CPI n.s.a. m/m|USD_840030035:CPI|USD_840030036:Core CPI n.s.a.|USD_840140001:Initial Jobless Claims|USD_840140002:Continuing Jobless Claims|USD_840140003:Initial Jobless Claims 4-Week Average,False,False,False,0.6,0.3,0.5,0.6,0.3,0.1,POSITIVE,POSITIVE,1,-1,1,-1,True,1644512400,2022.02.10 17:00:00,1800,True,True,0.001348,True,True,True,True,True,True,True,True,True,True,True,True,,,,,,
USD_CPI_1644510600,1644510600,2022.02.10 16:30:00,2022,CORE_2015_2025,CPI,GBPUSD,QUOTE,840030005,CPI m/m,True,"840030005,840030006,840030007,840030008",USD_840030009:CPI n.s.a.|USD_840030010:Core CPI|USD_840030030:Real Earnings m/m|USD_840030033:CPI n.s.a. m/m|USD_840030034:Core CPI n.s.a. m/m|USD_840030035:CPI|USD_840030036:Core CPI n.s.a.|USD_840140001:Initial Jobless Claims|USD_840140002:Continuing Jobless Claims|USD_840140003:Initial Jobless Claims 4-Week Average,False,False,False,0.6,0.3,0.5,0.6,0.3,0.1,POSITIVE,POSITIVE,1,-1,1,-1,True,1644512400,2022.02.10 17:00:00,1800,True,True,0.001547,True,True,True,True,True,True,True,True,True,True,True,True,,,,,,
USD_CPI_1644510600,1644510600,2022.02.10 16:30:00,2022,CORE_2015_2025,CPI,NZDUSD,QUOTE,840030005,CPI m/m,True,"840030005,840030006,840030007,840030008",USD_840030009:CPI n.s.a.|USD_840030010:Core CPI|USD_840030030:Real Earnings m/m|USD_840030033:CPI n.s.a. m/m|USD_840030034:Core CPI n.s.a. m/m|USD_840030035:CPI|USD_840030036:Core CPI n.s.a.|USD_840140001:Initial Jobless Claims|USD_840140002:Continuing Jobless Claims|USD_840140003:Initial Jobless Claims 4-Week Average,False,False,False,0.6,0.3,0.5,0.6,0.3,0.1,POSITIVE,POSITIVE,1,-1,1,-1,True,1644512400,2022.02.10 17:00:00,1800,True,True,0.001158,True,True,True,True,True,True,True,True,True,True,True,True,,,,,,
USD_CPI_1644510600,1644510600,2022.02.10 16:30:00,2022,CORE_2015_2025,CPI,USDCAD,BASE,840030005,CPI m/m,True,"840030005,840030006,840030007,840030008",USD_840030009:CPI n.s.a.|USD_840030010:Core CPI|USD_840030030:Real Earnings m/m|USD_840030033:CPI n.s.a. m/m|USD_840030034:Core CPI n.s.a. m/m|USD_840030035:CPI|USD_840030036:Core CPI n.s.a.|USD_840140001:Initial Jobless Claims|USD_840140002:Continuing Jobless Claims|USD_840140003:Initial Jobless Claims 4-Week Average,False,False,False,0.6,0.3,0.5,0.6,0.3,0.1,POSITIVE,POSITIVE,1,1,1,1,True,1644512400,2022.02.10 17:00:00,1800,True,True,0.001235,True,True,True,True,True,True,True,True,True,True,True,True,,,,,,
USD_CPI_1644510600,1644510600,2022.02.10 16:30:00,2022,CORE_2015_2025,CPI,USDCHF,BASE,840030005,CPI m/m,True,"840030005,840030006,840030007,840030008",USD_840030009:CPI n.s.a.|USD_840030010:Core CPI|USD_840030030:Real Earnings m/m|USD_840030033:CPI n.s.a. m/m|USD_840030034:Core CPI n.s.a. m/m|USD_840030035:CPI|USD_840030036:Core CPI n.s.a.|USD_840140001:Initial Jobless Claims|USD_840140002:Continuing Jobless Claims|USD_840140003:Initial Jobless Claims 4-Week Average,False,False,False,0.6,0.3,0.5,0.6,0.3,0.1,POSITIVE,POSITIVE,1,1,1,1,True,1644512400,2022.02.10 17:00:00,1800,True,True,0.001155,True,True,True,True,True,True,True,True,True,True,True,True,,,,,,
USD_CPI_1644510600,1644510600,2022.02.10 16:30:00,2022,CORE_2015_2025,CPI,USDJPY,BASE,840030005,CPI m/m,True,"840030005,840030006,840030007,840030008",USD_840030009:CPI n.s.a.|USD_840030010:Core CPI|USD_840030030:Real Earnings m/m|USD_840030033:CPI n.s.a. m/m|USD_840030034:Core CPI n.s.a. m/m|USD_840030035:CPI|USD_840030036:Core CPI n.s.a.|USD_840140001:Initial Jobless Claims|USD_840140002:Continuing Jobless Claims|USD_840140003:Initial Jobless Claims 4-Week Average,False,False,False,0.6,0.3,0.5,0.6,0.3,0.1,POSITIVE,POSITIVE,1,1,1,1,True,1644512400,2022.02.10 17:00:00,1800,True,True,0.125423,True,True,True,True,True,True,True,True,True,True,True,True,,,,,,
USD_CPI_1646929800,1646929800,2022.03.10 16:30:00,2022,CORE_2015_2025,CPI,AUDUSD,QUOTE,840030005,CPI m/m,True,"840030005,840030006,840030007,840030008",USD_840030009:CPI n.s.a.|USD_840030010:Core CPI|USD_840030030:Real Earnings m/m|USD_840030033:CPI n.s.a. m/m|USD_840030034:Core CPI n.s.a. m/m|USD_840030035:CPI|USD_840030036:Core CPI n.s.a.|USD_840140001:Initial Jobless Claims|USD_840140002:Continuing Jobless Claims|USD_840140003:Initial Jobless Claims 4-Week Average|EUR_999010003:ECB Monetary Policy Press Conference,False,False,False,0.8,0.2,0.6,,0.6,0.2,POSITIVE,POSITIVE,1,-1,1,-1,True,1646931600,2022.03.10 17:00:00,1800,True,True,0.001522,True,True,True,True,True,True,True,True,True,True,True,True,,,,,,
USD_CPI_1646929800,1646929800,2022.03.10 16:30:00,2022,CORE_2015_2025,CPI,EURUSD,QUOTE,840030005,CPI m/m,True,"840030005,840030006,840030007,840030008",USD_840030009:CPI n.s.a.|USD_840030010:Core CPI|USD_840030030:Real Earnings m/m|USD_840030033:CPI n.s.a. m/m|USD_840030034:Core CPI n.s.a. m/m|USD_840030035:CPI|USD_840030036:Core CPI n.s.a.|USD_840140001:Initial Jobless Claims|USD_840140002:Continuing Jobless Claims|USD_840140003:Initial Jobless Claims 4-Week Average|EUR_999010003:ECB Monetary Policy Press Conference,False,False,False,0.8,0.2,0.6,,0.6,0.2,POSITIVE,POSITIVE,1,-1,1,-1,True,1646931600,2022.03.10 17:00:00,1800,True,True,0.002990,True,True,True,True,True,True,True,True,True,True,True,True,,,,,,
USD_CPI_1646929800,1646929800,2022.03.10 16:30:00,2022,CORE_2015_2025,CPI,GBPUSD,QUOTE,840030005,CPI m/m,True,"840030005,840030006,840030007,840030008",USD_840030009:CPI n.s.a.|USD_840030010:Core CPI|USD_840030030:Real Earnings m/m|USD_840030033:CPI n.s.a. m/m|USD_840030034:Core CPI n.s.a. m/m|USD_840030035:CPI|USD_840030036:Core CPI n.s.a.|USD_840140001:Initial Jobless Claims|USD_840140002:Continuing Jobless Claims|USD_840140003:Initial Jobless Claims 4-Week Average|EUR_999010003:ECB Monetary Policy Press Conference,False,False,False,0.8,0.2,0.6,,0.6,0.2,POSITIVE,POSITIVE,1,-1,1,-1,True,1646931600,2022.03.10 17:00:00,1800,True,True,0.002255,True,True,True,True,True,True,True,True,True,True,True,True,,,,,,
USD_CPI_1646929800,1646929800,2022.03.10 16:30:00,2022,CORE_2015_2025,CPI,NZDUSD,QUOTE,840030005,CPI m/m,True,"840030005,840030006,840030007,840030008",USD_840030009:CPI n.s.a.|USD_840030010:Core CPI|USD_840030030:Real Earnings m/m|USD_840030033:CPI n.s.a. m/m|USD_840030034:Core CPI n.s.a. m/m|USD_840030035:CPI|USD_840030036:Core CPI n.s.a.|USD_840140001:Initial Jobless Claims|USD_840140002:Continuing Jobless Claims|USD_840140003:Initial Jobless Claims 4-Week Average|EUR_999010003:ECB Monetary Policy Press Conference,False,False,False,0.8,0.2,0.6,,0.6,0.2,POSITIVE,POSITIVE,1,-1,1,-1,True,1646931600,2022.03.10 17:00:00,1800,True,True,0.001341,True,True,True,True,True,True,True,True,True,True,True,True,,,,,,
USD_CPI_1646929800,1646929800,2022.03.10 16:30:00,2022,CORE_2015_2025,CPI,USDCAD,BASE,840030005,CPI m/m,True,"840030005,840030006,840030007,840030008",USD_840030009:CPI n.s.a.|USD_840030010:Core CPI|USD_840030030:Real Earnings m/m|USD_840030033:CPI n.s.a. m/m|USD_840030034:Core CPI n.s.a. m/m|USD_840030035:CPI|USD_840030036:Core CPI n.s.a.|USD_840140001:Initial Jobless Claims|USD_840140002:Continuing Jobless Claims|USD_840140003:Initial Jobless Claims 4-Week Average|EUR_999010003:ECB Monetary Policy Press Conference,False,False,False,0.8,0.2,0.6,,0.6,0.2,POSITIVE,POSITIVE,1,1,1,1,True,1646931600,2022.03.10 17:00:00,1800,True,True,0.002116,True,True,True,True,True,True,True,True,True,True,True,True,,,,,,
USD_CPI_1646929800,1646929800,2022.03.10 16:30:00,2022,CORE_2015_2025,CPI,USDCHF,BASE,840030005,CPI m/m,True,"840030005,840030006,840030007,840030008",USD_840030009:CPI n.s.a.|USD_840030010:Core CPI|USD_840030030:Real Earnings m/m|USD_840030033:CPI n.s.a. m/m|USD_840030034:Core CPI n.s.a. m/m|USD_840030035:CPI|USD_840030036:Core CPI n.s.a.|USD_840140001:Initial Jobless Claims|USD_840140002:Continuing Jobless Claims|USD_840140003:Initial Jobless Claims 4-Week Average|EUR_999010003:ECB Monetary Policy Press Conference,False,False,False,0.8,0.2,0.6,,0.6,0.2,POSITIVE,POSITIVE,1,1,1,1,True,1646931600,2022.03.10 17:00:00,1800,True,True,0.001437,True,True,True,True,True,True,True,True,True,True,True,True,,,,,,
USD_CPI_1646929800,1646929800,2022.03.10 16:30:00,2022,CORE_2015_2025,CPI,USDJPY,BASE,840030005,CPI m/m,True,"840030005,840030006,840030007,840030008",USD_840030009:CPI n.s.a.|USD_840030010:Core CPI|USD_840030030:Real Earnings m/m|USD_840030033:CPI n.s.a. m/m|USD_840030034:Core CPI n.s.a. m/m|USD_840030035:CPI|USD_840030036:Core CPI n.s.a.|USD_840140001:Initial Jobless Claims|USD_840140002:Continuing Jobless Claims|USD_840140003:Initial Jobless Claims 4-Week Average|EUR_999010003:ECB Monetary Policy Press Conference,False,False,False,0.8,0.2,0.6,,0.6,0.2,POSITIVE,POSITIVE,1,1,1,1,True,1646931600,2022.03.10 17:00:00,1800,True,True,0.121422,True,True,True,True,True,True,True,True,True,True,True,True,,,,,,
USD_CPI_1649777400,1649777400,2022.04.12 15:30:00,2022,CORE_2015_2025,CPI,AUDUSD,QUOTE,840030005,CPI m/m,True,"840030005,840030006,840030007,840030008",USD_840030009:CPI n.s.a.|USD_840030010:Core CPI|USD_840030030:Real Earnings m/m|USD_840030033:CPI n.s.a. m/m|USD_840030034:Core CPI n.s.a. m/m|USD_840030035:CPI|USD_840030036:Core CPI n.s.a.,False,False,False,1.2,0.7,0.8,,0.5,0.4,POSITIVE,POSITIVE,1,-1,1,-1,True,1649779200,2022.04.12 16:00:00,1800,True,True,0.001172,True,True,True,True,True,True,True,True,True,True,True,True,,,,,,
USD_CPI_1649777400,1649777400,2022.04.12 15:30:00,2022,CORE_2015_2025,CPI,EURUSD,QUOTE,840030005,CPI m/m,True,"840030005,840030006,840030007,840030008",USD_840030009:CPI n.s.a.|USD_840030010:Core CPI|USD_840030030:Real Earnings m/m|USD_840030033:CPI n.s.a. m/m|USD_840030034:Core CPI n.s.a. m/m|USD_840030035:CPI|USD_840030036:Core CPI n.s.a.,False,False,False,1.2,0.7,0.8,,0.5,0.4,POSITIVE,POSITIVE,1,-1,1,-1,True,1649779200,2022.04.12 16:00:00,1800,True,True,0.001305,True,True,True,True,True,True,True,True,True,True,True,True,,,,,,
USD_CPI_1649777400,1649777400,2022.04.12 15:30:00,2022,CORE_2015_2025,CPI,GBPUSD,QUOTE,840030005,CPI m/m,True,"840030005,840030006,840030007,840030008",USD_840030009:CPI n.s.a.|USD_840030010:Core CPI|USD_840030030:Real Earnings m/m|USD_840030033:CPI n.s.a. m/m|USD_840030034:Core CPI n.s.a. m/m|USD_840030035:CPI|USD_840030036:Core CPI n.s.a.,False,False,False,1.2,0.7,0.8,,0.5,0.4,POSITIVE,POSITIVE,1,-1,1,-1,True,1649779200,2022.04.12 16:00:00,1800,True,True,0.001477,True,True,True,True,True,True,True,True,True,True,True,True,,,,,,
USD_CPI_1649777400,1649777400,2022.04.12 15:30:00,2022,CORE_2015_2025,CPI,NZDUSD,QUOTE,840030005,CPI m/m,True,"840030005,840030006,840030007,840030008",USD_840030009:CPI n.s.a.|USD_840030010:Core CPI|USD_840030030:Real Earnings m/m|USD_840030033:CPI n.s.a. m/m|USD_840030034:Core CPI n.s.a. m/m|USD_840030035:CPI|USD_840030036:Core CPI n.s.a.,False,False,False,1.2,0.7,0.8,,0.5,0.4,POSITIVE,POSITIVE,1,-1,1,-1,True,1649779200,2022.04.12 16:00:00,1800,True,True,0.001046,True,True,True,True,True,True,True,True,True,True,True,True,,,,,,
USD_CPI_1649777400,1649777400,2022.04.12 15:30:00,2022,CORE_2015_2025,CPI,USDCAD,BASE,840030005,CPI m/m,True,"840030005,840030006,840030007,840030008",USD_840030009:CPI n.s.a.|USD_840030010:Core CPI|USD_840030030:Real Earnings m/m|USD_840030033:CPI n.s.a. m/m|USD_840030034:Core CPI n.s.a. m/m|USD_840030035:CPI|USD_840030036:Core CPI n.s.a.,False,False,False,1.2,0.7,0.8,,0.5,0.4,POSITIVE,POSITIVE,1,1,1,1,True,1649779200,2022.04.12 16:00:00,1800,True,True,0.001338,True,True,True,True,True,True,True,True,True,True,True,True,,,,,,
USD_CPI_1649777400,1649777400,2022.04.12 15:30:00,2022,CORE_2015_2025,CPI,USDCHF,BASE,840030005,CPI m/m,True,"840030005,840030006,840030007,840030008",USD_840030009:CPI n.s.a.|USD_840030010:Core CPI|USD_840030030:Real Earnings m/m|USD_840030033:CPI n.s.a. m/m|USD_840030034:Core CPI n.s.a. m/m|USD_840030035:CPI|USD_840030036:Core CPI n.s.a.,False,False,False,1.2,0.7,0.8,,0.5,0.4,POSITIVE,POSITIVE,1,1,1,1,True,1649779200,2022.04.12 16:00:00,1800,True,True,0.001070,True,True,True,True,True,True,True,True,True,True,True,True,,,,,,
USD_CPI_1649777400,1649777400,2022.04.12 15:30:00,2022,CORE_2015_2025,CPI,USDJPY,BASE,840030005,CPI m/m,True,"840030005,840030006,840030007,840030008",USD_840030009:CPI n.s.a.|USD_840030010:Core CPI|USD_840030030:Real Earnings m/m|USD_840030033:CPI n.s.a. m/m|USD_840030034:Core CPI n.s.a. m/m|USD_840030035:CPI|USD_840030036:Core CPI n.s.a.,False,False,False,1.2,0.7,0.8,,0.5,0.4,POSITIVE,POSITIVE,1,1,1,1,True,1649779200,2022.04.12 16:00:00,1800,True,True,0.178540,True,True,True,True,True,True,True,True,True,True,True,True,,,,,,
USD_CPI_1652283000,1652283000,2022.05.11 15:30:00,2022,CORE_2015_2025,CPI,AUDUSD,QUOTE,840030005,CPI m/m,True,"840030005,840030006,840030007,840030008",USD_840030009:CPI n.s.a.|USD_840030010:Core CPI|USD_840030030:Real Earnings m/m|USD_840030033:CPI n.s.a. m/m|USD_840030034:Core CPI n.s.a. m/m|USD_840030035:CPI|USD_840030036:Core CPI n.s.a.,False,False,False,0.3,1.3,1.2,,-1.0,-0.9,NEGATIVE,NEGATIVE,-1,1,-1,1,True,1652284800,2022.05.11 16:00:00,1800,True,True,0.001798,True,True,True,True,True,True,True,True,True,True,True,True,,,,,,
USD_CPI_1652283000,1652283000,2022.05.11 15:30:00,2022,CORE_2015_2025,CPI,EURUSD,QUOTE,840030005,CPI m/m,True,"840030005,840030006,840030007,840030008",USD_840030009:CPI n.s.a.|USD_840030010:Core CPI|USD_840030030:Real Earnings m/m|USD_840030033:CPI n.s.a. m/m|USD_840030034:Core CPI n.s.a. m/m|USD_840030035:CPI|USD_840030036:Core CPI n.s.a.,False,False,False,0.3,1.3,1.2,,-1.0,-0.9,NEGATIVE,NEGATIVE,-1,1,-1,1,True,1652284800,2022.05.11 16:00:00,1800,True,True,0.001516,True,True,True,True,True,True,True,True,True,True,True,True,,,,,,
USD_CPI_1652283000,1652283000,2022.05.11 15:30:00,2022,CORE_2015_2025,CPI,GBPUSD,QUOTE,840030005,CPI m/m,True,"840030005,840030006,840030007,840030008",USD_840030009:CPI n.s.a.|USD_840030010:Core CPI|USD_840030030:Real Earnings m/m|USD_840030033:CPI n.s.a. m/m|USD_840030034:Core CPI n.s.a. m/m|USD_840030035:CPI|USD_840030036:Core CPI n.s.a.,False,False,False,0.3,1.3,1.2,,-1.0,-0.9,NEGATIVE,NEGATIVE,-1,1,-1,1,True,1652284800,2022.05.11 16:00:00,1800,True,True,0.002312,True,True,True,True,True,True,True,True,True,True,True,True,,,,,,
USD_CPI_1652283000,1652283000,2022.05.11 15:30:00,2022,CORE_2015_2025,CPI,NZDUSD,QUOTE,840030005,CPI m/m,True,"840030005,840030006,840030007,840030008",USD_840030009:CPI n.s.a.|USD_840030010:Core CPI|USD_840030030:Real Earnings m/m|USD_840030033:CPI n.s.a. m/m|USD_840030034:Core CPI n.s.a. m/m|USD_840030035:CPI|USD_840030036:Core CPI n.s.a.,False,False,False,0.3,1.3,1.2,,-1.0,-0.9,NEGATIVE,NEGATIVE,-1,1,-1,1,True,1652284800,2022.05.11 16:00:00,1800,True,True,0.001458,True,True,True,True,True,True,True,True,True,True,True,True,,,,,,
USD_CPI_1652283000,1652283000,2022.05.11 15:30:00,2022,CORE_2015_2025,CPI,USDCAD,BASE,840030005,CPI m/m,True,"840030005,840030006,840030007,840030008",USD_840030009:CPI n.s.a.|USD_840030010:Core CPI|USD_840030030:Real Earnings m/m|USD_840030033:CPI n.s.a. m/m|USD_840030034:Core CPI n.s.a. m/m|USD_840030035:CPI|USD_840030036:Core CPI n.s.a.,False,False,False,0.3,1.3,1.2,,-1.0,-0.9,NEGATIVE,NEGATIVE,-1,-1,-1,-1,True,1652284800,2022.05.11 16:00:00,1800,True,True,0.001717,True,True,True,True,True,True,True,True,True,True,True,True,,,,,,
USD_CPI_1652283000,1652283000,2022.05.11 15:30:00,2022,CORE_2015_2025,CPI,USDCHF,BASE,840030005,CPI m/m,True,"840030005,840030006,840030007,840030008",USD_840030009:CPI n.s.a.|USD_840030010:Core CPI|USD_840030030:Real Earnings m/m|USD_840030033:CPI n.s.a. m/m|USD_840030034:Core CPI n.s.a. m/m|USD_840030035:CPI|USD_840030036:Core CPI n.s.a.,False,False,False,0.3,1.3,1.2,,-1.0,-0.9,NEGATIVE,NEGATIVE,-1,-1,-1,-1,True,1652284800,2022.05.11 16:00:00,1800,True,True,0.001748,True,True,True,True,True,True,True,True,True,True,True,True,,,,,,
USD_CPI_1652283000,1652283000,2022.05.11 15:30:00,2022,CORE_2015_2025,CPI,USDJPY,BASE,840030005,CPI m/m,True,"840030005,840030006,840030007,840030008",USD_840030009:CPI n.s.a.|USD_840030010:Core CPI|USD_840030030:Real Earnings m/m|USD_840030033:CPI n.s.a. m/m|USD_840030034:Core CPI n.s.a. m/m|USD_840030035:CPI|USD_840030036:Core CPI n.s.a.,False,False,False,0.3,1.3,1.2,,-1.0,-0.9,NEGATIVE,NEGATIVE,-1,-1,-1,-1,True,1652284800,2022.05.11 16:00:00,1800,True,True,0.195441,True,True,True,True,True,True,True,True,True,True,True,True,,,,,,
USD_CPI_1654875000,1654875000,2022.06.10 15:30:00,2022,CORE_2015_2025,CPI,AUDUSD,QUOTE,840030005,CPI m/m,True,"840030005,840030006,840030007,840030008",USD_840030009:CPI n.s.a.|USD_840030010:Core CPI|USD_840030030:Real Earnings m/m|USD_840030033:CPI n.s.a. m/m|USD_840030034:Core CPI n.s.a. m/m|USD_840030035:CPI|USD_840030036:Core CPI n.s.a.|CAD_124010002:Capacity Utilization Rate|CAD_124010011:Employment Change|CAD_124010012:Full-Time Employment Change|CAD_124010013:Part-Time Employment Change|CAD_124010014:Unemployment Rate|CAD_124010015:Participation Rate,True,False,False,1.0,0.7,0.3,,0.3,0.7,POSITIVE,POSITIVE,1,-1,1,-1,True,1654876800,2022.06.10 16:00:00,1800,True,True,0.001400,True,True,True,True,True,True,True,True,True,True,True,True,,,,,,
USD_CPI_1654875000,1654875000,2022.06.10 15:30:00,2022,CORE_2015_2025,CPI,EURUSD,QUOTE,840030005,CPI m/m,True,"840030005,840030006,840030007,840030008",USD_840030009:CPI n.s.a.|USD_840030010:Core CPI|USD_840030030:Real Earnings m/m|USD_840030033:CPI n.s.a. m/m|USD_840030034:Core CPI n.s.a. m/m|USD_840030035:CPI|USD_840030036:Core CPI n.s.a.|CAD_124010002:Capacity Utilization Rate|CAD_124010011:Employment Change|CAD_124010012:Full-Time Employment Change|CAD_124010013:Part-Time Employment Change|CAD_124010014:Unemployment Rate|CAD_124010015:Participation Rate,True,False,False,1.0,0.7,0.3,,0.3,0.7,POSITIVE,POSITIVE,1,-1,1,-1,True,1654876800,2022.06.10 16:00:00,1800,True,True,0.001771,True,True,True,True,True,True,True,True,True,True,True,True,,,,,,
USD_CPI_1654875000,1654875000,2022.06.10 15:30:00,2022,CORE_2015_2025,CPI,GBPUSD,QUOTE,840030005,CPI m/m,True,"840030005,840030006,840030007,840030008",USD_840030009:CPI n.s.a.|USD_840030010:Core CPI|USD_840030030:Real Earnings m/m|USD_840030033:CPI n.s.a. m/m|USD_840030034:Core CPI n.s.a. m/m|USD_840030035:CPI|USD_840030036:Core CPI n.s.a.|CAD_124010002:Capacity Utilization Rate|CAD_124010011:Employment Change|CAD_124010012:Full-Time Employment Change|CAD_124010013:Part-Time Employment Change|CAD_124010014:Unemployment Rate|CAD_124010015:Participation Rate,True,False,False,1.0,0.7,0.3,,0.3,0.7,POSITIVE,POSITIVE,1,-1,1,-1,True,1654876800,2022.06.10 16:00:00,1800,True,True,0.001966,True,True,True,True,True,True,True,True,True,True,True,True,,,,,,
USD_CPI_1654875000,1654875000,2022.06.10 15:30:00,2022,CORE_2015_2025,CPI,NZDUSD,QUOTE,840030005,CPI m/m,True,"840030005,840030006,840030007,840030008",USD_840030009:CPI n.s.a.|USD_840030010:Core CPI|USD_840030030:Real Earnings m/m|USD_840030033:CPI n.s.a. m/m|USD_840030034:Core CPI n.s.a. m/m|USD_840030035:CPI|USD_840030036:Core CPI n.s.a.|CAD_124010002:Capacity Utilization Rate|CAD_124010011:Employment Change|CAD_124010012:Full-Time Employment Change|CAD_124010013:Part-Time Employment Change|CAD_124010014:Unemployment Rate|CAD_124010015:Participation Rate,True,False,False,1.0,0.7,0.3,,0.3,0.7,POSITIVE,POSITIVE,1,-1,1,-1,True,1654876800,2022.06.10 16:00:00,1800,True,True,0.001184,True,True,True,True,True,True,True,True,True,True,True,True,,,,,,
USD_CPI_1654875000,1654875000,2022.06.10 15:30:00,2022,CORE_2015_2025,CPI,USDCAD,BASE,840030005,CPI m/m,True,"840030005,840030006,840030007,840030008",USD_840030009:CPI n.s.a.|USD_840030010:Core CPI|USD_840030030:Real Earnings m/m|USD_840030033:CPI n.s.a. m/m|USD_840030034:Core CPI n.s.a. m/m|USD_840030035:CPI|USD_840030036:Core CPI n.s.a.|CAD_124010002:Capacity Utilization Rate|CAD_124010011:Employment Change|CAD_124010012:Full-Time Employment Change|CAD_124010013:Part-Time Employment Change|CAD_124010014:Unemployment Rate|CAD_124010015:Participation Rate,True,False,False,1.0,0.7,0.3,,0.3,0.7,POSITIVE,POSITIVE,1,1,1,1,True,1654876800,2022.06.10 16:00:00,1800,True,True,0.001491,True,True,True,True,True,True,True,True,True,True,True,True,,,,,,
USD_CPI_1654875000,1654875000,2022.06.10 15:30:00,2022,CORE_2015_2025,CPI,USDCHF,BASE,840030005,CPI m/m,True,"840030005,840030006,840030007,840030008",USD_840030009:CPI n.s.a.|USD_840030010:Core CPI|USD_840030030:Real Earnings m/m|USD_840030033:CPI n.s.a. m/m|USD_840030034:Core CPI n.s.a. m/m|USD_840030035:CPI|USD_840030036:Core CPI n.s.a.|CAD_124010002:Capacity Utilization Rate|CAD_124010011:Employment Change|CAD_124010012:Full-Time Employment Change|CAD_124010013:Part-Time Employment Change|CAD_124010014:Unemployment Rate|CAD_124010015:Participation Rate,True,False,False,1.0,0.7,0.3,,0.3,0.7,POSITIVE,POSITIVE,1,1,1,1,True,1654876800,2022.06.10 16:00:00,1800,True,True,0.001590,True,True,True,True,True,True,True,True,True,True,True,True,,,,,,
USD_CPI_1654875000,1654875000,2022.06.10 15:30:00,2022,CORE_2015_2025,CPI,USDJPY,BASE,840030005,CPI m/m,True,"840030005,840030006,840030007,840030008",USD_840030009:CPI n.s.a.|USD_840030010:Core CPI|USD_840030030:Real Earnings m/m|USD_840030033:CPI n.s.a. m/m|USD_840030034:Core CPI n.s.a. m/m|USD_840030035:CPI|USD_840030036:Core CPI n.s.a.|CAD_124010002:Capacity Utilization Rate|CAD_124010011:Employment Change|CAD_124010012:Full-Time Employment Change|CAD_124010013:Part-Time Employment Change|CAD_124010014:Unemployment Rate|CAD_124010015:Participation Rate,True,False,False,1.0,0.7,0.3,,0.3,0.7,POSITIVE,POSITIVE,1,1,1,1,True,1654876800,2022.06.10 16:00:00,1800,True,True,0.289056,True,True,True,True,True,True,True,True,True,True,True,True,,,,,,
USD_CPI_1657726200,1657726200,2022.07.13 15:30:00,2022,CORE_2015_2025,CPI,AUDUSD,QUOTE,840030005,CPI m/m,True,"840030005,840030006,840030007,840030008",USD_840030009:CPI n.s.a.|USD_840030010:Core CPI|USD_840030030:Real Earnings m/m|USD_840030033:CPI n.s.a. m/m|USD_840030034:Core CPI n.s.a. m/m|USD_840030035:CPI|USD_840030036:Core CPI n.s.a.,False,False,False,1.3,0.8,1.0,,0.5,0.3,POSITIVE,POSITIVE,1,-1,1,-1,True,1657728000,2022.07.13 16:00:00,1800,True,True,0.001362,True,True,True,True,True,True,True,True,True,True,True,True,,,,,,
USD_CPI_1657726200,1657726200,2022.07.13 15:30:00,2022,CORE_2015_2025,CPI,EURUSD,QUOTE,840030005,CPI m/m,True,"840030005,840030006,840030007,840030008",USD_840030009:CPI n.s.a.|USD_840030010:Core CPI|USD_840030030:Real Earnings m/m|USD_840030033:CPI n.s.a. m/m|USD_840030034:Core CPI n.s.a. m/m|USD_840030035:CPI|USD_840030036:Core CPI n.s.a.,False,False,False,1.3,0.8,1.0,,0.5,0.3,POSITIVE,POSITIVE,1,-1,1,-1,True,1657728000,2022.07.13 16:00:00,1800,True,True,0.001921,True,True,True,True,True,True,True,True,True,True,True,True,,,,,,
USD_CPI_1657726200,1657726200,2022.07.13 15:30:00,2022,CORE_2015_2025,CPI,GBPUSD,QUOTE,840030005,CPI m/m,True,"840030005,840030006,840030007,840030008",USD_840030009:CPI n.s.a.|USD_840030010:Core CPI|USD_840030030:Real Earnings m/m|USD_840030033:CPI n.s.a. m/m|USD_840030034:Core CPI n.s.a. m/m|USD_840030035:CPI|USD_840030036:Core CPI n.s.a.,False,False,False,1.3,0.8,1.0,,0.5,0.3,POSITIVE,POSITIVE,1,-1,1,-1,True,1657728000,2022.07.13 16:00:00,1800,True,True,0.002451,True,True,True,True,True,True,True,True,True,True,True,True,,,,,,
USD_CPI_1657726200,1657726200,2022.07.13 15:30:00,2022,CORE_2015_2025,CPI,NZDUSD,QUOTE,840030005,CPI m/m,True,"840030005,840030006,840030007,840030008",USD_840030009:CPI n.s.a.|USD_840030010:Core CPI|USD_840030030:Real Earnings m/m|USD_840030033:CPI n.s.a. m/m|USD_840030034:Core CPI n.s.a. m/m|USD_840030035:CPI|USD_840030036:Core CPI n.s.a.,False,False,False,1.3,0.8,1.0,,0.5,0.3,POSITIVE,POSITIVE,1,-1,1,-1,True,1657728000,2022.07.13 16:00:00,1800,True,True,0.001158,True,True,True,True,True,True,True,True,True,True,True,True,,,,,,
USD_CPI_1657726200,1657726200,2022.07.13 15:30:00,2022,CORE_2015_2025,CPI,USDCAD,BASE,840030005,CPI m/m,True,"840030005,840030006,840030007,840030008",USD_840030009:CPI n.s.a.|USD_840030010:Core CPI|USD_840030030:Real Earnings m/m|USD_840030033:CPI n.s.a. m/m|USD_840030034:Core CPI n.s.a. m/m|USD_840030035:CPI|USD_840030036:Core CPI n.s.a.,False,False,False,1.3,0.8,1.0,,0.5,0.3,POSITIVE,POSITIVE,1,1,1,1,True,1657728000,2022.07.13 16:00:00,1800,True,True,0.001647,True,True,True,True,True,True,True,True,True,True,True,True,,,,,,
USD_CPI_1657726200,1657726200,2022.07.13 15:30:00,2022,CORE_2015_2025,CPI,USDCHF,BASE,840030005,CPI m/m,True,"840030005,840030006,840030007,840030008",USD_840030009:CPI n.s.a.|USD_840030010:Core CPI|USD_840030030:Real Earnings m/m|USD_840030033:CPI n.s.a. m/m|USD_840030034:Core CPI n.s.a. m/m|USD_840030035:CPI|USD_840030036:Core CPI n.s.a.,False,False,False,1.3,0.8,1.0,,0.5,0.3,POSITIVE,POSITIVE,1,1,1,1,True,1657728000,2022.07.13 16:00:00,1800,True,True,0.001582,True,True,True,True,True,True,True,True,True,True,True,True,,,,,,
USD_CPI_1657726200,1657726200,2022.07.13 15:30:00,2022,CORE_2015_2025,CPI,USDJPY,BASE,840030005,CPI m/m,True,"840030005,840030006,840030007,840030008",USD_840030009:CPI n.s.a.|USD_840030010:Core CPI|USD_840030030:Real Earnings m/m|USD_840030033:CPI n.s.a. m/m|USD_840030034:Core CPI n.s.a. m/m|USD_840030035:CPI|USD_840030036:Core CPI n.s.a.,False,False,False,1.3,0.8,1.0,,0.5,0.3,POSITIVE,POSITIVE,1,1,1,1,True,1657728000,2022.07.13 16:00:00,1800,True,True,0.177052,True,True,True,True,True,True,True,True,True,True,True,True,,,,,,
USD_CPI_1660145400,1660145400,2022.08.10 15:30:00,2022,CORE_2015_2025,CPI,AUDUSD,QUOTE,840030005,CPI m/m,True,"840030005,840030006,840030007,840030008",USD_840030009:CPI n.s.a.|USD_840030010:Core CPI|USD_840030030:Real Earnings m/m|USD_840030033:CPI n.s.a. m/m|USD_840030034:Core CPI n.s.a. m/m|USD_840030035:CPI|USD_840030036:Core CPI n.s.a.,False,False,False,0.0,0.9,1.3,,-0.9,-1.3,NEGATIVE,NEGATIVE,-1,1,-1,1,True,1660147200,2022.08.10 16:00:00,1800,True,True,0.001111,True,True,True,True,True,True,True,True,True,True,True,True,,,,,,
USD_CPI_1660145400,1660145400,2022.08.10 15:30:00,2022,CORE_2015_2025,CPI,EURUSD,QUOTE,840030005,CPI m/m,True,"840030005,840030006,840030007,840030008",USD_840030009:CPI n.s.a.|USD_840030010:Core CPI|USD_840030030:Real Earnings m/m|USD_840030033:CPI n.s.a. m/m|USD_840030034:Core CPI n.s.a. m/m|USD_840030035:CPI|USD_840030036:Core CPI n.s.a.,False,False,False,0.0,0.9,1.3,,-0.9,-1.3,NEGATIVE,NEGATIVE,-1,1,-1,1,True,1660147200,2022.08.10 16:00:00,1800,True,True,0.001299,True,True,True,True,True,True,True,True,True,True,True,True,,,,,,
USD_CPI_1660145400,1660145400,2022.08.10 15:30:00,2022,CORE_2015_2025,CPI,GBPUSD,QUOTE,840030005,CPI m/m,True,"840030005,840030006,840030007,840030008",USD_840030009:CPI n.s.a.|USD_840030010:Core CPI|USD_840030030:Real Earnings m/m|USD_840030033:CPI n.s.a. m/m|USD_840030034:Core CPI n.s.a. m/m|USD_840030035:CPI|USD_840030036:Core CPI n.s.a.,False,False,False,0.0,0.9,1.3,,-0.9,-1.3,NEGATIVE,NEGATIVE,-1,1,-1,1,True,1660147200,2022.08.10 16:00:00,1800,True,True,0.001543,True,True,True,True,True,True,True,True,True,True,True,True,,,,,,
USD_CPI_1660145400,1660145400,2022.08.10 15:30:00,2022,CORE_2015_2025,CPI,NZDUSD,QUOTE,840030005,CPI m/m,True,"840030005,840030006,840030007,840030008",USD_840030009:CPI n.s.a.|USD_840030010:Core CPI|USD_840030030:Real Earnings m/m|USD_840030033:CPI n.s.a. m/m|USD_840030034:Core CPI n.s.a. m/m|USD_840030035:CPI|USD_840030036:Core CPI n.s.a.,False,False,False,0.0,0.9,1.3,,-0.9,-1.3,NEGATIVE,NEGATIVE,-1,1,-1,1,True,1660147200,2022.08.10 16:00:00,1800,True,True,0.001021,True,True,True,True,True,True,True,True,True,True,True,True,,,,,,
USD_CPI_1660145400,1660145400,2022.08.10 15:30:00,2022,CORE_2015_2025,CPI,USDCAD,BASE,840030005,CPI m/m,True,"840030005,840030006,840030007,840030008",USD_840030009:CPI n.s.a.|USD_840030010:Core CPI|USD_840030030:Real Earnings m/m|USD_840030033:CPI n.s.a. m/m|USD_840030034:Core CPI n.s.a. m/m|USD_840030035:CPI|USD_840030036:Core CPI n.s.a.,False,False,False,0.0,0.9,1.3,,-0.9,-1.3,NEGATIVE,NEGATIVE,-1,-1,-1,-1,True,1660147200,2022.08.10 16:00:00,1800,True,True,0.001068,True,True,True,True,True,True,True,True,True,True,True,True,,,,,,
USD_CPI_1660145400,1660145400,2022.08.10 15:30:00,2022,CORE_2015_2025,CPI,USDCHF,BASE,840030005,CPI m/m,True,"840030005,840030006,840030007,840030008",USD_840030009:CPI n.s.a.|USD_840030010:Core CPI|USD_840030030:Real Earnings m/m|USD_840030033:CPI n.s.a. m/m|USD_840030034:Core CPI n.s.a. m/m|USD_840030035:CPI|USD_840030036:Core CPI n.s.a.,False,False,False,0.0,0.9,1.3,,-0.9,-1.3,NEGATIVE,NEGATIVE,-1,-1,-1,-1,True,1660147200,2022.08.10 16:00:00,1800,True,True,0.001126,True,True,True,True,True,True,True,True,True,True,True,True,,,,,,
USD_CPI_1660145400,1660145400,2022.08.10 15:30:00,2022,CORE_2015_2025,CPI,USDJPY,BASE,840030005,CPI m/m,True,"840030005,840030006,840030007,840030008",USD_840030009:CPI n.s.a.|USD_840030010:Core CPI|USD_840030030:Real Earnings m/m|USD_840030033:CPI n.s.a. m/m|USD_840030034:Core CPI n.s.a. m/m|USD_840030035:CPI|USD_840030036:Core CPI n.s.a.,False,False,False,0.0,0.9,1.3,,-0.9,-1.3,NEGATIVE,NEGATIVE,-1,-1,-1,-1,True,1660147200,2022.08.10 16:00:00,1800,True,True,0.155808,True,True,True,True,True,True,True,True,True,True,True,True,,,,,,
USD_CPI_1663083000,1663083000,2022.09.13 15:30:00,2022,CORE_2015_2025,CPI,AUDUSD,QUOTE,840030005,CPI m/m,True,"840030005,840030006,840030007,840030008",USD_840030009:CPI n.s.a.|USD_840030010:Core CPI|USD_840030030:Real Earnings m/m|USD_840030033:CPI n.s.a. m/m|USD_840030034:Core CPI n.s.a. m/m|USD_840030035:CPI|USD_840030036:Core CPI n.s.a.,False,False,False,0.1,0.6,0.0,,-0.5,0.1,NEGATIVE,POSITIVE,-1,1,1,-1,True,1663084800,2022.09.13 16:00:00,1800,True,True,0.001319,True,True,True,True,True,True,True,True,True,True,True,True,,,,,,
USD_CPI_1663083000,1663083000,2022.09.13 15:30:00,2022,CORE_2015_2025,CPI,EURUSD,QUOTE,840030005,CPI m/m,True,"840030005,840030006,840030007,840030008",USD_840030009:CPI n.s.a.|USD_840030010:Core CPI|USD_840030030:Real Earnings m/m|USD_840030033:CPI n.s.a. m/m|USD_840030034:Core CPI n.s.a. m/m|USD_840030035:CPI|USD_840030036:Core CPI n.s.a.,False,False,False,0.1,0.6,0.0,,-0.5,0.1,NEGATIVE,POSITIVE,-1,1,1,-1,True,1663084800,2022.09.13 16:00:00,1800,True,True,0.001794,True,True,True,True,True,True,True,True,True,True,True,True,,,,,,
USD_CPI_1663083000,1663083000,2022.09.13 15:30:00,2022,CORE_2015_2025,CPI,GBPUSD,QUOTE,840030005,CPI m/m,True,"840030005,840030006,840030007,840030008",USD_840030009:CPI n.s.a.|USD_840030010:Core CPI|USD_840030030:Real Earnings m/m|USD_840030033:CPI n.s.a. m/m|USD_840030034:Core CPI n.s.a. m/m|USD_840030035:CPI|USD_840030036:Core CPI n.s.a.,False,False,False,0.1,0.6,0.0,,-0.5,0.1,NEGATIVE,POSITIVE,-1,1,1,-1,True,1663084800,2022.09.13 16:00:00,1800,True,True,0.002032,True,True,True,True,True,True,True,True,True,True,True,True,,,,,,
USD_CPI_1663083000,1663083000,2022.09.13 15:30:00,2022,CORE_2015_2025,CPI,NZDUSD,QUOTE,840030005,CPI m/m,True,"840030005,840030006,840030007,840030008",USD_840030009:CPI n.s.a.|USD_840030010:Core CPI|USD_840030030:Real Earnings m/m|USD_840030033:CPI n.s.a. m/m|USD_840030034:Core CPI n.s.a. m/m|USD_840030035:CPI|USD_840030036:Core CPI n.s.a.,False,False,False,0.1,0.6,0.0,,-0.5,0.1,NEGATIVE,POSITIVE,-1,1,1,-1,True,1663084800,2022.09.13 16:00:00,1800,True,True,0.001117,True,True,True,True,True,True,True,True,True,True,True,True,,,,,,
USD_CPI_1663083000,1663083000,2022.09.13 15:30:00,2022,CORE_2015_2025,CPI,USDCAD,BASE,840030005,CPI m/m,True,"840030005,840030006,840030007,840030008",USD_840030009:CPI n.s.a.|USD_840030010:Core CPI|USD_840030030:Real Earnings m/m|USD_840030033:CPI n.s.a. m/m|USD_840030034:Core CPI n.s.a. m/m|USD_840030035:CPI|USD_840030036:Core CPI n.s.a.,False,False,False,0.1,0.6,0.0,,-0.5,0.1,NEGATIVE,POSITIVE,-1,-1,1,1,True,1663084800,2022.09.13 16:00:00,1800,True,True,0.001250,True,True,True,True,True,True,True,True,True,True,True,True,,,,,,
USD_CPI_1663083000,1663083000,2022.09.13 15:30:00,2022,CORE_2015_2025,CPI,USDCHF,BASE,840030005,CPI m/m,True,"840030005,840030006,840030007,840030008",USD_840030009:CPI n.s.a.|USD_840030010:Core CPI|USD_840030030:Real Earnings m/m|USD_840030033:CPI n.s.a. m/m|USD_840030034:Core CPI n.s.a. m/m|USD_840030035:CPI|USD_840030036:Core CPI n.s.a.,False,False,False,0.1,0.6,0.0,,-0.5,0.1,NEGATIVE,POSITIVE,-1,-1,1,1,True,1663084800,2022.09.13 16:00:00,1800,True,True,0.001643,True,True,True,True,True,True,True,True,True,True,True,True,,,,,,
USD_CPI_1663083000,1663083000,2022.09.13 15:30:00,2022,CORE_2015_2025,CPI,USDJPY,BASE,840030005,CPI m/m,True,"840030005,840030006,840030007,840030008",USD_840030009:CPI n.s.a.|USD_840030010:Core CPI|USD_840030030:Real Earnings m/m|USD_840030033:CPI n.s.a. m/m|USD_840030034:Core CPI n.s.a. m/m|USD_840030035:CPI|USD_840030036:Core CPI n.s.a.,False,False,False,0.1,0.6,0.0,,-0.5,0.1,NEGATIVE,POSITIVE,-1,-1,1,1,True,1663084800,2022.09.13 16:00:00,1800,True,True,0.259602,True,True,True,True,True,True,True,True,True,True,True,True,,,,,,
USD_CPI_1665675000,1665675000,2022.10.13 15:30:00,2022,CORE_2015_2025,CPI,AUDUSD,QUOTE,840030005,CPI m/m,True,"840030005,840030006,840030007,840030008",USD_840030009:CPI n.s.a.|USD_840030010:Core CPI|USD_840030030:Real Earnings m/m|USD_840030033:CPI n.s.a. m/m|USD_840030034:Core CPI n.s.a. m/m|USD_840030035:CPI|USD_840030036:Core CPI n.s.a.|USD_840140001:Initial Jobless Claims|USD_840140002:Continuing Jobless Claims|USD_840140003:Initial Jobless Claims 4-Week Average,False,False,False,0.4,0.7,0.1,,-0.3,0.3,NEGATIVE,POSITIVE,-1,1,1,-1,True,1665676800,2022.10.13 16:00:00,1800,True,True,0.001576,True,True,True,True,True,True,True,True,True,True,True,True,,,,,,
USD_CPI_1665675000,1665675000,2022.10.13 15:30:00,2022,CORE_2015_2025,CPI,EURUSD,QUOTE,840030005,CPI m/m,True,"840030005,840030006,840030007,840030008",USD_840030009:CPI n.s.a.|USD_840030010:Core CPI|USD_840030030:Real Earnings m/m|USD_840030033:CPI n.s.a. m/m|USD_840030034:Core CPI n.s.a. m/m|USD_840030035:CPI|USD_840030036:Core CPI n.s.a.|USD_840140001:Initial Jobless Claims|USD_840140002:Continuing Jobless Claims|USD_840140003:Initial Jobless Claims 4-Week Average,False,False,False,0.4,0.7,0.1,,-0.3,0.3,NEGATIVE,POSITIVE,-1,1,1,-1,True,1665676800,2022.10.13 16:00:00,1800,True,True,0.001862,True,True,True,True,True,True,True,True,True,True,True,True,,,,,,
USD_CPI_1665675000,1665675000,2022.10.13 15:30:00,2022,CORE_2015_2025,CPI,GBPUSD,QUOTE,840030005,CPI m/m,True,"840030005,840030006,840030007,840030008",USD_840030009:CPI n.s.a.|USD_840030010:Core CPI|USD_840030030:Real Earnings m/m|USD_840030033:CPI n.s.a. m/m|USD_840030034:Core CPI n.s.a. m/m|USD_840030035:CPI|USD_840030036:Core CPI n.s.a.|USD_840140001:Initial Jobless Claims|USD_840140002:Continuing Jobless Claims|USD_840140003:Initial Jobless Claims 4-Week Average,False,False,False,0.4,0.7,0.1,,-0.3,0.3,NEGATIVE,POSITIVE,-1,1,1,-1,True,1665676800,2022.10.13 16:00:00,1800,True,True,0.004087,True,True,True,True,True,True,True,True,True,True,True,True,,,,,,
USD_CPI_1665675000,1665675000,2022.10.13 15:30:00,2022,CORE_2015_2025,CPI,NZDUSD,QUOTE,840030005,CPI m/m,True,"840030005,840030006,840030007,840030008",USD_840030009:CPI n.s.a.|USD_840030010:Core CPI|USD_840030030:Real Earnings m/m|USD_840030033:CPI n.s.a. m/m|USD_840030034:Core CPI n.s.a. m/m|USD_840030035:CPI|USD_840030036:Core CPI n.s.a.|USD_840140001:Initial Jobless Claims|USD_840140002:Continuing Jobless Claims|USD_840140003:Initial Jobless Claims 4-Week Average,False,False,False,0.4,0.7,0.1,,-0.3,0.3,NEGATIVE,POSITIVE,-1,1,1,-1,True,1665676800,2022.10.13 16:00:00,1800,True,True,0.001605,True,True,True,True,True,True,True,True,True,True,True,True,,,,,,
USD_CPI_1665675000,1665675000,2022.10.13 15:30:00,2022,CORE_2015_2025,CPI,USDCAD,BASE,840030005,CPI m/m,True,"840030005,840030006,840030007,840030008",USD_840030009:CPI n.s.a.|USD_840030010:Core CPI|USD_840030030:Real Earnings m/m|USD_840030033:CPI n.s.a. m/m|USD_840030034:Core CPI n.s.a. m/m|USD_840030035:CPI|USD_840030036:Core CPI n.s.a.|USD_840140001:Initial Jobless Claims|USD_840140002:Continuing Jobless Claims|USD_840140003:Initial Jobless Claims 4-Week Average,False,False,False,0.4,0.7,0.1,,-0.3,0.3,NEGATIVE,POSITIVE,-1,-1,1,1,True,1665676800,2022.10.13 16:00:00,1800,True,True,0.002185,True,True,True,True,True,True,True,True,True,True,True,True,,,,,,
USD_CPI_1665675000,1665675000,2022.10.13 15:30:00,2022,CORE_2015_2025,CPI,USDCHF,BASE,840030005,CPI m/m,True,"840030005,840030006,840030007,840030008",USD_840030009:CPI n.s.a.|USD_840030010:Core CPI|USD_840030030:Real Earnings m/m|USD_840030033:CPI n.s.a. m/m|USD_840030034:Core CPI n.s.a. m/m|USD_840030035:CPI|USD_840030036:Core CPI n.s.a.|USD_840140001:Initial Jobless Claims|USD_840140002:Continuing Jobless Claims|USD_840140003:Initial Jobless Claims 4-Week Average,False,False,False,0.4,0.7,0.1,,-0.3,0.3,NEGATIVE,POSITIVE,-1,-1,1,1,True,1665676800,2022.10.13 16:00:00,1800,True,True,0.001573,True,True,True,True,True,True,True,True,True,True,True,True,,,,,,
USD_CPI_1665675000,1665675000,2022.10.13 15:30:00,2022,CORE_2015_2025,CPI,USDJPY,BASE,840030005,CPI m/m,True,"840030005,840030006,840030007,840030008",USD_840030009:CPI n.s.a.|USD_840030010:Core CPI|USD_840030030:Real Earnings m/m|USD_840030033:CPI n.s.a. m/m|USD_840030034:Core CPI n.s.a. m/m|USD_840030035:CPI|USD_840030036:Core CPI n.s.a.|USD_840140001:Initial Jobless Claims|USD_840140002:Continuing Jobless Claims|USD_840140003:Initial Jobless Claims 4-Week Average,False,False,False,0.4,0.7,0.1,,-0.3,0.3,NEGATIVE,POSITIVE,-1,-1,1,1,True,1665676800,2022.10.13 16:00:00,1800,True,True,0.127878,True,True,True,True,True,True,True,True,True,True,True,True,,,,,,
USD_CPI_1668097800,1668097800,2022.11.10 16:30:00,2022,CORE_2015_2025,CPI,AUDUSD,QUOTE,840030005,CPI m/m,True,"840030005,840030006,840030007,840030008",USD_840030009:CPI n.s.a.|USD_840030010:Core CPI|USD_840030030:Real Earnings m/m|USD_840030033:CPI n.s.a. m/m|USD_840030034:Core CPI n.s.a. m/m|USD_840030035:CPI|USD_840030036:Core CPI n.s.a.|USD_840140001:Initial Jobless Claims|USD_840140002:Continuing Jobless Claims|USD_840140003:Initial Jobless Claims 4-Week Average,False,False,False,0.4,0.6,0.4,,-0.2,0.0,NEGATIVE,ZERO,-1,1,,,True,1668099600,2022.11.10 17:00:00,1800,True,True,0.002790,True,True,True,True,True,True,True,True,True,False,False,False,,,,excluded_zero_signal,excluded_zero_signal,excluded_zero_signal
USD_CPI_1668097800,1668097800,2022.11.10 16:30:00,2022,CORE_2015_2025,CPI,EURUSD,QUOTE,840030005,CPI m/m,True,"840030005,840030006,840030007,840030008",USD_840030009:CPI n.s.a.|USD_840030010:Core CPI|USD_840030030:Real Earnings m/m|USD_840030033:CPI n.s.a. m/m|USD_840030034:Core CPI n.s.a. m/m|USD_840030035:CPI|USD_840030036:Core CPI n.s.a.|USD_840140001:Initial Jobless Claims|USD_840140002:Continuing Jobless Claims|USD_840140003:Initial Jobless Claims 4-Week Average,False,False,False,0.4,0.6,0.4,,-0.2,0.0,NEGATIVE,ZERO,-1,1,,,True,1668099600,2022.11.10 17:00:00,1800,True,True,0.003412,True,True,True,True,True,True,True,True,True,False,False,False,,,,excluded_zero_signal,excluded_zero_signal,excluded_zero_signal
USD_CPI_1668097800,1668097800,2022.11.10 16:30:00,2022,CORE_2015_2025,CPI,GBPUSD,QUOTE,840030005,CPI m/m,True,"840030005,840030006,840030007,840030008",USD_840030009:CPI n.s.a.|USD_840030010:Core CPI|USD_840030030:Real Earnings m/m|USD_840030033:CPI n.s.a. m/m|USD_840030034:Core CPI n.s.a. m/m|USD_840030035:CPI|USD_840030036:Core CPI n.s.a.|USD_840140001:Initial Jobless Claims|USD_840140002:Continuing Jobless Claims|USD_840140003:Initial Jobless Claims 4-Week Average,False,False,False,0.4,0.6,0.4,,-0.2,0.0,NEGATIVE,ZERO,-1,1,,,True,1668099600,2022.11.10 17:00:00,1800,True,True,0.004530,True,True,True,True,True,True,True,True,True,False,False,False,,,,excluded_zero_signal,excluded_zero_signal,excluded_zero_signal
USD_CPI_1668097800,1668097800,2022.11.10 16:30:00,2022,CORE_2015_2025,CPI,NZDUSD,QUOTE,840030005,CPI m/m,True,"840030005,840030006,840030007,840030008",USD_840030009:CPI n.s.a.|USD_840030010:Core CPI|USD_840030030:Real Earnings m/m|USD_840030033:CPI n.s.a. m/m|USD_840030034:Core CPI n.s.a. m/m|USD_840030035:CPI|USD_840030036:Core CPI n.s.a.|USD_840140001:Initial Jobless Claims|USD_840140002:Continuing Jobless Claims|USD_840140003:Initial Jobless Claims 4-Week Average,False,False,False,0.4,0.6,0.4,,-0.2,0.0,NEGATIVE,ZERO,-1,1,,,True,1668099600,2022.11.10 17:00:00,1800,True,True,0.002532,True,True,True,True,True,True,True,True,True,False,False,False,,,,excluded_zero_signal,excluded_zero_signal,excluded_zero_signal
USD_CPI_1668097800,1668097800,2022.11.10 16:30:00,2022,CORE_2015_2025,CPI,USDCAD,BASE,840030005,CPI m/m,True,"840030005,840030006,840030007,840030008",USD_840030009:CPI n.s.a.|USD_840030010:Core CPI|USD_840030030:Real Earnings m/m|USD_840030033:CPI n.s.a. m/m|USD_840030034:Core CPI n.s.a. m/m|USD_840030035:CPI|USD_840030036:Core CPI n.s.a.|USD_840140001:Initial Jobless Claims|USD_840140002:Continuing Jobless Claims|USD_840140003:Initial Jobless Claims 4-Week Average,False,False,False,0.4,0.6,0.4,,-0.2,0.0,NEGATIVE,ZERO,-1,-1,,,True,1668099600,2022.11.10 17:00:00,1800,True,True,0.003593,True,True,True,True,True,True,True,True,True,False,False,False,,,,excluded_zero_signal,excluded_zero_signal,excluded_zero_signal
USD_CPI_1668097800,1668097800,2022.11.10 16:30:00,2022,CORE_2015_2025,CPI,USDCHF,BASE,840030005,CPI m/m,True,"840030005,840030006,840030007,840030008",USD_840030009:CPI n.s.a.|USD_840030010:Core CPI|USD_840030030:Real Earnings m/m|USD_840030033:CPI n.s.a. m/m|USD_840030034:Core CPI n.s.a. m/m|USD_840030035:CPI|USD_840030036:Core CPI n.s.a.|USD_840140001:Initial Jobless Claims|USD_840140002:Continuing Jobless Claims|USD_840140003:Initial Jobless Claims 4-Week Average,False,False,False,0.4,0.6,0.4,,-0.2,0.0,NEGATIVE,ZERO,-1,-1,,,True,1668099600,2022.11.10 17:00:00,1800,True,True,0.002700,True,True,True,True,True,True,True,True,True,False,False,False,,,,excluded_zero_signal,excluded_zero_signal,excluded_zero_signal
USD_CPI_1668097800,1668097800,2022.11.10 16:30:00,2022,CORE_2015_2025,CPI,USDJPY,BASE,840030005,CPI m/m,True,"840030005,840030006,840030007,840030008",USD_840030009:CPI n.s.a.|USD_840030010:Core CPI|USD_840030030:Real Earnings m/m|USD_840030033:CPI n.s.a. m/m|USD_840030034:Core CPI n.s.a. m/m|USD_840030035:CPI|USD_840030036:Core CPI n.s.a.|USD_840140001:Initial Jobless Claims|USD_840140002:Continuing Jobless Claims|USD_840140003:Initial Jobless Claims 4-Week Average,False,False,False,0.4,0.6,0.4,,-0.2,0.0,NEGATIVE,ZERO,-1,-1,,,True,1668099600,2022.11.10 17:00:00,1800,True,True,0.443214,True,True,True,True,True,True,True,True,True,False,False,False,,,,excluded_zero_signal,excluded_zero_signal,excluded_zero_signal
USD_CPI_1670949000,1670949000,2022.12.13 16:30:00,2022,CORE_2015_2025,CPI,AUDUSD,QUOTE,840030005,CPI m/m,True,"840030005,840030006,840030007,840030008",USD_840030009:CPI n.s.a.|USD_840030010:Core CPI|USD_840030030:Real Earnings m/m|USD_840030033:CPI n.s.a. m/m|USD_840030034:Core CPI n.s.a. m/m|USD_840030035:CPI|USD_840030036:Core CPI n.s.a.,False,False,False,0.1,0.5,0.4,,-0.4,-0.3,NEGATIVE,NEGATIVE,-1,1,-1,1,True,1670950800,2022.12.13 17:00:00,1800,True,True,0.002256,True,True,True,True,True,True,True,True,True,True,True,True,,,,,,
USD_CPI_1670949000,1670949000,2022.12.13 16:30:00,2022,CORE_2015_2025,CPI,EURUSD,QUOTE,840030005,CPI m/m,True,"840030005,840030006,840030007,840030008",USD_840030009:CPI n.s.a.|USD_840030010:Core CPI|USD_840030030:Real Earnings m/m|USD_840030033:CPI n.s.a. m/m|USD_840030034:Core CPI n.s.a. m/m|USD_840030035:CPI|USD_840030036:Core CPI n.s.a.,False,False,False,0.1,0.5,0.4,,-0.4,-0.3,NEGATIVE,NEGATIVE,-1,1,-1,1,True,1670950800,2022.12.13 17:00:00,1800,True,True,0.002376,True,True,True,True,True,True,True,True,True,True,True,True,,,,,,
USD_CPI_1670949000,1670949000,2022.12.13 16:30:00,2022,CORE_2015_2025,CPI,GBPUSD,QUOTE,840030005,CPI m/m,True,"840030005,840030006,840030007,840030008",USD_840030009:CPI n.s.a.|USD_840030010:Core CPI|USD_840030030:Real Earnings m/m|USD_840030033:CPI n.s.a. m/m|USD_840030034:Core CPI n.s.a. m/m|USD_840030035:CPI|USD_840030036:Core CPI n.s.a.,False,False,False,0.1,0.5,0.4,,-0.4,-0.3,NEGATIVE,NEGATIVE,-1,1,-1,1,True,1670950800,2022.12.13 17:00:00,1800,True,True,0.003428,True,True,True,True,True,True,True,True,True,True,True,True,,,,,,
USD_CPI_1670949000,1670949000,2022.12.13 16:30:00,2022,CORE_2015_2025,CPI,NZDUSD,QUOTE,840030005,CPI m/m,True,"840030005,840030006,840030007,840030008",USD_840030009:CPI n.s.a.|USD_840030010:Core CPI|USD_840030030:Real Earnings m/m|USD_840030033:CPI n.s.a. m/m|USD_840030034:Core CPI n.s.a. m/m|USD_840030035:CPI|USD_840030036:Core CPI n.s.a.,False,False,False,0.1,0.5,0.4,,-0.4,-0.3,NEGATIVE,NEGATIVE,-1,1,-1,1,True,1670950800,2022.12.13 17:00:00,1800,True,True,0.002025,True,True,True,True,True,True,True,True,True,True,True,True,,,,,,
USD_CPI_1670949000,1670949000,2022.12.13 16:30:00,2022,CORE_2015_2025,CPI,USDCAD,BASE,840030005,CPI m/m,True,"840030005,840030006,840030007,840030008",USD_840030009:CPI n.s.a.|USD_840030010:Core CPI|USD_840030030:Real Earnings m/m|USD_840030033:CPI n.s.a. m/m|USD_840030034:Core CPI n.s.a. m/m|USD_840030035:CPI|USD_840030036:Core CPI n.s.a.,False,False,False,0.1,0.5,0.4,,-0.4,-0.3,NEGATIVE,NEGATIVE,-1,-1,-1,-1,True,1670950800,2022.12.13 17:00:00,1800,True,True,0.002275,True,True,True,True,True,True,True,True,True,True,True,True,,,,,,
USD_CPI_1670949000,1670949000,2022.12.13 16:30:00,2022,CORE_2015_2025,CPI,USDCHF,BASE,840030005,CPI m/m,True,"840030005,840030006,840030007,840030008",USD_840030009:CPI n.s.a.|USD_840030010:Core CPI|USD_840030030:Real Earnings m/m|USD_840030033:CPI n.s.a. m/m|USD_840030034:Core CPI n.s.a. m/m|USD_840030035:CPI|USD_840030036:Core CPI n.s.a.,False,False,False,0.1,0.5,0.4,,-0.4,-0.3,NEGATIVE,NEGATIVE,-1,-1,-1,-1,True,1670950800,2022.12.13 17:00:00,1800,True,True,0.002030,True,True,True,True,True,True,True,True,True,True,True,True,,,,,,
USD_CPI_1670949000,1670949000,2022.12.13 16:30:00,2022,CORE_2015_2025,CPI,USDJPY,BASE,840030005,CPI m/m,True,"840030005,840030006,840030007,840030008",USD_840030009:CPI n.s.a.|USD_840030010:Core CPI|USD_840030030:Real Earnings m/m|USD_840030033:CPI n.s.a. m/m|USD_840030034:Core CPI n.s.a. m/m|USD_840030035:CPI|USD_840030036:Core CPI n.s.a.,False,False,False,0.1,0.5,0.4,,-0.4,-0.3,NEGATIVE,NEGATIVE,-1,-1,-1,-1,True,1670950800,2022.12.13 17:00:00,1800,True,True,0.407164,True,True,True,True,True,True,True,True,True,True,True,True,,,,,,
USD_CPI_1673541000,1673541000,2023.01.12 16:30:00,2023,CORE_2015_2025,CPI,AUDUSD,QUOTE,840030005,CPI m/m,True,"840030005,840030006,840030007,840030008",USD_840030009:CPI n.s.a.|USD_840030010:Core CPI|USD_840030030:Real Earnings m/m|USD_840030033:CPI n.s.a. m/m|USD_840030034:Core CPI n.s.a. m/m|USD_840030035:CPI|USD_840030036:Core CPI n.s.a.|USD_840140001:Initial Jobless Claims|USD_840140002:Continuing Jobless Claims|USD_840140003:Initial Jobless Claims 4-Week Average,False,False,False,-0.1,0.4,0.1,,-0.5,-0.2,NEGATIVE,NEGATIVE,-1,1,-1,1,True,1673542800,2023.01.12 17:00:00,1800,True,True,0.002006,True,True,True,True,True,True,True,True,True,True,True,True,,,,,,
USD_CPI_1673541000,1673541000,2023.01.12 16:30:00,2023,CORE_2015_2025,CPI,EURUSD,QUOTE,840030005,CPI m/m,True,"840030005,840030006,840030007,840030008",USD_840030009:CPI n.s.a.|USD_840030010:Core CPI|USD_840030030:Real Earnings m/m|USD_840030033:CPI n.s.a. m/m|USD_840030034:Core CPI n.s.a. m/m|USD_840030035:CPI|USD_840030036:Core CPI n.s.a.|USD_840140001:Initial Jobless Claims|USD_840140002:Continuing Jobless Claims|USD_840140003:Initial Jobless Claims 4-Week Average,False,False,False,-0.1,0.4,0.1,,-0.5,-0.2,NEGATIVE,NEGATIVE,-1,1,-1,1,True,1673542800,2023.01.12 17:00:00,1800,True,True,0.002099,True,True,True,True,True,True,True,True,True,True,True,True,,,,,,
USD_CPI_1673541000,1673541000,2023.01.12 16:30:00,2023,CORE_2015_2025,CPI,GBPUSD,QUOTE,840030005,CPI m/m,True,"840030005,840030006,840030007,840030008",USD_840030009:CPI n.s.a.|USD_840030010:Core CPI|USD_840030030:Real Earnings m/m|USD_840030033:CPI n.s.a. m/m|USD_840030034:Core CPI n.s.a. m/m|USD_840030035:CPI|USD_840030036:Core CPI n.s.a.|USD_840140001:Initial Jobless Claims|USD_840140002:Continuing Jobless Claims|USD_840140003:Initial Jobless Claims 4-Week Average,False,False,False,-0.1,0.4,0.1,,-0.5,-0.2,NEGATIVE,NEGATIVE,-1,1,-1,1,True,1673542800,2023.01.12 17:00:00,1800,True,True,0.003279,True,True,True,True,True,True,True,True,True,True,True,True,,,,,,
USD_CPI_1673541000,1673541000,2023.01.12 16:30:00,2023,CORE_2015_2025,CPI,NZDUSD,QUOTE,840030005,CPI m/m,True,"840030005,840030006,840030007,840030008",USD_840030009:CPI n.s.a.|USD_840030010:Core CPI|USD_840030030:Real Earnings m/m|USD_840030033:CPI n.s.a. m/m|USD_840030034:Core CPI n.s.a. m/m|USD_840030035:CPI|USD_840030036:Core CPI n.s.a.|USD_840140001:Initial Jobless Claims|USD_840140002:Continuing Jobless Claims|USD_840140003:Initial Jobless Claims 4-Week Average,False,False,False,-0.1,0.4,0.1,,-0.5,-0.2,NEGATIVE,NEGATIVE,-1,1,-1,1,True,1673542800,2023.01.12 17:00:00,1800,True,True,0.002108,True,True,True,True,True,True,True,True,True,True,True,True,,,,,,
USD_CPI_1673541000,1673541000,2023.01.12 16:30:00,2023,CORE_2015_2025,CPI,USDCAD,BASE,840030005,CPI m/m,True,"840030005,840030006,840030007,840030008",USD_840030009:CPI n.s.a.|USD_840030010:Core CPI|USD_840030030:Real Earnings m/m|USD_840030033:CPI n.s.a. m/m|USD_840030034:Core CPI n.s.a. m/m|USD_840030035:CPI|USD_840030036:Core CPI n.s.a.|USD_840140001:Initial Jobless Claims|USD_840140002:Continuing Jobless Claims|USD_840140003:Initial Jobless Claims 4-Week Average,False,False,False,-0.1,0.4,0.1,,-0.5,-0.2,NEGATIVE,NEGATIVE,-1,-1,-1,-1,True,1673542800,2023.01.12 17:00:00,1800,True,True,0.002067,True,True,True,True,True,True,True,True,True,True,True,True,,,,,,
USD_CPI_1673541000,1673541000,2023.01.12 16:30:00,2023,CORE_2015_2025,CPI,USDCHF,BASE,840030005,CPI m/m,True,"840030005,840030006,840030007,840030008",USD_840030009:CPI n.s.a.|USD_840030010:Core CPI|USD_840030030:Real Earnings m/m|USD_840030033:CPI n.s.a. m/m|USD_840030034:Core CPI n.s.a. m/m|USD_840030035:CPI|USD_840030036:Core CPI n.s.a.|USD_840140001:Initial Jobless Claims|USD_840140002:Continuing Jobless Claims|USD_840140003:Initial Jobless Claims 4-Week Average,False,False,False,-0.1,0.4,0.1,,-0.5,-0.2,NEGATIVE,NEGATIVE,-1,-1,-1,-1,True,1673542800,2023.01.12 17:00:00,1800,True,True,0.002224,True,True,True,True,True,True,True,True,True,True,True,True,,,,,,
USD_CPI_1673541000,1673541000,2023.01.12 16:30:00,2023,CORE_2015_2025,CPI,USDJPY,BASE,840030005,CPI m/m,True,"840030005,840030006,840030007,840030008",USD_840030009:CPI n.s.a.|USD_840030010:Core CPI|USD_840030030:Real Earnings m/m|USD_840030033:CPI n.s.a. m/m|USD_840030034:Core CPI n.s.a. m/m|USD_840030035:CPI|USD_840030036:Core CPI n.s.a.|USD_840140001:Initial Jobless Claims|USD_840140002:Continuing Jobless Claims|USD_840140003:Initial Jobless Claims 4-Week Average,False,False,False,-0.1,0.4,0.1,,-0.5,-0.2,NEGATIVE,NEGATIVE,-1,-1,-1,-1,True,1673542800,2023.01.12 17:00:00,1800,True,True,0.407902,True,True,True,True,True,True,True,True,True,True,True,True,,,,,,
USD_CPI_1676392200,1676392200,2023.02.14 16:30:00,2023,CORE_2015_2025,CPI,AUDUSD,QUOTE,840030005,CPI m/m,True,"840030005,840030006,840030007,840030008",USD_840030009:CPI n.s.a.|USD_840030010:Core CPI|USD_840030030:Real Earnings m/m|USD_840030033:CPI n.s.a. m/m|USD_840030034:Core CPI n.s.a. m/m|USD_840030035:CPI|USD_840030036:Core CPI n.s.a.,False,False,False,0.5,0.3,-0.1,0.1,0.2,0.6,POSITIVE,POSITIVE,1,-1,1,-1,True,1676394000,2023.02.14 17:00:00,1800,True,True,0.001865,True,True,True,True,True,True,True,True,True,True,True,True,,,,,,
USD_CPI_1676392200,1676392200,2023.02.14 16:30:00,2023,CORE_2015_2025,CPI,EURUSD,QUOTE,840030005,CPI m/m,True,"840030005,840030006,840030007,840030008",USD_840030009:CPI n.s.a.|USD_840030010:Core CPI|USD_840030030:Real Earnings m/m|USD_840030033:CPI n.s.a. m/m|USD_840030034:Core CPI n.s.a. m/m|USD_840030035:CPI|USD_840030036:Core CPI n.s.a.,False,False,False,0.5,0.3,-0.1,0.1,0.2,0.6,POSITIVE,POSITIVE,1,-1,1,-1,True,1676394000,2023.02.14 17:00:00,1800,True,True,0.001878,True,True,True,True,True,True,True,True,True,True,True,True,,,,,,
USD_CPI_1676392200,1676392200,2023.02.14 16:30:00,2023,CORE_2015_2025,CPI,GBPUSD,QUOTE,840030005,CPI m/m,True,"840030005,840030006,840030007,840030008",USD_840030009:CPI n.s.a.|USD_840030010:Core CPI|USD_840030030:Real Earnings m/m|USD_840030033:CPI n.s.a. m/m|USD_840030034:Core CPI n.s.a. m/m|USD_840030035:CPI|USD_840030036:Core CPI n.s.a.,False,False,False,0.5,0.3,-0.1,0.1,0.2,0.6,POSITIVE,POSITIVE,1,-1,1,-1,True,1676394000,2023.02.14 17:00:00,1800,True,True,0.002644,True,True,True,True,True,True,True,True,True,True,True,True,,,,,,
USD_CPI_1676392200,1676392200,2023.02.14 16:30:00,2023,CORE_2015_2025,CPI,NZDUSD,QUOTE,840030005,CPI m/m,True,"840030005,840030006,840030007,840030008",USD_840030009:CPI n.s.a.|USD_840030010:Core CPI|USD_840030030:Real Earnings m/m|USD_840030033:CPI n.s.a. m/m|USD_840030034:Core CPI n.s.a. m/m|USD_840030035:CPI|USD_840030036:Core CPI n.s.a.,False,False,False,0.5,0.3,-0.1,0.1,0.2,0.6,POSITIVE,POSITIVE,1,-1,1,-1,True,1676394000,2023.02.14 17:00:00,1800,True,True,0.001736,True,True,True,True,True,True,True,True,True,True,True,True,,,,,,
USD_CPI_1676392200,1676392200,2023.02.14 16:30:00,2023,CORE_2015_2025,CPI,USDCAD,BASE,840030005,CPI m/m,True,"840030005,840030006,840030007,840030008",USD_840030009:CPI n.s.a.|USD_840030010:Core CPI|USD_840030030:Real Earnings m/m|USD_840030033:CPI n.s.a. m/m|USD_840030034:Core CPI n.s.a. m/m|USD_840030035:CPI|USD_840030036:Core CPI n.s.a.,False,False,False,0.5,0.3,-0.1,0.1,0.2,0.6,POSITIVE,POSITIVE,1,1,1,1,True,1676394000,2023.02.14 17:00:00,1800,True,True,0.001978,True,True,True,True,True,True,True,True,True,True,True,True,,,,,,
USD_CPI_1676392200,1676392200,2023.02.14 16:30:00,2023,CORE_2015_2025,CPI,USDCHF,BASE,840030005,CPI m/m,True,"840030005,840030006,840030007,840030008",USD_840030009:CPI n.s.a.|USD_840030010:Core CPI|USD_840030030:Real Earnings m/m|USD_840030033:CPI n.s.a. m/m|USD_840030034:Core CPI n.s.a. m/m|USD_840030035:CPI|USD_840030036:Core CPI n.s.a.,False,False,False,0.5,0.3,-0.1,0.1,0.2,0.6,POSITIVE,POSITIVE,1,1,1,1,True,1676394000,2023.02.14 17:00:00,1800,True,True,0.001839,True,True,True,True,True,True,True,True,True,True,True,True,,,,,,
USD_CPI_1676392200,1676392200,2023.02.14 16:30:00,2023,CORE_2015_2025,CPI,USDJPY,BASE,840030005,CPI m/m,True,"840030005,840030006,840030007,840030008",USD_840030009:CPI n.s.a.|USD_840030010:Core CPI|USD_840030030:Real Earnings m/m|USD_840030033:CPI n.s.a. m/m|USD_840030034:Core CPI n.s.a. m/m|USD_840030035:CPI|USD_840030036:Core CPI n.s.a.,False,False,False,0.5,0.3,-0.1,0.1,0.2,0.6,POSITIVE,POSITIVE,1,1,1,1,True,1676394000,2023.02.14 17:00:00,1800,True,True,0.314505,True,True,True,True,True,True,True,True,True,True,True,True,,,,,,
USD_CPI_1678807800,1678807800,2023.03.14 15:30:00,2023,CORE_2015_2025,CPI,AUDUSD,QUOTE,840030005,CPI m/m,True,"840030005,840030006,840030007,840030008",USD_840030009:CPI n.s.a.|USD_840030010:Core CPI|USD_840030030:Real Earnings m/m|USD_840030033:CPI n.s.a. m/m|USD_840030034:Core CPI n.s.a. m/m|USD_840030035:CPI|USD_840030036:Core CPI n.s.a.|CAD_124010029:Manufacturing Sales m/m,False,False,False,0.4,0.2,0.5,,0.2,-0.1,POSITIVE,NEGATIVE,1,-1,-1,1,True,1678809600,2023.03.14 16:00:00,1800,True,True,0.001947,True,True,True,True,True,True,True,True,True,True,True,True,,,,,,
USD_CPI_1678807800,1678807800,2023.03.14 15:30:00,2023,CORE_2015_2025,CPI,EURUSD,QUOTE,840030005,CPI m/m,True,"840030005,840030006,840030007,840030008",USD_840030009:CPI n.s.a.|USD_840030010:Core CPI|USD_840030030:Real Earnings m/m|USD_840030033:CPI n.s.a. m/m|USD_840030034:Core CPI n.s.a. m/m|USD_840030035:CPI|USD_840030036:Core CPI n.s.a.|CAD_124010029:Manufacturing Sales m/m,False,False,False,0.4,0.2,0.5,,0.2,-0.1,POSITIVE,NEGATIVE,1,-1,-1,1,True,1678809600,2023.03.14 16:00:00,1800,True,True,0.002064,True,True,True,True,True,True,True,True,True,True,True,True,,,,,,
USD_CPI_1678807800,1678807800,2023.03.14 15:30:00,2023,CORE_2015_2025,CPI,GBPUSD,QUOTE,840030005,CPI m/m,True,"840030005,840030006,840030007,840030008",USD_840030009:CPI n.s.a.|USD_840030010:Core CPI|USD_840030030:Real Earnings m/m|USD_840030033:CPI n.s.a. m/m|USD_840030034:Core CPI n.s.a. m/m|USD_840030035:CPI|USD_840030036:Core CPI n.s.a.|CAD_124010029:Manufacturing Sales m/m,False,False,False,0.4,0.2,0.5,,0.2,-0.1,POSITIVE,NEGATIVE,1,-1,-1,1,True,1678809600,2023.03.14 16:00:00,1800,True,True,0.002738,True,True,True,True,True,True,True,True,True,True,True,True,,,,,,
USD_CPI_1678807800,1678807800,2023.03.14 15:30:00,2023,CORE_2015_2025,CPI,NZDUSD,QUOTE,840030005,CPI m/m,True,"840030005,840030006,840030007,840030008",USD_840030009:CPI n.s.a.|USD_840030010:Core CPI|USD_840030030:Real Earnings m/m|USD_840030033:CPI n.s.a. m/m|USD_840030034:Core CPI n.s.a. m/m|USD_840030035:CPI|USD_840030036:Core CPI n.s.a.|CAD_124010029:Manufacturing Sales m/m,False,False,False,0.4,0.2,0.5,,0.2,-0.1,POSITIVE,NEGATIVE,1,-1,-1,1,True,1678809600,2023.03.14 16:00:00,1800,True,True,0.001840,True,True,True,True,True,True,True,True,True,True,True,True,,,,,,
USD_CPI_1678807800,1678807800,2023.03.14 15:30:00,2023,CORE_2015_2025,CPI,USDCAD,BASE,840030005,CPI m/m,True,"840030005,840030006,840030007,840030008",USD_840030009:CPI n.s.a.|USD_840030010:Core CPI|USD_840030030:Real Earnings m/m|USD_840030033:CPI n.s.a. m/m|USD_840030034:Core CPI n.s.a. m/m|USD_840030035:CPI|USD_840030036:Core CPI n.s.a.|CAD_124010029:Manufacturing Sales m/m,False,False,False,0.4,0.2,0.5,,0.2,-0.1,POSITIVE,NEGATIVE,1,1,-1,-1,True,1678809600,2023.03.14 16:00:00,1800,True,True,0.002597,True,True,True,True,True,True,True,True,True,True,True,True,,,,,,
USD_CPI_1678807800,1678807800,2023.03.14 15:30:00,2023,CORE_2015_2025,CPI,USDCHF,BASE,840030005,CPI m/m,True,"840030005,840030006,840030007,840030008",USD_840030009:CPI n.s.a.|USD_840030010:Core CPI|USD_840030030:Real Earnings m/m|USD_840030033:CPI n.s.a. m/m|USD_840030034:Core CPI n.s.a. m/m|USD_840030035:CPI|USD_840030036:Core CPI n.s.a.|CAD_124010029:Manufacturing Sales m/m,False,False,False,0.4,0.2,0.5,,0.2,-0.1,POSITIVE,NEGATIVE,1,1,-1,-1,True,1678809600,2023.03.14 16:00:00,1800,True,True,0.002195,True,True,True,True,True,True,True,True,True,True,True,True,,,,,,
USD_CPI_1678807800,1678807800,2023.03.14 15:30:00,2023,CORE_2015_2025,CPI,USDJPY,BASE,840030005,CPI m/m,True,"840030005,840030006,840030007,840030008",USD_840030009:CPI n.s.a.|USD_840030010:Core CPI|USD_840030030:Real Earnings m/m|USD_840030033:CPI n.s.a. m/m|USD_840030034:Core CPI n.s.a. m/m|USD_840030035:CPI|USD_840030036:Core CPI n.s.a.|CAD_124010029:Manufacturing Sales m/m,False,False,False,0.4,0.2,0.5,,0.2,-0.1,POSITIVE,NEGATIVE,1,1,-1,-1,True,1678809600,2023.03.14 16:00:00,1800,True,True,0.449391,True,True,True,True,True,True,True,True,True,True,True,True,,,,,,
USD_CPI_1681313400,1681313400,2023.04.12 15:30:00,2023,CORE_2015_2025,CPI,AUDUSD,QUOTE,840030005,CPI m/m,True,"840030005,840030006,840030007,840030008",USD_840030009:CPI n.s.a.|USD_840030010:Core CPI|USD_840030030:Real Earnings m/m|USD_840030033:CPI n.s.a. m/m|USD_840030034:Core CPI n.s.a. m/m|USD_840030035:CPI|USD_840030036:Core CPI n.s.a.|EUR_999010014:ECB Vice President de Guindos Speech,False,False,False,0.1,0.2,0.4,,-0.1,-0.3,NEGATIVE,NEGATIVE,-1,1,-1,1,True,1681315200,2023.04.12 16:00:00,1800,True,True,0.001042,True,True,True,True,True,True,True,True,True,True,True,True,,,,,,
USD_CPI_1681313400,1681313400,2023.04.12 15:30:00,2023,CORE_2015_2025,CPI,EURUSD,QUOTE,840030005,CPI m/m,True,"840030005,840030006,840030007,840030008",USD_840030009:CPI n.s.a.|USD_840030010:Core CPI|USD_840030030:Real Earnings m/m|USD_840030033:CPI n.s.a. m/m|USD_840030034:Core CPI n.s.a. m/m|USD_840030035:CPI|USD_840030036:Core CPI n.s.a.|EUR_999010014:ECB Vice President de Guindos Speech,False,False,False,0.1,0.2,0.4,,-0.1,-0.3,NEGATIVE,NEGATIVE,-1,1,-1,1,True,1681315200,2023.04.12 16:00:00,1800,True,True,0.001094,True,True,True,True,True,True,True,True,True,True,True,True,,,,,,
USD_CPI_1681313400,1681313400,2023.04.12 15:30:00,2023,CORE_2015_2025,CPI,GBPUSD,QUOTE,840030005,CPI m/m,True,"840030005,840030006,840030007,840030008",USD_840030009:CPI n.s.a.|USD_840030010:Core CPI|USD_840030030:Real Earnings m/m|USD_840030033:CPI n.s.a. m/m|USD_840030034:Core CPI n.s.a. m/m|USD_840030035:CPI|USD_840030036:Core CPI n.s.a.|EUR_999010014:ECB Vice President de Guindos Speech,False,False,False,0.1,0.2,0.4,,-0.1,-0.3,NEGATIVE,NEGATIVE,-1,1,-1,1,True,1681315200,2023.04.12 16:00:00,1800,True,True,0.001414,True,True,True,True,True,True,True,True,True,True,True,True,,,,,,
USD_CPI_1681313400,1681313400,2023.04.12 15:30:00,2023,CORE_2015_2025,CPI,NZDUSD,QUOTE,840030005,CPI m/m,True,"840030005,840030006,840030007,840030008",USD_840030009:CPI n.s.a.|USD_840030010:Core CPI|USD_840030030:Real Earnings m/m|USD_840030033:CPI n.s.a. m/m|USD_840030034:Core CPI n.s.a. m/m|USD_840030035:CPI|USD_840030036:Core CPI n.s.a.|EUR_999010014:ECB Vice President de Guindos Speech,False,False,False,0.1,0.2,0.4,,-0.1,-0.3,NEGATIVE,NEGATIVE,-1,1,-1,1,True,1681315200,2023.04.12 16:00:00,1800,True,True,0.000914,True,True,True,True,True,True,True,True,True,True,True,True,,,,,,
USD_CPI_1681313400,1681313400,2023.04.12 15:30:00,2023,CORE_2015_2025,CPI,USDCAD,BASE,840030005,CPI m/m,True,"840030005,840030006,840030007,840030008",USD_840030009:CPI n.s.a.|USD_840030010:Core CPI|USD_840030030:Real Earnings m/m|USD_840030033:CPI n.s.a. m/m|USD_840030034:Core CPI n.s.a. m/m|USD_840030035:CPI|USD_840030036:Core CPI n.s.a.|EUR_999010014:ECB Vice President de Guindos Speech,False,False,False,0.1,0.2,0.4,,-0.1,-0.3,NEGATIVE,NEGATIVE,-1,-1,-1,-1,True,1681315200,2023.04.12 16:00:00,1800,True,True,0.001123,True,True,True,True,True,True,True,True,True,True,True,True,,,,,,
USD_CPI_1681313400,1681313400,2023.04.12 15:30:00,2023,CORE_2015_2025,CPI,USDCHF,BASE,840030005,CPI m/m,True,"840030005,840030006,840030007,840030008",USD_840030009:CPI n.s.a.|USD_840030010:Core CPI|USD_840030030:Real Earnings m/m|USD_840030033:CPI n.s.a. m/m|USD_840030034:Core CPI n.s.a. m/m|USD_840030035:CPI|USD_840030036:Core CPI n.s.a.|EUR_999010014:ECB Vice President de Guindos Speech,False,False,False,0.1,0.2,0.4,,-0.1,-0.3,NEGATIVE,NEGATIVE,-1,-1,-1,-1,True,1681315200,2023.04.12 16:00:00,1800,True,True,0.000968,True,True,True,True,True,True,True,True,True,True,True,True,,,,,,
USD_CPI_1681313400,1681313400,2023.04.12 15:30:00,2023,CORE_2015_2025,CPI,USDJPY,BASE,840030005,CPI m/m,True,"840030005,840030006,840030007,840030008",USD_840030009:CPI n.s.a.|USD_840030010:Core CPI|USD_840030030:Real Earnings m/m|USD_840030033:CPI n.s.a. m/m|USD_840030034:Core CPI n.s.a. m/m|USD_840030035:CPI|USD_840030036:Core CPI n.s.a.|EUR_999010014:ECB Vice President de Guindos Speech,False,False,False,0.1,0.2,0.4,,-0.1,-0.3,NEGATIVE,NEGATIVE,-1,-1,-1,-1,True,1681315200,2023.04.12 16:00:00,1800,True,True,0.189395,True,True,True,True,True,True,True,True,True,True,True,True,,,,,,
USD_CPI_1683732600,1683732600,2023.05.10 15:30:00,2023,CORE_2015_2025,CPI,AUDUSD,QUOTE,840030005,CPI m/m,True,"840030005,840030006,840030007,840030008",USD_840030009:CPI n.s.a.|USD_840030010:Core CPI|USD_840030030:Real Earnings m/m|USD_840030033:CPI n.s.a. m/m|USD_840030034:Core CPI n.s.a. m/m|USD_840030035:CPI|USD_840030036:Core CPI n.s.a.|CAD_124010001:Building Permits m/m,False,False,False,0.4,0.2,0.1,,0.2,0.3,POSITIVE,POSITIVE,1,-1,1,-1,True,1683734400,2023.05.10 16:00:00,1800,True,True,0.000780,True,True,True,True,True,True,True,True,True,True,True,True,,,,,,
USD_CPI_1683732600,1683732600,2023.05.10 15:30:00,2023,CORE_2015_2025,CPI,EURUSD,QUOTE,840030005,CPI m/m,True,"840030005,840030006,840030007,840030008",USD_840030009:CPI n.s.a.|USD_840030010:Core CPI|USD_840030030:Real Earnings m/m|USD_840030033:CPI n.s.a. m/m|USD_840030034:Core CPI n.s.a. m/m|USD_840030035:CPI|USD_840030036:Core CPI n.s.a.|CAD_124010001:Building Permits m/m,False,False,False,0.4,0.2,0.1,,0.2,0.3,POSITIVE,POSITIVE,1,-1,1,-1,True,1683734400,2023.05.10 16:00:00,1800,True,True,0.001044,True,True,True,True,True,True,True,True,True,True,True,True,,,,,,
USD_CPI_1683732600,1683732600,2023.05.10 15:30:00,2023,CORE_2015_2025,CPI,GBPUSD,QUOTE,840030005,CPI m/m,True,"840030005,840030006,840030007,840030008",USD_840030009:CPI n.s.a.|USD_840030010:Core CPI|USD_840030030:Real Earnings m/m|USD_840030033:CPI n.s.a. m/m|USD_840030034:Core CPI n.s.a. m/m|USD_840030035:CPI|USD_840030036:Core CPI n.s.a.|CAD_124010001:Building Permits m/m,False,False,False,0.4,0.2,0.1,,0.2,0.3,POSITIVE,POSITIVE,1,-1,1,-1,True,1683734400,2023.05.10 16:00:00,1800,True,True,0.001279,True,True,True,True,True,True,True,True,True,True,True,True,,,,,,
USD_CPI_1683732600,1683732600,2023.05.10 15:30:00,2023,CORE_2015_2025,CPI,NZDUSD,QUOTE,840030005,CPI m/m,True,"840030005,840030006,840030007,840030008",USD_840030009:CPI n.s.a.|USD_840030010:Core CPI|USD_840030030:Real Earnings m/m|USD_840030033:CPI n.s.a. m/m|USD_840030034:Core CPI n.s.a. m/m|USD_840030035:CPI|USD_840030036:Core CPI n.s.a.|CAD_124010001:Building Permits m/m,False,False,False,0.4,0.2,0.1,,0.2,0.3,POSITIVE,POSITIVE,1,-1,1,-1,True,1683734400,2023.05.10 16:00:00,1800,True,True,0.000809,True,True,True,True,True,True,True,True,True,True,True,True,,,,,,
USD_CPI_1683732600,1683732600,2023.05.10 15:30:00,2023,CORE_2015_2025,CPI,USDCAD,BASE,840030005,CPI m/m,True,"840030005,840030006,840030007,840030008",USD_840030009:CPI n.s.a.|USD_840030010:Core CPI|USD_840030030:Real Earnings m/m|USD_840030033:CPI n.s.a. m/m|USD_840030034:Core CPI n.s.a. m/m|USD_840030035:CPI|USD_840030036:Core CPI n.s.a.|CAD_124010001:Building Permits m/m,False,False,False,0.4,0.2,0.1,,0.2,0.3,POSITIVE,POSITIVE,1,1,1,1,True,1683734400,2023.05.10 16:00:00,1800,True,True,0.000978,True,True,True,True,True,True,True,True,True,True,True,True,,,,,,
USD_CPI_1683732600,1683732600,2023.05.10 15:30:00,2023,CORE_2015_2025,CPI,USDCHF,BASE,840030005,CPI m/m,True,"840030005,840030006,840030007,840030008",USD_840030009:CPI n.s.a.|USD_840030010:Core CPI|USD_840030030:Real Earnings m/m|USD_840030033:CPI n.s.a. m/m|USD_840030034:Core CPI n.s.a. m/m|USD_840030035:CPI|USD_840030036:Core CPI n.s.a.|CAD_124010001:Building Permits m/m,False,False,False,0.4,0.2,0.1,,0.2,0.3,POSITIVE,POSITIVE,1,1,1,1,True,1683734400,2023.05.10 16:00:00,1800,True,True,0.000902,True,True,True,True,True,True,True,True,True,True,True,True,,,,,,
USD_CPI_1683732600,1683732600,2023.05.10 15:30:00,2023,CORE_2015_2025,CPI,USDJPY,BASE,840030005,CPI m/m,True,"840030005,840030006,840030007,840030008",USD_840030009:CPI n.s.a.|USD_840030010:Core CPI|USD_840030030:Real Earnings m/m|USD_840030033:CPI n.s.a. m/m|USD_840030034:Core CPI n.s.a. m/m|USD_840030035:CPI|USD_840030036:Core CPI n.s.a.|CAD_124010001:Building Permits m/m,False,False,False,0.4,0.2,0.1,,0.2,0.3,POSITIVE,POSITIVE,1,1,1,1,True,1683734400,2023.05.10 16:00:00,1800,True,True,0.151485,True,True,True,True,True,True,True,True,True,True,True,True,,,,,,
USD_CPI_1686670200,1686670200,2023.06.13 15:30:00,2023,CORE_2015_2025,CPI,AUDUSD,QUOTE,840030005,CPI m/m,True,"840030005,840030006,840030007,840030008",USD_840030009:CPI n.s.a.|USD_840030010:Core CPI|USD_840030030:Real Earnings m/m|USD_840030033:CPI n.s.a. m/m|USD_840030034:Core CPI n.s.a. m/m|USD_840030035:CPI|USD_840030036:Core CPI n.s.a.,False,False,False,0.1,0.2,0.4,,-0.1,-0.3,NEGATIVE,NEGATIVE,-1,1,-1,1,True,1686672000,2023.06.13 16:00:00,1800,True,True,0.001063,True,True,True,True,True,True,True,True,True,True,True,True,,,,,,
USD_CPI_1686670200,1686670200,2023.06.13 15:30:00,2023,CORE_2015_2025,CPI,EURUSD,QUOTE,840030005,CPI m/m,True,"840030005,840030006,840030007,840030008",USD_840030009:CPI n.s.a.|USD_840030010:Core CPI|USD_840030030:Real Earnings m/m|USD_840030033:CPI n.s.a. m/m|USD_840030034:Core CPI n.s.a. m/m|USD_840030035:CPI|USD_840030036:Core CPI n.s.a.,False,False,False,0.1,0.2,0.4,,-0.1,-0.3,NEGATIVE,NEGATIVE,-1,1,-1,1,True,1686672000,2023.06.13 16:00:00,1800,True,True,0.001050,True,True,True,True,True,True,True,True,True,True,True,True,,,,,,
USD_CPI_1686670200,1686670200,2023.06.13 15:30:00,2023,CORE_2015_2025,CPI,GBPUSD,QUOTE,840030005,CPI m/m,True,"840030005,840030006,840030007,840030008",USD_840030009:CPI n.s.a.|USD_840030010:Core CPI|USD_840030030:Real Earnings m/m|USD_840030033:CPI n.s.a. m/m|USD_840030034:Core CPI n.s.a. m/m|USD_840030035:CPI|USD_840030036:Core CPI n.s.a.,False,False,False,0.1,0.2,0.4,,-0.1,-0.3,NEGATIVE,NEGATIVE,-1,1,-1,1,True,1686672000,2023.06.13 16:00:00,1800,True,True,0.001318,True,True,True,True,True,True,True,True,True,True,True,True,,,,,,
USD_CPI_1686670200,1686670200,2023.06.13 15:30:00,2023,CORE_2015_2025,CPI,NZDUSD,QUOTE,840030005,CPI m/m,True,"840030005,840030006,840030007,840030008",USD_840030009:CPI n.s.a.|USD_840030010:Core CPI|USD_840030030:Real Earnings m/m|USD_840030033:CPI n.s.a. m/m|USD_840030034:Core CPI n.s.a. m/m|USD_840030035:CPI|USD_840030036:Core CPI n.s.a.,False,False,False,0.1,0.2,0.4,,-0.1,-0.3,NEGATIVE,NEGATIVE,-1,1,-1,1,True,1686672000,2023.06.13 16:00:00,1800,True,True,0.001031,True,True,True,True,True,True,True,True,True,True,True,True,,,,,,
USD_CPI_1686670200,1686670200,2023.06.13 15:30:00,2023,CORE_2015_2025,CPI,USDCAD,BASE,840030005,CPI m/m,True,"840030005,840030006,840030007,840030008",USD_840030009:CPI n.s.a.|USD_840030010:Core CPI|USD_840030030:Real Earnings m/m|USD_840030033:CPI n.s.a. m/m|USD_840030034:Core CPI n.s.a. m/m|USD_840030035:CPI|USD_840030036:Core CPI n.s.a.,False,False,False,0.1,0.2,0.4,,-0.1,-0.3,NEGATIVE,NEGATIVE,-1,-1,-1,-1,True,1686672000,2023.06.13 16:00:00,1800,True,True,0.001119,True,True,True,True,True,True,True,True,True,True,True,True,,,,,,
USD_CPI_1686670200,1686670200,2023.06.13 15:30:00,2023,CORE_2015_2025,CPI,USDCHF,BASE,840030005,CPI m/m,True,"840030005,840030006,840030007,840030008",USD_840030009:CPI n.s.a.|USD_840030010:Core CPI|USD_840030030:Real Earnings m/m|USD_840030033:CPI n.s.a. m/m|USD_840030034:Core CPI n.s.a. m/m|USD_840030035:CPI|USD_840030036:Core CPI n.s.a.,False,False,False,0.1,0.2,0.4,,-0.1,-0.3,NEGATIVE,NEGATIVE,-1,-1,-1,-1,True,1686672000,2023.06.13 16:00:00,1800,True,True,0.001055,True,True,True,True,True,True,True,True,True,True,True,True,,,,,,
USD_CPI_1686670200,1686670200,2023.06.13 15:30:00,2023,CORE_2015_2025,CPI,USDJPY,BASE,840030005,CPI m/m,True,"840030005,840030006,840030007,840030008",USD_840030009:CPI n.s.a.|USD_840030010:Core CPI|USD_840030030:Real Earnings m/m|USD_840030033:CPI n.s.a. m/m|USD_840030034:Core CPI n.s.a. m/m|USD_840030035:CPI|USD_840030036:Core CPI n.s.a.,False,False,False,0.1,0.2,0.4,,-0.1,-0.3,NEGATIVE,NEGATIVE,-1,-1,-1,-1,True,1686672000,2023.06.13 16:00:00,1800,True,True,0.153062,True,True,True,True,True,True,True,True,True,True,True,True,,,,,,
USD_CPI_1689175800,1689175800,2023.07.12 15:30:00,2023,CORE_2015_2025,CPI,AUDUSD,QUOTE,840030005,CPI m/m,True,"840030005,840030006,840030007,840030008",USD_840030009:CPI n.s.a.|USD_840030010:Core CPI|USD_840030030:Real Earnings m/m|USD_840030033:CPI n.s.a. m/m|USD_840030034:Core CPI n.s.a. m/m|USD_840030035:CPI|USD_840030036:Core CPI n.s.a.,False,False,False,0.2,0.2,0.1,,0.0,0.1,ZERO,POSITIVE,,,1,-1,True,1689177600,2023.07.12 16:00:00,1800,True,True,0.001304,True,True,True,True,True,True,False,False,False,True,True,True,excluded_zero_signal,excluded_zero_signal,excluded_zero_signal,,,
USD_CPI_1689175800,1689175800,2023.07.12 15:30:00,2023,CORE_2015_2025,CPI,EURUSD,QUOTE,840030005,CPI m/m,True,"840030005,840030006,840030007,840030008",USD_840030009:CPI n.s.a.|USD_840030010:Core CPI|USD_840030030:Real Earnings m/m|USD_840030033:CPI n.s.a. m/m|USD_840030034:Core CPI n.s.a. m/m|USD_840030035:CPI|USD_840030036:Core CPI n.s.a.,False,False,False,0.2,0.2,0.1,,0.0,0.1,ZERO,POSITIVE,,,1,-1,True,1689177600,2023.07.12 16:00:00,1800,True,True,0.000948,True,True,True,True,True,True,False,False,False,True,True,True,excluded_zero_signal,excluded_zero_signal,excluded_zero_signal,,,
USD_CPI_1689175800,1689175800,2023.07.12 15:30:00,2023,CORE_2015_2025,CPI,GBPUSD,QUOTE,840030005,CPI m/m,True,"840030005,840030006,840030007,840030008",USD_840030009:CPI n.s.a.|USD_840030010:Core CPI|USD_840030030:Real Earnings m/m|USD_840030033:CPI n.s.a. m/m|USD_840030034:Core CPI n.s.a. m/m|USD_840030035:CPI|USD_840030036:Core CPI n.s.a.,False,False,False,0.2,0.2,0.1,,0.0,0.1,ZERO,POSITIVE,,,1,-1,True,1689177600,2023.07.12 16:00:00,1800,True,True,0.001510,True,True,True,True,True,True,False,False,False,True,True,True,excluded_zero_signal,excluded_zero_signal,excluded_zero_signal,,,
USD_CPI_1689175800,1689175800,2023.07.12 15:30:00,2023,CORE_2015_2025,CPI,NZDUSD,QUOTE,840030005,CPI m/m,True,"840030005,840030006,840030007,840030008",USD_840030009:CPI n.s.a.|USD_840030010:Core CPI|USD_840030030:Real Earnings m/m|USD_840030033:CPI n.s.a. m/m|USD_840030034:Core CPI n.s.a. m/m|USD_840030035:CPI|USD_840030036:Core CPI n.s.a.,False,False,False,0.2,0.2,0.1,,0.0,0.1,ZERO,POSITIVE,,,1,-1,True,1689177600,2023.07.12 16:00:00,1800,True,True,0.001193,True,True,True,True,True,True,False,False,False,True,True,True,excluded_zero_signal,excluded_zero_signal,excluded_zero_signal,,,
USD_CPI_1689175800,1689175800,2023.07.12 15:30:00,2023,CORE_2015_2025,CPI,USDCAD,BASE,840030005,CPI m/m,True,"840030005,840030006,840030007,840030008",USD_840030009:CPI n.s.a.|USD_840030010:Core CPI|USD_840030030:Real Earnings m/m|USD_840030033:CPI n.s.a. m/m|USD_840030034:Core CPI n.s.a. m/m|USD_840030035:CPI|USD_840030036:Core CPI n.s.a.,False,False,False,0.2,0.2,0.1,,0.0,0.1,ZERO,POSITIVE,,,1,1,True,1689177600,2023.07.12 16:00:00,1800,True,True,0.001161,True,True,True,True,True,True,False,False,False,True,True,True,excluded_zero_signal,excluded_zero_signal,excluded_zero_signal,,,
USD_CPI_1689175800,1689175800,2023.07.12 15:30:00,2023,CORE_2015_2025,CPI,USDCHF,BASE,840030005,CPI m/m,True,"840030005,840030006,840030007,840030008",USD_840030009:CPI n.s.a.|USD_840030010:Core CPI|USD_840030030:Real Earnings m/m|USD_840030033:CPI n.s.a. m/m|USD_840030034:Core CPI n.s.a. m/m|USD_840030035:CPI|USD_840030036:Core CPI n.s.a.,False,False,False,0.2,0.2,0.1,,0.0,0.1,ZERO,POSITIVE,,,1,1,True,1689177600,2023.07.12 16:00:00,1800,True,True,0.000944,True,True,True,True,True,True,False,False,False,True,True,True,excluded_zero_signal,excluded_zero_signal,excluded_zero_signal,,,
USD_CPI_1689175800,1689175800,2023.07.12 15:30:00,2023,CORE_2015_2025,CPI,USDJPY,BASE,840030005,CPI m/m,True,"840030005,840030006,840030007,840030008",USD_840030009:CPI n.s.a.|USD_840030010:Core CPI|USD_840030030:Real Earnings m/m|USD_840030033:CPI n.s.a. m/m|USD_840030034:Core CPI n.s.a. m/m|USD_840030035:CPI|USD_840030036:Core CPI n.s.a.,False,False,False,0.2,0.2,0.1,,0.0,0.1,ZERO,POSITIVE,,,1,1,True,1689177600,2023.07.12 16:00:00,1800,True,True,0.225265,True,True,True,True,True,True,False,False,False,True,True,True,excluded_zero_signal,excluded_zero_signal,excluded_zero_signal,,,
USD_CPI_1691681400,1691681400,2023.08.10 15:30:00,2023,CORE_2015_2025,CPI,AUDUSD,QUOTE,840030005,CPI m/m,True,"840030005,840030006,840030007,840030008",USD_840030009:CPI n.s.a.|USD_840030010:Core CPI|USD_840030030:Real Earnings m/m|USD_840030033:CPI n.s.a. m/m|USD_840030034:Core CPI n.s.a. m/m|USD_840030035:CPI|USD_840030036:Core CPI n.s.a.|USD_840140001:Initial Jobless Claims|USD_840140002:Continuing Jobless Claims|USD_840140003:Initial Jobless Claims 4-Week Average,False,False,False,0.2,0.2,0.2,,0.0,0.0,ZERO,ZERO,,,,,True,1691683200,2023.08.10 16:00:00,1800,True,True,0.000976,True,True,True,True,True,True,False,False,False,False,False,False,excluded_zero_signal,excluded_zero_signal,excluded_zero_signal,excluded_zero_signal,excluded_zero_signal,excluded_zero_signal
USD_CPI_1691681400,1691681400,2023.08.10 15:30:00,2023,CORE_2015_2025,CPI,EURUSD,QUOTE,840030005,CPI m/m,True,"840030005,840030006,840030007,840030008",USD_840030009:CPI n.s.a.|USD_840030010:Core CPI|USD_840030030:Real Earnings m/m|USD_840030033:CPI n.s.a. m/m|USD_840030034:Core CPI n.s.a. m/m|USD_840030035:CPI|USD_840030036:Core CPI n.s.a.|USD_840140001:Initial Jobless Claims|USD_840140002:Continuing Jobless Claims|USD_840140003:Initial Jobless Claims 4-Week Average,False,False,False,0.2,0.2,0.2,,0.0,0.0,ZERO,ZERO,,,,,True,1691683200,2023.08.10 16:00:00,1800,True,True,0.001107,True,True,True,True,True,True,False,False,False,False,False,False,excluded_zero_signal,excluded_zero_signal,excluded_zero_signal,excluded_zero_signal,excluded_zero_signal,excluded_zero_signal
USD_CPI_1691681400,1691681400,2023.08.10 15:30:00,2023,CORE_2015_2025,CPI,GBPUSD,QUOTE,840030005,CPI m/m,True,"840030005,840030006,840030007,840030008",USD_840030009:CPI n.s.a.|USD_840030010:Core CPI|USD_840030030:Real Earnings m/m|USD_840030033:CPI n.s.a. m/m|USD_840030034:Core CPI n.s.a. m/m|USD_840030035:CPI|USD_840030036:Core CPI n.s.a.|USD_840140001:Initial Jobless Claims|USD_840140002:Continuing Jobless Claims|USD_840140003:Initial Jobless Claims 4-Week Average,False,False,False,0.2,0.2,0.2,,0.0,0.0,ZERO,ZERO,,,,,True,1691683200,2023.08.10 16:00:00,1800,True,True,0.001412,True,True,True,True,True,True,False,False,False,False,False,False,excluded_zero_signal,excluded_zero_signal,excluded_zero_signal,excluded_zero_signal,excluded_zero_signal,excluded_zero_signal
USD_CPI_1691681400,1691681400,2023.08.10 15:30:00,2023,CORE_2015_2025,CPI,NZDUSD,QUOTE,840030005,CPI m/m,True,"840030005,840030006,840030007,840030008",USD_840030009:CPI n.s.a.|USD_840030010:Core CPI|USD_840030030:Real Earnings m/m|USD_840030033:CPI n.s.a. m/m|USD_840030034:Core CPI n.s.a. m/m|USD_840030035:CPI|USD_840030036:Core CPI n.s.a.|USD_840140001:Initial Jobless Claims|USD_840140002:Continuing Jobless Claims|USD_840140003:Initial Jobless Claims 4-Week Average,False,False,False,0.2,0.2,0.2,,0.0,0.0,ZERO,ZERO,,,,,True,1691683200,2023.08.10 16:00:00,1800,True,True,0.001022,True,True,True,True,True,True,False,False,False,False,False,False,excluded_zero_signal,excluded_zero_signal,excluded_zero_signal,excluded_zero_signal,excluded_zero_signal,excluded_zero_signal
USD_CPI_1691681400,1691681400,2023.08.10 15:30:00,2023,CORE_2015_2025,CPI,USDCAD,BASE,840030005,CPI m/m,True,"840030005,840030006,840030007,840030008",USD_840030009:CPI n.s.a.|USD_840030010:Core CPI|USD_840030030:Real Earnings m/m|USD_840030033:CPI n.s.a. m/m|USD_840030034:Core CPI n.s.a. m/m|USD_840030035:CPI|USD_840030036:Core CPI n.s.a.|USD_840140001:Initial Jobless Claims|USD_840140002:Continuing Jobless Claims|USD_840140003:Initial Jobless Claims 4-Week Average,False,False,False,0.2,0.2,0.2,,0.0,0.0,ZERO,ZERO,,,,,True,1691683200,2023.08.10 16:00:00,1800,True,True,0.001044,True,True,True,True,True,True,False,False,False,False,False,False,excluded_zero_signal,excluded_zero_signal,excluded_zero_signal,excluded_zero_signal,excluded_zero_signal,excluded_zero_signal
USD_CPI_1691681400,1691681400,2023.08.10 15:30:00,2023,CORE_2015_2025,CPI,USDCHF,BASE,840030005,CPI m/m,True,"840030005,840030006,840030007,840030008",USD_840030009:CPI n.s.a.|USD_840030010:Core CPI|USD_840030030:Real Earnings m/m|USD_840030033:CPI n.s.a. m/m|USD_840030034:Core CPI n.s.a. m/m|USD_840030035:CPI|USD_840030036:Core CPI n.s.a.|USD_840140001:Initial Jobless Claims|USD_840140002:Continuing Jobless Claims|USD_840140003:Initial Jobless Claims 4-Week Average,False,False,False,0.2,0.2,0.2,,0.0,0.0,ZERO,ZERO,,,,,True,1691683200,2023.08.10 16:00:00,1800,True,True,0.000920,True,True,True,True,True,True,False,False,False,False,False,False,excluded_zero_signal,excluded_zero_signal,excluded_zero_signal,excluded_zero_signal,excluded_zero_signal,excluded_zero_signal
USD_CPI_1691681400,1691681400,2023.08.10 15:30:00,2023,CORE_2015_2025,CPI,USDJPY,BASE,840030005,CPI m/m,True,"840030005,840030006,840030007,840030008",USD_840030009:CPI n.s.a.|USD_840030010:Core CPI|USD_840030030:Real Earnings m/m|USD_840030033:CPI n.s.a. m/m|USD_840030034:Core CPI n.s.a. m/m|USD_840030035:CPI|USD_840030036:Core CPI n.s.a.|USD_840140001:Initial Jobless Claims|USD_840140002:Continuing Jobless Claims|USD_840140003:Initial Jobless Claims 4-Week Average,False,False,False,0.2,0.2,0.2,,0.0,0.0,ZERO,ZERO,,,,,True,1691683200,2023.08.10 16:00:00,1800,True,True,0.146713,True,True,True,True,True,True,False,False,False,False,False,False,excluded_zero_signal,excluded_zero_signal,excluded_zero_signal,excluded_zero_signal,excluded_zero_signal,excluded_zero_signal
USD_CPI_1694619000,1694619000,2023.09.13 15:30:00,2023,CORE_2015_2025,CPI,AUDUSD,QUOTE,840030005,CPI m/m,True,"840030005,840030006,840030007,840030008",USD_840030009:CPI n.s.a.|USD_840030010:Core CPI|USD_840030030:Real Earnings m/m|USD_840030033:CPI n.s.a. m/m|USD_840030034:Core CPI n.s.a. m/m|USD_840030035:CPI|USD_840030036:Core CPI n.s.a.,False,False,False,0.6,0.2,0.2,,0.4,0.4,POSITIVE,POSITIVE,1,-1,1,-1,True,1694620800,2023.09.13 16:00:00,1800,True,True,0.000940,True,True,True,True,True,True,True,True,True,True,True,True,,,,,,
USD_CPI_1694619000,1694619000,2023.09.13 15:30:00,2023,CORE_2015_2025,CPI,EURUSD,QUOTE,840030005,CPI m/m,True,"840030005,840030006,840030007,840030008",USD_840030009:CPI n.s.a.|USD_840030010:Core CPI|USD_840030030:Real Earnings m/m|USD_840030033:CPI n.s.a. m/m|USD_840030034:Core CPI n.s.a. m/m|USD_840030035:CPI|USD_840030036:Core CPI n.s.a.,False,False,False,0.6,0.2,0.2,,0.4,0.4,POSITIVE,POSITIVE,1,-1,1,-1,True,1694620800,2023.09.13 16:00:00,1800,True,True,0.001147,True,True,True,True,True,True,True,True,True,True,True,True,,,,,,
USD_CPI_1694619000,1694619000,2023.09.13 15:30:00,2023,CORE_2015_2025,CPI,GBPUSD,QUOTE,840030005,CPI m/m,True,"840030005,840030006,840030007,840030008",USD_840030009:CPI n.s.a.|USD_840030010:Core CPI|USD_840030030:Real Earnings m/m|USD_840030033:CPI n.s.a. m/m|USD_840030034:Core CPI n.s.a. m/m|USD_840030035:CPI|USD_840030036:Core CPI n.s.a.,False,False,False,0.6,0.2,0.2,,0.4,0.4,POSITIVE,POSITIVE,1,-1,1,-1,True,1694620800,2023.09.13 16:00:00,1800,True,True,0.001587,True,True,True,True,True,True,True,True,True,True,True,True,,,,,,
USD_CPI_1694619000,1694619000,2023.09.13 15:30:00,2023,CORE_2015_2025,CPI,NZDUSD,QUOTE,840030005,CPI m/m,True,"840030005,840030006,840030007,840030008",USD_840030009:CPI n.s.a.|USD_840030010:Core CPI|USD_840030030:Real Earnings m/m|USD_840030033:CPI n.s.a. m/m|USD_840030034:Core CPI n.s.a. m/m|USD_840030035:CPI|USD_840030036:Core CPI n.s.a.,False,False,False,0.6,0.2,0.2,,0.4,0.4,POSITIVE,POSITIVE,1,-1,1,-1,True,1694620800,2023.09.13 16:00:00,1800,True,True,0.000906,True,True,True,True,True,True,True,True,True,True,True,True,,,,,,
USD_CPI_1694619000,1694619000,2023.09.13 15:30:00,2023,CORE_2015_2025,CPI,USDCAD,BASE,840030005,CPI m/m,True,"840030005,840030006,840030007,840030008",USD_840030009:CPI n.s.a.|USD_840030010:Core CPI|USD_840030030:Real Earnings m/m|USD_840030033:CPI n.s.a. m/m|USD_840030034:Core CPI n.s.a. m/m|USD_840030035:CPI|USD_840030036:Core CPI n.s.a.,False,False,False,0.6,0.2,0.2,,0.4,0.4,POSITIVE,POSITIVE,1,1,1,1,True,1694620800,2023.09.13 16:00:00,1800,True,True,0.001170,True,True,True,True,True,True,True,True,True,True,True,True,,,,,,
USD_CPI_1694619000,1694619000,2023.09.13 15:30:00,2023,CORE_2015_2025,CPI,USDCHF,BASE,840030005,CPI m/m,True,"840030005,840030006,840030007,840030008",USD_840030009:CPI n.s.a.|USD_840030010:Core CPI|USD_840030030:Real Earnings m/m|USD_840030033:CPI n.s.a. m/m|USD_840030034:Core CPI n.s.a. m/m|USD_840030035:CPI|USD_840030036:Core CPI n.s.a.,False,False,False,0.6,0.2,0.2,,0.4,0.4,POSITIVE,POSITIVE,1,1,1,1,True,1694620800,2023.09.13 16:00:00,1800,True,True,0.000844,True,True,True,True,True,True,True,True,True,True,True,True,,,,,,
USD_CPI_1694619000,1694619000,2023.09.13 15:30:00,2023,CORE_2015_2025,CPI,USDJPY,BASE,840030005,CPI m/m,True,"840030005,840030006,840030007,840030008",USD_840030009:CPI n.s.a.|USD_840030010:Core CPI|USD_840030030:Real Earnings m/m|USD_840030033:CPI n.s.a. m/m|USD_840030034:Core CPI n.s.a. m/m|USD_840030035:CPI|USD_840030036:Core CPI n.s.a.,False,False,False,0.6,0.2,0.2,,0.4,0.4,POSITIVE,POSITIVE,1,1,1,1,True,1694620800,2023.09.13 16:00:00,1800,True,True,0.140025,True,True,True,True,True,True,True,True,True,True,True,True,,,,,,
USD_CPI_1697124600,1697124600,2023.10.12 15:30:00,2023,CORE_2015_2025,CPI,AUDUSD,QUOTE,840030005,CPI m/m,True,"840030005,840030006,840030007,840030008",USD_840030009:CPI n.s.a.|USD_840030010:Core CPI|USD_840030030:Real Earnings m/m|USD_840030033:CPI n.s.a. m/m|USD_840030034:Core CPI n.s.a. m/m|USD_840030035:CPI|USD_840030036:Core CPI n.s.a.|USD_840140001:Initial Jobless Claims|USD_840140002:Continuing Jobless Claims|USD_840140003:Initial Jobless Claims 4-Week Average|EUR_276010024:Current Account n.s.a.,False,False,False,0.4,0.2,0.6,,0.2,-0.2,POSITIVE,NEGATIVE,1,-1,-1,1,True,1697126400,2023.10.12 16:00:00,1800,True,True,0.001023,True,True,True,True,True,True,True,True,True,True,True,True,,,,,,
USD_CPI_1697124600,1697124600,2023.10.12 15:30:00,2023,CORE_2015_2025,CPI,EURUSD,QUOTE,840030005,CPI m/m,True,"840030005,840030006,840030007,840030008",USD_840030009:CPI n.s.a.|USD_840030010:Core CPI|USD_840030030:Real Earnings m/m|USD_840030033:CPI n.s.a. m/m|USD_840030034:Core CPI n.s.a. m/m|USD_840030035:CPI|USD_840030036:Core CPI n.s.a.|USD_840140001:Initial Jobless Claims|USD_840140002:Continuing Jobless Claims|USD_840140003:Initial Jobless Claims 4-Week Average|EUR_276010024:Current Account n.s.a.,False,False,False,0.4,0.2,0.6,,0.2,-0.2,POSITIVE,NEGATIVE,1,-1,-1,1,True,1697126400,2023.10.12 16:00:00,1800,True,True,0.001041,True,True,True,True,True,True,True,True,True,True,True,True,,,,,,
USD_CPI_1697124600,1697124600,2023.10.12 15:30:00,2023,CORE_2015_2025,CPI,GBPUSD,QUOTE,840030005,CPI m/m,True,"840030005,840030006,840030007,840030008",USD_840030009:CPI n.s.a.|USD_840030010:Core CPI|USD_840030030:Real Earnings m/m|USD_840030033:CPI n.s.a. m/m|USD_840030034:Core CPI n.s.a. m/m|USD_840030035:CPI|USD_840030036:Core CPI n.s.a.|USD_840140001:Initial Jobless Claims|USD_840140002:Continuing Jobless Claims|USD_840140003:Initial Jobless Claims 4-Week Average|EUR_276010024:Current Account n.s.a.,False,False,False,0.4,0.2,0.6,,0.2,-0.2,POSITIVE,NEGATIVE,1,-1,-1,1,True,1697126400,2023.10.12 16:00:00,1800,True,True,0.001386,True,True,True,True,True,True,True,True,True,True,True,True,,,,,,
USD_CPI_1697124600,1697124600,2023.10.12 15:30:00,2023,CORE_2015_2025,CPI,NZDUSD,QUOTE,840030005,CPI m/m,True,"840030005,840030006,840030007,840030008",USD_840030009:CPI n.s.a.|USD_840030010:Core CPI|USD_840030030:Real Earnings m/m|USD_840030033:CPI n.s.a. m/m|USD_840030034:Core CPI n.s.a. m/m|USD_840030035:CPI|USD_840030036:Core CPI n.s.a.|USD_840140001:Initial Jobless Claims|USD_840140002:Continuing Jobless Claims|USD_840140003:Initial Jobless Claims 4-Week Average|EUR_276010024:Current Account n.s.a.,False,False,False,0.4,0.2,0.6,,0.2,-0.2,POSITIVE,NEGATIVE,1,-1,-1,1,True,1697126400,2023.10.12 16:00:00,1800,True,True,0.000925,True,True,True,True,True,True,True,True,True,True,True,True,,,,,,
USD_CPI_1697124600,1697124600,2023.10.12 15:30:00,2023,CORE_2015_2025,CPI,USDCAD,BASE,840030005,CPI m/m,True,"840030005,840030006,840030007,840030008",USD_840030009:CPI n.s.a.|USD_840030010:Core CPI|USD_840030030:Real Earnings m/m|USD_840030033:CPI n.s.a. m/m|USD_840030034:Core CPI n.s.a. m/m|USD_840030035:CPI|USD_840030036:Core CPI n.s.a.|USD_840140001:Initial Jobless Claims|USD_840140002:Continuing Jobless Claims|USD_840140003:Initial Jobless Claims 4-Week Average|EUR_276010024:Current Account n.s.a.,False,False,False,0.4,0.2,0.6,,0.2,-0.2,POSITIVE,NEGATIVE,1,1,-1,-1,True,1697126400,2023.10.12 16:00:00,1800,True,True,0.001186,True,True,True,True,True,True,True,True,True,True,True,True,,,,,,
USD_CPI_1697124600,1697124600,2023.10.12 15:30:00,2023,CORE_2015_2025,CPI,USDCHF,BASE,840030005,CPI m/m,True,"840030005,840030006,840030007,840030008",USD_840030009:CPI n.s.a.|USD_840030010:Core CPI|USD_840030030:Real Earnings m/m|USD_840030033:CPI n.s.a. m/m|USD_840030034:Core CPI n.s.a. m/m|USD_840030035:CPI|USD_840030036:Core CPI n.s.a.|USD_840140001:Initial Jobless Claims|USD_840140002:Continuing Jobless Claims|USD_840140003:Initial Jobless Claims 4-Week Average|EUR_276010024:Current Account n.s.a.,False,False,False,0.4,0.2,0.6,,0.2,-0.2,POSITIVE,NEGATIVE,1,1,-1,-1,True,1697126400,2023.10.12 16:00:00,1800,True,True,0.001134,True,True,True,True,True,True,True,True,True,True,True,True,,,,,,
USD_CPI_1697124600,1697124600,2023.10.12 15:30:00,2023,CORE_2015_2025,CPI,USDJPY,BASE,840030005,CPI m/m,True,"840030005,840030006,840030007,840030008",USD_840030009:CPI n.s.a.|USD_840030010:Core CPI|USD_840030030:Real Earnings m/m|USD_840030033:CPI n.s.a. m/m|USD_840030034:Core CPI n.s.a. m/m|USD_840030035:CPI|USD_840030036:Core CPI n.s.a.|USD_840140001:Initial Jobless Claims|USD_840140002:Continuing Jobless Claims|USD_840140003:Initial Jobless Claims 4-Week Average|EUR_276010024:Current Account n.s.a.,False,False,False,0.4,0.2,0.6,,0.2,-0.2,POSITIVE,NEGATIVE,1,1,-1,-1,True,1697126400,2023.10.12 16:00:00,1800,True,True,0.133970,True,True,True,True,True,True,True,True,True,True,True,True,,,,,,
USD_CPI_1699979400,1699979400,2023.11.14 16:30:00,2023,CORE_2015_2025,CPI,AUDUSD,QUOTE,840030005,CPI m/m,True,"840030005,840030006,840030007,840030008",USD_840030009:CPI n.s.a.|USD_840030010:Core CPI|USD_840030030:Real Earnings m/m|USD_840030033:CPI n.s.a. m/m|USD_840030034:Core CPI n.s.a. m/m|USD_840030035:CPI|USD_840030036:Core CPI n.s.a.,False,False,False,0.0,0.2,0.4,,-0.2,-0.4,NEGATIVE,NEGATIVE,-1,1,-1,1,True,1699981200,2023.11.14 17:00:00,1800,True,True,0.001429,True,True,True,True,True,True,True,True,True,True,True,True,,,,,,
USD_CPI_1699979400,1699979400,2023.11.14 16:30:00,2023,CORE_2015_2025,CPI,EURUSD,QUOTE,840030005,CPI m/m,True,"840030005,840030006,840030007,840030008",USD_840030009:CPI n.s.a.|USD_840030010:Core CPI|USD_840030030:Real Earnings m/m|USD_840030033:CPI n.s.a. m/m|USD_840030034:Core CPI n.s.a. m/m|USD_840030035:CPI|USD_840030036:Core CPI n.s.a.,False,False,False,0.0,0.2,0.4,,-0.2,-0.4,NEGATIVE,NEGATIVE,-1,1,-1,1,True,1699981200,2023.11.14 17:00:00,1800,True,True,0.001545,True,True,True,True,True,True,True,True,True,True,True,True,,,,,,
USD_CPI_1699979400,1699979400,2023.11.14 16:30:00,2023,CORE_2015_2025,CPI,GBPUSD,QUOTE,840030005,CPI m/m,True,"840030005,840030006,840030007,840030008",USD_840030009:CPI n.s.a.|USD_840030010:Core CPI|USD_840030030:Real Earnings m/m|USD_840030033:CPI n.s.a. m/m|USD_840030034:Core CPI n.s.a. m/m|USD_840030035:CPI|USD_840030036:Core CPI n.s.a.,False,False,False,0.0,0.2,0.4,,-0.2,-0.4,NEGATIVE,NEGATIVE,-1,1,-1,1,True,1699981200,2023.11.14 17:00:00,1800,True,True,0.002222,True,True,True,True,True,True,True,True,True,True,True,True,,,,,,
USD_CPI_1699979400,1699979400,2023.11.14 16:30:00,2023,CORE_2015_2025,CPI,NZDUSD,QUOTE,840030005,CPI m/m,True,"840030005,840030006,840030007,840030008",USD_840030009:CPI n.s.a.|USD_840030010:Core CPI|USD_840030030:Real Earnings m/m|USD_840030033:CPI n.s.a. m/m|USD_840030034:Core CPI n.s.a. m/m|USD_840030035:CPI|USD_840030036:Core CPI n.s.a.,False,False,False,0.0,0.2,0.4,,-0.2,-0.4,NEGATIVE,NEGATIVE,-1,1,-1,1,True,1699981200,2023.11.14 17:00:00,1800,True,True,0.001351,True,True,True,True,True,True,True,True,True,True,True,True,,,,,,
USD_CPI_1699979400,1699979400,2023.11.14 16:30:00,2023,CORE_2015_2025,CPI,USDCAD,BASE,840030005,CPI m/m,True,"840030005,840030006,840030007,840030008",USD_840030009:CPI n.s.a.|USD_840030010:Core CPI|USD_840030030:Real Earnings m/m|USD_840030033:CPI n.s.a. m/m|USD_840030034:Core CPI n.s.a. m/m|USD_840030035:CPI|USD_840030036:Core CPI n.s.a.,False,False,False,0.0,0.2,0.4,,-0.2,-0.4,NEGATIVE,NEGATIVE,-1,-1,-1,-1,True,1699981200,2023.11.14 17:00:00,1800,True,True,0.001549,True,True,True,True,True,True,True,True,True,True,True,True,,,,,,
USD_CPI_1699979400,1699979400,2023.11.14 16:30:00,2023,CORE_2015_2025,CPI,USDCHF,BASE,840030005,CPI m/m,True,"840030005,840030006,840030007,840030008",USD_840030009:CPI n.s.a.|USD_840030010:Core CPI|USD_840030030:Real Earnings m/m|USD_840030033:CPI n.s.a. m/m|USD_840030034:Core CPI n.s.a. m/m|USD_840030035:CPI|USD_840030036:Core CPI n.s.a.,False,False,False,0.0,0.2,0.4,,-0.2,-0.4,NEGATIVE,NEGATIVE,-1,-1,-1,-1,True,1699981200,2023.11.14 17:00:00,1800,True,True,0.001310,True,True,True,True,True,True,True,True,True,True,True,True,,,,,,
USD_CPI_1699979400,1699979400,2023.11.14 16:30:00,2023,CORE_2015_2025,CPI,USDJPY,BASE,840030005,CPI m/m,True,"840030005,840030006,840030007,840030008",USD_840030009:CPI n.s.a.|USD_840030010:Core CPI|USD_840030030:Real Earnings m/m|USD_840030033:CPI n.s.a. m/m|USD_840030034:Core CPI n.s.a. m/m|USD_840030035:CPI|USD_840030036:Core CPI n.s.a.,False,False,False,0.0,0.2,0.4,,-0.2,-0.4,NEGATIVE,NEGATIVE,-1,-1,-1,-1,True,1699981200,2023.11.14 17:00:00,1800,True,True,0.158582,True,True,True,True,True,True,True,True,True,True,True,True,,,,,,
USD_CPI_1702398600,1702398600,2023.12.12 16:30:00,2023,CORE_2015_2025,CPI,AUDUSD,QUOTE,840030005,CPI m/m,True,"840030005,840030006,840030007,840030008",USD_840030009:CPI n.s.a.|USD_840030010:Core CPI|USD_840030030:Real Earnings m/m|USD_840030033:CPI n.s.a. m/m|USD_840030034:Core CPI n.s.a. m/m|USD_840030035:CPI|USD_840030036:Core CPI n.s.a.|EUR_999010034:ECB Supervisory Board Member McCaul Speech,False,False,False,0.1,0.2,0.0,,-0.1,0.1,NEGATIVE,POSITIVE,-1,1,1,-1,True,1702400400,2023.12.12 17:00:00,1800,True,True,0.001215,True,True,True,True,True,True,True,True,True,True,True,True,,,,,,
USD_CPI_1702398600,1702398600,2023.12.12 16:30:00,2023,CORE_2015_2025,CPI,EURUSD,QUOTE,840030005,CPI m/m,True,"840030005,840030006,840030007,840030008",USD_840030009:CPI n.s.a.|USD_840030010:Core CPI|USD_840030030:Real Earnings m/m|USD_840030033:CPI n.s.a. m/m|USD_840030034:Core CPI n.s.a. m/m|USD_840030035:CPI|USD_840030036:Core CPI n.s.a.|EUR_999010034:ECB Supervisory Board Member McCaul Speech,False,False,False,0.1,0.2,0.0,,-0.1,0.1,NEGATIVE,POSITIVE,-1,1,1,-1,True,1702400400,2023.12.12 17:00:00,1800,True,True,0.001363,True,True,True,True,True,True,True,True,True,True,True,True,,,,,,
USD_CPI_1702398600,1702398600,2023.12.12 16:30:00,2023,CORE_2015_2025,CPI,GBPUSD,QUOTE,840030005,CPI m/m,True,"840030005,840030006,840030007,840030008",USD_840030009:CPI n.s.a.|USD_840030010:Core CPI|USD_840030030:Real Earnings m/m|USD_840030033:CPI n.s.a. m/m|USD_840030034:Core CPI n.s.a. m/m|USD_840030035:CPI|USD_840030036:Core CPI n.s.a.|EUR_999010034:ECB Supervisory Board Member McCaul Speech,False,False,False,0.1,0.2,0.0,,-0.1,0.1,NEGATIVE,POSITIVE,-1,1,1,-1,True,1702400400,2023.12.12 17:00:00,1800,True,True,0.001891,True,True,True,True,True,True,True,True,True,True,True,True,,,,,,
USD_CPI_1702398600,1702398600,2023.12.12 16:30:00,2023,CORE_2015_2025,CPI,NZDUSD,QUOTE,840030005,CPI m/m,True,"840030005,840030006,840030007,840030008",USD_840030009:CPI n.s.a.|USD_840030010:Core CPI|USD_840030030:Real Earnings m/m|USD_840030033:CPI n.s.a. m/m|USD_840030034:Core CPI n.s.a. m/m|USD_840030035:CPI|USD_840030036:Core CPI n.s.a.|EUR_999010034:ECB Supervisory Board Member McCaul Speech,False,False,False,0.1,0.2,0.0,,-0.1,0.1,NEGATIVE,POSITIVE,-1,1,1,-1,True,1702400400,2023.12.12 17:00:00,1800,True,True,0.001269,True,True,True,True,True,True,True,True,True,True,True,True,,,,,,
USD_CPI_1702398600,1702398600,2023.12.12 16:30:00,2023,CORE_2015_2025,CPI,USDCAD,BASE,840030005,CPI m/m,True,"840030005,840030006,840030007,840030008",USD_840030009:CPI n.s.a.|USD_840030010:Core CPI|USD_840030030:Real Earnings m/m|USD_840030033:CPI n.s.a. m/m|USD_840030034:Core CPI n.s.a. m/m|USD_840030035:CPI|USD_840030036:Core CPI n.s.a.|EUR_999010034:ECB Supervisory Board Member McCaul Speech,False,False,False,0.1,0.2,0.0,,-0.1,0.1,NEGATIVE,POSITIVE,-1,-1,1,1,True,1702400400,2023.12.12 17:00:00,1800,True,True,0.001200,True,True,True,True,True,True,True,True,True,True,True,True,,,,,,
USD_CPI_1702398600,1702398600,2023.12.12 16:30:00,2023,CORE_2015_2025,CPI,USDCHF,BASE,840030005,CPI m/m,True,"840030005,840030006,840030007,840030008",USD_840030009:CPI n.s.a.|USD_840030010:Core CPI|USD_840030030:Real Earnings m/m|USD_840030033:CPI n.s.a. m/m|USD_840030034:Core CPI n.s.a. m/m|USD_840030035:CPI|USD_840030036:Core CPI n.s.a.|EUR_999010034:ECB Supervisory Board Member McCaul Speech,False,False,False,0.1,0.2,0.0,,-0.1,0.1,NEGATIVE,POSITIVE,-1,-1,1,1,True,1702400400,2023.12.12 17:00:00,1800,True,True,0.001392,True,True,True,True,True,True,True,True,True,True,True,True,,,,,,
USD_CPI_1702398600,1702398600,2023.12.12 16:30:00,2023,CORE_2015_2025,CPI,USDJPY,BASE,840030005,CPI m/m,True,"840030005,840030006,840030007,840030008",USD_840030009:CPI n.s.a.|USD_840030010:Core CPI|USD_840030030:Real Earnings m/m|USD_840030033:CPI n.s.a. m/m|USD_840030034:Core CPI n.s.a. m/m|USD_840030035:CPI|USD_840030036:Core CPI n.s.a.|EUR_999010034:ECB Supervisory Board Member McCaul Speech,False,False,False,0.1,0.2,0.0,,-0.1,0.1,NEGATIVE,POSITIVE,-1,-1,1,1,True,1702400400,2023.12.12 17:00:00,1800,True,True,0.296977,True,True,True,True,True,True,True,True,True,True,True,True,,,,,,
USD_CPI_1704990600,1704990600,2024.01.11 16:30:00,2024,CORE_2015_2025,CPI,AUDUSD,QUOTE,840030005,CPI m/m,True,"840030005,840030006,840030007,840030008",USD_840030009:CPI n.s.a.|USD_840030010:Core CPI|USD_840030030:Real Earnings m/m|USD_840030033:CPI n.s.a. m/m|USD_840030034:Core CPI n.s.a. m/m|USD_840030035:CPI|USD_840030036:Core CPI n.s.a.|USD_840140001:Initial Jobless Claims|USD_840140002:Continuing Jobless Claims|USD_840140003:Initial Jobless Claims 4-Week Average|EUR_276010024:Current Account n.s.a.,False,False,False,0.3,0.2,0.1,,0.1,0.2,POSITIVE,POSITIVE,1,-1,1,-1,True,1704992400,2024.01.11 17:00:00,1800,True,True,0.001263,True,True,True,True,True,True,True,True,True,True,True,True,,,,,,
USD_CPI_1704990600,1704990600,2024.01.11 16:30:00,2024,CORE_2015_2025,CPI,EURUSD,QUOTE,840030005,CPI m/m,True,"840030005,840030006,840030007,840030008",USD_840030009:CPI n.s.a.|USD_840030010:Core CPI|USD_840030030:Real Earnings m/m|USD_840030033:CPI n.s.a. m/m|USD_840030034:Core CPI n.s.a. m/m|USD_840030035:CPI|USD_840030036:Core CPI n.s.a.|USD_840140001:Initial Jobless Claims|USD_840140002:Continuing Jobless Claims|USD_840140003:Initial Jobless Claims 4-Week Average|EUR_276010024:Current Account n.s.a.,False,False,False,0.3,0.2,0.1,,0.1,0.2,POSITIVE,POSITIVE,1,-1,1,-1,True,1704992400,2024.01.11 17:00:00,1800,True,True,0.001414,True,True,True,True,True,True,True,True,True,True,True,True,,,,,,
USD_CPI_1704990600,1704990600,2024.01.11 16:30:00,2024,CORE_2015_2025,CPI,GBPUSD,QUOTE,840030005,CPI m/m,True,"840030005,840030006,840030007,840030008",USD_840030009:CPI n.s.a.|USD_840030010:Core CPI|USD_840030030:Real Earnings m/m|USD_840030033:CPI n.s.a. m/m|USD_840030034:Core CPI n.s.a. m/m|USD_840030035:CPI|USD_840030036:Core CPI n.s.a.|USD_840140001:Initial Jobless Claims|USD_840140002:Continuing Jobless Claims|USD_840140003:Initial Jobless Claims 4-Week Average|EUR_276010024:Current Account n.s.a.,False,False,False,0.3,0.2,0.1,,0.1,0.2,POSITIVE,POSITIVE,1,-1,1,-1,True,1704992400,2024.01.11 17:00:00,1800,True,True,0.001809,True,True,True,True,True,True,True,True,True,True,True,True,,,,,,
USD_CPI_1704990600,1704990600,2024.01.11 16:30:00,2024,CORE_2015_2025,CPI,NZDUSD,QUOTE,840030005,CPI m/m,True,"840030005,840030006,840030007,840030008",USD_840030009:CPI n.s.a.|USD_840030010:Core CPI|USD_840030030:Real Earnings m/m|USD_840030033:CPI n.s.a. m/m|USD_840030034:Core CPI n.s.a. m/m|USD_840030035:CPI|USD_840030036:Core CPI n.s.a.|USD_840140001:Initial Jobless Claims|USD_840140002:Continuing Jobless Claims|USD_840140003:Initial Jobless Claims 4-Week Average|EUR_276010024:Current Account n.s.a.,False,False,False,0.3,0.2,0.1,,0.1,0.2,POSITIVE,POSITIVE,1,-1,1,-1,True,1704992400,2024.01.11 17:00:00,1800,True,True,0.001220,True,True,True,True,True,True,True,True,True,True,True,True,,,,,,
USD_CPI_1704990600,1704990600,2024.01.11 16:30:00,2024,CORE_2015_2025,CPI,USDCAD,BASE,840030005,CPI m/m,True,"840030005,840030006,840030007,840030008",USD_840030009:CPI n.s.a.|USD_840030010:Core CPI|USD_840030030:Real Earnings m/m|USD_840030033:CPI n.s.a. m/m|USD_840030034:Core CPI n.s.a. m/m|USD_840030035:CPI|USD_840030036:Core CPI n.s.a.|USD_840140001:Initial Jobless Claims|USD_840140002:Continuing Jobless Claims|USD_840140003:Initial Jobless Claims 4-Week Average|EUR_276010024:Current Account n.s.a.,False,False,False,0.3,0.2,0.1,,0.1,0.2,POSITIVE,POSITIVE,1,1,1,1,True,1704992400,2024.01.11 17:00:00,1800,True,True,0.001266,True,True,True,True,True,True,True,True,True,True,True,True,,,,,,
USD_CPI_1704990600,1704990600,2024.01.11 16:30:00,2024,CORE_2015_2025,CPI,USDCHF,BASE,840030005,CPI m/m,True,"840030005,840030006,840030007,840030008",USD_840030009:CPI n.s.a.|USD_840030010:Core CPI|USD_840030030:Real Earnings m/m|USD_840030033:CPI n.s.a. m/m|USD_840030034:Core CPI n.s.a. m/m|USD_840030035:CPI|USD_840030036:Core CPI n.s.a.|USD_840140001:Initial Jobless Claims|USD_840140002:Continuing Jobless Claims|USD_840140003:Initial Jobless Claims 4-Week Average|EUR_276010024:Current Account n.s.a.,False,False,False,0.3,0.2,0.1,,0.1,0.2,POSITIVE,POSITIVE,1,1,1,1,True,1704992400,2024.01.11 17:00:00,1800,True,True,0.001329,True,True,True,True,True,True,True,True,True,True,True,True,,,,,,
USD_CPI_1704990600,1704990600,2024.01.11 16:30:00,2024,CORE_2015_2025,CPI,USDJPY,BASE,840030005,CPI m/m,True,"840030005,840030006,840030007,840030008",USD_840030009:CPI n.s.a.|USD_840030010:Core CPI|USD_840030030:Real Earnings m/m|USD_840030033:CPI n.s.a. m/m|USD_840030034:Core CPI n.s.a. m/m|USD_840030035:CPI|USD_840030036:Core CPI n.s.a.|USD_840140001:Initial Jobless Claims|USD_840140002:Continuing Jobless Claims|USD_840140003:Initial Jobless Claims 4-Week Average|EUR_276010024:Current Account n.s.a.,False,False,False,0.3,0.2,0.1,,0.1,0.2,POSITIVE,POSITIVE,1,1,1,1,True,1704992400,2024.01.11 17:00:00,1800,True,True,0.271427,True,True,True,True,True,True,True,True,True,True,True,True,,,,,,
USD_CPI_1707841800,1707841800,2024.02.13 16:30:00,2024,CORE_2015_2025,CPI,AUDUSD,QUOTE,840030005,CPI m/m,True,"840030005,840030006,840030007,840030008",USD_840030009:CPI n.s.a.|USD_840030010:Core CPI|USD_840030030:Real Earnings m/m|USD_840030033:CPI n.s.a. m/m|USD_840030034:Core CPI n.s.a. m/m|USD_840030035:CPI|USD_840030036:Core CPI n.s.a.|EUR_276010024:Current Account n.s.a.,False,False,False,0.3,0.3,0.3,0.2,0.0,0.0,ZERO,ZERO,,,,,True,1707843600,2024.02.13 17:00:00,1800,True,True,0.001197,True,True,True,True,True,True,False,False,False,False,False,False,excluded_zero_signal,excluded_zero_signal,excluded_zero_signal,excluded_zero_signal,excluded_zero_signal,excluded_zero_signal
USD_CPI_1707841800,1707841800,2024.02.13 16:30:00,2024,CORE_2015_2025,CPI,EURUSD,QUOTE,840030005,CPI m/m,True,"840030005,840030006,840030007,840030008",USD_840030009:CPI n.s.a.|USD_840030010:Core CPI|USD_840030030:Real Earnings m/m|USD_840030033:CPI n.s.a. m/m|USD_840030034:Core CPI n.s.a. m/m|USD_840030035:CPI|USD_840030036:Core CPI n.s.a.|EUR_276010024:Current Account n.s.a.,False,False,False,0.3,0.3,0.3,0.2,0.0,0.0,ZERO,ZERO,,,,,True,1707843600,2024.02.13 17:00:00,1800,True,True,0.001474,True,True,True,True,True,True,False,False,False,False,False,False,excluded_zero_signal,excluded_zero_signal,excluded_zero_signal,excluded_zero_signal,excluded_zero_signal,excluded_zero_signal
USD_CPI_1707841800,1707841800,2024.02.13 16:30:00,2024,CORE_2015_2025,CPI,GBPUSD,QUOTE,840030005,CPI m/m,True,"840030005,840030006,840030007,840030008",USD_840030009:CPI n.s.a.|USD_840030010:Core CPI|USD_840030030:Real Earnings m/m|USD_840030033:CPI n.s.a. m/m|USD_840030034:Core CPI n.s.a. m/m|USD_840030035:CPI|USD_840030036:Core CPI n.s.a.|EUR_276010024:Current Account n.s.a.,False,False,False,0.3,0.3,0.3,0.2,0.0,0.0,ZERO,ZERO,,,,,True,1707843600,2024.02.13 17:00:00,1800,True,True,0.001884,True,True,True,True,True,True,False,False,False,False,False,False,excluded_zero_signal,excluded_zero_signal,excluded_zero_signal,excluded_zero_signal,excluded_zero_signal,excluded_zero_signal
USD_CPI_1707841800,1707841800,2024.02.13 16:30:00,2024,CORE_2015_2025,CPI,NZDUSD,QUOTE,840030005,CPI m/m,True,"840030005,840030006,840030007,840030008",USD_840030009:CPI n.s.a.|USD_840030010:Core CPI|USD_840030030:Real Earnings m/m|USD_840030033:CPI n.s.a. m/m|USD_840030034:Core CPI n.s.a. m/m|USD_840030035:CPI|USD_840030036:Core CPI n.s.a.|EUR_276010024:Current Account n.s.a.,False,False,False,0.3,0.3,0.3,0.2,0.0,0.0,ZERO,ZERO,,,,,True,1707843600,2024.02.13 17:00:00,1800,True,True,0.001215,True,True,True,True,True,True,False,False,False,False,False,False,excluded_zero_signal,excluded_zero_signal,excluded_zero_signal,excluded_zero_signal,excluded_zero_signal,excluded_zero_signal
USD_CPI_1707841800,1707841800,2024.02.13 16:30:00,2024,CORE_2015_2025,CPI,USDCAD,BASE,840030005,CPI m/m,True,"840030005,840030006,840030007,840030008",USD_840030009:CPI n.s.a.|USD_840030010:Core CPI|USD_840030030:Real Earnings m/m|USD_840030033:CPI n.s.a. m/m|USD_840030034:Core CPI n.s.a. m/m|USD_840030035:CPI|USD_840030036:Core CPI n.s.a.|EUR_276010024:Current Account n.s.a.,False,False,False,0.3,0.3,0.3,0.2,0.0,0.0,ZERO,ZERO,,,,,True,1707843600,2024.02.13 17:00:00,1800,True,True,0.001488,True,True,True,True,True,True,False,False,False,False,False,False,excluded_zero_signal,excluded_zero_signal,excluded_zero_signal,excluded_zero_signal,excluded_zero_signal,excluded_zero_signal
USD_CPI_1707841800,1707841800,2024.02.13 16:30:00,2024,CORE_2015_2025,CPI,USDCHF,BASE,840030005,CPI m/m,True,"840030005,840030006,840030007,840030008",USD_840030009:CPI n.s.a.|USD_840030010:Core CPI|USD_840030030:Real Earnings m/m|USD_840030033:CPI n.s.a. m/m|USD_840030034:Core CPI n.s.a. m/m|USD_840030035:CPI|USD_840030036:Core CPI n.s.a.|EUR_276010024:Current Account n.s.a.,False,False,False,0.3,0.3,0.3,0.2,0.0,0.0,ZERO,ZERO,,,,,True,1707843600,2024.02.13 17:00:00,1800,True,True,0.001742,True,True,True,True,True,True,False,False,False,False,False,False,excluded_zero_signal,excluded_zero_signal,excluded_zero_signal,excluded_zero_signal,excluded_zero_signal,excluded_zero_signal
USD_CPI_1707841800,1707841800,2024.02.13 16:30:00,2024,CORE_2015_2025,CPI,USDJPY,BASE,840030005,CPI m/m,True,"840030005,840030006,840030007,840030008",USD_840030009:CPI n.s.a.|USD_840030010:Core CPI|USD_840030030:Real Earnings m/m|USD_840030033:CPI n.s.a. m/m|USD_840030034:Core CPI n.s.a. m/m|USD_840030035:CPI|USD_840030036:Core CPI n.s.a.|EUR_276010024:Current Account n.s.a.,False,False,False,0.3,0.3,0.3,0.2,0.0,0.0,ZERO,ZERO,,,,,True,1707843600,2024.02.13 17:00:00,1800,True,True,0.203449,True,True,True,True,True,True,False,False,False,False,False,False,excluded_zero_signal,excluded_zero_signal,excluded_zero_signal,excluded_zero_signal,excluded_zero_signal,excluded_zero_signal
USD_CPI_1710257400,1710257400,2024.03.12 15:30:00,2024,CORE_2015_2025,CPI,AUDUSD,QUOTE,840030005,CPI m/m,True,"840030005,840030006,840030007,840030008",USD_840030009:CPI n.s.a.|USD_840030010:Core CPI|USD_840030030:Real Earnings m/m|USD_840030033:CPI n.s.a. m/m|USD_840030034:Core CPI n.s.a. m/m|USD_840030035:CPI|USD_840030036:Core CPI n.s.a.,False,False,False,0.4,0.2,0.3,,0.2,0.1,POSITIVE,POSITIVE,1,-1,1,-1,True,1710259200,2024.03.12 16:00:00,1800,True,True,0.001080,True,True,True,True,True,True,True,True,True,True,True,True,,,,,,
USD_CPI_1710257400,1710257400,2024.03.12 15:30:00,2024,CORE_2015_2025,CPI,EURUSD,QUOTE,840030005,CPI m/m,True,"840030005,840030006,840030007,840030008",USD_840030009:CPI n.s.a.|USD_840030010:Core CPI|USD_840030030:Real Earnings m/m|USD_840030033:CPI n.s.a. m/m|USD_840030034:Core CPI n.s.a. m/m|USD_840030035:CPI|USD_840030036:Core CPI n.s.a.,False,False,False,0.4,0.2,0.3,,0.2,0.1,POSITIVE,POSITIVE,1,-1,1,-1,True,1710259200,2024.03.12 16:00:00,1800,True,True,0.000948,True,True,True,True,True,True,True,True,True,True,True,True,,,,,,
USD_CPI_1710257400,1710257400,2024.03.12 15:30:00,2024,CORE_2015_2025,CPI,GBPUSD,QUOTE,840030005,CPI m/m,True,"840030005,840030006,840030007,840030008",USD_840030009:CPI n.s.a.|USD_840030010:Core CPI|USD_840030030:Real Earnings m/m|USD_840030033:CPI n.s.a. m/m|USD_840030034:Core CPI n.s.a. m/m|USD_840030035:CPI|USD_840030036:Core CPI n.s.a.,False,False,False,0.4,0.2,0.3,,0.2,0.1,POSITIVE,POSITIVE,1,-1,1,-1,True,1710259200,2024.03.12 16:00:00,1800,True,True,0.001450,True,True,True,True,True,True,True,True,True,True,True,True,,,,,,
USD_CPI_1710257400,1710257400,2024.03.12 15:30:00,2024,CORE_2015_2025,CPI,NZDUSD,QUOTE,840030005,CPI m/m,True,"840030005,840030006,840030007,840030008",USD_840030009:CPI n.s.a.|USD_840030010:Core CPI|USD_840030030:Real Earnings m/m|USD_840030033:CPI n.s.a. m/m|USD_840030034:Core CPI n.s.a. m/m|USD_840030035:CPI|USD_840030036:Core CPI n.s.a.,False,False,False,0.4,0.2,0.3,,0.2,0.1,POSITIVE,POSITIVE,1,-1,1,-1,True,1710259200,2024.03.12 16:00:00,1800,True,True,0.000971,True,True,True,True,True,True,True,True,True,True,True,True,,,,,,
USD_CPI_1710257400,1710257400,2024.03.12 15:30:00,2024,CORE_2015_2025,CPI,USDCAD,BASE,840030005,CPI m/m,True,"840030005,840030006,840030007,840030008",USD_840030009:CPI n.s.a.|USD_840030010:Core CPI|USD_840030030:Real Earnings m/m|USD_840030033:CPI n.s.a. m/m|USD_840030034:Core CPI n.s.a. m/m|USD_840030035:CPI|USD_840030036:Core CPI n.s.a.,False,False,False,0.4,0.2,0.3,,0.2,0.1,POSITIVE,POSITIVE,1,1,1,1,True,1710259200,2024.03.12 16:00:00,1800,True,True,0.001094,True,True,True,True,True,True,True,True,True,True,True,True,,,,,,
USD_CPI_1710257400,1710257400,2024.03.12 15:30:00,2024,CORE_2015_2025,CPI,USDCHF,BASE,840030005,CPI m/m,True,"840030005,840030006,840030007,840030008",USD_840030009:CPI n.s.a.|USD_840030010:Core CPI|USD_840030030:Real Earnings m/m|USD_840030033:CPI n.s.a. m/m|USD_840030034:Core CPI n.s.a. m/m|USD_840030035:CPI|USD_840030036:Core CPI n.s.a.,False,False,False,0.4,0.2,0.3,,0.2,0.1,POSITIVE,POSITIVE,1,1,1,1,True,1710259200,2024.03.12 16:00:00,1800,True,True,0.000983,True,True,True,True,True,True,True,True,True,True,True,True,,,,,,
USD_CPI_1710257400,1710257400,2024.03.12 15:30:00,2024,CORE_2015_2025,CPI,USDJPY,BASE,840030005,CPI m/m,True,"840030005,840030006,840030007,840030008",USD_840030009:CPI n.s.a.|USD_840030010:Core CPI|USD_840030030:Real Earnings m/m|USD_840030033:CPI n.s.a. m/m|USD_840030034:Core CPI n.s.a. m/m|USD_840030035:CPI|USD_840030036:Core CPI n.s.a.,False,False,False,0.4,0.2,0.3,,0.2,0.1,POSITIVE,POSITIVE,1,1,1,1,True,1710259200,2024.03.12 16:00:00,1800,True,True,0.262584,True,True,True,True,True,True,True,True,True,True,True,True,,,,,,
USD_CPI_1712763000,1712763000,2024.04.10 15:30:00,2024,CORE_2015_2025,CPI,AUDUSD,QUOTE,840030005,CPI m/m,True,"840030005,840030006,840030007,840030008",USD_840030009:CPI n.s.a.|USD_840030010:Core CPI|USD_840030030:Real Earnings m/m|USD_840030033:CPI n.s.a. m/m|USD_840030034:Core CPI n.s.a. m/m|USD_840030035:CPI|USD_840030036:Core CPI n.s.a.|CAD_124010001:Building Permits m/m,False,False,False,0.4,0.2,0.4,,0.2,0.0,POSITIVE,ZERO,1,-1,,,True,1712764800,2024.04.10 16:00:00,1800,True,True,0.000697,True,True,True,True,True,True,True,True,True,False,False,False,,,,excluded_zero_signal,excluded_zero_signal,excluded_zero_signal
USD_CPI_1712763000,1712763000,2024.04.10 15:30:00,2024,CORE_2015_2025,CPI,EURUSD,QUOTE,840030005,CPI m/m,True,"840030005,840030006,840030007,840030008",USD_840030009:CPI n.s.a.|USD_840030010:Core CPI|USD_840030030:Real Earnings m/m|USD_840030033:CPI n.s.a. m/m|USD_840030034:Core CPI n.s.a. m/m|USD_840030035:CPI|USD_840030036:Core CPI n.s.a.|CAD_124010001:Building Permits m/m,False,False,False,0.4,0.2,0.4,,0.2,0.0,POSITIVE,ZERO,1,-1,,,True,1712764800,2024.04.10 16:00:00,1800,True,True,0.000698,True,True,True,True,True,True,True,True,True,False,False,False,,,,excluded_zero_signal,excluded_zero_signal,excluded_zero_signal
USD_CPI_1712763000,1712763000,2024.04.10 15:30:00,2024,CORE_2015_2025,CPI,GBPUSD,QUOTE,840030005,CPI m/m,True,"840030005,840030006,840030007,840030008",USD_840030009:CPI n.s.a.|USD_840030010:Core CPI|USD_840030030:Real Earnings m/m|USD_840030033:CPI n.s.a. m/m|USD_840030034:Core CPI n.s.a. m/m|USD_840030035:CPI|USD_840030036:Core CPI n.s.a.|CAD_124010001:Building Permits m/m,False,False,False,0.4,0.2,0.4,,0.2,0.0,POSITIVE,ZERO,1,-1,,,True,1712764800,2024.04.10 16:00:00,1800,True,True,0.000888,True,True,True,True,True,True,True,True,True,False,False,False,,,,excluded_zero_signal,excluded_zero_signal,excluded_zero_signal
USD_CPI_1712763000,1712763000,2024.04.10 15:30:00,2024,CORE_2015_2025,CPI,NZDUSD,QUOTE,840030005,CPI m/m,True,"840030005,840030006,840030007,840030008",USD_840030009:CPI n.s.a.|USD_840030010:Core CPI|USD_840030030:Real Earnings m/m|USD_840030033:CPI n.s.a. m/m|USD_840030034:Core CPI n.s.a. m/m|USD_840030035:CPI|USD_840030036:Core CPI n.s.a.|CAD_124010001:Building Permits m/m,False,False,False,0.4,0.2,0.4,,0.2,0.0,POSITIVE,ZERO,1,-1,,,True,1712764800,2024.04.10 16:00:00,1800,True,True,0.000731,True,True,True,True,True,True,True,True,True,False,False,False,,,,excluded_zero_signal,excluded_zero_signal,excluded_zero_signal
USD_CPI_1712763000,1712763000,2024.04.10 15:30:00,2024,CORE_2015_2025,CPI,USDCAD,BASE,840030005,CPI m/m,True,"840030005,840030006,840030007,840030008",USD_840030009:CPI n.s.a.|USD_840030010:Core CPI|USD_840030030:Real Earnings m/m|USD_840030033:CPI n.s.a. m/m|USD_840030034:Core CPI n.s.a. m/m|USD_840030035:CPI|USD_840030036:Core CPI n.s.a.|CAD_124010001:Building Permits m/m,False,False,False,0.4,0.2,0.4,,0.2,0.0,POSITIVE,ZERO,1,1,,,True,1712764800,2024.04.10 16:00:00,1800,True,True,0.000913,True,True,True,True,True,True,True,True,True,False,False,False,,,,excluded_zero_signal,excluded_zero_signal,excluded_zero_signal
USD_CPI_1712763000,1712763000,2024.04.10 15:30:00,2024,CORE_2015_2025,CPI,USDCHF,BASE,840030005,CPI m/m,True,"840030005,840030006,840030007,840030008",USD_840030009:CPI n.s.a.|USD_840030010:Core CPI|USD_840030030:Real Earnings m/m|USD_840030033:CPI n.s.a. m/m|USD_840030034:Core CPI n.s.a. m/m|USD_840030035:CPI|USD_840030036:Core CPI n.s.a.|CAD_124010001:Building Permits m/m,False,False,False,0.4,0.2,0.4,,0.2,0.0,POSITIVE,ZERO,1,1,,,True,1712764800,2024.04.10 16:00:00,1800,True,True,0.000731,True,True,True,True,True,True,True,True,True,False,False,False,,,,excluded_zero_signal,excluded_zero_signal,excluded_zero_signal
USD_CPI_1712763000,1712763000,2024.04.10 15:30:00,2024,CORE_2015_2025,CPI,USDJPY,BASE,840030005,CPI m/m,True,"840030005,840030006,840030007,840030008",USD_840030009:CPI n.s.a.|USD_840030010:Core CPI|USD_840030030:Real Earnings m/m|USD_840030033:CPI n.s.a. m/m|USD_840030034:Core CPI n.s.a. m/m|USD_840030035:CPI|USD_840030036:Core CPI n.s.a.|CAD_124010001:Building Permits m/m,False,False,False,0.4,0.2,0.4,,0.2,0.0,POSITIVE,ZERO,1,1,,,True,1712764800,2024.04.10 16:00:00,1800,True,True,0.060466,True,True,True,True,True,True,True,True,True,False,False,False,,,,excluded_zero_signal,excluded_zero_signal,excluded_zero_signal
USD_CPI_1715787000,1715787000,2024.05.15 15:30:00,2024,CORE_2015_2025,CPI,AUDUSD,QUOTE,840030005,CPI m/m,True,"840030005,840030006,840030007,840030008",USD_840020010:Retail Sales m/m|USD_840020011:Core Retail Sales m/m|USD_840020012:Retail Control m/m|USD_840020021:Retail Sales excl. Autos and Gas m/m|USD_840020025:Retail Sales y/y|USD_840030009:CPI n.s.a.|USD_840030010:Core CPI|USD_840030030:Real Earnings m/m|USD_840030033:CPI n.s.a. m/m|USD_840030034:Core CPI n.s.a. m/m|USD_840030035:CPI|USD_840030036:Core CPI n.s.a.|USD_840230001:NY Fed Empire State Manufacturing Index|CAD_124010029:Manufacturing Sales m/m,False,False,False,0.3,0.2,0.4,,0.1,-0.1,POSITIVE,NEGATIVE,1,-1,-1,1,True,1715788800,2024.05.15 16:00:00,1800,True,True,0.000736,True,True,True,True,True,True,True,True,True,True,True,True,,,,,,
USD_CPI_1715787000,1715787000,2024.05.15 15:30:00,2024,CORE_2015_2025,CPI,EURUSD,QUOTE,840030005,CPI m/m,True,"840030005,840030006,840030007,840030008",USD_840020010:Retail Sales m/m|USD_840020011:Core Retail Sales m/m|USD_840020012:Retail Control m/m|USD_840020021:Retail Sales excl. Autos and Gas m/m|USD_840020025:Retail Sales y/y|USD_840030009:CPI n.s.a.|USD_840030010:Core CPI|USD_840030030:Real Earnings m/m|USD_840030033:CPI n.s.a. m/m|USD_840030034:Core CPI n.s.a. m/m|USD_840030035:CPI|USD_840030036:Core CPI n.s.a.|USD_840230001:NY Fed Empire State Manufacturing Index|CAD_124010029:Manufacturing Sales m/m,False,False,False,0.3,0.2,0.4,,0.1,-0.1,POSITIVE,NEGATIVE,1,-1,-1,1,True,1715788800,2024.05.15 16:00:00,1800,True,True,0.000701,True,True,True,True,True,True,True,True,True,True,True,True,,,,,,
USD_CPI_1715787000,1715787000,2024.05.15 15:30:00,2024,CORE_2015_2025,CPI,GBPUSD,QUOTE,840030005,CPI m/m,True,"840030005,840030006,840030007,840030008",USD_840020010:Retail Sales m/m|USD_840020011:Core Retail Sales m/m|USD_840020012:Retail Control m/m|USD_840020021:Retail Sales excl. Autos and Gas m/m|USD_840020025:Retail Sales y/y|USD_840030009:CPI n.s.a.|USD_840030010:Core CPI|USD_840030030:Real Earnings m/m|USD_840030033:CPI n.s.a. m/m|USD_840030034:Core CPI n.s.a. m/m|USD_840030035:CPI|USD_840030036:Core CPI n.s.a.|USD_840230001:NY Fed Empire State Manufacturing Index|CAD_124010029:Manufacturing Sales m/m,False,False,False,0.3,0.2,0.4,,0.1,-0.1,POSITIVE,NEGATIVE,1,-1,-1,1,True,1715788800,2024.05.15 16:00:00,1800,True,True,0.001139,True,True,True,True,True,True,True,True,True,True,True,True,,,,,,
USD_CPI_1715787000,1715787000,2024.05.15 15:30:00,2024,CORE_2015_2025,CPI,NZDUSD,QUOTE,840030005,CPI m/m,True,"840030005,840030006,840030007,840030008",USD_840020010:Retail Sales m/m|USD_840020011:Core Retail Sales m/m|USD_840020012:Retail Control m/m|USD_840020021:Retail Sales excl. Autos and Gas m/m|USD_840020025:Retail Sales y/y|USD_840030009:CPI n.s.a.|USD_840030010:Core CPI|USD_840030030:Real Earnings m/m|USD_840030033:CPI n.s.a. m/m|USD_840030034:Core CPI n.s.a. m/m|USD_840030035:CPI|USD_840030036:Core CPI n.s.a.|USD_840230001:NY Fed Empire State Manufacturing Index|CAD_124010029:Manufacturing Sales m/m,False,False,False,0.3,0.2,0.4,,0.1,-0.1,POSITIVE,NEGATIVE,1,-1,-1,1,True,1715788800,2024.05.15 16:00:00,1800,True,True,0.000665,True,True,True,True,True,True,True,True,True,True,True,True,,,,,,
USD_CPI_1715787000,1715787000,2024.05.15 15:30:00,2024,CORE_2015_2025,CPI,USDCAD,BASE,840030005,CPI m/m,True,"840030005,840030006,840030007,840030008",USD_840020010:Retail Sales m/m|USD_840020011:Core Retail Sales m/m|USD_840020012:Retail Control m/m|USD_840020021:Retail Sales excl. Autos and Gas m/m|USD_840020025:Retail Sales y/y|USD_840030009:CPI n.s.a.|USD_840030010:Core CPI|USD_840030030:Real Earnings m/m|USD_840030033:CPI n.s.a. m/m|USD_840030034:Core CPI n.s.a. m/m|USD_840030035:CPI|USD_840030036:Core CPI n.s.a.|USD_840230001:NY Fed Empire State Manufacturing Index|CAD_124010029:Manufacturing Sales m/m,False,False,False,0.3,0.2,0.4,,0.1,-0.1,POSITIVE,NEGATIVE,1,1,-1,-1,True,1715788800,2024.05.15 16:00:00,1800,True,True,0.000737,True,True,True,True,True,True,True,True,True,True,True,True,,,,,,
USD_CPI_1715787000,1715787000,2024.05.15 15:30:00,2024,CORE_2015_2025,CPI,USDCHF,BASE,840030005,CPI m/m,True,"840030005,840030006,840030007,840030008",USD_840020010:Retail Sales m/m|USD_840020011:Core Retail Sales m/m|USD_840020012:Retail Control m/m|USD_840020021:Retail Sales excl. Autos and Gas m/m|USD_840020025:Retail Sales y/y|USD_840030009:CPI n.s.a.|USD_840030010:Core CPI|USD_840030030:Real Earnings m/m|USD_840030033:CPI n.s.a. m/m|USD_840030034:Core CPI n.s.a. m/m|USD_840030035:CPI|USD_840030036:Core CPI n.s.a.|USD_840230001:NY Fed Empire State Manufacturing Index|CAD_124010029:Manufacturing Sales m/m,False,False,False,0.3,0.2,0.4,,0.1,-0.1,POSITIVE,NEGATIVE,1,1,-1,-1,True,1715788800,2024.05.15 16:00:00,1800,True,True,0.000674,True,True,True,True,True,True,True,True,True,True,True,True,,,,,,
USD_CPI_1715787000,1715787000,2024.05.15 15:30:00,2024,CORE_2015_2025,CPI,USDJPY,BASE,840030005,CPI m/m,True,"840030005,840030006,840030007,840030008",USD_840020010:Retail Sales m/m|USD_840020011:Core Retail Sales m/m|USD_840020012:Retail Control m/m|USD_840020021:Retail Sales excl. Autos and Gas m/m|USD_840020025:Retail Sales y/y|USD_840030009:CPI n.s.a.|USD_840030010:Core CPI|USD_840030030:Real Earnings m/m|USD_840030033:CPI n.s.a. m/m|USD_840030034:Core CPI n.s.a. m/m|USD_840030035:CPI|USD_840030036:Core CPI n.s.a.|USD_840230001:NY Fed Empire State Manufacturing Index|CAD_124010029:Manufacturing Sales m/m,False,False,False,0.3,0.2,0.4,,0.1,-0.1,POSITIVE,NEGATIVE,1,1,-1,-1,True,1715788800,2024.05.15 16:00:00,1800,True,True,0.172202,True,True,True,True,True,True,True,True,True,True,True,True,,,,,,
USD_CPI_1718206200,1718206200,2024.06.12 15:30:00,2024,CORE_2015_2025,CPI,AUDUSD,QUOTE,840030005,CPI m/m,True,"840030005,840030006,840030007,840030008",USD_840030009:CPI n.s.a.|USD_840030010:Core CPI|USD_840030030:Real Earnings m/m|USD_840030033:CPI n.s.a. m/m|USD_840030034:Core CPI n.s.a. m/m|USD_840030035:CPI|USD_840030036:Core CPI n.s.a.|EUR_276010024:Current Account n.s.a.,False,False,False,0.0,0.2,0.3,,-0.2,-0.3,NEGATIVE,NEGATIVE,-1,1,-1,1,True,1718208000,2024.06.12 16:00:00,1800,True,True,0.000753,True,True,True,True,True,True,True,True,True,True,True,True,,,,,,
USD_CPI_1718206200,1718206200,2024.06.12 15:30:00,2024,CORE_2015_2025,CPI,EURUSD,QUOTE,840030005,CPI m/m,True,"840030005,840030006,840030007,840030008",USD_840030009:CPI n.s.a.|USD_840030010:Core CPI|USD_840030030:Real Earnings m/m|USD_840030033:CPI n.s.a. m/m|USD_840030034:Core CPI n.s.a. m/m|USD_840030035:CPI|USD_840030036:Core CPI n.s.a.|EUR_276010024:Current Account n.s.a.,False,False,False,0.0,0.2,0.3,,-0.2,-0.3,NEGATIVE,NEGATIVE,-1,1,-1,1,True,1718208000,2024.06.12 16:00:00,1800,True,True,0.000798,True,True,True,True,True,True,True,True,True,True,True,True,,,,,,
USD_CPI_1718206200,1718206200,2024.06.12 15:30:00,2024,CORE_2015_2025,CPI,GBPUSD,QUOTE,840030005,CPI m/m,True,"840030005,840030006,840030007,840030008",USD_840030009:CPI n.s.a.|USD_840030010:Core CPI|USD_840030030:Real Earnings m/m|USD_840030033:CPI n.s.a. m/m|USD_840030034:Core CPI n.s.a. m/m|USD_840030035:CPI|USD_840030036:Core CPI n.s.a.|EUR_276010024:Current Account n.s.a.,False,False,False,0.0,0.2,0.3,,-0.2,-0.3,NEGATIVE,NEGATIVE,-1,1,-1,1,True,1718208000,2024.06.12 16:00:00,1800,True,True,0.001001,True,True,True,True,True,True,True,True,True,True,True,True,,,,,,
USD_CPI_1718206200,1718206200,2024.06.12 15:30:00,2024,CORE_2015_2025,CPI,NZDUSD,QUOTE,840030005,CPI m/m,True,"840030005,840030006,840030007,840030008",USD_840030009:CPI n.s.a.|USD_840030010:Core CPI|USD_840030030:Real Earnings m/m|USD_840030033:CPI n.s.a. m/m|USD_840030034:Core CPI n.s.a. m/m|USD_840030035:CPI|USD_840030036:Core CPI n.s.a.|EUR_276010024:Current Account n.s.a.,False,False,False,0.0,0.2,0.3,,-0.2,-0.3,NEGATIVE,NEGATIVE,-1,1,-1,1,True,1718208000,2024.06.12 16:00:00,1800,True,True,0.000662,True,True,True,True,True,True,True,True,True,True,True,True,,,,,,
USD_CPI_1718206200,1718206200,2024.06.12 15:30:00,2024,CORE_2015_2025,CPI,USDCAD,BASE,840030005,CPI m/m,True,"840030005,840030006,840030007,840030008",USD_840030009:CPI n.s.a.|USD_840030010:Core CPI|USD_840030030:Real Earnings m/m|USD_840030033:CPI n.s.a. m/m|USD_840030034:Core CPI n.s.a. m/m|USD_840030035:CPI|USD_840030036:Core CPI n.s.a.|EUR_276010024:Current Account n.s.a.,False,False,False,0.0,0.2,0.3,,-0.2,-0.3,NEGATIVE,NEGATIVE,-1,-1,-1,-1,True,1718208000,2024.06.12 16:00:00,1800,True,True,0.000784,True,True,True,True,True,True,True,True,True,True,True,True,,,,,,
USD_CPI_1718206200,1718206200,2024.06.12 15:30:00,2024,CORE_2015_2025,CPI,USDCHF,BASE,840030005,CPI m/m,True,"840030005,840030006,840030007,840030008",USD_840030009:CPI n.s.a.|USD_840030010:Core CPI|USD_840030030:Real Earnings m/m|USD_840030033:CPI n.s.a. m/m|USD_840030034:Core CPI n.s.a. m/m|USD_840030035:CPI|USD_840030036:Core CPI n.s.a.|EUR_276010024:Current Account n.s.a.,False,False,False,0.0,0.2,0.3,,-0.2,-0.3,NEGATIVE,NEGATIVE,-1,-1,-1,-1,True,1718208000,2024.06.12 16:00:00,1800,True,True,0.000599,True,True,True,True,True,True,True,True,True,True,True,True,,,,,,
USD_CPI_1718206200,1718206200,2024.06.12 15:30:00,2024,CORE_2015_2025,CPI,USDJPY,BASE,840030005,CPI m/m,True,"840030005,840030006,840030007,840030008",USD_840030009:CPI n.s.a.|USD_840030010:Core CPI|USD_840030030:Real Earnings m/m|USD_840030033:CPI n.s.a. m/m|USD_840030034:Core CPI n.s.a. m/m|USD_840030035:CPI|USD_840030036:Core CPI n.s.a.|EUR_276010024:Current Account n.s.a.,False,False,False,0.0,0.2,0.3,,-0.2,-0.3,NEGATIVE,NEGATIVE,-1,-1,-1,-1,True,1718208000,2024.06.12 16:00:00,1800,True,True,0.112727,True,True,True,True,True,True,True,True,True,True,True,True,,,,,,
USD_CPI_1720711800,1720711800,2024.07.11 15:30:00,2024,CORE_2015_2025,CPI,AUDUSD,QUOTE,840030005,CPI m/m,True,"840030005,840030006,840030007,840030008",USD_840030009:CPI n.s.a.|USD_840030010:Core CPI|USD_840030030:Real Earnings m/m|USD_840030033:CPI n.s.a. m/m|USD_840030034:Core CPI n.s.a. m/m|USD_840030035:CPI|USD_840030036:Core CPI n.s.a.|USD_840140001:Initial Jobless Claims|USD_840140002:Continuing Jobless Claims|USD_840140003:Initial Jobless Claims 4-Week Average,False,False,False,-0.1,0.1,0.0,,-0.2,-0.1,NEGATIVE,NEGATIVE,-1,1,-1,1,True,1720713600,2024.07.11 16:00:00,1800,True,True,0.000593,True,True,True,True,True,True,True,True,True,True,True,True,,,,,,
USD_CPI_1720711800,1720711800,2024.07.11 15:30:00,2024,CORE_2015_2025,CPI,EURUSD,QUOTE,840030005,CPI m/m,True,"840030005,840030006,840030007,840030008",USD_840030009:CPI n.s.a.|USD_840030010:Core CPI|USD_840030030:Real Earnings m/m|USD_840030033:CPI n.s.a. m/m|USD_840030034:Core CPI n.s.a. m/m|USD_840030035:CPI|USD_840030036:Core CPI n.s.a.|USD_840140001:Initial Jobless Claims|USD_840140002:Continuing Jobless Claims|USD_840140003:Initial Jobless Claims 4-Week Average,False,False,False,-0.1,0.1,0.0,,-0.2,-0.1,NEGATIVE,NEGATIVE,-1,1,-1,1,True,1720713600,2024.07.11 16:00:00,1800,True,True,0.000660,True,True,True,True,True,True,True,True,True,True,True,True,,,,,,
USD_CPI_1720711800,1720711800,2024.07.11 15:30:00,2024,CORE_2015_2025,CPI,GBPUSD,QUOTE,840030005,CPI m/m,True,"840030005,840030006,840030007,840030008",USD_840030009:CPI n.s.a.|USD_840030010:Core CPI|USD_840030030:Real Earnings m/m|USD_840030033:CPI n.s.a. m/m|USD_840030034:Core CPI n.s.a. m/m|USD_840030035:CPI|USD_840030036:Core CPI n.s.a.|USD_840140001:Initial Jobless Claims|USD_840140002:Continuing Jobless Claims|USD_840140003:Initial Jobless Claims 4-Week Average,False,False,False,-0.1,0.1,0.0,,-0.2,-0.1,NEGATIVE,NEGATIVE,-1,1,-1,1,True,1720713600,2024.07.11 16:00:00,1800,True,True,0.000817,True,True,True,True,True,True,True,True,True,True,True,True,,,,,,
USD_CPI_1720711800,1720711800,2024.07.11 15:30:00,2024,CORE_2015_2025,CPI,NZDUSD,QUOTE,840030005,CPI m/m,True,"840030005,840030006,840030007,840030008",USD_840030009:CPI n.s.a.|USD_840030010:Core CPI|USD_840030030:Real Earnings m/m|USD_840030033:CPI n.s.a. m/m|USD_840030034:Core CPI n.s.a. m/m|USD_840030035:CPI|USD_840030036:Core CPI n.s.a.|USD_840140001:Initial Jobless Claims|USD_840140002:Continuing Jobless Claims|USD_840140003:Initial Jobless Claims 4-Week Average,False,False,False,-0.1,0.1,0.0,,-0.2,-0.1,NEGATIVE,NEGATIVE,-1,1,-1,1,True,1720713600,2024.07.11 16:00:00,1800,True,True,0.000585,True,True,True,True,True,True,True,True,True,True,True,True,,,,,,
USD_CPI_1720711800,1720711800,2024.07.11 15:30:00,2024,CORE_2015_2025,CPI,USDCAD,BASE,840030005,CPI m/m,True,"840030005,840030006,840030007,840030008",USD_840030009:CPI n.s.a.|USD_840030010:Core CPI|USD_840030030:Real Earnings m/m|USD_840030033:CPI n.s.a. m/m|USD_840030034:Core CPI n.s.a. m/m|USD_840030035:CPI|USD_840030036:Core CPI n.s.a.|USD_840140001:Initial Jobless Claims|USD_840140002:Continuing Jobless Claims|USD_840140003:Initial Jobless Claims 4-Week Average,False,False,False,-0.1,0.1,0.0,,-0.2,-0.1,NEGATIVE,NEGATIVE,-1,-1,-1,-1,True,1720713600,2024.07.11 16:00:00,1800,True,True,0.000679,True,True,True,True,True,True,True,True,True,True,True,True,,,,,,
USD_CPI_1720711800,1720711800,2024.07.11 15:30:00,2024,CORE_2015_2025,CPI,USDCHF,BASE,840030005,CPI m/m,True,"840030005,840030006,840030007,840030008",USD_840030009:CPI n.s.a.|USD_840030010:Core CPI|USD_840030030:Real Earnings m/m|USD_840030033:CPI n.s.a. m/m|USD_840030034:Core CPI n.s.a. m/m|USD_840030035:CPI|USD_840030036:Core CPI n.s.a.|USD_840140001:Initial Jobless Claims|USD_840140002:Continuing Jobless Claims|USD_840140003:Initial Jobless Claims 4-Week Average,False,False,False,-0.1,0.1,0.0,,-0.2,-0.1,NEGATIVE,NEGATIVE,-1,-1,-1,-1,True,1720713600,2024.07.11 16:00:00,1800,True,True,0.000514,True,True,True,True,True,True,True,True,True,True,True,True,,,,,,
USD_CPI_1720711800,1720711800,2024.07.11 15:30:00,2024,CORE_2015_2025,CPI,USDJPY,BASE,840030005,CPI m/m,True,"840030005,840030006,840030007,840030008",USD_840030009:CPI n.s.a.|USD_840030010:Core CPI|USD_840030030:Real Earnings m/m|USD_840030033:CPI n.s.a. m/m|USD_840030034:Core CPI n.s.a. m/m|USD_840030035:CPI|USD_840030036:Core CPI n.s.a.|USD_840140001:Initial Jobless Claims|USD_840140002:Continuing Jobless Claims|USD_840140003:Initial Jobless Claims 4-Week Average,False,False,False,-0.1,0.1,0.0,,-0.2,-0.1,NEGATIVE,NEGATIVE,-1,-1,-1,-1,True,1720713600,2024.07.11 16:00:00,1800,True,True,0.100190,True,True,True,True,True,True,True,True,True,True,True,True,,,,,,
USD_CPI_1723649400,1723649400,2024.08.14 15:30:00,2024,CORE_2015_2025,CPI,AUDUSD,QUOTE,840030005,CPI m/m,True,"840030005,840030006,840030007,840030008",USD_840030009:CPI n.s.a.|USD_840030010:Core CPI|USD_840030030:Real Earnings m/m|USD_840030033:CPI n.s.a. m/m|USD_840030034:Core CPI n.s.a. m/m|USD_840030035:CPI|USD_840030036:Core CPI n.s.a.,False,False,False,0.2,0.1,-0.1,,0.1,0.3,POSITIVE,POSITIVE,1,-1,1,-1,True,1723651200,2024.08.14 16:00:00,1800,True,True,0.001006,True,True,True,True,True,True,True,True,True,True,True,True,,,,,,
USD_CPI_1723649400,1723649400,2024.08.14 15:30:00,2024,CORE_2015_2025,CPI,EURUSD,QUOTE,840030005,CPI m/m,True,"840030005,840030006,840030007,840030008",USD_840030009:CPI n.s.a.|USD_840030010:Core CPI|USD_840030030:Real Earnings m/m|USD_840030033:CPI n.s.a. m/m|USD_840030034:Core CPI n.s.a. m/m|USD_840030035:CPI|USD_840030036:Core CPI n.s.a.,False,False,False,0.2,0.1,-0.1,,0.1,0.3,POSITIVE,POSITIVE,1,-1,1,-1,True,1723651200,2024.08.14 16:00:00,1800,True,True,0.000910,True,True,True,True,True,True,True,True,True,True,True,True,,,,,,
USD_CPI_1723649400,1723649400,2024.08.14 15:30:00,2024,CORE_2015_2025,CPI,GBPUSD,QUOTE,840030005,CPI m/m,True,"840030005,840030006,840030007,840030008",USD_840030009:CPI n.s.a.|USD_840030010:Core CPI|USD_840030030:Real Earnings m/m|USD_840030033:CPI n.s.a. m/m|USD_840030034:Core CPI n.s.a. m/m|USD_840030035:CPI|USD_840030036:Core CPI n.s.a.,False,False,False,0.2,0.1,-0.1,,0.1,0.3,POSITIVE,POSITIVE,1,-1,1,-1,True,1723651200,2024.08.14 16:00:00,1800,True,True,0.001347,True,True,True,True,True,True,True,True,True,True,True,True,,,,,,
USD_CPI_1723649400,1723649400,2024.08.14 15:30:00,2024,CORE_2015_2025,CPI,NZDUSD,QUOTE,840030005,CPI m/m,True,"840030005,840030006,840030007,840030008",USD_840030009:CPI n.s.a.|USD_840030010:Core CPI|USD_840030030:Real Earnings m/m|USD_840030033:CPI n.s.a. m/m|USD_840030034:Core CPI n.s.a. m/m|USD_840030035:CPI|USD_840030036:Core CPI n.s.a.,False,False,False,0.2,0.1,-0.1,,0.1,0.3,POSITIVE,POSITIVE,1,-1,1,-1,True,1723651200,2024.08.14 16:00:00,1800,True,True,0.001153,True,True,True,True,True,True,True,True,True,True,True,True,,,,,,
USD_CPI_1723649400,1723649400,2024.08.14 15:30:00,2024,CORE_2015_2025,CPI,USDCAD,BASE,840030005,CPI m/m,True,"840030005,840030006,840030007,840030008",USD_840030009:CPI n.s.a.|USD_840030010:Core CPI|USD_840030030:Real Earnings m/m|USD_840030033:CPI n.s.a. m/m|USD_840030034:Core CPI n.s.a. m/m|USD_840030035:CPI|USD_840030036:Core CPI n.s.a.,False,False,False,0.2,0.1,-0.1,,0.1,0.3,POSITIVE,POSITIVE,1,1,1,1,True,1723651200,2024.08.14 16:00:00,1800,True,True,0.000748,True,True,True,True,True,True,True,True,True,True,True,True,,,,,,
USD_CPI_1723649400,1723649400,2024.08.14 15:30:00,2024,CORE_2015_2025,CPI,USDCHF,BASE,840030005,CPI m/m,True,"840030005,840030006,840030007,840030008",USD_840030009:CPI n.s.a.|USD_840030010:Core CPI|USD_840030030:Real Earnings m/m|USD_840030033:CPI n.s.a. m/m|USD_840030034:Core CPI n.s.a. m/m|USD_840030035:CPI|USD_840030036:Core CPI n.s.a.,False,False,False,0.2,0.1,-0.1,,0.1,0.3,POSITIVE,POSITIVE,1,1,1,1,True,1723651200,2024.08.14 16:00:00,1800,True,True,0.001137,True,True,True,True,True,True,True,True,True,True,True,True,,,,,,
USD_CPI_1723649400,1723649400,2024.08.14 15:30:00,2024,CORE_2015_2025,CPI,USDJPY,BASE,840030005,CPI m/m,True,"840030005,840030006,840030007,840030008",USD_840030009:CPI n.s.a.|USD_840030010:Core CPI|USD_840030030:Real Earnings m/m|USD_840030033:CPI n.s.a. m/m|USD_840030034:Core CPI n.s.a. m/m|USD_840030035:CPI|USD_840030036:Core CPI n.s.a.,False,False,False,0.2,0.1,-0.1,,0.1,0.3,POSITIVE,POSITIVE,1,1,1,1,True,1723651200,2024.08.14 16:00:00,1800,True,True,0.301691,True,True,True,True,True,True,True,True,True,True,True,True,,,,,,
USD_CPI_1726068600,1726068600,2024.09.11 15:30:00,2024,CORE_2015_2025,CPI,AUDUSD,QUOTE,840030005,CPI m/m,True,"840030005,840030006,840030007,840030008",USD_840030009:CPI n.s.a.|USD_840030010:Core CPI|USD_840030030:Real Earnings m/m|USD_840030033:CPI n.s.a. m/m|USD_840030034:Core CPI n.s.a. m/m|USD_840030035:CPI|USD_840030036:Core CPI n.s.a.,False,False,False,0.2,0.3,0.2,,-0.1,0.0,NEGATIVE,ZERO,-1,1,,,True,1726070400,2024.09.11 16:00:00,1800,True,True,0.000834,True,True,True,True,True,True,True,True,True,False,False,False,,,,excluded_zero_signal,excluded_zero_signal,excluded_zero_signal
USD_CPI_1726068600,1726068600,2024.09.11 15:30:00,2024,CORE_2015_2025,CPI,EURUSD,QUOTE,840030005,CPI m/m,True,"840030005,840030006,840030007,840030008",USD_840030009:CPI n.s.a.|USD_840030010:Core CPI|USD_840030030:Real Earnings m/m|USD_840030033:CPI n.s.a. m/m|USD_840030034:Core CPI n.s.a. m/m|USD_840030035:CPI|USD_840030036:Core CPI n.s.a.,False,False,False,0.2,0.3,0.2,,-0.1,0.0,NEGATIVE,ZERO,-1,1,,,True,1726070400,2024.09.11 16:00:00,1800,True,True,0.000936,True,True,True,True,True,True,True,True,True,False,False,False,,,,excluded_zero_signal,excluded_zero_signal,excluded_zero_signal
USD_CPI_1726068600,1726068600,2024.09.11 15:30:00,2024,CORE_2015_2025,CPI,GBPUSD,QUOTE,840030005,CPI m/m,True,"840030005,840030006,840030007,840030008",USD_840030009:CPI n.s.a.|USD_840030010:Core CPI|USD_840030030:Real Earnings m/m|USD_840030033:CPI n.s.a. m/m|USD_840030034:Core CPI n.s.a. m/m|USD_840030035:CPI|USD_840030036:Core CPI n.s.a.,False,False,False,0.2,0.3,0.2,,-0.1,0.0,NEGATIVE,ZERO,-1,1,,,True,1726070400,2024.09.11 16:00:00,1800,True,True,0.001285,True,True,True,True,True,True,True,True,True,False,False,False,,,,excluded_zero_signal,excluded_zero_signal,excluded_zero_signal
USD_CPI_1726068600,1726068600,2024.09.11 15:30:00,2024,CORE_2015_2025,CPI,NZDUSD,QUOTE,840030005,CPI m/m,True,"840030005,840030006,840030007,840030008",USD_840030009:CPI n.s.a.|USD_840030010:Core CPI|USD_840030030:Real Earnings m/m|USD_840030033:CPI n.s.a. m/m|USD_840030034:Core CPI n.s.a. m/m|USD_840030035:CPI|USD_840030036:Core CPI n.s.a.,False,False,False,0.2,0.3,0.2,,-0.1,0.0,NEGATIVE,ZERO,-1,1,,,True,1726070400,2024.09.11 16:00:00,1800,True,True,0.000792,True,True,True,True,True,True,True,True,True,False,False,False,,,,excluded_zero_signal,excluded_zero_signal,excluded_zero_signal
USD_CPI_1726068600,1726068600,2024.09.11 15:30:00,2024,CORE_2015_2025,CPI,USDCAD,BASE,840030005,CPI m/m,True,"840030005,840030006,840030007,840030008",USD_840030009:CPI n.s.a.|USD_840030010:Core CPI|USD_840030030:Real Earnings m/m|USD_840030033:CPI n.s.a. m/m|USD_840030034:Core CPI n.s.a. m/m|USD_840030035:CPI|USD_840030036:Core CPI n.s.a.,False,False,False,0.2,0.3,0.2,,-0.1,0.0,NEGATIVE,ZERO,-1,-1,,,True,1726070400,2024.09.11 16:00:00,1800,True,True,0.000821,True,True,True,True,True,True,True,True,True,False,False,False,,,,excluded_zero_signal,excluded_zero_signal,excluded_zero_signal
USD_CPI_1726068600,1726068600,2024.09.11 15:30:00,2024,CORE_2015_2025,CPI,USDCHF,BASE,840030005,CPI m/m,True,"840030005,840030006,840030007,840030008",USD_840030009:CPI n.s.a.|USD_840030010:Core CPI|USD_840030030:Real Earnings m/m|USD_840030033:CPI n.s.a. m/m|USD_840030034:Core CPI n.s.a. m/m|USD_840030035:CPI|USD_840030036:Core CPI n.s.a.,False,False,False,0.2,0.3,0.2,,-0.1,0.0,NEGATIVE,ZERO,-1,-1,,,True,1726070400,2024.09.11 16:00:00,1800,True,True,0.001063,True,True,True,True,True,True,True,True,True,False,False,False,,,,excluded_zero_signal,excluded_zero_signal,excluded_zero_signal
USD_CPI_1726068600,1726068600,2024.09.11 15:30:00,2024,CORE_2015_2025,CPI,USDJPY,BASE,840030005,CPI m/m,True,"840030005,840030006,840030007,840030008",USD_840030009:CPI n.s.a.|USD_840030010:Core CPI|USD_840030030:Real Earnings m/m|USD_840030033:CPI n.s.a. m/m|USD_840030034:Core CPI n.s.a. m/m|USD_840030035:CPI|USD_840030036:Core CPI n.s.a.,False,False,False,0.2,0.3,0.2,,-0.1,0.0,NEGATIVE,ZERO,-1,-1,,,True,1726070400,2024.09.11 16:00:00,1800,True,True,0.344788,True,True,True,True,True,True,True,True,True,False,False,False,,,,excluded_zero_signal,excluded_zero_signal,excluded_zero_signal
USD_CPI_1728574200,1728574200,2024.10.10 15:30:00,2024,CORE_2015_2025,CPI,AUDUSD,QUOTE,840030005,CPI m/m,True,"840030005,840030006,840030007,840030008",USD_840030009:CPI n.s.a.|USD_840030010:Core CPI|USD_840030030:Real Earnings m/m|USD_840030033:CPI n.s.a. m/m|USD_840030034:Core CPI n.s.a. m/m|USD_840030035:CPI|USD_840030036:Core CPI n.s.a.|USD_840140001:Initial Jobless Claims|USD_840140002:Continuing Jobless Claims|USD_840140003:Initial Jobless Claims 4-Week Average,False,False,False,0.2,0.1,0.2,,0.1,0.0,POSITIVE,ZERO,1,-1,,,True,1728576000,2024.10.10 16:00:00,1800,True,True,0.000919,True,True,True,True,True,True,True,True,True,False,False,False,,,,excluded_zero_signal,excluded_zero_signal,excluded_zero_signal
USD_CPI_1728574200,1728574200,2024.10.10 15:30:00,2024,CORE_2015_2025,CPI,EURUSD,QUOTE,840030005,CPI m/m,True,"840030005,840030006,840030007,840030008",USD_840030009:CPI n.s.a.|USD_840030010:Core CPI|USD_840030030:Real Earnings m/m|USD_840030033:CPI n.s.a. m/m|USD_840030034:Core CPI n.s.a. m/m|USD_840030035:CPI|USD_840030036:Core CPI n.s.a.|USD_840140001:Initial Jobless Claims|USD_840140002:Continuing Jobless Claims|USD_840140003:Initial Jobless Claims 4-Week Average,False,False,False,0.2,0.1,0.2,,0.1,0.0,POSITIVE,ZERO,1,-1,,,True,1728576000,2024.10.10 16:00:00,1800,True,True,0.000784,True,True,True,True,True,True,True,True,True,False,False,False,,,,excluded_zero_signal,excluded_zero_signal,excluded_zero_signal
USD_CPI_1728574200,1728574200,2024.10.10 15:30:00,2024,CORE_2015_2025,CPI,GBPUSD,QUOTE,840030005,CPI m/m,True,"840030005,840030006,840030007,840030008",USD_840030009:CPI n.s.a.|USD_840030010:Core CPI|USD_840030030:Real Earnings m/m|USD_840030033:CPI n.s.a. m/m|USD_840030034:Core CPI n.s.a. m/m|USD_840030035:CPI|USD_840030036:Core CPI n.s.a.|USD_840140001:Initial Jobless Claims|USD_840140002:Continuing Jobless Claims|USD_840140003:Initial Jobless Claims 4-Week Average,False,False,False,0.2,0.1,0.2,,0.1,0.0,POSITIVE,ZERO,1,-1,,,True,1728576000,2024.10.10 16:00:00,1800,True,True,0.001325,True,True,True,True,True,True,True,True,True,False,False,False,,,,excluded_zero_signal,excluded_zero_signal,excluded_zero_signal
USD_CPI_1728574200,1728574200,2024.10.10 15:30:00,2024,CORE_2015_2025,CPI,NZDUSD,QUOTE,840030005,CPI m/m,True,"840030005,840030006,840030007,840030008",USD_840030009:CPI n.s.a.|USD_840030010:Core CPI|USD_840030030:Real Earnings m/m|USD_840030033:CPI n.s.a. m/m|USD_840030034:Core CPI n.s.a. m/m|USD_840030035:CPI|USD_840030036:Core CPI n.s.a.|USD_840140001:Initial Jobless Claims|USD_840140002:Continuing Jobless Claims|USD_840140003:Initial Jobless Claims 4-Week Average,False,False,False,0.2,0.1,0.2,,0.1,0.0,POSITIVE,ZERO,1,-1,,,True,1728576000,2024.10.10 16:00:00,1800,True,True,0.000979,True,True,True,True,True,True,True,True,True,False,False,False,,,,excluded_zero_signal,excluded_zero_signal,excluded_zero_signal
USD_CPI_1728574200,1728574200,2024.10.10 15:30:00,2024,CORE_2015_2025,CPI,USDCAD,BASE,840030005,CPI m/m,True,"840030005,840030006,840030007,840030008",USD_840030009:CPI n.s.a.|USD_840030010:Core CPI|USD_840030030:Real Earnings m/m|USD_840030033:CPI n.s.a. m/m|USD_840030034:Core CPI n.s.a. m/m|USD_840030035:CPI|USD_840030036:Core CPI n.s.a.|USD_840140001:Initial Jobless Claims|USD_840140002:Continuing Jobless Claims|USD_840140003:Initial Jobless Claims 4-Week Average,False,False,False,0.2,0.1,0.2,,0.1,0.0,POSITIVE,ZERO,1,1,,,True,1728576000,2024.10.10 16:00:00,1800,True,True,0.000879,True,True,True,True,True,True,True,True,True,False,False,False,,,,excluded_zero_signal,excluded_zero_signal,excluded_zero_signal
USD_CPI_1728574200,1728574200,2024.10.10 15:30:00,2024,CORE_2015_2025,CPI,USDCHF,BASE,840030005,CPI m/m,True,"840030005,840030006,840030007,840030008",USD_840030009:CPI n.s.a.|USD_840030010:Core CPI|USD_840030030:Real Earnings m/m|USD_840030033:CPI n.s.a. m/m|USD_840030034:Core CPI n.s.a. m/m|USD_840030035:CPI|USD_840030036:Core CPI n.s.a.|USD_840140001:Initial Jobless Claims|USD_840140002:Continuing Jobless Claims|USD_840140003:Initial Jobless Claims 4-Week Average,False,False,False,0.2,0.1,0.2,,0.1,0.0,POSITIVE,ZERO,1,1,,,True,1728576000,2024.10.10 16:00:00,1800,True,True,0.000902,True,True,True,True,True,True,True,True,True,False,False,False,,,,excluded_zero_signal,excluded_zero_signal,excluded_zero_signal
USD_CPI_1728574200,1728574200,2024.10.10 15:30:00,2024,CORE_2015_2025,CPI,USDJPY,BASE,840030005,CPI m/m,True,"840030005,840030006,840030007,840030008",USD_840030009:CPI n.s.a.|USD_840030010:Core CPI|USD_840030030:Real Earnings m/m|USD_840030033:CPI n.s.a. m/m|USD_840030034:Core CPI n.s.a. m/m|USD_840030035:CPI|USD_840030036:Core CPI n.s.a.|USD_840140001:Initial Jobless Claims|USD_840140002:Continuing Jobless Claims|USD_840140003:Initial Jobless Claims 4-Week Average,False,False,False,0.2,0.1,0.2,,0.1,0.0,POSITIVE,ZERO,1,1,,,True,1728576000,2024.10.10 16:00:00,1800,True,True,0.207245,True,True,True,True,True,True,True,True,True,False,False,False,,,,excluded_zero_signal,excluded_zero_signal,excluded_zero_signal
USD_CPI_1731515400,1731515400,2024.11.13 16:30:00,2024,CORE_2015_2025,CPI,AUDUSD,QUOTE,840030005,CPI m/m,True,"840030005,840030006,840030007,840030008",USD_840030009:CPI n.s.a.|USD_840030010:Core CPI|USD_840030030:Real Earnings m/m|USD_840030033:CPI n.s.a. m/m|USD_840030034:Core CPI n.s.a. m/m|USD_840030035:CPI|USD_840030036:Core CPI n.s.a.,False,False,False,0.2,0.2,0.2,,0.0,0.0,ZERO,ZERO,,,,,True,1731517200,2024.11.13 17:00:00,1800,True,True,0.001125,True,True,True,True,True,True,False,False,False,False,False,False,excluded_zero_signal,excluded_zero_signal,excluded_zero_signal,excluded_zero_signal,excluded_zero_signal,excluded_zero_signal
USD_CPI_1731515400,1731515400,2024.11.13 16:30:00,2024,CORE_2015_2025,CPI,EURUSD,QUOTE,840030005,CPI m/m,True,"840030005,840030006,840030007,840030008",USD_840030009:CPI n.s.a.|USD_840030010:Core CPI|USD_840030030:Real Earnings m/m|USD_840030033:CPI n.s.a. m/m|USD_840030034:Core CPI n.s.a. m/m|USD_840030035:CPI|USD_840030036:Core CPI n.s.a.,False,False,False,0.2,0.2,0.2,,0.0,0.0,ZERO,ZERO,,,,,True,1731517200,2024.11.13 17:00:00,1800,True,True,0.001502,True,True,True,True,True,True,False,False,False,False,False,False,excluded_zero_signal,excluded_zero_signal,excluded_zero_signal,excluded_zero_signal,excluded_zero_signal,excluded_zero_signal
USD_CPI_1731515400,1731515400,2024.11.13 16:30:00,2024,CORE_2015_2025,CPI,GBPUSD,QUOTE,840030005,CPI m/m,True,"840030005,840030006,840030007,840030008",USD_840030009:CPI n.s.a.|USD_840030010:Core CPI|USD_840030030:Real Earnings m/m|USD_840030033:CPI n.s.a. m/m|USD_840030034:Core CPI n.s.a. m/m|USD_840030035:CPI|USD_840030036:Core CPI n.s.a.,False,False,False,0.2,0.2,0.2,,0.0,0.0,ZERO,ZERO,,,,,True,1731517200,2024.11.13 17:00:00,1800,True,True,0.001637,True,True,True,True,True,True,False,False,False,False,False,False,excluded_zero_signal,excluded_zero_signal,excluded_zero_signal,excluded_zero_signal,excluded_zero_signal,excluded_zero_signal
USD_CPI_1731515400,1731515400,2024.11.13 16:30:00,2024,CORE_2015_2025,CPI,NZDUSD,QUOTE,840030005,CPI m/m,True,"840030005,840030006,840030007,840030008",USD_840030009:CPI n.s.a.|USD_840030010:Core CPI|USD_840030030:Real Earnings m/m|USD_840030033:CPI n.s.a. m/m|USD_840030034:Core CPI n.s.a. m/m|USD_840030035:CPI|USD_840030036:Core CPI n.s.a.,False,False,False,0.2,0.2,0.2,,0.0,0.0,ZERO,ZERO,,,,,True,1731517200,2024.11.13 17:00:00,1800,True,True,0.000986,True,True,True,True,True,True,False,False,False,False,False,False,excluded_zero_signal,excluded_zero_signal,excluded_zero_signal,excluded_zero_signal,excluded_zero_signal,excluded_zero_signal
USD_CPI_1731515400,1731515400,2024.11.13 16:30:00,2024,CORE_2015_2025,CPI,USDCAD,BASE,840030005,CPI m/m,True,"840030005,840030006,840030007,840030008",USD_840030009:CPI n.s.a.|USD_840030010:Core CPI|USD_840030030:Real Earnings m/m|USD_840030033:CPI n.s.a. m/m|USD_840030034:Core CPI n.s.a. m/m|USD_840030035:CPI|USD_840030036:Core CPI n.s.a.,False,False,False,0.2,0.2,0.2,,0.0,0.0,ZERO,ZERO,,,,,True,1731517200,2024.11.13 17:00:00,1800,True,True,0.001151,True,True,True,True,True,True,False,False,False,False,False,False,excluded_zero_signal,excluded_zero_signal,excluded_zero_signal,excluded_zero_signal,excluded_zero_signal,excluded_zero_signal
USD_CPI_1731515400,1731515400,2024.11.13 16:30:00,2024,CORE_2015_2025,CPI,USDCHF,BASE,840030005,CPI m/m,True,"840030005,840030006,840030007,840030008",USD_840030009:CPI n.s.a.|USD_840030010:Core CPI|USD_840030030:Real Earnings m/m|USD_840030033:CPI n.s.a. m/m|USD_840030034:Core CPI n.s.a. m/m|USD_840030035:CPI|USD_840030036:Core CPI n.s.a.,False,False,False,0.2,0.2,0.2,,0.0,0.0,ZERO,ZERO,,,,,True,1731517200,2024.11.13 17:00:00,1800,True,True,0.001058,True,True,True,True,True,True,False,False,False,False,False,False,excluded_zero_signal,excluded_zero_signal,excluded_zero_signal,excluded_zero_signal,excluded_zero_signal,excluded_zero_signal
USD_CPI_1731515400,1731515400,2024.11.13 16:30:00,2024,CORE_2015_2025,CPI,USDJPY,BASE,840030005,CPI m/m,True,"840030005,840030006,840030007,840030008",USD_840030009:CPI n.s.a.|USD_840030010:Core CPI|USD_840030030:Real Earnings m/m|USD_840030033:CPI n.s.a. m/m|USD_840030034:Core CPI n.s.a. m/m|USD_840030035:CPI|USD_840030036:Core CPI n.s.a.,False,False,False,0.2,0.2,0.2,,0.0,0.0,ZERO,ZERO,,,,,True,1731517200,2024.11.13 17:00:00,1800,True,True,0.243933,True,True,True,True,True,True,False,False,False,False,False,False,excluded_zero_signal,excluded_zero_signal,excluded_zero_signal,excluded_zero_signal,excluded_zero_signal,excluded_zero_signal
USD_CPI_1733934600,1733934600,2024.12.11 16:30:00,2024,CORE_2015_2025,CPI,AUDUSD,QUOTE,840030005,CPI m/m,True,"840030005,840030006,840030007,840030008",USD_840030009:CPI n.s.a.|USD_840030010:Core CPI|USD_840030030:Real Earnings m/m|USD_840030033:CPI n.s.a. m/m|USD_840030034:Core CPI n.s.a. m/m|USD_840030035:CPI|USD_840030036:Core CPI n.s.a.,False,False,False,0.3,0.2,0.2,,0.1,0.1,POSITIVE,POSITIVE,1,-1,1,-1,True,1733936400,2024.12.11 17:00:00,1800,True,True,0.001295,True,True,True,True,True,True,True,True,True,True,True,True,,,,,,
USD_CPI_1733934600,1733934600,2024.12.11 16:30:00,2024,CORE_2015_2025,CPI,EURUSD,QUOTE,840030005,CPI m/m,True,"840030005,840030006,840030007,840030008",USD_840030009:CPI n.s.a.|USD_840030010:Core CPI|USD_840030030:Real Earnings m/m|USD_840030033:CPI n.s.a. m/m|USD_840030034:Core CPI n.s.a. m/m|USD_840030035:CPI|USD_840030036:Core CPI n.s.a.,False,False,False,0.3,0.2,0.2,,0.1,0.1,POSITIVE,POSITIVE,1,-1,1,-1,True,1733936400,2024.12.11 17:00:00,1800,True,True,0.001465,True,True,True,True,True,True,True,True,True,True,True,True,,,,,,
USD_CPI_1733934600,1733934600,2024.12.11 16:30:00,2024,CORE_2015_2025,CPI,GBPUSD,QUOTE,840030005,CPI m/m,True,"840030005,840030006,840030007,840030008",USD_840030009:CPI n.s.a.|USD_840030010:Core CPI|USD_840030030:Real Earnings m/m|USD_840030033:CPI n.s.a. m/m|USD_840030034:Core CPI n.s.a. m/m|USD_840030035:CPI|USD_840030036:Core CPI n.s.a.,False,False,False,0.3,0.2,0.2,,0.1,0.1,POSITIVE,POSITIVE,1,-1,1,-1,True,1733936400,2024.12.11 17:00:00,1800,True,True,0.001746,True,True,True,True,True,True,True,True,True,True,True,True,,,,,,
USD_CPI_1733934600,1733934600,2024.12.11 16:30:00,2024,CORE_2015_2025,CPI,NZDUSD,QUOTE,840030005,CPI m/m,True,"840030005,840030006,840030007,840030008",USD_840030009:CPI n.s.a.|USD_840030010:Core CPI|USD_840030030:Real Earnings m/m|USD_840030033:CPI n.s.a. m/m|USD_840030034:Core CPI n.s.a. m/m|USD_840030035:CPI|USD_840030036:Core CPI n.s.a.,False,False,False,0.3,0.2,0.2,,0.1,0.1,POSITIVE,POSITIVE,1,-1,1,-1,True,1733936400,2024.12.11 17:00:00,1800,True,True,0.001148,True,True,True,True,True,True,True,True,True,True,True,True,,,,,,
USD_CPI_1733934600,1733934600,2024.12.11 16:30:00,2024,CORE_2015_2025,CPI,USDCAD,BASE,840030005,CPI m/m,True,"840030005,840030006,840030007,840030008",USD_840030009:CPI n.s.a.|USD_840030010:Core CPI|USD_840030030:Real Earnings m/m|USD_840030033:CPI n.s.a. m/m|USD_840030034:Core CPI n.s.a. m/m|USD_840030035:CPI|USD_840030036:Core CPI n.s.a.,False,False,False,0.3,0.2,0.2,,0.1,0.1,POSITIVE,POSITIVE,1,1,1,1,True,1733936400,2024.12.11 17:00:00,1800,True,True,0.001276,True,True,True,True,True,True,True,True,True,True,True,True,,,,,,
USD_CPI_1733934600,1733934600,2024.12.11 16:30:00,2024,CORE_2015_2025,CPI,USDCHF,BASE,840030005,CPI m/m,True,"840030005,840030006,840030007,840030008",USD_840030009:CPI n.s.a.|USD_840030010:Core CPI|USD_840030030:Real Earnings m/m|USD_840030033:CPI n.s.a. m/m|USD_840030034:Core CPI n.s.a. m/m|USD_840030035:CPI|USD_840030036:Core CPI n.s.a.,False,False,False,0.3,0.2,0.2,,0.1,0.1,POSITIVE,POSITIVE,1,1,1,1,True,1733936400,2024.12.11 17:00:00,1800,True,True,0.001057,True,True,True,True,True,True,True,True,True,True,True,True,,,,,,
USD_CPI_1733934600,1733934600,2024.12.11 16:30:00,2024,CORE_2015_2025,CPI,USDJPY,BASE,840030005,CPI m/m,True,"840030005,840030006,840030007,840030008",USD_840030009:CPI n.s.a.|USD_840030010:Core CPI|USD_840030030:Real Earnings m/m|USD_840030033:CPI n.s.a. m/m|USD_840030034:Core CPI n.s.a. m/m|USD_840030035:CPI|USD_840030036:Core CPI n.s.a.,False,False,False,0.3,0.2,0.2,,0.1,0.1,POSITIVE,POSITIVE,1,1,1,1,True,1733936400,2024.12.11 17:00:00,1800,True,True,0.336132,True,True,True,True,True,True,True,True,True,True,True,True,,,,,,
USD_CPI_1736958600,1736958600,2025.01.15 16:30:00,2025,CORE_2015_2025,CPI,AUDUSD,QUOTE,840030005,CPI m/m,True,"840030005,840030006,840030007,840030008",USD_840030009:CPI n.s.a.|USD_840030010:Core CPI|USD_840030030:Real Earnings m/m|USD_840030033:CPI n.s.a. m/m|USD_840030034:Core CPI n.s.a. m/m|USD_840030035:CPI|USD_840030036:Core CPI n.s.a.|USD_840230001:NY Fed Empire State Manufacturing Index|CAD_124010029:Manufacturing Sales m/m|CAD_124010031:Wholesale Trade m/m,False,False,False,0.4,0.3,0.3,,0.1,0.1,POSITIVE,POSITIVE,1,-1,1,-1,True,1736960400,2025.01.15 17:00:00,1800,True,True,0.001287,True,True,True,True,True,True,True,True,True,True,True,True,,,,,,
USD_CPI_1736958600,1736958600,2025.01.15 16:30:00,2025,CORE_2015_2025,CPI,EURUSD,QUOTE,840030005,CPI m/m,True,"840030005,840030006,840030007,840030008",USD_840030009:CPI n.s.a.|USD_840030010:Core CPI|USD_840030030:Real Earnings m/m|USD_840030033:CPI n.s.a. m/m|USD_840030034:Core CPI n.s.a. m/m|USD_840030035:CPI|USD_840030036:Core CPI n.s.a.|USD_840230001:NY Fed Empire State Manufacturing Index|CAD_124010029:Manufacturing Sales m/m|CAD_124010031:Wholesale Trade m/m,False,False,False,0.4,0.3,0.3,,0.1,0.1,POSITIVE,POSITIVE,1,-1,1,-1,True,1736960400,2025.01.15 17:00:00,1800,True,True,0.001653,True,True,True,True,True,True,True,True,True,True,True,True,,,,,,
USD_CPI_1736958600,1736958600,2025.01.15 16:30:00,2025,CORE_2015_2025,CPI,GBPUSD,QUOTE,840030005,CPI m/m,True,"840030005,840030006,840030007,840030008",USD_840030009:CPI n.s.a.|USD_840030010:Core CPI|USD_840030030:Real Earnings m/m|USD_840030033:CPI n.s.a. m/m|USD_840030034:Core CPI n.s.a. m/m|USD_840030035:CPI|USD_840030036:Core CPI n.s.a.|USD_840230001:NY Fed Empire State Manufacturing Index|CAD_124010029:Manufacturing Sales m/m|CAD_124010031:Wholesale Trade m/m,False,False,False,0.4,0.3,0.3,,0.1,0.1,POSITIVE,POSITIVE,1,-1,1,-1,True,1736960400,2025.01.15 17:00:00,1800,True,True,0.002673,True,True,True,True,True,True,True,True,True,True,True,True,,,,,,
USD_CPI_1736958600,1736958600,2025.01.15 16:30:00,2025,CORE_2015_2025,CPI,NZDUSD,QUOTE,840030005,CPI m/m,True,"840030005,840030006,840030007,840030008",USD_840030009:CPI n.s.a.|USD_840030010:Core CPI|USD_840030030:Real Earnings m/m|USD_840030033:CPI n.s.a. m/m|USD_840030034:Core CPI n.s.a. m/m|USD_840030035:CPI|USD_840030036:Core CPI n.s.a.|USD_840230001:NY Fed Empire State Manufacturing Index|CAD_124010029:Manufacturing Sales m/m|CAD_124010031:Wholesale Trade m/m,False,False,False,0.4,0.3,0.3,,0.1,0.1,POSITIVE,POSITIVE,1,-1,1,-1,True,1736960400,2025.01.15 17:00:00,1800,True,True,0.001251,True,True,True,True,True,True,True,True,True,True,True,True,,,,,,
USD_CPI_1736958600,1736958600,2025.01.15 16:30:00,2025,CORE_2015_2025,CPI,USDCAD,BASE,840030005,CPI m/m,True,"840030005,840030006,840030007,840030008",USD_840030009:CPI n.s.a.|USD_840030010:Core CPI|USD_840030030:Real Earnings m/m|USD_840030033:CPI n.s.a. m/m|USD_840030034:Core CPI n.s.a. m/m|USD_840030035:CPI|USD_840030036:Core CPI n.s.a.|USD_840230001:NY Fed Empire State Manufacturing Index|CAD_124010029:Manufacturing Sales m/m|CAD_124010031:Wholesale Trade m/m,False,False,False,0.4,0.3,0.3,,0.1,0.1,POSITIVE,POSITIVE,1,1,1,1,True,1736960400,2025.01.15 17:00:00,1800,True,True,0.001603,True,True,True,True,True,True,True,True,True,True,True,True,,,,,,
USD_CPI_1736958600,1736958600,2025.01.15 16:30:00,2025,CORE_2015_2025,CPI,USDCHF,BASE,840030005,CPI m/m,True,"840030005,840030006,840030007,840030008",USD_840030009:CPI n.s.a.|USD_840030010:Core CPI|USD_840030030:Real Earnings m/m|USD_840030033:CPI n.s.a. m/m|USD_840030034:Core CPI n.s.a. m/m|USD_840030035:CPI|USD_840030036:Core CPI n.s.a.|USD_840230001:NY Fed Empire State Manufacturing Index|CAD_124010029:Manufacturing Sales m/m|CAD_124010031:Wholesale Trade m/m,False,False,False,0.4,0.3,0.3,,0.1,0.1,POSITIVE,POSITIVE,1,1,1,1,True,1736960400,2025.01.15 17:00:00,1800,True,True,0.001157,True,True,True,True,True,True,True,True,True,True,True,True,,,,,,
USD_CPI_1736958600,1736958600,2025.01.15 16:30:00,2025,CORE_2015_2025,CPI,USDJPY,BASE,840030005,CPI m/m,True,"840030005,840030006,840030007,840030008",USD_840030009:CPI n.s.a.|USD_840030010:Core CPI|USD_840030030:Real Earnings m/m|USD_840030033:CPI n.s.a. m/m|USD_840030034:Core CPI n.s.a. m/m|USD_840030035:CPI|USD_840030036:Core CPI n.s.a.|USD_840230001:NY Fed Empire State Manufacturing Index|CAD_124010029:Manufacturing Sales m/m|CAD_124010031:Wholesale Trade m/m,False,False,False,0.4,0.3,0.3,,0.1,0.1,POSITIVE,POSITIVE,1,1,1,1,True,1736960400,2025.01.15 17:00:00,1800,True,True,0.314057,True,True,True,True,True,True,True,True,True,True,True,True,,,,,,
USD_CPI_1739377800,1739377800,2025.02.12 16:30:00,2025,CORE_2015_2025,CPI,AUDUSD,QUOTE,840030005,CPI m/m,True,"840030005,840030006,840030007,840030008",USD_840030009:CPI n.s.a.|USD_840030010:Core CPI|USD_840030030:Real Earnings m/m|USD_840030033:CPI n.s.a. m/m|USD_840030034:Core CPI n.s.a. m/m|USD_840030035:CPI|USD_840030036:Core CPI n.s.a.|EUR_276010024:Current Account n.s.a.,False,False,False,0.5,0.4,0.4,,0.1,0.1,POSITIVE,POSITIVE,1,-1,1,-1,True,1739379600,2025.02.12 17:00:00,1800,True,True,0.000993,True,True,True,True,True,True,True,True,True,True,True,True,,,,,,
USD_CPI_1739377800,1739377800,2025.02.12 16:30:00,2025,CORE_2015_2025,CPI,EURUSD,QUOTE,840030005,CPI m/m,True,"840030005,840030006,840030007,840030008",USD_840030009:CPI n.s.a.|USD_840030010:Core CPI|USD_840030030:Real Earnings m/m|USD_840030033:CPI n.s.a. m/m|USD_840030034:Core CPI n.s.a. m/m|USD_840030035:CPI|USD_840030036:Core CPI n.s.a.|EUR_276010024:Current Account n.s.a.,False,False,False,0.5,0.4,0.4,,0.1,0.1,POSITIVE,POSITIVE,1,-1,1,-1,True,1739379600,2025.02.12 17:00:00,1800,True,True,0.001322,True,True,True,True,True,True,True,True,True,True,True,True,,,,,,
USD_CPI_1739377800,1739377800,2025.02.12 16:30:00,2025,CORE_2015_2025,CPI,GBPUSD,QUOTE,840030005,CPI m/m,True,"840030005,840030006,840030007,840030008",USD_840030009:CPI n.s.a.|USD_840030010:Core CPI|USD_840030030:Real Earnings m/m|USD_840030033:CPI n.s.a. m/m|USD_840030034:Core CPI n.s.a. m/m|USD_840030035:CPI|USD_840030036:Core CPI n.s.a.|EUR_276010024:Current Account n.s.a.,False,False,False,0.5,0.4,0.4,,0.1,0.1,POSITIVE,POSITIVE,1,-1,1,-1,True,1739379600,2025.02.12 17:00:00,1800,True,True,0.001799,True,True,True,True,True,True,True,True,True,True,True,True,,,,,,
USD_CPI_1739377800,1739377800,2025.02.12 16:30:00,2025,CORE_2015_2025,CPI,NZDUSD,QUOTE,840030005,CPI m/m,True,"840030005,840030006,840030007,840030008",USD_840030009:CPI n.s.a.|USD_840030010:Core CPI|USD_840030030:Real Earnings m/m|USD_840030033:CPI n.s.a. m/m|USD_840030034:Core CPI n.s.a. m/m|USD_840030035:CPI|USD_840030036:Core CPI n.s.a.|EUR_276010024:Current Account n.s.a.,False,False,False,0.5,0.4,0.4,,0.1,0.1,POSITIVE,POSITIVE,1,-1,1,-1,True,1739379600,2025.02.12 17:00:00,1800,True,True,0.000952,True,True,True,True,True,True,True,True,True,True,True,True,,,,,,
USD_CPI_1739377800,1739377800,2025.02.12 16:30:00,2025,CORE_2015_2025,CPI,USDCAD,BASE,840030005,CPI m/m,True,"840030005,840030006,840030007,840030008",USD_840030009:CPI n.s.a.|USD_840030010:Core CPI|USD_840030030:Real Earnings m/m|USD_840030033:CPI n.s.a. m/m|USD_840030034:Core CPI n.s.a. m/m|USD_840030035:CPI|USD_840030036:Core CPI n.s.a.|EUR_276010024:Current Account n.s.a.,False,False,False,0.5,0.4,0.4,,0.1,0.1,POSITIVE,POSITIVE,1,1,1,1,True,1739379600,2025.02.12 17:00:00,1800,True,True,0.001413,True,True,True,True,True,True,True,True,True,True,True,True,,,,,,
USD_CPI_1739377800,1739377800,2025.02.12 16:30:00,2025,CORE_2015_2025,CPI,USDCHF,BASE,840030005,CPI m/m,True,"840030005,840030006,840030007,840030008",USD_840030009:CPI n.s.a.|USD_840030010:Core CPI|USD_840030030:Real Earnings m/m|USD_840030033:CPI n.s.a. m/m|USD_840030034:Core CPI n.s.a. m/m|USD_840030035:CPI|USD_840030036:Core CPI n.s.a.|EUR_276010024:Current Account n.s.a.,False,False,False,0.5,0.4,0.4,,0.1,0.1,POSITIVE,POSITIVE,1,1,1,1,True,1739379600,2025.02.12 17:00:00,1800,True,True,0.001063,True,True,True,True,True,True,True,True,True,True,True,True,,,,,,
USD_CPI_1739377800,1739377800,2025.02.12 16:30:00,2025,CORE_2015_2025,CPI,USDJPY,BASE,840030005,CPI m/m,True,"840030005,840030006,840030007,840030008",USD_840030009:CPI n.s.a.|USD_840030010:Core CPI|USD_840030030:Real Earnings m/m|USD_840030033:CPI n.s.a. m/m|USD_840030034:Core CPI n.s.a. m/m|USD_840030035:CPI|USD_840030036:Core CPI n.s.a.|EUR_276010024:Current Account n.s.a.,False,False,False,0.5,0.4,0.4,,0.1,0.1,POSITIVE,POSITIVE,1,1,1,1,True,1739379600,2025.02.12 17:00:00,1800,True,True,0.300488,True,True,True,True,True,True,True,True,True,True,True,True,,,,,,
USD_CPI_1741793400,1741793400,2025.03.12 15:30:00,2025,CORE_2015_2025,CPI,AUDUSD,QUOTE,840030005,CPI m/m,True,"840030005,840030006,840030007,840030008",USD_840030009:CPI n.s.a.|USD_840030010:Core CPI|USD_840030030:Real Earnings m/m|USD_840030033:CPI n.s.a. m/m|USD_840030034:Core CPI n.s.a. m/m|USD_840030035:CPI|USD_840030036:Core CPI n.s.a.,False,False,False,0.2,0.6,0.5,,-0.4,-0.3,NEGATIVE,NEGATIVE,-1,1,-1,1,True,1741795200,2025.03.12 16:00:00,1800,True,True,0.001324,True,True,True,True,True,True,True,True,True,True,True,True,,,,,,
USD_CPI_1741793400,1741793400,2025.03.12 15:30:00,2025,CORE_2015_2025,CPI,EURUSD,QUOTE,840030005,CPI m/m,True,"840030005,840030006,840030007,840030008",USD_840030009:CPI n.s.a.|USD_840030010:Core CPI|USD_840030030:Real Earnings m/m|USD_840030033:CPI n.s.a. m/m|USD_840030034:Core CPI n.s.a. m/m|USD_840030035:CPI|USD_840030036:Core CPI n.s.a.,False,False,False,0.2,0.6,0.5,,-0.4,-0.3,NEGATIVE,NEGATIVE,-1,1,-1,1,True,1741795200,2025.03.12 16:00:00,1800,True,True,0.001762,True,True,True,True,True,True,True,True,True,True,True,True,,,,,,
USD_CPI_1741793400,1741793400,2025.03.12 15:30:00,2025,CORE_2015_2025,CPI,GBPUSD,QUOTE,840030005,CPI m/m,True,"840030005,840030006,840030007,840030008",USD_840030009:CPI n.s.a.|USD_840030010:Core CPI|USD_840030030:Real Earnings m/m|USD_840030033:CPI n.s.a. m/m|USD_840030034:Core CPI n.s.a. m/m|USD_840030035:CPI|USD_840030036:Core CPI n.s.a.,False,False,False,0.2,0.6,0.5,,-0.4,-0.3,NEGATIVE,NEGATIVE,-1,1,-1,1,True,1741795200,2025.03.12 16:00:00,1800,True,True,0.001783,True,True,True,True,True,True,True,True,True,True,True,True,,,,,,
USD_CPI_1741793400,1741793400,2025.03.12 15:30:00,2025,CORE_2015_2025,CPI,NZDUSD,QUOTE,840030005,CPI m/m,True,"840030005,840030006,840030007,840030008",USD_840030009:CPI n.s.a.|USD_840030010:Core CPI|USD_840030030:Real Earnings m/m|USD_840030033:CPI n.s.a. m/m|USD_840030034:Core CPI n.s.a. m/m|USD_840030035:CPI|USD_840030036:Core CPI n.s.a.,False,False,False,0.2,0.6,0.5,,-0.4,-0.3,NEGATIVE,NEGATIVE,-1,1,-1,1,True,1741795200,2025.03.12 16:00:00,1800,True,True,0.001142,True,True,True,True,True,True,True,True,True,True,True,True,,,,,,
USD_CPI_1741793400,1741793400,2025.03.12 15:30:00,2025,CORE_2015_2025,CPI,USDCAD,BASE,840030005,CPI m/m,True,"840030005,840030006,840030007,840030008",USD_840030009:CPI n.s.a.|USD_840030010:Core CPI|USD_840030030:Real Earnings m/m|USD_840030033:CPI n.s.a. m/m|USD_840030034:Core CPI n.s.a. m/m|USD_840030035:CPI|USD_840030036:Core CPI n.s.a.,False,False,False,0.2,0.6,0.5,,-0.4,-0.3,NEGATIVE,NEGATIVE,-1,-1,-1,-1,True,1741795200,2025.03.12 16:00:00,1800,True,True,0.002382,True,True,True,True,True,True,True,True,True,True,True,True,,,,,,
USD_CPI_1741793400,1741793400,2025.03.12 15:30:00,2025,CORE_2015_2025,CPI,USDCHF,BASE,840030005,CPI m/m,True,"840030005,840030006,840030007,840030008",USD_840030009:CPI n.s.a.|USD_840030010:Core CPI|USD_840030030:Real Earnings m/m|USD_840030033:CPI n.s.a. m/m|USD_840030034:Core CPI n.s.a. m/m|USD_840030035:CPI|USD_840030036:Core CPI n.s.a.,False,False,False,0.2,0.6,0.5,,-0.4,-0.3,NEGATIVE,NEGATIVE,-1,-1,-1,-1,True,1741795200,2025.03.12 16:00:00,1800,True,True,0.001410,True,True,True,True,True,True,True,True,True,True,True,True,,,,,,
USD_CPI_1741793400,1741793400,2025.03.12 15:30:00,2025,CORE_2015_2025,CPI,USDJPY,BASE,840030005,CPI m/m,True,"840030005,840030006,840030007,840030008",USD_840030009:CPI n.s.a.|USD_840030010:Core CPI|USD_840030030:Real Earnings m/m|USD_840030033:CPI n.s.a. m/m|USD_840030034:Core CPI n.s.a. m/m|USD_840030035:CPI|USD_840030036:Core CPI n.s.a.,False,False,False,0.2,0.6,0.5,,-0.4,-0.3,NEGATIVE,NEGATIVE,-1,-1,-1,-1,True,1741795200,2025.03.12 16:00:00,1800,True,True,0.359581,True,True,True,True,True,True,True,True,True,True,True,True,,,,,,
USD_CPI_1744299000,1744299000,2025.04.10 15:30:00,2025,CORE_2015_2025,CPI,AUDUSD,QUOTE,840030005,CPI m/m,True,"840030005,840030006,840030007,840030008",USD_840030009:CPI n.s.a.|USD_840030010:Core CPI|USD_840030030:Real Earnings m/m|USD_840030033:CPI n.s.a. m/m|USD_840030034:Core CPI n.s.a. m/m|USD_840030035:CPI|USD_840030036:Core CPI n.s.a.|USD_840140001:Initial Jobless Claims|USD_840140002:Continuing Jobless Claims|USD_840140003:Initial Jobless Claims 4-Week Average|CAD_124010001:Building Permits m/m,False,False,False,-0.1,0.4,0.2,,-0.5,-0.3,NEGATIVE,NEGATIVE,-1,1,-1,1,True,1744300800,2025.04.10 16:00:00,1800,True,True,0.003141,True,True,True,True,True,True,True,True,True,True,True,True,,,,,,
USD_CPI_1744299000,1744299000,2025.04.10 15:30:00,2025,CORE_2015_2025,CPI,EURUSD,QUOTE,840030005,CPI m/m,True,"840030005,840030006,840030007,840030008",USD_840030009:CPI n.s.a.|USD_840030010:Core CPI|USD_840030030:Real Earnings m/m|USD_840030033:CPI n.s.a. m/m|USD_840030034:Core CPI n.s.a. m/m|USD_840030035:CPI|USD_840030036:Core CPI n.s.a.|USD_840140001:Initial Jobless Claims|USD_840140002:Continuing Jobless Claims|USD_840140003:Initial Jobless Claims 4-Week Average|CAD_124010001:Building Permits m/m,False,False,False,-0.1,0.4,0.2,,-0.5,-0.3,NEGATIVE,NEGATIVE,-1,1,-1,1,True,1744300800,2025.04.10 16:00:00,1800,True,True,0.003068,True,True,True,True,True,True,True,True,True,True,True,True,,,,,,
USD_CPI_1744299000,1744299000,2025.04.10 15:30:00,2025,CORE_2015_2025,CPI,GBPUSD,QUOTE,840030005,CPI m/m,True,"840030005,840030006,840030007,840030008",USD_840030009:CPI n.s.a.|USD_840030010:Core CPI|USD_840030030:Real Earnings m/m|USD_840030033:CPI n.s.a. m/m|USD_840030034:Core CPI n.s.a. m/m|USD_840030035:CPI|USD_840030036:Core CPI n.s.a.|USD_840140001:Initial Jobless Claims|USD_840140002:Continuing Jobless Claims|USD_840140003:Initial Jobless Claims 4-Week Average|CAD_124010001:Building Permits m/m,False,False,False,-0.1,0.4,0.2,,-0.5,-0.3,NEGATIVE,NEGATIVE,-1,1,-1,1,True,1744300800,2025.04.10 16:00:00,1800,True,True,0.002964,True,True,True,True,True,True,True,True,True,True,True,True,,,,,,
USD_CPI_1744299000,1744299000,2025.04.10 15:30:00,2025,CORE_2015_2025,CPI,NZDUSD,QUOTE,840030005,CPI m/m,True,"840030005,840030006,840030007,840030008",USD_840030009:CPI n.s.a.|USD_840030010:Core CPI|USD_840030030:Real Earnings m/m|USD_840030033:CPI n.s.a. m/m|USD_840030034:Core CPI n.s.a. m/m|USD_840030035:CPI|USD_840030036:Core CPI n.s.a.|USD_840140001:Initial Jobless Claims|USD_840140002:Continuing Jobless Claims|USD_840140003:Initial Jobless Claims 4-Week Average|CAD_124010001:Building Permits m/m,False,False,False,-0.1,0.4,0.2,,-0.5,-0.3,NEGATIVE,NEGATIVE,-1,1,-1,1,True,1744300800,2025.04.10 16:00:00,1800,True,True,0.002408,True,True,True,True,True,True,True,True,True,True,True,True,,,,,,
USD_CPI_1744299000,1744299000,2025.04.10 15:30:00,2025,CORE_2015_2025,CPI,USDCAD,BASE,840030005,CPI m/m,True,"840030005,840030006,840030007,840030008",USD_840030009:CPI n.s.a.|USD_840030010:Core CPI|USD_840030030:Real Earnings m/m|USD_840030033:CPI n.s.a. m/m|USD_840030034:Core CPI n.s.a. m/m|USD_840030035:CPI|USD_840030036:Core CPI n.s.a.|USD_840140001:Initial Jobless Claims|USD_840140002:Continuing Jobless Claims|USD_840140003:Initial Jobless Claims 4-Week Average|CAD_124010001:Building Permits m/m,False,False,False,-0.1,0.4,0.2,,-0.5,-0.3,NEGATIVE,NEGATIVE,-1,-1,-1,-1,True,1744300800,2025.04.10 16:00:00,1800,True,True,0.002854,True,True,True,True,True,True,True,True,True,True,True,True,,,,,,
USD_CPI_1744299000,1744299000,2025.04.10 15:30:00,2025,CORE_2015_2025,CPI,USDCHF,BASE,840030005,CPI m/m,True,"840030005,840030006,840030007,840030008",USD_840030009:CPI n.s.a.|USD_840030010:Core CPI|USD_840030030:Real Earnings m/m|USD_840030033:CPI n.s.a. m/m|USD_840030034:Core CPI n.s.a. m/m|USD_840030035:CPI|USD_840030036:Core CPI n.s.a.|USD_840140001:Initial Jobless Claims|USD_840140002:Continuing Jobless Claims|USD_840140003:Initial Jobless Claims 4-Week Average|CAD_124010001:Building Permits m/m,False,False,False,-0.1,0.4,0.2,,-0.5,-0.3,NEGATIVE,NEGATIVE,-1,-1,-1,-1,True,1744300800,2025.04.10 16:00:00,1800,True,True,0.003476,True,True,True,True,True,True,True,True,True,True,True,True,,,,,,
USD_CPI_1744299000,1744299000,2025.04.10 15:30:00,2025,CORE_2015_2025,CPI,USDJPY,BASE,840030005,CPI m/m,True,"840030005,840030006,840030007,840030008",USD_840030009:CPI n.s.a.|USD_840030010:Core CPI|USD_840030030:Real Earnings m/m|USD_840030033:CPI n.s.a. m/m|USD_840030034:Core CPI n.s.a. m/m|USD_840030035:CPI|USD_840030036:Core CPI n.s.a.|USD_840140001:Initial Jobless Claims|USD_840140002:Continuing Jobless Claims|USD_840140003:Initial Jobless Claims 4-Week Average|CAD_124010001:Building Permits m/m,False,False,False,-0.1,0.4,0.2,,-0.5,-0.3,NEGATIVE,NEGATIVE,-1,-1,-1,-1,True,1744300800,2025.04.10 16:00:00,1800,True,True,0.515068,True,True,True,True,True,True,True,True,True,True,True,True,,,,,,
USD_CPI_1747150200,1747150200,2025.05.13 15:30:00,2025,CORE_2015_2025,CPI,AUDUSD,QUOTE,840030005,CPI m/m,True,"840030005,840030006,840030007,840030008",USD_840030009:CPI n.s.a.|USD_840030010:Core CPI|USD_840030030:Real Earnings m/m|USD_840030033:CPI n.s.a. m/m|USD_840030034:Core CPI n.s.a. m/m|USD_840030035:CPI|USD_840030036:Core CPI n.s.a.|EUR_276010024:Current Account n.s.a.,False,False,False,0.2,-0.3,-0.1,,0.5,0.3,POSITIVE,POSITIVE,1,-1,1,-1,True,1747152000,2025.05.13 16:00:00,1800,True,True,0.001259,True,True,True,True,True,True,True,True,True,True,True,True,,,,,,
USD_CPI_1747150200,1747150200,2025.05.13 15:30:00,2025,CORE_2015_2025,CPI,EURUSD,QUOTE,840030005,CPI m/m,True,"840030005,840030006,840030007,840030008",USD_840030009:CPI n.s.a.|USD_840030010:Core CPI|USD_840030030:Real Earnings m/m|USD_840030033:CPI n.s.a. m/m|USD_840030034:Core CPI n.s.a. m/m|USD_840030035:CPI|USD_840030036:Core CPI n.s.a.|EUR_276010024:Current Account n.s.a.,False,False,False,0.2,-0.3,-0.1,,0.5,0.3,POSITIVE,POSITIVE,1,-1,1,-1,True,1747152000,2025.05.13 16:00:00,1800,True,True,0.001663,True,True,True,True,True,True,True,True,True,True,True,True,,,,,,
USD_CPI_1747150200,1747150200,2025.05.13 15:30:00,2025,CORE_2015_2025,CPI,GBPUSD,QUOTE,840030005,CPI m/m,True,"840030005,840030006,840030007,840030008",USD_840030009:CPI n.s.a.|USD_840030010:Core CPI|USD_840030030:Real Earnings m/m|USD_840030033:CPI n.s.a. m/m|USD_840030034:Core CPI n.s.a. m/m|USD_840030035:CPI|USD_840030036:Core CPI n.s.a.|EUR_276010024:Current Account n.s.a.,False,False,False,0.2,-0.3,-0.1,,0.5,0.3,POSITIVE,POSITIVE,1,-1,1,-1,True,1747152000,2025.05.13 16:00:00,1800,True,True,0.001707,True,True,True,True,True,True,True,True,True,True,True,True,,,,,,
USD_CPI_1747150200,1747150200,2025.05.13 15:30:00,2025,CORE_2015_2025,CPI,NZDUSD,QUOTE,840030005,CPI m/m,True,"840030005,840030006,840030007,840030008",USD_840030009:CPI n.s.a.|USD_840030010:Core CPI|USD_840030030:Real Earnings m/m|USD_840030033:CPI n.s.a. m/m|USD_840030034:Core CPI n.s.a. m/m|USD_840030035:CPI|USD_840030036:Core CPI n.s.a.|EUR_276010024:Current Account n.s.a.,False,False,False,0.2,-0.3,-0.1,,0.5,0.3,POSITIVE,POSITIVE,1,-1,1,-1,True,1747152000,2025.05.13 16:00:00,1800,True,True,0.001156,True,True,True,True,True,True,True,True,True,True,True,True,,,,,,
USD_CPI_1747150200,1747150200,2025.05.13 15:30:00,2025,CORE_2015_2025,CPI,USDCAD,BASE,840030005,CPI m/m,True,"840030005,840030006,840030007,840030008",USD_840030009:CPI n.s.a.|USD_840030010:Core CPI|USD_840030030:Real Earnings m/m|USD_840030033:CPI n.s.a. m/m|USD_840030034:Core CPI n.s.a. m/m|USD_840030035:CPI|USD_840030036:Core CPI n.s.a.|EUR_276010024:Current Account n.s.a.,False,False,False,0.2,-0.3,-0.1,,0.5,0.3,POSITIVE,POSITIVE,1,1,1,1,True,1747152000,2025.05.13 16:00:00,1800,True,True,0.001289,True,True,True,True,True,True,True,True,True,True,True,True,,,,,,
USD_CPI_1747150200,1747150200,2025.05.13 15:30:00,2025,CORE_2015_2025,CPI,USDCHF,BASE,840030005,CPI m/m,True,"840030005,840030006,840030007,840030008",USD_840030009:CPI n.s.a.|USD_840030010:Core CPI|USD_840030030:Real Earnings m/m|USD_840030033:CPI n.s.a. m/m|USD_840030034:Core CPI n.s.a. m/m|USD_840030035:CPI|USD_840030036:Core CPI n.s.a.|EUR_276010024:Current Account n.s.a.,False,False,False,0.2,-0.3,-0.1,,0.5,0.3,POSITIVE,POSITIVE,1,1,1,1,True,1747152000,2025.05.13 16:00:00,1800,True,True,0.001630,True,True,True,True,True,True,True,True,True,True,True,True,,,,,,
USD_CPI_1747150200,1747150200,2025.05.13 15:30:00,2025,CORE_2015_2025,CPI,USDJPY,BASE,840030005,CPI m/m,True,"840030005,840030006,840030007,840030008",USD_840030009:CPI n.s.a.|USD_840030010:Core CPI|USD_840030030:Real Earnings m/m|USD_840030033:CPI n.s.a. m/m|USD_840030034:Core CPI n.s.a. m/m|USD_840030035:CPI|USD_840030036:Core CPI n.s.a.|EUR_276010024:Current Account n.s.a.,False,False,False,0.2,-0.3,-0.1,,0.5,0.3,POSITIVE,POSITIVE,1,1,1,1,True,1747152000,2025.05.13 16:00:00,1800,True,True,0.271861,True,True,True,True,True,True,True,True,True,True,True,True,,,,,,
USD_CPI_1749655800,1749655800,2025.06.11 15:30:00,2025,CORE_2015_2025,CPI,AUDUSD,QUOTE,840030005,CPI m/m,True,"840030005,840030006,840030007,840030008",USD_840030009:CPI n.s.a.|USD_840030010:Core CPI|USD_840030030:Real Earnings m/m|USD_840030033:CPI n.s.a. m/m|USD_840030034:Core CPI n.s.a. m/m|USD_840030035:CPI|USD_840030036:Core CPI n.s.a.|CAD_124010001:Building Permits m/m,False,False,False,0.1,0.6,0.2,,-0.5,-0.1,NEGATIVE,NEGATIVE,-1,1,-1,1,True,1749657600,2025.06.11 16:00:00,1800,True,True,0.000914,True,True,True,True,True,True,True,True,True,True,True,True,,,,,,
USD_CPI_1749655800,1749655800,2025.06.11 15:30:00,2025,CORE_2015_2025,CPI,EURUSD,QUOTE,840030005,CPI m/m,True,"840030005,840030006,840030007,840030008",USD_840030009:CPI n.s.a.|USD_840030010:Core CPI|USD_840030030:Real Earnings m/m|USD_840030033:CPI n.s.a. m/m|USD_840030034:Core CPI n.s.a. m/m|USD_840030035:CPI|USD_840030036:Core CPI n.s.a.|CAD_124010001:Building Permits m/m,False,False,False,0.1,0.6,0.2,,-0.5,-0.1,NEGATIVE,NEGATIVE,-1,1,-1,1,True,1749657600,2025.06.11 16:00:00,1800,True,True,0.001371,True,True,True,True,True,True,True,True,True,True,True,True,,,,,,
USD_CPI_1749655800,1749655800,2025.06.11 15:30:00,2025,CORE_2015_2025,CPI,GBPUSD,QUOTE,840030005,CPI m/m,True,"840030005,840030006,840030007,840030008",USD_840030009:CPI n.s.a.|USD_840030010:Core CPI|USD_840030030:Real Earnings m/m|USD_840030033:CPI n.s.a. m/m|USD_840030034:Core CPI n.s.a. m/m|USD_840030035:CPI|USD_840030036:Core CPI n.s.a.|CAD_124010001:Building Permits m/m,False,False,False,0.1,0.6,0.2,,-0.5,-0.1,NEGATIVE,NEGATIVE,-1,1,-1,1,True,1749657600,2025.06.11 16:00:00,1800,True,True,0.001484,True,True,True,True,True,True,True,True,True,True,True,True,,,,,,
USD_CPI_1749655800,1749655800,2025.06.11 15:30:00,2025,CORE_2015_2025,CPI,NZDUSD,QUOTE,840030005,CPI m/m,True,"840030005,840030006,840030007,840030008",USD_840030009:CPI n.s.a.|USD_840030010:Core CPI|USD_840030030:Real Earnings m/m|USD_840030033:CPI n.s.a. m/m|USD_840030034:Core CPI n.s.a. m/m|USD_840030035:CPI|USD_840030036:Core CPI n.s.a.|CAD_124010001:Building Permits m/m,False,False,False,0.1,0.6,0.2,,-0.5,-0.1,NEGATIVE,NEGATIVE,-1,1,-1,1,True,1749657600,2025.06.11 16:00:00,1800,True,True,0.000935,True,True,True,True,True,True,True,True,True,True,True,True,,,,,,
USD_CPI_1749655800,1749655800,2025.06.11 15:30:00,2025,CORE_2015_2025,CPI,USDCAD,BASE,840030005,CPI m/m,True,"840030005,840030006,840030007,840030008",USD_840030009:CPI n.s.a.|USD_840030010:Core CPI|USD_840030030:Real Earnings m/m|USD_840030033:CPI n.s.a. m/m|USD_840030034:Core CPI n.s.a. m/m|USD_840030035:CPI|USD_840030036:Core CPI n.s.a.|CAD_124010001:Building Permits m/m,False,False,False,0.1,0.6,0.2,,-0.5,-0.1,NEGATIVE,NEGATIVE,-1,-1,-1,-1,True,1749657600,2025.06.11 16:00:00,1800,True,True,0.000953,True,True,True,True,True,True,True,True,True,True,True,True,,,,,,
USD_CPI_1749655800,1749655800,2025.06.11 15:30:00,2025,CORE_2015_2025,CPI,USDCHF,BASE,840030005,CPI m/m,True,"840030005,840030006,840030007,840030008",USD_840030009:CPI n.s.a.|USD_840030010:Core CPI|USD_840030030:Real Earnings m/m|USD_840030033:CPI n.s.a. m/m|USD_840030034:Core CPI n.s.a. m/m|USD_840030035:CPI|USD_840030036:Core CPI n.s.a.|CAD_124010001:Building Permits m/m,False,False,False,0.1,0.6,0.2,,-0.5,-0.1,NEGATIVE,NEGATIVE,-1,-1,-1,-1,True,1749657600,2025.06.11 16:00:00,1800,True,True,0.000891,True,True,True,True,True,True,True,True,True,True,True,True,,,,,,
USD_CPI_1749655800,1749655800,2025.06.11 15:30:00,2025,CORE_2015_2025,CPI,USDJPY,BASE,840030005,CPI m/m,True,"840030005,840030006,840030007,840030008",USD_840030009:CPI n.s.a.|USD_840030010:Core CPI|USD_840030030:Real Earnings m/m|USD_840030033:CPI n.s.a. m/m|USD_840030034:Core CPI n.s.a. m/m|USD_840030035:CPI|USD_840030036:Core CPI n.s.a.|CAD_124010001:Building Permits m/m,False,False,False,0.1,0.6,0.2,,-0.5,-0.1,NEGATIVE,NEGATIVE,-1,-1,-1,-1,True,1749657600,2025.06.11 16:00:00,1800,True,True,0.193442,True,True,True,True,True,True,True,True,True,True,True,True,,,,,,
USD_CPI_1752593400,1752593400,2025.07.15 15:30:00,2025,CORE_2015_2025,CPI,AUDUSD,QUOTE,840030005,CPI m/m,True,"840030005,840030006,840030007,840030008",USD_840030009:CPI n.s.a.|USD_840030010:Core CPI|USD_840030030:Real Earnings m/m|USD_840030033:CPI n.s.a. m/m|USD_840030034:Core CPI n.s.a. m/m|USD_840030035:CPI|USD_840030036:Core CPI n.s.a.|USD_840230001:NY Fed Empire State Manufacturing Index|CAD_124010003:CPI m/m|CAD_124010004:CPI y/y|CAD_124010005:Core CPI m/m|CAD_124010006:Core CPI y/y|CAD_124010029:Manufacturing Sales m/m|CAD_124010032:Common CPI y/y|CAD_124010033:Median CPI y/y|CAD_124010034:Trimmed CPI y/y,False,False,False,0.3,-0.3,0.1,,0.6,0.2,POSITIVE,POSITIVE,1,-1,1,-1,True,1752595200,2025.07.15 16:00:00,1800,True,True,0.000938,True,True,True,True,True,True,True,True,True,True,True,True,,,,,,
USD_CPI_1752593400,1752593400,2025.07.15 15:30:00,2025,CORE_2015_2025,CPI,EURUSD,QUOTE,840030005,CPI m/m,True,"840030005,840030006,840030007,840030008",USD_840030009:CPI n.s.a.|USD_840030010:Core CPI|USD_840030030:Real Earnings m/m|USD_840030033:CPI n.s.a. m/m|USD_840030034:Core CPI n.s.a. m/m|USD_840030035:CPI|USD_840030036:Core CPI n.s.a.|USD_840230001:NY Fed Empire State Manufacturing Index|CAD_124010003:CPI m/m|CAD_124010004:CPI y/y|CAD_124010005:Core CPI m/m|CAD_124010006:Core CPI y/y|CAD_124010029:Manufacturing Sales m/m|CAD_124010032:Common CPI y/y|CAD_124010033:Median CPI y/y|CAD_124010034:Trimmed CPI y/y,False,False,False,0.3,-0.3,0.1,,0.6,0.2,POSITIVE,POSITIVE,1,-1,1,-1,True,1752595200,2025.07.15 16:00:00,1800,True,True,0.001149,True,True,True,True,True,True,True,True,True,True,True,True,,,,,,
USD_CPI_1752593400,1752593400,2025.07.15 15:30:00,2025,CORE_2015_2025,CPI,GBPUSD,QUOTE,840030005,CPI m/m,True,"840030005,840030006,840030007,840030008",USD_840030009:CPI n.s.a.|USD_840030010:Core CPI|USD_840030030:Real Earnings m/m|USD_840030033:CPI n.s.a. m/m|USD_840030034:Core CPI n.s.a. m/m|USD_840030035:CPI|USD_840030036:Core CPI n.s.a.|USD_840230001:NY Fed Empire State Manufacturing Index|CAD_124010003:CPI m/m|CAD_124010004:CPI y/y|CAD_124010005:Core CPI m/m|CAD_124010006:Core CPI y/y|CAD_124010029:Manufacturing Sales m/m|CAD_124010032:Common CPI y/y|CAD_124010033:Median CPI y/y|CAD_124010034:Trimmed CPI y/y,False,False,False,0.3,-0.3,0.1,,0.6,0.2,POSITIVE,POSITIVE,1,-1,1,-1,True,1752595200,2025.07.15 16:00:00,1800,True,True,0.001329,True,True,True,True,True,True,True,True,True,True,True,True,,,,,,
USD_CPI_1752593400,1752593400,2025.07.15 15:30:00,2025,CORE_2015_2025,CPI,NZDUSD,QUOTE,840030005,CPI m/m,True,"840030005,840030006,840030007,840030008",USD_840030009:CPI n.s.a.|USD_840030010:Core CPI|USD_840030030:Real Earnings m/m|USD_840030033:CPI n.s.a. m/m|USD_840030034:Core CPI n.s.a. m/m|USD_840030035:CPI|USD_840030036:Core CPI n.s.a.|USD_840230001:NY Fed Empire State Manufacturing Index|CAD_124010003:CPI m/m|CAD_124010004:CPI y/y|CAD_124010005:Core CPI m/m|CAD_124010006:Core CPI y/y|CAD_124010029:Manufacturing Sales m/m|CAD_124010032:Common CPI y/y|CAD_124010033:Median CPI y/y|CAD_124010034:Trimmed CPI y/y,False,False,False,0.3,-0.3,0.1,,0.6,0.2,POSITIVE,POSITIVE,1,-1,1,-1,True,1752595200,2025.07.15 16:00:00,1800,True,True,0.000806,True,True,True,True,True,True,True,True,True,True,True,True,,,,,,
USD_CPI_1752593400,1752593400,2025.07.15 15:30:00,2025,CORE_2015_2025,CPI,USDCAD,BASE,840030005,CPI m/m,True,"840030005,840030006,840030007,840030008",USD_840030009:CPI n.s.a.|USD_840030010:Core CPI|USD_840030030:Real Earnings m/m|USD_840030033:CPI n.s.a. m/m|USD_840030034:Core CPI n.s.a. m/m|USD_840030035:CPI|USD_840030036:Core CPI n.s.a.|USD_840230001:NY Fed Empire State Manufacturing Index|CAD_124010003:CPI m/m|CAD_124010004:CPI y/y|CAD_124010005:Core CPI m/m|CAD_124010006:Core CPI y/y|CAD_124010029:Manufacturing Sales m/m|CAD_124010032:Common CPI y/y|CAD_124010033:Median CPI y/y|CAD_124010034:Trimmed CPI y/y,False,False,False,0.3,-0.3,0.1,,0.6,0.2,POSITIVE,POSITIVE,1,1,1,1,True,1752595200,2025.07.15 16:00:00,1800,True,True,0.001009,True,True,True,True,True,True,True,True,True,True,True,True,,,,,,
USD_CPI_1752593400,1752593400,2025.07.15 15:30:00,2025,CORE_2015_2025,CPI,USDCHF,BASE,840030005,CPI m/m,True,"840030005,840030006,840030007,840030008",USD_840030009:CPI n.s.a.|USD_840030010:Core CPI|USD_840030030:Real Earnings m/m|USD_840030033:CPI n.s.a. m/m|USD_840030034:Core CPI n.s.a. m/m|USD_840030035:CPI|USD_840030036:Core CPI n.s.a.|USD_840230001:NY Fed Empire State Manufacturing Index|CAD_124010003:CPI m/m|CAD_124010004:CPI y/y|CAD_124010005:Core CPI m/m|CAD_124010006:Core CPI y/y|CAD_124010029:Manufacturing Sales m/m|CAD_124010032:Common CPI y/y|CAD_124010033:Median CPI y/y|CAD_124010034:Trimmed CPI y/y,False,False,False,0.3,-0.3,0.1,,0.6,0.2,POSITIVE,POSITIVE,1,1,1,1,True,1752595200,2025.07.15 16:00:00,1800,True,True,0.000799,True,True,True,True,True,True,True,True,True,True,True,True,,,,,,
USD_CPI_1752593400,1752593400,2025.07.15 15:30:00,2025,CORE_2015_2025,CPI,USDJPY,BASE,840030005,CPI m/m,True,"840030005,840030006,840030007,840030008",USD_840030009:CPI n.s.a.|USD_840030010:Core CPI|USD_840030030:Real Earnings m/m|USD_840030033:CPI n.s.a. m/m|USD_840030034:Core CPI n.s.a. m/m|USD_840030035:CPI|USD_840030036:Core CPI n.s.a.|USD_840230001:NY Fed Empire State Manufacturing Index|CAD_124010003:CPI m/m|CAD_124010004:CPI y/y|CAD_124010005:Core CPI m/m|CAD_124010006:Core CPI y/y|CAD_124010029:Manufacturing Sales m/m|CAD_124010032:Common CPI y/y|CAD_124010033:Median CPI y/y|CAD_124010034:Trimmed CPI y/y,False,False,False,0.3,-0.3,0.1,,0.6,0.2,POSITIVE,POSITIVE,1,1,1,1,True,1752595200,2025.07.15 16:00:00,1800,True,True,0.157867,True,True,True,True,True,True,True,True,True,True,True,True,,,,,,
USD_CPI_1755012600,1755012600,2025.08.12 15:30:00,2025,CORE_2015_2025,CPI,AUDUSD,QUOTE,840030005,CPI m/m,True,"840030005,840030006,840030007,840030008",USD_840030009:CPI n.s.a.|USD_840030010:Core CPI|USD_840030030:Real Earnings m/m|USD_840030033:CPI n.s.a. m/m|USD_840030034:Core CPI n.s.a. m/m|USD_840030035:CPI|USD_840030036:Core CPI n.s.a.|EUR_276010024:Current Account n.s.a.|CAD_124010001:Building Permits m/m,False,False,False,0.2,0.6,0.3,,-0.4,-0.1,NEGATIVE,NEGATIVE,-1,1,-1,1,True,1755014400,2025.08.12 16:00:00,1800,True,True,0.000877,True,True,True,True,True,True,True,True,True,True,True,True,,,,,,
USD_CPI_1755012600,1755012600,2025.08.12 15:30:00,2025,CORE_2015_2025,CPI,EURUSD,QUOTE,840030005,CPI m/m,True,"840030005,840030006,840030007,840030008",USD_840030009:CPI n.s.a.|USD_840030010:Core CPI|USD_840030030:Real Earnings m/m|USD_840030033:CPI n.s.a. m/m|USD_840030034:Core CPI n.s.a. m/m|USD_840030035:CPI|USD_840030036:Core CPI n.s.a.|EUR_276010024:Current Account n.s.a.|CAD_124010001:Building Permits m/m,False,False,False,0.2,0.6,0.3,,-0.4,-0.1,NEGATIVE,NEGATIVE,-1,1,-1,1,True,1755014400,2025.08.12 16:00:00,1800,True,True,0.001186,True,True,True,True,True,True,True,True,True,True,True,True,,,,,,
USD_CPI_1755012600,1755012600,2025.08.12 15:30:00,2025,CORE_2015_2025,CPI,GBPUSD,QUOTE,840030005,CPI m/m,True,"840030005,840030006,840030007,840030008",USD_840030009:CPI n.s.a.|USD_840030010:Core CPI|USD_840030030:Real Earnings m/m|USD_840030033:CPI n.s.a. m/m|USD_840030034:Core CPI n.s.a. m/m|USD_840030035:CPI|USD_840030036:Core CPI n.s.a.|EUR_276010024:Current Account n.s.a.|CAD_124010001:Building Permits m/m,False,False,False,0.2,0.6,0.3,,-0.4,-0.1,NEGATIVE,NEGATIVE,-1,1,-1,1,True,1755014400,2025.08.12 16:00:00,1800,True,True,0.001417,True,True,True,True,True,True,True,True,True,True,True,True,,,,,,
USD_CPI_1755012600,1755012600,2025.08.12 15:30:00,2025,CORE_2015_2025,CPI,NZDUSD,QUOTE,840030005,CPI m/m,True,"840030005,840030006,840030007,840030008",USD_840030009:CPI n.s.a.|USD_840030010:Core CPI|USD_840030030:Real Earnings m/m|USD_840030033:CPI n.s.a. m/m|USD_840030034:Core CPI n.s.a. m/m|USD_840030035:CPI|USD_840030036:Core CPI n.s.a.|EUR_276010024:Current Account n.s.a.|CAD_124010001:Building Permits m/m,False,False,False,0.2,0.6,0.3,,-0.4,-0.1,NEGATIVE,NEGATIVE,-1,1,-1,1,True,1755014400,2025.08.12 16:00:00,1800,True,True,0.000778,True,True,True,True,True,True,True,True,True,True,True,True,,,,,,
USD_CPI_1755012600,1755012600,2025.08.12 15:30:00,2025,CORE_2015_2025,CPI,USDCAD,BASE,840030005,CPI m/m,True,"840030005,840030006,840030007,840030008",USD_840030009:CPI n.s.a.|USD_840030010:Core CPI|USD_840030030:Real Earnings m/m|USD_840030033:CPI n.s.a. m/m|USD_840030034:Core CPI n.s.a. m/m|USD_840030035:CPI|USD_840030036:Core CPI n.s.a.|EUR_276010024:Current Account n.s.a.|CAD_124010001:Building Permits m/m,False,False,False,0.2,0.6,0.3,,-0.4,-0.1,NEGATIVE,NEGATIVE,-1,-1,-1,-1,True,1755014400,2025.08.12 16:00:00,1800,True,True,0.000915,True,True,True,True,True,True,True,True,True,True,True,True,,,,,,
USD_CPI_1755012600,1755012600,2025.08.12 15:30:00,2025,CORE_2015_2025,CPI,USDCHF,BASE,840030005,CPI m/m,True,"840030005,840030006,840030007,840030008",USD_840030009:CPI n.s.a.|USD_840030010:Core CPI|USD_840030030:Real Earnings m/m|USD_840030033:CPI n.s.a. m/m|USD_840030034:Core CPI n.s.a. m/m|USD_840030035:CPI|USD_840030036:Core CPI n.s.a.|EUR_276010024:Current Account n.s.a.|CAD_124010001:Building Permits m/m,False,False,False,0.2,0.6,0.3,,-0.4,-0.1,NEGATIVE,NEGATIVE,-1,-1,-1,-1,True,1755014400,2025.08.12 16:00:00,1800,True,True,0.000909,True,True,True,True,True,True,True,True,True,True,True,True,,,,,,
USD_CPI_1755012600,1755012600,2025.08.12 15:30:00,2025,CORE_2015_2025,CPI,USDJPY,BASE,840030005,CPI m/m,True,"840030005,840030006,840030007,840030008",USD_840030009:CPI n.s.a.|USD_840030010:Core CPI|USD_840030030:Real Earnings m/m|USD_840030033:CPI n.s.a. m/m|USD_840030034:Core CPI n.s.a. m/m|USD_840030035:CPI|USD_840030036:Core CPI n.s.a.|EUR_276010024:Current Account n.s.a.|CAD_124010001:Building Permits m/m,False,False,False,0.2,0.6,0.3,,-0.4,-0.1,NEGATIVE,NEGATIVE,-1,-1,-1,-1,True,1755014400,2025.08.12 16:00:00,1800,True,True,0.153151,True,True,True,True,True,True,True,True,True,True,True,True,,,,,,
USD_CPI_1757604600,1757604600,2025.09.11 15:30:00,2025,CORE_2015_2025,CPI,AUDUSD,QUOTE,840030005,CPI m/m,True,"840030005,840030006,840030007,840030008",USD_840030009:CPI n.s.a.|USD_840030010:Core CPI|USD_840030030:Real Earnings m/m|USD_840030033:CPI n.s.a. m/m|USD_840030034:Core CPI n.s.a. m/m|USD_840030035:CPI|USD_840030036:Core CPI n.s.a.|USD_840140001:Initial Jobless Claims|USD_840140002:Continuing Jobless Claims|USD_840140003:Initial Jobless Claims 4-Week Average|EUR_276010024:Current Account n.s.a.,False,False,False,0.4,0.2,0.2,0.2,0.2,0.2,POSITIVE,POSITIVE,1,-1,1,-1,True,1757606400,2025.09.11 16:00:00,1800,True,True,0.000813,True,True,True,True,True,True,True,True,True,True,True,True,,,,,,
USD_CPI_1757604600,1757604600,2025.09.11 15:30:00,2025,CORE_2015_2025,CPI,EURUSD,QUOTE,840030005,CPI m/m,True,"840030005,840030006,840030007,840030008",USD_840030009:CPI n.s.a.|USD_840030010:Core CPI|USD_840030030:Real Earnings m/m|USD_840030033:CPI n.s.a. m/m|USD_840030034:Core CPI n.s.a. m/m|USD_840030035:CPI|USD_840030036:Core CPI n.s.a.|USD_840140001:Initial Jobless Claims|USD_840140002:Continuing Jobless Claims|USD_840140003:Initial Jobless Claims 4-Week Average|EUR_276010024:Current Account n.s.a.,False,False,False,0.4,0.2,0.2,0.2,0.2,0.2,POSITIVE,POSITIVE,1,-1,1,-1,True,1757606400,2025.09.11 16:00:00,1800,True,True,0.001095,True,True,True,True,True,True,True,True,True,True,True,True,,,,,,
USD_CPI_1757604600,1757604600,2025.09.11 15:30:00,2025,CORE_2015_2025,CPI,GBPUSD,QUOTE,840030005,CPI m/m,True,"840030005,840030006,840030007,840030008",USD_840030009:CPI n.s.a.|USD_840030010:Core CPI|USD_840030030:Real Earnings m/m|USD_840030033:CPI n.s.a. m/m|USD_840030034:Core CPI n.s.a. m/m|USD_840030035:CPI|USD_840030036:Core CPI n.s.a.|USD_840140001:Initial Jobless Claims|USD_840140002:Continuing Jobless Claims|USD_840140003:Initial Jobless Claims 4-Week Average|EUR_276010024:Current Account n.s.a.,False,False,False,0.4,0.2,0.2,0.2,0.2,0.2,POSITIVE,POSITIVE,1,-1,1,-1,True,1757606400,2025.09.11 16:00:00,1800,True,True,0.001320,True,True,True,True,True,True,True,True,True,True,True,True,,,,,,
USD_CPI_1757604600,1757604600,2025.09.11 15:30:00,2025,CORE_2015_2025,CPI,NZDUSD,QUOTE,840030005,CPI m/m,True,"840030005,840030006,840030007,840030008",USD_840030009:CPI n.s.a.|USD_840030010:Core CPI|USD_840030030:Real Earnings m/m|USD_840030033:CPI n.s.a. m/m|USD_840030034:Core CPI n.s.a. m/m|USD_840030035:CPI|USD_840030036:Core CPI n.s.a.|USD_840140001:Initial Jobless Claims|USD_840140002:Continuing Jobless Claims|USD_840140003:Initial Jobless Claims 4-Week Average|EUR_276010024:Current Account n.s.a.,False,False,False,0.4,0.2,0.2,0.2,0.2,0.2,POSITIVE,POSITIVE,1,-1,1,-1,True,1757606400,2025.09.11 16:00:00,1800,True,True,0.000760,True,True,True,True,True,True,True,True,True,True,True,True,,,,,,
USD_CPI_1757604600,1757604600,2025.09.11 15:30:00,2025,CORE_2015_2025,CPI,USDCAD,BASE,840030005,CPI m/m,True,"840030005,840030006,840030007,840030008",USD_840030009:CPI n.s.a.|USD_840030010:Core CPI|USD_840030030:Real Earnings m/m|USD_840030033:CPI n.s.a. m/m|USD_840030034:Core CPI n.s.a. m/m|USD_840030035:CPI|USD_840030036:Core CPI n.s.a.|USD_840140001:Initial Jobless Claims|USD_840140002:Continuing Jobless Claims|USD_840140003:Initial Jobless Claims 4-Week Average|EUR_276010024:Current Account n.s.a.,False,False,False,0.4,0.2,0.2,0.2,0.2,0.2,POSITIVE,POSITIVE,1,1,1,1,True,1757606400,2025.09.11 16:00:00,1800,True,True,0.000905,True,True,True,True,True,True,True,True,True,True,True,True,,,,,,
USD_CPI_1757604600,1757604600,2025.09.11 15:30:00,2025,CORE_2015_2025,CPI,USDCHF,BASE,840030005,CPI m/m,True,"840030005,840030006,840030007,840030008",USD_840030009:CPI n.s.a.|USD_840030010:Core CPI|USD_840030030:Real Earnings m/m|USD_840030033:CPI n.s.a. m/m|USD_840030034:Core CPI n.s.a. m/m|USD_840030035:CPI|USD_840030036:Core CPI n.s.a.|USD_840140001:Initial Jobless Claims|USD_840140002:Continuing Jobless Claims|USD_840140003:Initial Jobless Claims 4-Week Average|EUR_276010024:Current Account n.s.a.,False,False,False,0.4,0.2,0.2,0.2,0.2,0.2,POSITIVE,POSITIVE,1,1,1,1,True,1757606400,2025.09.11 16:00:00,1800,True,True,0.000772,True,True,True,True,True,True,True,True,True,True,True,True,,,,,,
USD_CPI_1757604600,1757604600,2025.09.11 15:30:00,2025,CORE_2015_2025,CPI,USDJPY,BASE,840030005,CPI m/m,True,"840030005,840030006,840030007,840030008",USD_840030009:CPI n.s.a.|USD_840030010:Core CPI|USD_840030030:Real Earnings m/m|USD_840030033:CPI n.s.a. m/m|USD_840030034:Core CPI n.s.a. m/m|USD_840030035:CPI|USD_840030036:Core CPI n.s.a.|USD_840140001:Initial Jobless Claims|USD_840140002:Continuing Jobless Claims|USD_840140003:Initial Jobless Claims 4-Week Average|EUR_276010024:Current Account n.s.a.,False,False,False,0.4,0.2,0.2,0.2,0.2,0.2,POSITIVE,POSITIVE,1,1,1,1,True,1757606400,2025.09.11 16:00:00,1800,True,True,0.138280,True,True,True,True,True,True,True,True,True,True,True,True,,,,,,
USD_CPI_1761319800,1761319800,2025.10.24 15:30:00,2025,CORE_2015_2025,CPI,AUDUSD,QUOTE,840030005,CPI m/m,True,"840030005,840030006,840030007,840030008",USD_840030009:CPI n.s.a.|USD_840030010:Core CPI|USD_840030033:CPI n.s.a. m/m|USD_840030034:Core CPI n.s.a. m/m|USD_840030035:CPI|USD_840030036:Core CPI n.s.a.|CAD_124010030:New Housing Price Index m/m,False,False,False,0.3,,0.4,0.4,,-0.1,MISSING,NEGATIVE,,,-1,1,True,1761321600,2025.10.24 16:00:00,1800,True,True,0.000742,True,True,True,True,True,True,False,False,False,True,True,True,excluded_missing_forecast,excluded_missing_forecast,excluded_missing_forecast,,,
USD_CPI_1761319800,1761319800,2025.10.24 15:30:00,2025,CORE_2015_2025,CPI,EURUSD,QUOTE,840030005,CPI m/m,True,"840030005,840030006,840030007,840030008",USD_840030009:CPI n.s.a.|USD_840030010:Core CPI|USD_840030033:CPI n.s.a. m/m|USD_840030034:Core CPI n.s.a. m/m|USD_840030035:CPI|USD_840030036:Core CPI n.s.a.|CAD_124010030:New Housing Price Index m/m,False,False,False,0.3,,0.4,0.4,,-0.1,MISSING,NEGATIVE,,,-1,1,True,1761321600,2025.10.24 16:00:00,1800,True,True,0.000956,True,True,True,True,True,True,False,False,False,True,True,True,excluded_missing_forecast,excluded_missing_forecast,excluded_missing_forecast,,,
USD_CPI_1761319800,1761319800,2025.10.24 15:30:00,2025,CORE_2015_2025,CPI,GBPUSD,QUOTE,840030005,CPI m/m,True,"840030005,840030006,840030007,840030008",USD_840030009:CPI n.s.a.|USD_840030010:Core CPI|USD_840030033:CPI n.s.a. m/m|USD_840030034:Core CPI n.s.a. m/m|USD_840030035:CPI|USD_840030036:Core CPI n.s.a.|CAD_124010030:New Housing Price Index m/m,False,False,False,0.3,,0.4,0.4,,-0.1,MISSING,NEGATIVE,,,-1,1,True,1761321600,2025.10.24 16:00:00,1800,True,True,0.001303,True,True,True,True,True,True,False,False,False,True,True,True,excluded_missing_forecast,excluded_missing_forecast,excluded_missing_forecast,,,
USD_CPI_1761319800,1761319800,2025.10.24 15:30:00,2025,CORE_2015_2025,CPI,NZDUSD,QUOTE,840030005,CPI m/m,True,"840030005,840030006,840030007,840030008",USD_840030009:CPI n.s.a.|USD_840030010:Core CPI|USD_840030033:CPI n.s.a. m/m|USD_840030034:Core CPI n.s.a. m/m|USD_840030035:CPI|USD_840030036:Core CPI n.s.a.|CAD_124010030:New Housing Price Index m/m,False,False,False,0.3,,0.4,0.4,,-0.1,MISSING,NEGATIVE,,,-1,1,True,1761321600,2025.10.24 16:00:00,1800,True,True,0.000635,True,True,True,True,True,True,False,False,False,True,True,True,excluded_missing_forecast,excluded_missing_forecast,excluded_missing_forecast,,,
USD_CPI_1761319800,1761319800,2025.10.24 15:30:00,2025,CORE_2015_2025,CPI,USDCAD,BASE,840030005,CPI m/m,True,"840030005,840030006,840030007,840030008",USD_840030009:CPI n.s.a.|USD_840030010:Core CPI|USD_840030033:CPI n.s.a. m/m|USD_840030034:Core CPI n.s.a. m/m|USD_840030035:CPI|USD_840030036:Core CPI n.s.a.|CAD_124010030:New Housing Price Index m/m,False,False,False,0.3,,0.4,0.4,,-0.1,MISSING,NEGATIVE,,,-1,-1,True,1761321600,2025.10.24 16:00:00,1800,True,True,0.001017,True,True,True,True,True,True,False,False,False,True,True,True,excluded_missing_forecast,excluded_missing_forecast,excluded_missing_forecast,,,
USD_CPI_1761319800,1761319800,2025.10.24 15:30:00,2025,CORE_2015_2025,CPI,USDCHF,BASE,840030005,CPI m/m,True,"840030005,840030006,840030007,840030008",USD_840030009:CPI n.s.a.|USD_840030010:Core CPI|USD_840030033:CPI n.s.a. m/m|USD_840030034:Core CPI n.s.a. m/m|USD_840030035:CPI|USD_840030036:Core CPI n.s.a.|CAD_124010030:New Housing Price Index m/m,False,False,False,0.3,,0.4,0.4,,-0.1,MISSING,NEGATIVE,,,-1,-1,True,1761321600,2025.10.24 16:00:00,1800,True,True,0.000671,True,True,True,True,True,True,False,False,False,True,True,True,excluded_missing_forecast,excluded_missing_forecast,excluded_missing_forecast,,,
USD_CPI_1761319800,1761319800,2025.10.24 15:30:00,2025,CORE_2015_2025,CPI,USDJPY,BASE,840030005,CPI m/m,True,"840030005,840030006,840030007,840030008",USD_840030009:CPI n.s.a.|USD_840030010:Core CPI|USD_840030033:CPI n.s.a. m/m|USD_840030034:Core CPI n.s.a. m/m|USD_840030035:CPI|USD_840030036:Core CPI n.s.a.|CAD_124010030:New Housing Price Index m/m,False,False,False,0.3,,0.4,0.4,,-0.1,MISSING,NEGATIVE,,,-1,-1,True,1761321600,2025.10.24 16:00:00,1800,True,True,0.149857,True,True,True,True,True,True,False,False,False,True,True,True,excluded_missing_forecast,excluded_missing_forecast,excluded_missing_forecast,,,
USD_CPI_1766075400,1766075400,2025.12.18 16:30:00,2025,CORE_2015_2025,CPI,AUDUSD,QUOTE,840030005,CPI m/m,False,"840030007,840030008",USD_840030009:CPI n.s.a.|USD_840030010:Core CPI|USD_840030035:CPI|USD_840030036:Core CPI n.s.a.|USD_840070001:Philadelphia Fed Manufacturing Index|USD_840070002:Philadelphia Fed Employment|USD_840070003:Philadelphia Fed Business Conditions|USD_840070004:Philadelphia Fed Prices Paid|USD_840070005:Philadelphia Fed New Orders|USD_840070006:Philadelphia Fed Capex Index|USD_840140001:Initial Jobless Claims|USD_840140002:Continuing Jobless Claims|USD_840140003:Initial Jobless Claims 4-Week Average,False,False,False,,,,,,,MISSING,MISSING,,,,,True,1766077200,2025.12.18 17:00:00,1800,True,True,0.000861,True,True,True,True,True,True,False,False,False,False,False,False,excluded_missing_anchor_cpi_mm,excluded_missing_anchor_cpi_mm,excluded_missing_anchor_cpi_mm,excluded_missing_anchor_cpi_mm,excluded_missing_anchor_cpi_mm,excluded_missing_anchor_cpi_mm
USD_CPI_1766075400,1766075400,2025.12.18 16:30:00,2025,CORE_2015_2025,CPI,EURUSD,QUOTE,840030005,CPI m/m,False,"840030007,840030008",USD_840030009:CPI n.s.a.|USD_840030010:Core CPI|USD_840030035:CPI|USD_840030036:Core CPI n.s.a.|USD_840070001:Philadelphia Fed Manufacturing Index|USD_840070002:Philadelphia Fed Employment|USD_840070003:Philadelphia Fed Business Conditions|USD_840070004:Philadelphia Fed Prices Paid|USD_840070005:Philadelphia Fed New Orders|USD_840070006:Philadelphia Fed Capex Index|USD_840140001:Initial Jobless Claims|USD_840140002:Continuing Jobless Claims|USD_840140003:Initial Jobless Claims 4-Week Average,False,False,False,,,,,,,MISSING,MISSING,,,,,True,1766077200,2025.12.18 17:00:00,1800,True,True,0.001269,True,True,True,True,True,True,False,False,False,False,False,False,excluded_missing_anchor_cpi_mm,excluded_missing_anchor_cpi_mm,excluded_missing_anchor_cpi_mm,excluded_missing_anchor_cpi_mm,excluded_missing_anchor_cpi_mm,excluded_missing_anchor_cpi_mm
USD_CPI_1766075400,1766075400,2025.12.18 16:30:00,2025,CORE_2015_2025,CPI,GBPUSD,QUOTE,840030005,CPI m/m,False,"840030007,840030008",USD_840030009:CPI n.s.a.|USD_840030010:Core CPI|USD_840030035:CPI|USD_840030036:Core CPI n.s.a.|USD_840070001:Philadelphia Fed Manufacturing Index|USD_840070002:Philadelphia Fed Employment|USD_840070003:Philadelphia Fed Business Conditions|USD_840070004:Philadelphia Fed Prices Paid|USD_840070005:Philadelphia Fed New Orders|USD_840070006:Philadelphia Fed Capex Index|USD_840140001:Initial Jobless Claims|USD_840140002:Continuing Jobless Claims|USD_840140003:Initial Jobless Claims 4-Week Average,False,False,False,,,,,,,MISSING,MISSING,,,,,True,1766077200,2025.12.18 17:00:00,1800,True,True,0.001816,True,True,True,True,True,True,False,False,False,False,False,False,excluded_missing_anchor_cpi_mm,excluded_missing_anchor_cpi_mm,excluded_missing_anchor_cpi_mm,excluded_missing_anchor_cpi_mm,excluded_missing_anchor_cpi_mm,excluded_missing_anchor_cpi_mm
USD_CPI_1766075400,1766075400,2025.12.18 16:30:00,2025,CORE_2015_2025,CPI,NZDUSD,QUOTE,840030005,CPI m/m,False,"840030007,840030008",USD_840030009:CPI n.s.a.|USD_840030010:Core CPI|USD_840030035:CPI|USD_840030036:Core CPI n.s.a.|USD_840070001:Philadelphia Fed Manufacturing Index|USD_840070002:Philadelphia Fed Employment|USD_840070003:Philadelphia Fed Business Conditions|USD_840070004:Philadelphia Fed Prices Paid|USD_840070005:Philadelphia Fed New Orders|USD_840070006:Philadelphia Fed Capex Index|USD_840140001:Initial Jobless Claims|USD_840140002:Continuing Jobless Claims|USD_840140003:Initial Jobless Claims 4-Week Average,False,False,False,,,,,,,MISSING,MISSING,,,,,True,1766077200,2025.12.18 17:00:00,1800,True,True,0.000896,True,True,True,True,True,True,False,False,False,False,False,False,excluded_missing_anchor_cpi_mm,excluded_missing_anchor_cpi_mm,excluded_missing_anchor_cpi_mm,excluded_missing_anchor_cpi_mm,excluded_missing_anchor_cpi_mm,excluded_missing_anchor_cpi_mm
USD_CPI_1766075400,1766075400,2025.12.18 16:30:00,2025,CORE_2015_2025,CPI,USDCAD,BASE,840030005,CPI m/m,False,"840030007,840030008",USD_840030009:CPI n.s.a.|USD_840030010:Core CPI|USD_840030035:CPI|USD_840030036:Core CPI n.s.a.|USD_840070001:Philadelphia Fed Manufacturing Index|USD_840070002:Philadelphia Fed Employment|USD_840070003:Philadelphia Fed Business Conditions|USD_840070004:Philadelphia Fed Prices Paid|USD_840070005:Philadelphia Fed New Orders|USD_840070006:Philadelphia Fed Capex Index|USD_840140001:Initial Jobless Claims|USD_840140002:Continuing Jobless Claims|USD_840140003:Initial Jobless Claims 4-Week Average,False,False,False,,,,,,,MISSING,MISSING,,,,,True,1766077200,2025.12.18 17:00:00,1800,True,True,0.001085,True,True,True,True,True,True,False,False,False,False,False,False,excluded_missing_anchor_cpi_mm,excluded_missing_anchor_cpi_mm,excluded_missing_anchor_cpi_mm,excluded_missing_anchor_cpi_mm,excluded_missing_anchor_cpi_mm,excluded_missing_anchor_cpi_mm
USD_CPI_1766075400,1766075400,2025.12.18 16:30:00,2025,CORE_2015_2025,CPI,USDCHF,BASE,840030005,CPI m/m,False,"840030007,840030008",USD_840030009:CPI n.s.a.|USD_840030010:Core CPI|USD_840030035:CPI|USD_840030036:Core CPI n.s.a.|USD_840070001:Philadelphia Fed Manufacturing Index|USD_840070002:Philadelphia Fed Employment|USD_840070003:Philadelphia Fed Business Conditions|USD_840070004:Philadelphia Fed Prices Paid|USD_840070005:Philadelphia Fed New Orders|USD_840070006:Philadelphia Fed Capex Index|USD_840140001:Initial Jobless Claims|USD_840140002:Continuing Jobless Claims|USD_840140003:Initial Jobless Claims 4-Week Average,False,False,False,,,,,,,MISSING,MISSING,,,,,True,1766077200,2025.12.18 17:00:00,1800,True,True,0.000930,True,True,True,True,True,True,False,False,False,False,False,False,excluded_missing_anchor_cpi_mm,excluded_missing_anchor_cpi_mm,excluded_missing_anchor_cpi_mm,excluded_missing_anchor_cpi_mm,excluded_missing_anchor_cpi_mm,excluded_missing_anchor_cpi_mm
USD_CPI_1766075400,1766075400,2025.12.18 16:30:00,2025,CORE_2015_2025,CPI,USDJPY,BASE,840030005,CPI m/m,False,"840030007,840030008",USD_840030009:CPI n.s.a.|USD_840030010:Core CPI|USD_840030035:CPI|USD_840030036:Core CPI n.s.a.|USD_840070001:Philadelphia Fed Manufacturing Index|USD_840070002:Philadelphia Fed Employment|USD_840070003:Philadelphia Fed Business Conditions|USD_840070004:Philadelphia Fed Prices Paid|USD_840070005:Philadelphia Fed New Orders|USD_840070006:Philadelphia Fed Capex Index|USD_840140001:Initial Jobless Claims|USD_840140002:Continuing Jobless Claims|USD_840140003:Initial Jobless Claims 4-Week Average,False,False,False,,,,,,,MISSING,MISSING,,,,,True,1766077200,2025.12.18 17:00:00,1800,True,True,0.183609,True,True,True,True,True,True,False,False,False,False,False,False,excluded_missing_anchor_cpi_mm,excluded_missing_anchor_cpi_mm,excluded_missing_anchor_cpi_mm,excluded_missing_anchor_cpi_mm,excluded_missing_anchor_cpi_mm,excluded_missing_anchor_cpi_mm
USD_CPI_1768321800,1768321800,2026.01.13 16:30:00,2026,PARTIAL_2026,CPI,AUDUSD,QUOTE,840030005,CPI m/m,True,"840030005,840030006,840030007,840030008",USD_840030009:CPI n.s.a.|USD_840030010:Core CPI|USD_840030030:Real Earnings m/m|USD_840030033:CPI n.s.a. m/m|USD_840030034:Core CPI n.s.a. m/m|USD_840030035:CPI|USD_840030036:Core CPI n.s.a.|CAD_124010001:Building Permits m/m,False,False,False,0.3,,0.3,,,0.0,MISSING,ZERO,,,,,True,1768323600,2026.01.13 17:00:00,1800,True,True,0.000828,True,True,True,True,True,True,False,False,False,False,False,False,excluded_missing_forecast,excluded_missing_forecast,excluded_missing_forecast,excluded_zero_signal,excluded_zero_signal,excluded_zero_signal
USD_CPI_1768321800,1768321800,2026.01.13 16:30:00,2026,PARTIAL_2026,CPI,EURUSD,QUOTE,840030005,CPI m/m,True,"840030005,840030006,840030007,840030008",USD_840030009:CPI n.s.a.|USD_840030010:Core CPI|USD_840030030:Real Earnings m/m|USD_840030033:CPI n.s.a. m/m|USD_840030034:Core CPI n.s.a. m/m|USD_840030035:CPI|USD_840030036:Core CPI n.s.a.|CAD_124010001:Building Permits m/m,False,False,False,0.3,,0.3,,,0.0,MISSING,ZERO,,,,,True,1768323600,2026.01.13 17:00:00,1800,True,True,0.001079,True,True,True,True,True,True,False,False,False,False,False,False,excluded_missing_forecast,excluded_missing_forecast,excluded_missing_forecast,excluded_zero_signal,excluded_zero_signal,excluded_zero_signal
USD_CPI_1768321800,1768321800,2026.01.13 16:30:00,2026,PARTIAL_2026,CPI,GBPUSD,QUOTE,840030005,CPI m/m,True,"840030005,840030006,840030007,840030008",USD_840030009:CPI n.s.a.|USD_840030010:Core CPI|USD_840030030:Real Earnings m/m|USD_840030033:CPI n.s.a. m/m|USD_840030034:Core CPI n.s.a. m/m|USD_840030035:CPI|USD_840030036:Core CPI n.s.a.|CAD_124010001:Building Permits m/m,False,False,False,0.3,,0.3,,,0.0,MISSING,ZERO,,,,,True,1768323600,2026.01.13 17:00:00,1800,True,True,0.001361,True,True,True,True,True,True,False,False,False,False,False,False,excluded_missing_forecast,excluded_missing_forecast,excluded_missing_forecast,excluded_zero_signal,excluded_zero_signal,excluded_zero_signal
USD_CPI_1768321800,1768321800,2026.01.13 16:30:00,2026,PARTIAL_2026,CPI,NZDUSD,QUOTE,840030005,CPI m/m,True,"840030005,840030006,840030007,840030008",USD_840030009:CPI n.s.a.|USD_840030010:Core CPI|USD_840030030:Real Earnings m/m|USD_840030033:CPI n.s.a. m/m|USD_840030034:Core CPI n.s.a. m/m|USD_840030035:CPI|USD_840030036:Core CPI n.s.a.|CAD_124010001:Building Permits m/m,False,False,False,0.3,,0.3,,,0.0,MISSING,ZERO,,,,,True,1768323600,2026.01.13 17:00:00,1800,True,True,0.000783,True,True,True,True,True,True,False,False,False,False,False,False,excluded_missing_forecast,excluded_missing_forecast,excluded_missing_forecast,excluded_zero_signal,excluded_zero_signal,excluded_zero_signal
USD_CPI_1768321800,1768321800,2026.01.13 16:30:00,2026,PARTIAL_2026,CPI,USDCAD,BASE,840030005,CPI m/m,True,"840030005,840030006,840030007,840030008",USD_840030009:CPI n.s.a.|USD_840030010:Core CPI|USD_840030030:Real Earnings m/m|USD_840030033:CPI n.s.a. m/m|USD_840030034:Core CPI n.s.a. m/m|USD_840030035:CPI|USD_840030036:Core CPI n.s.a.|CAD_124010001:Building Permits m/m,False,False,False,0.3,,0.3,,,0.0,MISSING,ZERO,,,,,True,1768323600,2026.01.13 17:00:00,1800,True,True,0.001027,True,True,True,True,True,True,False,False,False,False,False,False,excluded_missing_forecast,excluded_missing_forecast,excluded_missing_forecast,excluded_zero_signal,excluded_zero_signal,excluded_zero_signal
USD_CPI_1768321800,1768321800,2026.01.13 16:30:00,2026,PARTIAL_2026,CPI,USDCHF,BASE,840030005,CPI m/m,True,"840030005,840030006,840030007,840030008",USD_840030009:CPI n.s.a.|USD_840030010:Core CPI|USD_840030030:Real Earnings m/m|USD_840030033:CPI n.s.a. m/m|USD_840030034:Core CPI n.s.a. m/m|USD_840030035:CPI|USD_840030036:Core CPI n.s.a.|CAD_124010001:Building Permits m/m,False,False,False,0.3,,0.3,,,0.0,MISSING,ZERO,,,,,True,1768323600,2026.01.13 17:00:00,1800,True,True,0.000860,True,True,True,True,True,True,False,False,False,False,False,False,excluded_missing_forecast,excluded_missing_forecast,excluded_missing_forecast,excluded_zero_signal,excluded_zero_signal,excluded_zero_signal
USD_CPI_1768321800,1768321800,2026.01.13 16:30:00,2026,PARTIAL_2026,CPI,USDJPY,BASE,840030005,CPI m/m,True,"840030005,840030006,840030007,840030008",USD_840030009:CPI n.s.a.|USD_840030010:Core CPI|USD_840030030:Real Earnings m/m|USD_840030033:CPI n.s.a. m/m|USD_840030034:Core CPI n.s.a. m/m|USD_840030035:CPI|USD_840030036:Core CPI n.s.a.|CAD_124010001:Building Permits m/m,False,False,False,0.3,,0.3,,,0.0,MISSING,ZERO,,,,,True,1768323600,2026.01.13 17:00:00,1800,True,True,0.200393,True,True,True,True,True,True,False,False,False,False,False,False,excluded_missing_forecast,excluded_missing_forecast,excluded_missing_forecast,excluded_zero_signal,excluded_zero_signal,excluded_zero_signal
USD_CPI_1771000200,1771000200,2026.02.13 16:30:00,2026,PARTIAL_2026,CPI,AUDUSD,QUOTE,840030005,CPI m/m,True,"840030005,840030006,840030007,840030008",USD_840030009:CPI n.s.a.|USD_840030010:Core CPI|USD_840030030:Real Earnings m/m|USD_840030033:CPI n.s.a. m/m|USD_840030034:Core CPI n.s.a. m/m|USD_840030035:CPI|USD_840030036:Core CPI n.s.a.,False,False,False,0.2,0.2,0.3,,0.0,-0.1,ZERO,NEGATIVE,,,-1,1,True,1771002000,2026.02.13 17:00:00,1800,True,True,0.001566,True,True,True,True,True,True,False,False,False,True,True,True,excluded_zero_signal,excluded_zero_signal,excluded_zero_signal,,,
USD_CPI_1771000200,1771000200,2026.02.13 16:30:00,2026,PARTIAL_2026,CPI,EURUSD,QUOTE,840030005,CPI m/m,True,"840030005,840030006,840030007,840030008",USD_840030009:CPI n.s.a.|USD_840030010:Core CPI|USD_840030030:Real Earnings m/m|USD_840030033:CPI n.s.a. m/m|USD_840030034:Core CPI n.s.a. m/m|USD_840030035:CPI|USD_840030036:Core CPI n.s.a.,False,False,False,0.2,0.2,0.3,,0.0,-0.1,ZERO,NEGATIVE,,,-1,1,True,1771002000,2026.02.13 17:00:00,1800,True,True,0.001075,True,True,True,True,True,True,False,False,False,True,True,True,excluded_zero_signal,excluded_zero_signal,excluded_zero_signal,,,
USD_CPI_1771000200,1771000200,2026.02.13 16:30:00,2026,PARTIAL_2026,CPI,GBPUSD,QUOTE,840030005,CPI m/m,True,"840030005,840030006,840030007,840030008",USD_840030009:CPI n.s.a.|USD_840030010:Core CPI|USD_840030030:Real Earnings m/m|USD_840030033:CPI n.s.a. m/m|USD_840030034:Core CPI n.s.a. m/m|USD_840030035:CPI|USD_840030036:Core CPI n.s.a.,False,False,False,0.2,0.2,0.3,,0.0,-0.1,ZERO,NEGATIVE,,,-1,1,True,1771002000,2026.02.13 17:00:00,1800,True,True,0.001625,True,True,True,True,True,True,False,False,False,True,True,True,excluded_zero_signal,excluded_zero_signal,excluded_zero_signal,,,
USD_CPI_1771000200,1771000200,2026.02.13 16:30:00,2026,PARTIAL_2026,CPI,NZDUSD,QUOTE,840030005,CPI m/m,True,"840030005,840030006,840030007,840030008",USD_840030009:CPI n.s.a.|USD_840030010:Core CPI|USD_840030030:Real Earnings m/m|USD_840030033:CPI n.s.a. m/m|USD_840030034:Core CPI n.s.a. m/m|USD_840030035:CPI|USD_840030036:Core CPI n.s.a.,False,False,False,0.2,0.2,0.3,,0.0,-0.1,ZERO,NEGATIVE,,,-1,1,True,1771002000,2026.02.13 17:00:00,1800,True,True,0.001090,True,True,True,True,True,True,False,False,False,True,True,True,excluded_zero_signal,excluded_zero_signal,excluded_zero_signal,,,
USD_CPI_1771000200,1771000200,2026.02.13 16:30:00,2026,PARTIAL_2026,CPI,USDCAD,BASE,840030005,CPI m/m,True,"840030005,840030006,840030007,840030008",USD_840030009:CPI n.s.a.|USD_840030010:Core CPI|USD_840030030:Real Earnings m/m|USD_840030033:CPI n.s.a. m/m|USD_840030034:Core CPI n.s.a. m/m|USD_840030035:CPI|USD_840030036:Core CPI n.s.a.,False,False,False,0.2,0.2,0.3,,0.0,-0.1,ZERO,NEGATIVE,,,-1,-1,True,1771002000,2026.02.13 17:00:00,1800,True,True,0.001472,True,True,True,True,True,True,False,False,False,True,True,True,excluded_zero_signal,excluded_zero_signal,excluded_zero_signal,,,
USD_CPI_1771000200,1771000200,2026.02.13 16:30:00,2026,PARTIAL_2026,CPI,USDCHF,BASE,840030005,CPI m/m,True,"840030005,840030006,840030007,840030008",USD_840030009:CPI n.s.a.|USD_840030010:Core CPI|USD_840030030:Real Earnings m/m|USD_840030033:CPI n.s.a. m/m|USD_840030034:Core CPI n.s.a. m/m|USD_840030035:CPI|USD_840030036:Core CPI n.s.a.,False,False,False,0.2,0.2,0.3,,0.0,-0.1,ZERO,NEGATIVE,,,-1,-1,True,1771002000,2026.02.13 17:00:00,1800,True,True,0.001068,True,True,True,True,True,True,False,False,False,True,True,True,excluded_zero_signal,excluded_zero_signal,excluded_zero_signal,,,
USD_CPI_1771000200,1771000200,2026.02.13 16:30:00,2026,PARTIAL_2026,CPI,USDJPY,BASE,840030005,CPI m/m,True,"840030005,840030006,840030007,840030008",USD_840030009:CPI n.s.a.|USD_840030010:Core CPI|USD_840030030:Real Earnings m/m|USD_840030033:CPI n.s.a. m/m|USD_840030034:Core CPI n.s.a. m/m|USD_840030035:CPI|USD_840030036:Core CPI n.s.a.,False,False,False,0.2,0.2,0.3,,0.0,-0.1,ZERO,NEGATIVE,,,-1,-1,True,1771002000,2026.02.13 17:00:00,1800,True,True,0.295375,True,True,True,True,True,True,False,False,False,True,True,True,excluded_zero_signal,excluded_zero_signal,excluded_zero_signal,,,
USD_CPI_1773243000,1773243000,2026.03.11 15:30:00,2026,PARTIAL_2026,CPI,AUDUSD,QUOTE,840030005,CPI m/m,True,"840030005,840030006,840030007,840030008",USD_840030009:CPI n.s.a.|USD_840030010:Core CPI|USD_840030030:Real Earnings m/m|USD_840030033:CPI n.s.a. m/m|USD_840030034:Core CPI n.s.a. m/m|USD_840030035:CPI|USD_840030036:Core CPI n.s.a.|USD_840050025:Fed Governor Bowman Speech|EUR_276050007:Bbk Executive Board Member Mauderer Speech,False,False,False,0.3,0.3,0.2,,0.0,0.1,ZERO,POSITIVE,,,1,-1,True,1773244800,2026.03.11 16:00:00,1800,True,True,0.001844,True,True,True,True,True,True,False,False,False,True,True,True,excluded_zero_signal,excluded_zero_signal,excluded_zero_signal,,,
USD_CPI_1773243000,1773243000,2026.03.11 15:30:00,2026,PARTIAL_2026,CPI,EURUSD,QUOTE,840030005,CPI m/m,True,"840030005,840030006,840030007,840030008",USD_840030009:CPI n.s.a.|USD_840030010:Core CPI|USD_840030030:Real Earnings m/m|USD_840030033:CPI n.s.a. m/m|USD_840030034:Core CPI n.s.a. m/m|USD_840030035:CPI|USD_840030036:Core CPI n.s.a.|USD_840050025:Fed Governor Bowman Speech|EUR_276050007:Bbk Executive Board Member Mauderer Speech,False,False,False,0.3,0.3,0.2,,0.0,0.1,ZERO,POSITIVE,,,1,-1,True,1773244800,2026.03.11 16:00:00,1800,True,True,0.001821,True,True,True,True,True,True,False,False,False,True,True,True,excluded_zero_signal,excluded_zero_signal,excluded_zero_signal,,,
USD_CPI_1773243000,1773243000,2026.03.11 15:30:00,2026,PARTIAL_2026,CPI,GBPUSD,QUOTE,840030005,CPI m/m,True,"840030005,840030006,840030007,840030008",USD_840030009:CPI n.s.a.|USD_840030010:Core CPI|USD_840030030:Real Earnings m/m|USD_840030033:CPI n.s.a. m/m|USD_840030034:Core CPI n.s.a. m/m|USD_840030035:CPI|USD_840030036:Core CPI n.s.a.|USD_840050025:Fed Governor Bowman Speech|EUR_276050007:Bbk Executive Board Member Mauderer Speech,False,False,False,0.3,0.3,0.2,,0.0,0.1,ZERO,POSITIVE,,,1,-1,True,1773244800,2026.03.11 16:00:00,1800,True,True,0.002183,True,True,True,True,True,True,False,False,False,True,True,True,excluded_zero_signal,excluded_zero_signal,excluded_zero_signal,,,
USD_CPI_1773243000,1773243000,2026.03.11 15:30:00,2026,PARTIAL_2026,CPI,NZDUSD,QUOTE,840030005,CPI m/m,True,"840030005,840030006,840030007,840030008",USD_840030009:CPI n.s.a.|USD_840030010:Core CPI|USD_840030030:Real Earnings m/m|USD_840030033:CPI n.s.a. m/m|USD_840030034:Core CPI n.s.a. m/m|USD_840030035:CPI|USD_840030036:Core CPI n.s.a.|USD_840050025:Fed Governor Bowman Speech|EUR_276050007:Bbk Executive Board Member Mauderer Speech,False,False,False,0.3,0.3,0.2,,0.0,0.1,ZERO,POSITIVE,,,1,-1,True,1773244800,2026.03.11 16:00:00,1800,True,True,0.001253,True,True,True,True,True,True,False,False,False,True,True,True,excluded_zero_signal,excluded_zero_signal,excluded_zero_signal,,,
USD_CPI_1773243000,1773243000,2026.03.11 15:30:00,2026,PARTIAL_2026,CPI,USDCAD,BASE,840030005,CPI m/m,True,"840030005,840030006,840030007,840030008",USD_840030009:CPI n.s.a.|USD_840030010:Core CPI|USD_840030030:Real Earnings m/m|USD_840030033:CPI n.s.a. m/m|USD_840030034:Core CPI n.s.a. m/m|USD_840030035:CPI|USD_840030036:Core CPI n.s.a.|USD_840050025:Fed Governor Bowman Speech|EUR_276050007:Bbk Executive Board Member Mauderer Speech,False,False,False,0.3,0.3,0.2,,0.0,0.1,ZERO,POSITIVE,,,1,1,True,1773244800,2026.03.11 16:00:00,1800,True,True,0.001347,True,True,True,True,True,True,False,False,False,True,True,True,excluded_zero_signal,excluded_zero_signal,excluded_zero_signal,,,
USD_CPI_1773243000,1773243000,2026.03.11 15:30:00,2026,PARTIAL_2026,CPI,USDCHF,BASE,840030005,CPI m/m,True,"840030005,840030006,840030007,840030008",USD_840030009:CPI n.s.a.|USD_840030010:Core CPI|USD_840030030:Real Earnings m/m|USD_840030033:CPI n.s.a. m/m|USD_840030034:Core CPI n.s.a. m/m|USD_840030035:CPI|USD_840030036:Core CPI n.s.a.|USD_840050025:Fed Governor Bowman Speech|EUR_276050007:Bbk Executive Board Member Mauderer Speech,False,False,False,0.3,0.3,0.2,,0.0,0.1,ZERO,POSITIVE,,,1,1,True,1773244800,2026.03.11 16:00:00,1800,True,True,0.001191,True,True,True,True,True,True,False,False,False,True,True,True,excluded_zero_signal,excluded_zero_signal,excluded_zero_signal,,,
USD_CPI_1773243000,1773243000,2026.03.11 15:30:00,2026,PARTIAL_2026,CPI,USDJPY,BASE,840030005,CPI m/m,True,"840030005,840030006,840030007,840030008",USD_840030009:CPI n.s.a.|USD_840030010:Core CPI|USD_840030030:Real Earnings m/m|USD_840030033:CPI n.s.a. m/m|USD_840030034:Core CPI n.s.a. m/m|USD_840030035:CPI|USD_840030036:Core CPI n.s.a.|USD_840050025:Fed Governor Bowman Speech|EUR_276050007:Bbk Executive Board Member Mauderer Speech,False,False,False,0.3,0.3,0.2,,0.0,0.1,ZERO,POSITIVE,,,1,1,True,1773244800,2026.03.11 16:00:00,1800,True,True,0.225474,True,True,True,True,True,True,False,False,False,True,True,True,excluded_zero_signal,excluded_zero_signal,excluded_zero_signal,,,
USD_CPI_1775835000,1775835000,2026.04.10 15:30:00,2026,PARTIAL_2026,CPI,AUDUSD,QUOTE,840030005,CPI m/m,True,"840030005,840030006,840030007,840030008",USD_840030009:CPI n.s.a.|USD_840030010:Core CPI|USD_840030030:Real Earnings m/m|USD_840030033:CPI n.s.a. m/m|USD_840030034:Core CPI n.s.a. m/m|USD_840030035:CPI|USD_840030036:Core CPI n.s.a.|EUR_276010024:Current Account n.s.a.|CAD_124010011:Employment Change|CAD_124010012:Full-Time Employment Change|CAD_124010013:Part-Time Employment Change|CAD_124010014:Unemployment Rate|CAD_124010015:Participation Rate,True,False,False,0.9,0.3,0.3,,0.6,0.6,POSITIVE,POSITIVE,1,-1,1,-1,True,1775836800,2026.04.10 16:00:00,1800,True,True,0.001015,True,True,True,True,True,True,True,True,True,True,True,True,,,,,,
USD_CPI_1775835000,1775835000,2026.04.10 15:30:00,2026,PARTIAL_2026,CPI,EURUSD,QUOTE,840030005,CPI m/m,True,"840030005,840030006,840030007,840030008",USD_840030009:CPI n.s.a.|USD_840030010:Core CPI|USD_840030030:Real Earnings m/m|USD_840030033:CPI n.s.a. m/m|USD_840030034:Core CPI n.s.a. m/m|USD_840030035:CPI|USD_840030036:Core CPI n.s.a.|EUR_276010024:Current Account n.s.a.|CAD_124010011:Employment Change|CAD_124010012:Full-Time Employment Change|CAD_124010013:Part-Time Employment Change|CAD_124010014:Unemployment Rate|CAD_124010015:Participation Rate,True,False,False,0.9,0.3,0.3,,0.6,0.6,POSITIVE,POSITIVE,1,-1,1,-1,True,1775836800,2026.04.10 16:00:00,1800,True,True,0.001128,True,True,True,True,True,True,True,True,True,True,True,True,,,,,,
USD_CPI_1775835000,1775835000,2026.04.10 15:30:00,2026,PARTIAL_2026,CPI,GBPUSD,QUOTE,840030005,CPI m/m,True,"840030005,840030006,840030007,840030008",USD_840030009:CPI n.s.a.|USD_840030010:Core CPI|USD_840030030:Real Earnings m/m|USD_840030033:CPI n.s.a. m/m|USD_840030034:Core CPI n.s.a. m/m|USD_840030035:CPI|USD_840030036:Core CPI n.s.a.|EUR_276010024:Current Account n.s.a.|CAD_124010011:Employment Change|CAD_124010012:Full-Time Employment Change|CAD_124010013:Part-Time Employment Change|CAD_124010014:Unemployment Rate|CAD_124010015:Participation Rate,True,False,False,0.9,0.3,0.3,,0.6,0.6,POSITIVE,POSITIVE,1,-1,1,-1,True,1775836800,2026.04.10 16:00:00,1800,True,True,0.001383,True,True,True,True,True,True,True,True,True,True,True,True,,,,,,
USD_CPI_1775835000,1775835000,2026.04.10 15:30:00,2026,PARTIAL_2026,CPI,NZDUSD,QUOTE,840030005,CPI m/m,True,"840030005,840030006,840030007,840030008",USD_840030009:CPI n.s.a.|USD_840030010:Core CPI|USD_840030030:Real Earnings m/m|USD_840030033:CPI n.s.a. m/m|USD_840030034:Core CPI n.s.a. m/m|USD_840030035:CPI|USD_840030036:Core CPI n.s.a.|EUR_276010024:Current Account n.s.a.|CAD_124010011:Employment Change|CAD_124010012:Full-Time Employment Change|CAD_124010013:Part-Time Employment Change|CAD_124010014:Unemployment Rate|CAD_124010015:Participation Rate,True,False,False,0.9,0.3,0.3,,0.6,0.6,POSITIVE,POSITIVE,1,-1,1,-1,True,1775836800,2026.04.10 16:00:00,1800,True,True,0.000861,True,True,True,True,True,True,True,True,True,True,True,True,,,,,,
USD_CPI_1775835000,1775835000,2026.04.10 15:30:00,2026,PARTIAL_2026,CPI,USDCAD,BASE,840030005,CPI m/m,True,"840030005,840030006,840030007,840030008",USD_840030009:CPI n.s.a.|USD_840030010:Core CPI|USD_840030030:Real Earnings m/m|USD_840030033:CPI n.s.a. m/m|USD_840030034:Core CPI n.s.a. m/m|USD_840030035:CPI|USD_840030036:Core CPI n.s.a.|EUR_276010024:Current Account n.s.a.|CAD_124010011:Employment Change|CAD_124010012:Full-Time Employment Change|CAD_124010013:Part-Time Employment Change|CAD_124010014:Unemployment Rate|CAD_124010015:Participation Rate,True,False,False,0.9,0.3,0.3,,0.6,0.6,POSITIVE,POSITIVE,1,1,1,1,True,1775836800,2026.04.10 16:00:00,1800,True,True,0.000966,True,True,True,True,True,True,True,True,True,True,True,True,,,,,,
USD_CPI_1775835000,1775835000,2026.04.10 15:30:00,2026,PARTIAL_2026,CPI,USDCHF,BASE,840030005,CPI m/m,True,"840030005,840030006,840030007,840030008",USD_840030009:CPI n.s.a.|USD_840030010:Core CPI|USD_840030030:Real Earnings m/m|USD_840030033:CPI n.s.a. m/m|USD_840030034:Core CPI n.s.a. m/m|USD_840030035:CPI|USD_840030036:Core CPI n.s.a.|EUR_276010024:Current Account n.s.a.|CAD_124010011:Employment Change|CAD_124010012:Full-Time Employment Change|CAD_124010013:Part-Time Employment Change|CAD_124010014:Unemployment Rate|CAD_124010015:Participation Rate,True,False,False,0.9,0.3,0.3,,0.6,0.6,POSITIVE,POSITIVE,1,1,1,1,True,1775836800,2026.04.10 16:00:00,1800,True,True,0.000980,True,True,True,True,True,True,True,True,True,True,True,True,,,,,,
USD_CPI_1775835000,1775835000,2026.04.10 15:30:00,2026,PARTIAL_2026,CPI,USDJPY,BASE,840030005,CPI m/m,True,"840030005,840030006,840030007,840030008",USD_840030009:CPI n.s.a.|USD_840030010:Core CPI|USD_840030030:Real Earnings m/m|USD_840030033:CPI n.s.a. m/m|USD_840030034:Core CPI n.s.a. m/m|USD_840030035:CPI|USD_840030036:Core CPI n.s.a.|EUR_276010024:Current Account n.s.a.|CAD_124010011:Employment Change|CAD_124010012:Full-Time Employment Change|CAD_124010013:Part-Time Employment Change|CAD_124010014:Unemployment Rate|CAD_124010015:Participation Rate,True,False,False,0.9,0.3,0.3,,0.6,0.6,POSITIVE,POSITIVE,1,1,1,1,True,1775836800,2026.04.10 16:00:00,1800,True,True,0.148936,True,True,True,True,True,True,True,True,True,True,True,True,,,,,,
USD_CPI_1778599800,1778599800,2026.05.12 15:30:00,2026,PARTIAL_2026,CPI,AUDUSD,QUOTE,840030005,CPI m/m,True,"840030005,840030006,840030007,840030008",USD_840030009:CPI n.s.a.|USD_840030010:Core CPI|USD_840030030:Real Earnings m/m|USD_840030033:CPI n.s.a. m/m|USD_840030034:Core CPI n.s.a. m/m|USD_840030035:CPI|USD_840030036:Core CPI n.s.a.,False,False,False,0.6,0.7,0.9,,-0.1,-0.3,NEGATIVE,NEGATIVE,-1,1,-1,1,True,1778601600,2026.05.12 16:00:00,1800,True,True,0.000937,True,True,True,True,True,True,True,True,True,True,True,True,,,,,,
USD_CPI_1778599800,1778599800,2026.05.12 15:30:00,2026,PARTIAL_2026,CPI,EURUSD,QUOTE,840030005,CPI m/m,True,"840030005,840030006,840030007,840030008",USD_840030009:CPI n.s.a.|USD_840030010:Core CPI|USD_840030030:Real Earnings m/m|USD_840030033:CPI n.s.a. m/m|USD_840030034:Core CPI n.s.a. m/m|USD_840030035:CPI|USD_840030036:Core CPI n.s.a.,False,False,False,0.6,0.7,0.9,,-0.1,-0.3,NEGATIVE,NEGATIVE,-1,1,-1,1,True,1778601600,2026.05.12 16:00:00,1800,True,True,0.000972,True,True,True,True,True,True,True,True,True,True,True,True,,,,,,
USD_CPI_1778599800,1778599800,2026.05.12 15:30:00,2026,PARTIAL_2026,CPI,GBPUSD,QUOTE,840030005,CPI m/m,True,"840030005,840030006,840030007,840030008",USD_840030009:CPI n.s.a.|USD_840030010:Core CPI|USD_840030030:Real Earnings m/m|USD_840030033:CPI n.s.a. m/m|USD_840030034:Core CPI n.s.a. m/m|USD_840030035:CPI|USD_840030036:Core CPI n.s.a.,False,False,False,0.6,0.7,0.9,,-0.1,-0.3,NEGATIVE,NEGATIVE,-1,1,-1,1,True,1778601600,2026.05.12 16:00:00,1800,True,True,0.001840,True,True,True,True,True,True,True,True,True,True,True,True,,,,,,
USD_CPI_1778599800,1778599800,2026.05.12 15:30:00,2026,PARTIAL_2026,CPI,NZDUSD,QUOTE,840030005,CPI m/m,True,"840030005,840030006,840030007,840030008",USD_840030009:CPI n.s.a.|USD_840030010:Core CPI|USD_840030030:Real Earnings m/m|USD_840030033:CPI n.s.a. m/m|USD_840030034:Core CPI n.s.a. m/m|USD_840030035:CPI|USD_840030036:Core CPI n.s.a.,False,False,False,0.6,0.7,0.9,,-0.1,-0.3,NEGATIVE,NEGATIVE,-1,1,-1,1,True,1778601600,2026.05.12 16:00:00,1800,True,True,0.000784,True,True,True,True,True,True,True,True,True,True,True,True,,,,,,
USD_CPI_1778599800,1778599800,2026.05.12 15:30:00,2026,PARTIAL_2026,CPI,USDCAD,BASE,840030005,CPI m/m,True,"840030005,840030006,840030007,840030008",USD_840030009:CPI n.s.a.|USD_840030010:Core CPI|USD_840030030:Real Earnings m/m|USD_840030033:CPI n.s.a. m/m|USD_840030034:Core CPI n.s.a. m/m|USD_840030035:CPI|USD_840030036:Core CPI n.s.a.,False,False,False,0.6,0.7,0.9,,-0.1,-0.3,NEGATIVE,NEGATIVE,-1,-1,-1,-1,True,1778601600,2026.05.12 16:00:00,1800,True,True,0.000865,True,True,True,True,True,True,True,True,True,True,True,True,,,,,,
USD_CPI_1778599800,1778599800,2026.05.12 15:30:00,2026,PARTIAL_2026,CPI,USDCHF,BASE,840030005,CPI m/m,True,"840030005,840030006,840030007,840030008",USD_840030009:CPI n.s.a.|USD_840030010:Core CPI|USD_840030030:Real Earnings m/m|USD_840030033:CPI n.s.a. m/m|USD_840030034:Core CPI n.s.a. m/m|USD_840030035:CPI|USD_840030036:Core CPI n.s.a.,False,False,False,0.6,0.7,0.9,,-0.1,-0.3,NEGATIVE,NEGATIVE,-1,-1,-1,-1,True,1778601600,2026.05.12 16:00:00,1800,True,True,0.000755,True,True,True,True,True,True,True,True,True,True,True,True,,,,,,
USD_CPI_1778599800,1778599800,2026.05.12 15:30:00,2026,PARTIAL_2026,CPI,USDJPY,BASE,840030005,CPI m/m,True,"840030005,840030006,840030007,840030008",USD_840030009:CPI n.s.a.|USD_840030010:Core CPI|USD_840030030:Real Earnings m/m|USD_840030033:CPI n.s.a. m/m|USD_840030034:Core CPI n.s.a. m/m|USD_840030035:CPI|USD_840030036:Core CPI n.s.a.,False,False,False,0.6,0.7,0.9,,-0.1,-0.3,NEGATIVE,NEGATIVE,-1,-1,-1,-1,True,1778601600,2026.05.12 16:00:00,1800,True,True,0.184273,True,True,True,True,True,True,True,True,True,True,True,True,,,,,,
USD_CPI_1781105400,1781105400,2026.06.10 15:30:00,2026,PARTIAL_2026,CPI,AUDUSD,QUOTE,840030005,CPI m/m,True,"840030005,840030006,840030007,840030008",USD_840030009:CPI n.s.a.|USD_840030010:Core CPI|USD_840030030:Real Earnings m/m|USD_840030033:CPI n.s.a. m/m|USD_840030034:Core CPI n.s.a. m/m|USD_840030035:CPI|USD_840030036:Core CPI n.s.a.,False,False,False,0.5,0.5,0.6,,0.0,-0.1,ZERO,NEGATIVE,,,-1,1,True,1781107200,2026.06.10 16:00:00,1800,True,True,0.001031,True,True,True,True,True,True,False,False,False,True,True,True,excluded_zero_signal,excluded_zero_signal,excluded_zero_signal,,,
USD_CPI_1781105400,1781105400,2026.06.10 15:30:00,2026,PARTIAL_2026,CPI,EURUSD,QUOTE,840030005,CPI m/m,True,"840030005,840030006,840030007,840030008",USD_840030009:CPI n.s.a.|USD_840030010:Core CPI|USD_840030030:Real Earnings m/m|USD_840030033:CPI n.s.a. m/m|USD_840030034:Core CPI n.s.a. m/m|USD_840030035:CPI|USD_840030036:Core CPI n.s.a.,False,False,False,0.5,0.5,0.6,,0.0,-0.1,ZERO,NEGATIVE,,,-1,1,True,1781107200,2026.06.10 16:00:00,1800,True,True,0.001018,True,True,True,True,True,True,False,False,False,True,True,True,excluded_zero_signal,excluded_zero_signal,excluded_zero_signal,,,
USD_CPI_1781105400,1781105400,2026.06.10 15:30:00,2026,PARTIAL_2026,CPI,GBPUSD,QUOTE,840030005,CPI m/m,True,"840030005,840030006,840030007,840030008",USD_840030009:CPI n.s.a.|USD_840030010:Core CPI|USD_840030030:Real Earnings m/m|USD_840030033:CPI n.s.a. m/m|USD_840030034:Core CPI n.s.a. m/m|USD_840030035:CPI|USD_840030036:Core CPI n.s.a.,False,False,False,0.5,0.5,0.6,,0.0,-0.1,ZERO,NEGATIVE,,,-1,1,True,1781107200,2026.06.10 16:00:00,1800,True,True,0.001309,True,True,True,True,True,True,False,False,False,True,True,True,excluded_zero_signal,excluded_zero_signal,excluded_zero_signal,,,
USD_CPI_1781105400,1781105400,2026.06.10 15:30:00,2026,PARTIAL_2026,CPI,NZDUSD,QUOTE,840030005,CPI m/m,True,"840030005,840030006,840030007,840030008",USD_840030009:CPI n.s.a.|USD_840030010:Core CPI|USD_840030030:Real Earnings m/m|USD_840030033:CPI n.s.a. m/m|USD_840030034:Core CPI n.s.a. m/m|USD_840030035:CPI|USD_840030036:Core CPI n.s.a.,False,False,False,0.5,0.5,0.6,,0.0,-0.1,ZERO,NEGATIVE,,,-1,1,True,1781107200,2026.06.10 16:00:00,1800,True,True,0.000922,True,True,True,True,True,True,False,False,False,True,True,True,excluded_zero_signal,excluded_zero_signal,excluded_zero_signal,,,
USD_CPI_1781105400,1781105400,2026.06.10 15:30:00,2026,PARTIAL_2026,CPI,USDCAD,BASE,840030005,CPI m/m,True,"840030005,840030006,840030007,840030008",USD_840030009:CPI n.s.a.|USD_840030010:Core CPI|USD_840030030:Real Earnings m/m|USD_840030033:CPI n.s.a. m/m|USD_840030034:Core CPI n.s.a. m/m|USD_840030035:CPI|USD_840030036:Core CPI n.s.a.,False,False,False,0.5,0.5,0.6,,0.0,-0.1,ZERO,NEGATIVE,,,-1,-1,True,1781107200,2026.06.10 16:00:00,1800,True,True,0.000874,True,True,True,True,True,True,False,False,False,True,True,True,excluded_zero_signal,excluded_zero_signal,excluded_zero_signal,,,
USD_CPI_1781105400,1781105400,2026.06.10 15:30:00,2026,PARTIAL_2026,CPI,USDCHF,BASE,840030005,CPI m/m,True,"840030005,840030006,840030007,840030008",USD_840030009:CPI n.s.a.|USD_840030010:Core CPI|USD_840030030:Real Earnings m/m|USD_840030033:CPI n.s.a. m/m|USD_840030034:Core CPI n.s.a. m/m|USD_840030035:CPI|USD_840030036:Core CPI n.s.a.,False,False,False,0.5,0.5,0.6,,0.0,-0.1,ZERO,NEGATIVE,,,-1,-1,True,1781107200,2026.06.10 16:00:00,1800,True,True,0.000873,True,True,True,True,True,True,False,False,False,True,True,True,excluded_zero_signal,excluded_zero_signal,excluded_zero_signal,,,
USD_CPI_1781105400,1781105400,2026.06.10 15:30:00,2026,PARTIAL_2026,CPI,USDJPY,BASE,840030005,CPI m/m,True,"840030005,840030006,840030007,840030008",USD_840030009:CPI n.s.a.|USD_840030010:Core CPI|USD_840030030:Real Earnings m/m|USD_840030033:CPI n.s.a. m/m|USD_840030034:Core CPI n.s.a. m/m|USD_840030035:CPI|USD_840030036:Core CPI n.s.a.,False,False,False,0.5,0.5,0.6,,0.0,-0.1,ZERO,NEGATIVE,,,-1,-1,True,1781107200,2026.06.10 16:00:00,1800,True,True,0.070085,True,True,True,True,True,True,False,False,False,True,True,True,excluded_zero_signal,excluded_zero_signal,excluded_zero_signal,,,
USD_CPI_1784043000,1784043000,2026.07.14 15:30:00,2026,PARTIAL_2026,CPI,AUDUSD,QUOTE,840030005,CPI m/m,True,"840030005,840030006,840030007,840030008",USD_840030009:CPI n.s.a.|USD_840030010:Core CPI|USD_840030030:Real Earnings m/m|USD_840030033:CPI n.s.a. m/m|USD_840030034:Core CPI n.s.a. m/m|USD_840030035:CPI|USD_840030036:Core CPI n.s.a.,False,False,False,-0.4,0.5,0.5,,-0.9,-0.9,NEGATIVE,NEGATIVE,-1,1,-1,1,True,1784044800,2026.07.14 16:00:00,1800,True,True,0.000865,True,True,True,True,True,True,True,True,True,True,True,True,,,,,,
USD_CPI_1784043000,1784043000,2026.07.14 15:30:00,2026,PARTIAL_2026,CPI,EURUSD,QUOTE,840030005,CPI m/m,True,"840030005,840030006,840030007,840030008",USD_840030009:CPI n.s.a.|USD_840030010:Core CPI|USD_840030030:Real Earnings m/m|USD_840030033:CPI n.s.a. m/m|USD_840030034:Core CPI n.s.a. m/m|USD_840030035:CPI|USD_840030036:Core CPI n.s.a.,False,False,False,-0.4,0.5,0.5,,-0.9,-0.9,NEGATIVE,NEGATIVE,-1,1,-1,1,True,1784044800,2026.07.14 16:00:00,1800,True,True,0.001031,True,True,True,True,True,True,True,True,True,True,True,True,,,,,,
USD_CPI_1784043000,1784043000,2026.07.14 15:30:00,2026,PARTIAL_2026,CPI,GBPUSD,QUOTE,840030005,CPI m/m,True,"840030005,840030006,840030007,840030008",USD_840030009:CPI n.s.a.|USD_840030010:Core CPI|USD_840030030:Real Earnings m/m|USD_840030033:CPI n.s.a. m/m|USD_840030034:Core CPI n.s.a. m/m|USD_840030035:CPI|USD_840030036:Core CPI n.s.a.,False,False,False,-0.4,0.5,0.5,,-0.9,-0.9,NEGATIVE,NEGATIVE,-1,1,-1,1,True,1784044800,2026.07.14 16:00:00,1800,True,True,0.001279,True,True,True,True,True,True,True,True,True,True,True,True,,,,,,
USD_CPI_1784043000,1784043000,2026.07.14 15:30:00,2026,PARTIAL_2026,CPI,NZDUSD,QUOTE,840030005,CPI m/m,True,"840030005,840030006,840030007,840030008",USD_840030009:CPI n.s.a.|USD_840030010:Core CPI|USD_840030030:Real Earnings m/m|USD_840030033:CPI n.s.a. m/m|USD_840030034:Core CPI n.s.a. m/m|USD_840030035:CPI|USD_840030036:Core CPI n.s.a.,False,False,False,-0.4,0.5,0.5,,-0.9,-0.9,NEGATIVE,NEGATIVE,-1,1,-1,1,True,1784044800,2026.07.14 16:00:00,1800,True,True,0.000997,True,True,True,True,True,True,True,True,True,True,True,True,,,,,,
USD_CPI_1784043000,1784043000,2026.07.14 15:30:00,2026,PARTIAL_2026,CPI,USDCAD,BASE,840030005,CPI m/m,True,"840030005,840030006,840030007,840030008",USD_840030009:CPI n.s.a.|USD_840030010:Core CPI|USD_840030030:Real Earnings m/m|USD_840030033:CPI n.s.a. m/m|USD_840030034:Core CPI n.s.a. m/m|USD_840030035:CPI|USD_840030036:Core CPI n.s.a.,False,False,False,-0.4,0.5,0.5,,-0.9,-0.9,NEGATIVE,NEGATIVE,-1,-1,-1,-1,True,1784044800,2026.07.14 16:00:00,1800,True,True,0.001170,True,True,True,True,True,True,True,True,True,True,True,True,,,,,,
USD_CPI_1784043000,1784043000,2026.07.14 15:30:00,2026,PARTIAL_2026,CPI,USDCHF,BASE,840030005,CPI m/m,True,"840030005,840030006,840030007,840030008",USD_840030009:CPI n.s.a.|USD_840030010:Core CPI|USD_840030030:Real Earnings m/m|USD_840030033:CPI n.s.a. m/m|USD_840030034:Core CPI n.s.a. m/m|USD_840030035:CPI|USD_840030036:Core CPI n.s.a.,False,False,False,-0.4,0.5,0.5,,-0.9,-0.9,NEGATIVE,NEGATIVE,-1,-1,-1,-1,True,1784044800,2026.07.14 16:00:00,1800,True,True,0.000981,True,True,True,True,True,True,True,True,True,True,True,True,,,,,,
USD_CPI_1784043000,1784043000,2026.07.14 15:30:00,2026,PARTIAL_2026,CPI,USDJPY,BASE,840030005,CPI m/m,True,"840030005,840030006,840030007,840030008",USD_840030009:CPI n.s.a.|USD_840030010:Core CPI|USD_840030030:Real Earnings m/m|USD_840030033:CPI n.s.a. m/m|USD_840030034:Core CPI n.s.a. m/m|USD_840030035:CPI|USD_840030036:Core CPI n.s.a.,False,False,False,-0.4,0.5,0.5,,-0.9,-0.9,NEGATIVE,NEGATIVE,-1,-1,-1,-1,True,1784044800,2026.07.14 16:00:00,1800,True,True,0.131655,True,True,True,True,True,True,True,True,True,True,True,True,,,,,,
USD_CPI_1786548600,1786548600,2026.08.12 15:30:00,2026,PARTIAL_2026,CPI,AUDUSD,QUOTE,840030005,CPI m/m,True,"840030005,840030006,840030007,840030008",USD_840030009:CPI n.s.a.|USD_840030010:Core CPI|USD_840030030:Real Earnings m/m|USD_840030033:CPI n.s.a. m/m|USD_840030034:Core CPI n.s.a. m/m|USD_840030035:CPI|USD_840030036:Core CPI n.s.a.|EUR_276010024:Current Account n.s.a.|CAD_124010001:Building Permits m/m,False,False,False,0.1,0.2,-0.4,,-0.1,0.5,NEGATIVE,POSITIVE,-1,1,1,-1,True,1786550400,2026.08.12 16:00:00,1800,True,True,0.000612,True,True,True,True,True,True,True,True,True,True,True,True,,,,,,
USD_CPI_1786548600,1786548600,2026.08.12 15:30:00,2026,PARTIAL_2026,CPI,EURUSD,QUOTE,840030005,CPI m/m,True,"840030005,840030006,840030007,840030008",USD_840030009:CPI n.s.a.|USD_840030010:Core CPI|USD_840030030:Real Earnings m/m|USD_840030033:CPI n.s.a. m/m|USD_840030034:Core CPI n.s.a. m/m|USD_840030035:CPI|USD_840030036:Core CPI n.s.a.|EUR_276010024:Current Account n.s.a.|CAD_124010001:Building Permits m/m,False,False,False,0.1,0.2,-0.4,,-0.1,0.5,NEGATIVE,POSITIVE,-1,1,1,-1,True,1786550400,2026.08.12 16:00:00,1800,True,True,0.000637,True,True,True,True,True,True,True,True,True,True,True,True,,,,,,
USD_CPI_1786548600,1786548600,2026.08.12 15:30:00,2026,PARTIAL_2026,CPI,GBPUSD,QUOTE,840030005,CPI m/m,True,"840030005,840030006,840030007,840030008",USD_840030009:CPI n.s.a.|USD_840030010:Core CPI|USD_840030030:Real Earnings m/m|USD_840030033:CPI n.s.a. m/m|USD_840030034:Core CPI n.s.a. m/m|USD_840030035:CPI|USD_840030036:Core CPI n.s.a.|EUR_276010024:Current Account n.s.a.|CAD_124010001:Building Permits m/m,False,False,False,0.1,0.2,-0.4,,-0.1,0.5,NEGATIVE,POSITIVE,-1,1,1,-1,True,1786550400,2026.08.12 16:00:00,1800,True,True,0.000851,True,True,True,True,True,True,True,True,True,True,True,True,,,,,,
USD_CPI_1786548600,1786548600,2026.08.12 15:30:00,2026,PARTIAL_2026,CPI,NZDUSD,QUOTE,840030005,CPI m/m,True,"840030005,840030006,840030007,840030008",USD_840030009:CPI n.s.a.|USD_840030010:Core CPI|USD_840030030:Real Earnings m/m|USD_840030033:CPI n.s.a. m/m|USD_840030034:Core CPI n.s.a. m/m|USD_840030035:CPI|USD_840030036:Core CPI n.s.a.|EUR_276010024:Current Account n.s.a.|CAD_124010001:Building Permits m/m,False,False,False,0.1,0.2,-0.4,,-0.1,0.5,NEGATIVE,POSITIVE,-1,1,1,-1,True,1786550400,2026.08.12 16:00:00,1800,True,True,0.000657,True,True,True,True,True,True,True,True,True,True,True,True,,,,,,
USD_CPI_1786548600,1786548600,2026.08.12 15:30:00,2026,PARTIAL_2026,CPI,USDCAD,BASE,840030005,CPI m/m,True,"840030005,840030006,840030007,840030008",USD_840030009:CPI n.s.a.|USD_840030010:Core CPI|USD_840030030:Real Earnings m/m|USD_840030033:CPI n.s.a. m/m|USD_840030034:Core CPI n.s.a. m/m|USD_840030035:CPI|USD_840030036:Core CPI n.s.a.|EUR_276010024:Current Account n.s.a.|CAD_124010001:Building Permits m/m,False,False,False,0.1,0.2,-0.4,,-0.1,0.5,NEGATIVE,POSITIVE,-1,-1,1,1,True,1786550400,2026.08.12 16:00:00,1800,True,True,0.000675,True,True,True,True,True,True,True,True,True,True,True,True,,,,,,
USD_CPI_1786548600,1786548600,2026.08.12 15:30:00,2026,PARTIAL_2026,CPI,USDCHF,BASE,840030005,CPI m/m,True,"840030005,840030006,840030007,840030008",USD_840030009:CPI n.s.a.|USD_840030010:Core CPI|USD_840030030:Real Earnings m/m|USD_840030033:CPI n.s.a. m/m|USD_840030034:Core CPI n.s.a. m/m|USD_840030035:CPI|USD_840030036:Core CPI n.s.a.|EUR_276010024:Current Account n.s.a.|CAD_124010001:Building Permits m/m,False,False,False,0.1,0.2,-0.4,,-0.1,0.5,NEGATIVE,POSITIVE,-1,-1,1,1,True,1786550400,2026.08.12 16:00:00,1800,True,True,0.000752,True,True,True,True,True,True,True,True,True,True,True,True,,,,,,
USD_CPI_1786548600,1786548600,2026.08.12 15:30:00,2026,PARTIAL_2026,CPI,USDJPY,BASE,840030005,CPI m/m,True,"840030005,840030006,840030007,840030008",USD_840030009:CPI n.s.a.|USD_840030010:Core CPI|USD_840030030:Real Earnings m/m|USD_840030033:CPI n.s.a. m/m|USD_840030034:Core CPI n.s.a. m/m|USD_840030035:CPI|USD_840030036:Core CPI n.s.a.|EUR_276010024:Current Account n.s.a.|CAD_124010001:Building Permits m/m,False,False,False,0.1,0.2,-0.4,,-0.1,0.5,NEGATIVE,POSITIVE,-1,-1,1,1,True,1786550400,2026.08.12 16:00:00,1800,True,True,0.145114,True,True,True,True,True,True,True,True,True,True,True,True,,,,,,
USD_CPI_1789140600,1789140600,2026.09.11 15:30:00,2026,POST_CUTOFF_2026,CPI,AUDUSD,QUOTE,840030005,CPI m/m,True,"840030005,840030006,840030007,840030008",USD_840030009:CPI n.s.a.|USD_840030010:Core CPI|USD_840030030:Real Earnings m/m|USD_840030033:CPI n.s.a. m/m|USD_840030034:Core CPI n.s.a. m/m|USD_840030035:CPI|USD_840030036:Core CPI n.s.a.|EUR_276010024:Current Account n.s.a.,False,False,False,0.4,0.0,0.1,,0.4,0.3,POSITIVE,POSITIVE,1,-1,1,-1,True,1789142400,2026.09.11 16:00:00,1800,True,True,0.000743,True,True,True,True,True,True,False,False,False,False,False,False,excluded_post_2026_cutoff,excluded_post_2026_cutoff,excluded_post_2026_cutoff,excluded_post_2026_cutoff,excluded_post_2026_cutoff,excluded_post_2026_cutoff
USD_CPI_1789140600,1789140600,2026.09.11 15:30:00,2026,POST_CUTOFF_2026,CPI,EURUSD,QUOTE,840030005,CPI m/m,True,"840030005,840030006,840030007,840030008",USD_840030009:CPI n.s.a.|USD_840030010:Core CPI|USD_840030030:Real Earnings m/m|USD_840030033:CPI n.s.a. m/m|USD_840030034:Core CPI n.s.a. m/m|USD_840030035:CPI|USD_840030036:Core CPI n.s.a.|EUR_276010024:Current Account n.s.a.,False,False,False,0.4,0.0,0.1,,0.4,0.3,POSITIVE,POSITIVE,1,-1,1,-1,True,1789142400,2026.09.11 16:00:00,1800,True,True,0.000799,True,True,True,True,True,True,False,False,False,False,False,False,excluded_post_2026_cutoff,excluded_post_2026_cutoff,excluded_post_2026_cutoff,excluded_post_2026_cutoff,excluded_post_2026_cutoff,excluded_post_2026_cutoff
USD_CPI_1789140600,1789140600,2026.09.11 15:30:00,2026,POST_CUTOFF_2026,CPI,GBPUSD,QUOTE,840030005,CPI m/m,True,"840030005,840030006,840030007,840030008",USD_840030009:CPI n.s.a.|USD_840030010:Core CPI|USD_840030030:Real Earnings m/m|USD_840030033:CPI n.s.a. m/m|USD_840030034:Core CPI n.s.a. m/m|USD_840030035:CPI|USD_840030036:Core CPI n.s.a.|EUR_276010024:Current Account n.s.a.,False,False,False,0.4,0.0,0.1,,0.4,0.3,POSITIVE,POSITIVE,1,-1,1,-1,True,1789142400,2026.09.11 16:00:00,1800,True,True,0.001120,True,True,True,True,True,True,False,False,False,False,False,False,excluded_post_2026_cutoff,excluded_post_2026_cutoff,excluded_post_2026_cutoff,excluded_post_2026_cutoff,excluded_post_2026_cutoff,excluded_post_2026_cutoff
USD_CPI_1789140600,1789140600,2026.09.11 15:30:00,2026,POST_CUTOFF_2026,CPI,NZDUSD,QUOTE,840030005,CPI m/m,True,"840030005,840030006,840030007,840030008",USD_840030009:CPI n.s.a.|USD_840030010:Core CPI|USD_840030030:Real Earnings m/m|USD_840030033:CPI n.s.a. m/m|USD_840030034:Core CPI n.s.a. m/m|USD_840030035:CPI|USD_840030036:Core CPI n.s.a.|EUR_276010024:Current Account n.s.a.,False,False,False,0.4,0.0,0.1,,0.4,0.3,POSITIVE,POSITIVE,1,-1,1,-1,True,1789142400,2026.09.11 16:00:00,1800,True,True,0.000786,True,True,True,True,True,True,False,False,False,False,False,False,excluded_post_2026_cutoff,excluded_post_2026_cutoff,excluded_post_2026_cutoff,excluded_post_2026_cutoff,excluded_post_2026_cutoff,excluded_post_2026_cutoff
USD_CPI_1789140600,1789140600,2026.09.11 15:30:00,2026,POST_CUTOFF_2026,CPI,USDCAD,BASE,840030005,CPI m/m,True,"840030005,840030006,840030007,840030008",USD_840030009:CPI n.s.a.|USD_840030010:Core CPI|USD_840030030:Real Earnings m/m|USD_840030033:CPI n.s.a. m/m|USD_840030034:Core CPI n.s.a. m/m|USD_840030035:CPI|USD_840030036:Core CPI n.s.a.|EUR_276010024:Current Account n.s.a.,False,False,False,0.4,0.0,0.1,,0.4,0.3,POSITIVE,POSITIVE,1,1,1,1,True,1789142400,2026.09.11 16:00:00,1800,True,True,0.000821,True,True,True,True,True,True,False,False,False,False,False,False,excluded_post_2026_cutoff,excluded_post_2026_cutoff,excluded_post_2026_cutoff,excluded_post_2026_cutoff,excluded_post_2026_cutoff,excluded_post_2026_cutoff
USD_CPI_1789140600,1789140600,2026.09.11 15:30:00,2026,POST_CUTOFF_2026,CPI,USDCHF,BASE,840030005,CPI m/m,True,"840030005,840030006,840030007,840030008",USD_840030009:CPI n.s.a.|USD_840030010:Core CPI|USD_840030030:Real Earnings m/m|USD_840030033:CPI n.s.a. m/m|USD_840030034:Core CPI n.s.a. m/m|USD_840030035:CPI|USD_840030036:Core CPI n.s.a.|EUR_276010024:Current Account n.s.a.,False,False,False,0.4,0.0,0.1,,0.4,0.3,POSITIVE,POSITIVE,1,1,1,1,True,1789142400,2026.09.11 16:00:00,1800,True,True,0.000926,True,True,True,True,True,True,False,False,False,False,False,False,excluded_post_2026_cutoff,excluded_post_2026_cutoff,excluded_post_2026_cutoff,excluded_post_2026_cutoff,excluded_post_2026_cutoff,excluded_post_2026_cutoff
USD_CPI_1789140600,1789140600,2026.09.11 15:30:00,2026,POST_CUTOFF_2026,CPI,USDJPY,BASE,840030005,CPI m/m,True,"840030005,840030006,840030007,840030008",USD_840030009:CPI n.s.a.|USD_840030010:Core CPI|USD_840030030:Real Earnings m/m|USD_840030033:CPI n.s.a. m/m|USD_840030034:Core CPI n.s.a. m/m|USD_840030035:CPI|USD_840030036:Core CPI n.s.a.|EUR_276010024:Current Account n.s.a.,False,False,False,0.4,0.0,0.1,,0.4,0.3,POSITIVE,POSITIVE,1,1,1,1,True,1789142400,2026.09.11 16:00:00,1800,True,True,0.238940,True,True,True,True,True,True,False,False,False,False,False,False,excluded_post_2026_cutoff,excluded_post_2026_cutoff,excluded_post_2026_cutoff,excluded_post_2026_cutoff,excluded_post_2026_cutoff,excluded_post_2026_cutoff
