episode_ts,release_time_server,year,disposition,direction,head_a,head_f,head_s,core_a,core_f,core_s,gross_r_multiple,gross_pnl_pips,bars_held,exit_reason,co_releases,decision_reason
1421425800,2015.01.16 16:30:00,2015,MISSING_AF,,-0.4,,,0.0,,,,,,,CPI y/y (840030007); Core CPI y/y (840030008); CPI n.s.a. (840030009); Core CPI (840030010); Real Earnings m/m (840030030); CPI n.s.a. m/m (840030033); Core CPI n.s.a. m/m (840030034); CPI (840030035); Core CPI n.s.a. (840030036),Missing numeric actual or forecast value on headline or core CPI.
1422894600,2015.02.02 16:30:00,2015,PCE_ONLY,,,,,,,,,,,,Core PCE Price Index m/m (840010001); Core PCE Price Index y/y (840010002); PCE Price Index m/m (840010003); PCE Price Index y/y (840010004); Personal Spending m/m (840010005); Personal Income m/m (840010006); Real PCE m/m (840010014),Core PCE only release (event 840010001); headline/core CPI absent.
1424968200,2015.02.26 16:30:00,2015,MISSING_AF,,-0.7,,,0.2,,,,,,,Durable Goods Orders m/m (840020013); Core Durable Goods Orders m/m (840020014); Durable Goods Orders excl. Defense m/m (840020017); Nondefense Capital Goods Orders excl. Aircraft m/m (840020018); CPI y/y (840030007); Core CPI y/y (840030008); CPI n.s.a. (840030009); Core CPI (840030010); Real Earnings m/m (840030030); CPI n.s.a. m/m (840030033); Core CPI n.s.a. m/m (840030034); CPI (840030035); Core CPI n.s.a. (840030036); Initial Jobless Claims (840140001); Continuing Jobless Claims (840140002); Initial Jobless Claims 4-Week Average (840140003); CPI m/m (124010003); CPI y/y (124010004); Core CPI m/m (124010005); Core CPI y/y (124010006),Missing numeric actual or forecast value on headline or core CPI.
1425313800,2015.03.02 16:30:00,2015,PCE_ONLY,,,,,,,,,,,,Core PCE Price Index m/m (840010001); Core PCE Price Index y/y (840010002); PCE Price Index m/m (840010003); PCE Price Index y/y (840010004); Personal Spending m/m (840010005); Personal Income m/m (840010006); Real PCE m/m (840010014); Current Account (124010010),Core PCE only release (event 840010001); headline/core CPI absent.
1427211000,2015.03.24 15:30:00,2015,MISSING_AF,,0.2,,,0.2,,,,,,,CPI y/y (840030007); Core CPI y/y (840030008); CPI n.s.a. (840030009); Core CPI (840030010); Real Earnings m/m (840030030); CPI n.s.a. m/m (840030033); Core CPI n.s.a. m/m (840030034); CPI (840030035); Core CPI n.s.a. (840030036),Missing numeric actual or forecast value on headline or core CPI.
1427729400,2015.03.30 15:30:00,2015,PCE_ONLY,,,,,,,,,,,,Core PCE Price Index m/m (840010001); Core PCE Price Index y/y (840010002); PCE Price Index m/m (840010003); PCE Price Index y/y (840010004); Personal Spending m/m (840010005); Personal Income m/m (840010006); Real PCE m/m (840010014); IPPI m/m (124010024); IPPI y/y (124010025); RMPI m/m (124010026); RMPI y/y (124010027),Core PCE only release (event 840010001); headline/core CPI absent.
1429284600,2015.04.17 15:30:00,2015,MISSING_AF,,0.2,,,0.2,,,,,,,CPI y/y (840030007); Core CPI y/y (840030008); CPI n.s.a. (840030009); Core CPI (840030010); Real Earnings m/m (840030030); CPI n.s.a. m/m (840030033); Core CPI n.s.a. m/m (840030034); CPI (840030035); Core CPI n.s.a. (840030036); CPI m/m (124010003); CPI y/y (124010004); Core CPI m/m (124010005); Core CPI y/y (124010006); Retail Sales m/m (124010007); Core Retail Sales m/m (124010008); Foreign Securities Purchases (124010019); Foreign Securities Purchases by Canadians (124010020),Missing numeric actual or forecast value on headline or core CPI.
1430407800,2015.04.30 15:30:00,2015,PCE_ONLY,,,,,,,,,,,,Core PCE Price Index m/m (840010001); Core PCE Price Index y/y (840010002); PCE Price Index m/m (840010003); PCE Price Index y/y (840010004); Personal Spending m/m (840010005); Personal Income m/m (840010006); Real PCE m/m (840010014); Employment Cost Index q/q (840030025); Employment Benefits q/q (840030026); Employment Wages q/q (840030027); Fed Governor Tarullo Speech (840050010); Initial Jobless Claims (840140001); Continuing Jobless Claims (840140002); Initial Jobless Claims 4-Week Average (840140003); GDP m/m (124010021),Core PCE only release (event 840010001); headline/core CPI absent.
1432308600,2015.05.22 15:30:00,2015,MISSING_AF,,0.1,,,0.3,,,,,,,CPI y/y (840030007); Core CPI y/y (840030008); CPI n.s.a. (840030009); Core CPI (840030010); Real Earnings m/m (840030030); CPI n.s.a. m/m (840030033); Core CPI n.s.a. m/m (840030034); CPI (840030035); Core CPI n.s.a. (840030036); CPI m/m (124010003); CPI y/y (124010004); Core CPI m/m (124010005); Core CPI y/y (124010006); Retail Sales m/m (124010007); Core Retail Sales m/m (124010008),Missing numeric actual or forecast value on headline or core CPI.
1433172600,2015.06.01 15:30:00,2015,PCE_ONLY,,,,,,,,,,,,Core PCE Price Index m/m (840010001); Core PCE Price Index y/y (840010002); PCE Price Index m/m (840010003); PCE Price Index y/y (840010004); Personal Spending m/m (840010005); Personal Income m/m (840010006); Real PCE m/m (840010014),Core PCE only release (event 840010001); headline/core CPI absent.
1434641400,2015.06.18 15:30:00,2015,MISSING_AF,,0.4,,,0.1,,,,,,,Current Account (840010015); CPI y/y (840030007); Core CPI y/y (840030008); CPI n.s.a. (840030009); Core CPI (840030010); Real Earnings m/m (840030030); CPI n.s.a. m/m (840030033); Core CPI n.s.a. m/m (840030034); CPI (840030035); Core CPI n.s.a. (840030036); Initial Jobless Claims (840140001); Continuing Jobless Claims (840140002); Initial Jobless Claims 4-Week Average (840140003),Missing numeric actual or forecast value on headline or core CPI.
1435246200,2015.06.25 15:30:00,2015,PCE_ONLY,,,,,,,,,,,,Core PCE Price Index m/m (840010001); Core PCE Price Index y/y (840010002); PCE Price Index m/m (840010003); PCE Price Index y/y (840010004); Personal Spending m/m (840010005); Personal Income m/m (840010006); Real PCE m/m (840010014); Initial Jobless Claims (840140001); Continuing Jobless Claims (840140002); Initial Jobless Claims 4-Week Average (840140003),Core PCE only release (event 840010001); headline/core CPI absent.
1437147000,2015.07.17 15:30:00,2015,MISSING_AF,,0.3,,,0.2,,,,,,,Housing Starts (840020004); Building Permits (840020005); CPI y/y (840030007); Core CPI y/y (840030008); CPI n.s.a. (840030009); Core CPI (840030010); Real Earnings m/m (840030030); CPI n.s.a. m/m (840030033); Core CPI n.s.a. m/m (840030034); CPI (840030035); Core CPI n.s.a. (840030036); CPI m/m (124010003); CPI y/y (124010004); Core CPI m/m (124010005); Core CPI y/y (124010006),Missing numeric actual or forecast value on headline or core CPI.
1438615800,2015.08.03 15:30:00,2015,PCE_ONLY,,,,,,,,,,,,Core PCE Price Index m/m (840010001); Core PCE Price Index y/y (840010002); PCE Price Index m/m (840010003); PCE Price Index y/y (840010004); Personal Spending m/m (840010005); Personal Income m/m (840010006); Real PCE m/m (840010014),Core PCE only release (event 840010001); headline/core CPI absent.
1439998200,2015.08.19 15:30:00,2015,MISSING_AF,,0.1,,,0.1,,,,,,,CPI y/y (840030007); Core CPI y/y (840030008); CPI n.s.a. (840030009); Core CPI (840030010); Real Earnings m/m (840030030); CPI n.s.a. m/m (840030033); Core CPI n.s.a. m/m (840030034); CPI (840030035); Core CPI n.s.a. (840030036),Missing numeric actual or forecast value on headline or core CPI.
1440775800,2015.08.28 15:30:00,2015,PCE_ONLY,,,,,,,,,,,,Core PCE Price Index m/m (840010001); Core PCE Price Index y/y (840010002); PCE Price Index m/m (840010003); PCE Price Index y/y (840010004); Personal Spending m/m (840010005); Personal Income m/m (840010006); Real PCE m/m (840010014); Goods Trade Balance (840020019); IPPI m/m (124010024); IPPI y/y (124010025); RMPI m/m (124010026); RMPI y/y (124010027),Core PCE only release (event 840010001); headline/core CPI absent.
1442417400,2015.09.16 15:30:00,2015,MISSING_AF,,-0.1,,,0.1,,,,,,,CPI y/y (840030007); Core CPI y/y (840030008); CPI n.s.a. (840030009); Core CPI (840030010); Real Earnings m/m (840030030); CPI n.s.a. m/m (840030033); Core CPI n.s.a. m/m (840030034); CPI (840030035); Core CPI n.s.a. (840030036); Foreign Securities Purchases (124010019); Foreign Securities Purchases by Canadians (124010020); Manufacturing Sales m/m (124010029),Missing numeric actual or forecast value on headline or core CPI.
1443454200,2015.09.28 15:30:00,2015,PCE_ONLY,,,,,,,,,,,,Core PCE Price Index m/m (840010001); Core PCE Price Index y/y (840010002); PCE Price Index m/m (840010003); PCE Price Index y/y (840010004); Personal Spending m/m (840010005); Personal Income m/m (840010006); Real PCE m/m (840010014),Core PCE only release (event 840010001); headline/core CPI absent.
1444923000,2015.10.15 15:30:00,2015,MISSING_AF,,-0.2,,,0.2,,,,,,,CPI y/y (840030007); Core CPI y/y (840030008); CPI n.s.a. (840030009); Core CPI (840030010); Real Earnings m/m (840030030); CPI n.s.a. m/m (840030033); Core CPI n.s.a. m/m (840030034); CPI (840030035); Core CPI n.s.a. (840030036); Initial Jobless Claims (840140001); Continuing Jobless Claims (840140002); Initial Jobless Claims 4-Week Average (840140003); NY Fed Empire State Manufacturing Index (840230001),Missing numeric actual or forecast value on headline or core CPI.
1446219000,2015.10.30 15:30:00,2015,PCE_ONLY,,,,,,,,,,,,Core PCE Price Index m/m (840010001); Core PCE Price Index y/y (840010002); PCE Price Index m/m (840010003); PCE Price Index y/y (840010004); Personal Spending m/m (840010005); Personal Income m/m (840010006); Real PCE m/m (840010014); Employment Cost Index q/q (840030025); Employment Benefits q/q (840030026); Employment Wages q/q (840030027); GDP m/m (124010021),Core PCE only release (event 840010001); headline/core CPI absent.
1447777800,2015.11.17 16:30:00,2015,MISSING_AF,,0.2,,,0.2,,,,,,,CPI y/y (840030007); Core CPI y/y (840030008); CPI n.s.a. (840030009); Core CPI (840030010); Real Earnings m/m (840030030); CPI n.s.a. m/m (840030033); Core CPI n.s.a. m/m (840030034); CPI (840030035); Core CPI n.s.a. (840030036),Missing numeric actual or forecast value on headline or core CPI.
1448469000,2015.11.25 16:30:00,2015,PCE_ONLY,,,,,,,,,,,,Core PCE Price Index m/m (840010001); Core PCE Price Index y/y (840010002); PCE Price Index m/m (840010003); PCE Price Index y/y (840010004); Personal Spending m/m (840010005); Personal Income m/m (840010006); Real PCE m/m (840010014); Durable Goods Orders m/m (840020013); Core Durable Goods Orders m/m (840020014); Durable Goods Orders excl. Defense m/m (840020017); Nondefense Capital Goods Orders excl. Aircraft m/m (840020018); Initial Jobless Claims (840140001); Continuing Jobless Claims (840140002); Initial Jobless Claims 4-Week Average (840140003),Core PCE only release (event 840010001); headline/core CPI absent.
1450197000,2015.12.15 16:30:00,2015,MISSING_AF,,0.0,,,0.2,,,,,,,CPI y/y (840030007); Core CPI y/y (840030008); CPI n.s.a. (840030009); Core CPI (840030010); Real Earnings m/m (840030030); CPI n.s.a. m/m (840030033); Core CPI n.s.a. m/m (840030034); CPI (840030035); Core CPI n.s.a. (840030036); NY Fed Empire State Manufacturing Index (840230001); Manufacturing Sales m/m (124010029),Missing numeric actual or forecast value on headline or core CPI.
1450888200,2015.12.23 16:30:00,2015,PCE_ONLY,,,,,,,,,,,,Core PCE Price Index m/m (840010001); Core PCE Price Index y/y (840010002); PCE Price Index m/m (840010003); PCE Price Index y/y (840010004); Personal Spending m/m (840010005); Personal Income m/m (840010006); Real PCE m/m (840010014); Durable Goods Orders m/m (840020013); Core Durable Goods Orders m/m (840020014); Durable Goods Orders excl. Defense m/m (840020017); Nondefense Capital Goods Orders excl. Aircraft m/m (840020018); Retail Sales m/m (124010007); Core Retail Sales m/m (124010008); GDP m/m (124010021),Core PCE only release (event 840010001); headline/core CPI absent.
1453307400,2016.01.20 16:30:00,2016,MISSING_AF,,-0.1,,,0.1,,,,,,,Housing Starts (840020004); Building Permits (840020005); Building Permits m/m (840020016); CPI y/y (840030007); Core CPI y/y (840030008); CPI n.s.a. (840030009); Core CPI (840030010); Real Earnings m/m (840030030); CPI n.s.a. m/m (840030033); Core CPI n.s.a. m/m (840030034); CPI (840030035); Core CPI n.s.a. (840030036); Manufacturing Sales m/m (124010029); Wholesale Trade m/m (124010031),Missing numeric actual or forecast value on headline or core CPI.
1454344200,2016.02.01 16:30:00,2016,PCE_ONLY,,,,,,,,,,,,Core PCE Price Index m/m (840010001); Core PCE Price Index y/y (840010002); PCE Price Index m/m (840010003); PCE Price Index y/y (840010004); Personal Spending m/m (840010005); Personal Income m/m (840010006); Real PCE m/m (840010014),Core PCE only release (event 840010001); headline/core CPI absent.
1455899400,2016.02.19 16:30:00,2016,MISSING_AF,,0.0,,,0.3,,,,,,,CPI y/y (840030007); Core CPI y/y (840030008); CPI n.s.a. (840030009); Core CPI (840030010); Real Earnings m/m (840030030); CPI n.s.a. m/m (840030033); Core CPI n.s.a. m/m (840030034); CPI (840030035); Core CPI n.s.a. (840030036); CPI m/m (124010003); CPI y/y (124010004); Core CPI m/m (124010005); Core CPI y/y (124010006); Retail Sales m/m (124010007); Core Retail Sales m/m (124010008),Missing numeric actual or forecast value on headline or core CPI.
1456509600,2016.02.26 18:00:00,2016,PCE_ONLY,,,,,,,,,,,,Core PCE Price Index m/m (840010001); Core PCE Price Index y/y (840010002); PCE Price Index m/m (840010003); PCE Price Index y/y (840010004); Personal Spending m/m (840010005); Personal Income m/m (840010006); Real PCE m/m (840010014),Core PCE only release (event 840010001); headline/core CPI absent.
1458142200,2016.03.16 15:30:00,2016,MISSING_AF,,-0.2,,,0.3,,,,,,,Housing Starts (840020004); Building Permits (840020005); CPI y/y (840030007); Core CPI y/y (840030008); CPI n.s.a. (840030009); Core CPI (840030010); Real Earnings m/m (840030030); CPI n.s.a. m/m (840030033); Core CPI n.s.a. m/m (840030034); CPI (840030035); Core CPI n.s.a. (840030036); Annual Budget (826100001); Foreign Securities Purchases (124010019); Foreign Securities Purchases by Canadians (124010020); Manufacturing Sales m/m (124010029),Missing numeric actual or forecast value on headline or core CPI.
1459179000,2016.03.28 15:30:00,2016,PCE_ONLY,,,,,,,,,,,,Core PCE Price Index m/m (840010001); Core PCE Price Index y/y (840010002); PCE Price Index m/m (840010003); PCE Price Index y/y (840010004); Personal Spending m/m (840010005); Personal Income m/m (840010006); Real PCE m/m (840010014); Goods Trade Balance (840020019),Core PCE only release (event 840010001); headline/core CPI absent.
1460647800,2016.04.14 15:30:00,2016,MISSING_AF,,0.1,,,0.1,,,,,,,CPI y/y (840030007); Core CPI y/y (840030008); CPI n.s.a. (840030009); Core CPI (840030010); Real Earnings m/m (840030030); CPI n.s.a. m/m (840030033); Core CPI n.s.a. m/m (840030034); CPI (840030035); Core CPI n.s.a. (840030036); Initial Jobless Claims (840140001); Continuing Jobless Claims (840140002); Initial Jobless Claims 4-Week Average (840140003); New Housing Price Index m/m (124010030),Missing numeric actual or forecast value on headline or core CPI.
1461943800,2016.04.29 15:30:00,2016,PCE_ONLY,,,,,,,,,,,,Core PCE Price Index m/m (840010001); Core PCE Price Index y/y (840010002); PCE Price Index m/m (840010003); PCE Price Index y/y (840010004); Personal Spending m/m (840010005); Personal Income m/m (840010006); Real PCE m/m (840010014); Employment Cost Index q/q (840030025); Employment Benefits q/q (840030026); Employment Wages q/q (840030027); GDP m/m (124010021); IPPI m/m (124010024); IPPI y/y (124010025); RMPI m/m (124010026); RMPI y/y (124010027),Core PCE only release (event 840010001); headline/core CPI absent.
1463499000,2016.05.17 15:30:00,2016,MISSING_AF,,0.4,,,0.2,,,,,,,Housing Starts (840020004); Building Permits (840020005); Building Permits m/m (840020016); CPI y/y (840030007); Core CPI y/y (840030008); CPI n.s.a. (840030009); Core CPI (840030010); Real Earnings m/m (840030030); CPI n.s.a. m/m (840030033); Core CPI n.s.a. m/m (840030034); CPI (840030035); Core CPI n.s.a. (840030036); Manufacturing Sales m/m (124010029),Missing numeric actual or forecast value on headline or core CPI.
1464708600,2016.05.31 15:30:00,2016,PCE_ONLY,,,,,,,,,,,,Core PCE Price Index m/m (840010001); Core PCE Price Index y/y (840010002); PCE Price Index m/m (840010003); PCE Price Index y/y (840010004); Personal Spending m/m (840010005); Personal Income m/m (840010006); Real PCE m/m (840010014); GDP m/m (124010021); GDP q/q (124010022); GDP Implicit Price Index q/q (124010023); GDP Annualized q/q (124010036),Core PCE only release (event 840010001); headline/core CPI absent.
1466091000,2016.06.16 15:30:00,2016,MISSING_AF,,0.2,,,0.2,,,,,,,Current Account (840010015); CPI y/y (840030007); Core CPI y/y (840030008); CPI n.s.a. (840030009); Core CPI (840030010); Real Earnings m/m (840030030); CPI n.s.a. m/m (840030033); Core CPI n.s.a. m/m (840030034); CPI (840030035); Core CPI n.s.a. (840030036); Philadelphia Fed Manufacturing Index (840070001); Philadelphia Fed Employment (840070002); Philadelphia Fed Business Conditions (840070003); Philadelphia Fed Prices Paid (840070004); Philadelphia Fed New Orders (840070005); Philadelphia Fed Capex Index (840070006); Initial Jobless Claims (840140001); Continuing Jobless Claims (840140002); Initial Jobless Claims 4-Week Average (840140003); Foreign Securities Purchases (124010019); Foreign Securities Purchases by Canadians (124010020),Missing numeric actual or forecast value on headline or core CPI.
1467214200,2016.06.29 15:30:00,2016,PCE_ONLY,,,,,,,,,,,,Core PCE Price Index m/m (840010001); Core PCE Price Index y/y (840010002); PCE Price Index m/m (840010003); PCE Price Index y/y (840010004); Personal Spending m/m (840010005); Personal Income m/m (840010006); Real PCE m/m (840010014),Core PCE only release (event 840010001); headline/core CPI absent.
1468596600,2016.07.15 15:30:00,2016,SHARED_COLLISION,,0.2,,,0.2,,,,,,,Retail Sales m/m (840020010); Core Retail Sales m/m (840020011); Retail Control m/m (840020012); Retail Sales excl. Autos and Gas m/m (840020021); Retail Sales y/y (840020025); CPI y/y (840030007); Core CPI y/y (840030008); CPI n.s.a. (840030009); Core CPI (840030010); Real Earnings m/m (840030030); CPI n.s.a. m/m (840030033); Core CPI n.s.a. m/m (840030034); CPI (840030035); Core CPI n.s.a. (840030036); NY Fed Empire State Manufacturing Index (840230001); Manufacturing Sales m/m (124010029),Coincident timestamp with US Retail Sales (events 840020010/840020011).
1470151800,2016.08.02 15:30:00,2016,PCE_ONLY,,,,,,,,,,,,Core PCE Price Index m/m (840010001); Core PCE Price Index y/y (840010002); PCE Price Index m/m (840010003); PCE Price Index y/y (840010004); Personal Spending m/m (840010005); Personal Income m/m (840010006); Real PCE m/m (840010014),Core PCE only release (event 840010001); headline/core CPI absent.
1471361400,2016.08.16 15:30:00,2016,MISSING_AF,,0.0,,,0.1,,,,,,,Housing Starts (840020004); Building Permits (840020005); Building Permits m/m (840020016); CPI y/y (840030007); Core CPI y/y (840030008); CPI n.s.a. (840030009); Core CPI (840030010); Real Earnings m/m (840030030); CPI n.s.a. m/m (840030033); Core CPI n.s.a. m/m (840030034); CPI (840030035); Core CPI n.s.a. (840030036); Manufacturing Sales m/m (124010029),Missing numeric actual or forecast value on headline or core CPI.
1472484600,2016.08.29 15:30:00,2016,PCE_ONLY,,,,,,,,,,,,Core PCE Price Index m/m (840010001); Core PCE Price Index y/y (840010002); PCE Price Index m/m (840010003); PCE Price Index y/y (840010004); Personal Spending m/m (840010005); Personal Income m/m (840010006); Real PCE m/m (840010014),Core PCE only release (event 840010001); headline/core CPI absent.
1474039800,2016.09.16 15:30:00,2016,MISSING_AF,,0.2,,,0.3,,,,,,,CPI y/y (840030007); Core CPI y/y (840030008); CPI n.s.a. (840030009); Core CPI (840030010); Real Earnings m/m (840030030); CPI n.s.a. m/m (840030033); Core CPI n.s.a. m/m (840030034); CPI (840030035); Core CPI n.s.a. (840030036); Foreign Securities Purchases (124010019); Foreign Securities Purchases by Canadians (124010020); Manufacturing Sales m/m (124010029),Missing numeric actual or forecast value on headline or core CPI.
1475249400,2016.09.30 15:30:00,2016,PCE_ONLY,,,,,,,,,,,,Core PCE Price Index m/m (840010001); Core PCE Price Index y/y (840010002); PCE Price Index m/m (840010003); PCE Price Index y/y (840010004); Personal Spending m/m (840010005); Personal Income m/m (840010006); Real PCE m/m (840010014); GDP m/m (124010021); IPPI m/m (124010024); IPPI y/y (124010025); RMPI m/m (124010026); RMPI y/y (124010027),Core PCE only release (event 840010001); headline/core CPI absent.
1476804600,2016.10.18 15:30:00,2016,MISSING_AF,,0.3,,,0.1,,,,,,,CPI y/y (840030007); Core CPI y/y (840030008); CPI n.s.a. (840030009); Core CPI (840030010); Real Earnings m/m (840030030); CPI n.s.a. m/m (840030033); Core CPI n.s.a. m/m (840030034); CPI (840030035); Core CPI n.s.a. (840030036); Manufacturing Sales m/m (124010029),Missing numeric actual or forecast value on headline or core CPI.
1477927800,2016.10.31 15:30:00,2016,PCE_ONLY,,,,,,,,,,,,Core PCE Price Index m/m (840010001); Core PCE Price Index y/y (840010002); PCE Price Index m/m (840010003); PCE Price Index y/y (840010004); Personal Spending m/m (840010005); Personal Income m/m (840010006); Real PCE m/m (840010014); IPPI m/m (124010024); IPPI y/y (124010025); RMPI m/m (124010026); RMPI y/y (124010027),Core PCE only release (event 840010001); headline/core CPI absent.
1479400200,2016.11.17 16:30:00,2016,MISSING_AF,,0.4,,,0.1,,,,,,,Housing Starts (840020004); Building Permits (840020005); Housing Starts m/m (840020015); Building Permits m/m (840020016); CPI y/y (840030007); Core CPI y/y (840030008); CPI n.s.a. (840030009); Core CPI (840030010); Real Earnings m/m (840030030); CPI n.s.a. m/m (840030033); Core CPI n.s.a. m/m (840030034); CPI (840030035); Core CPI n.s.a. (840030036); Philadelphia Fed Manufacturing Index (840070001); Philadelphia Fed Employment (840070002); Philadelphia Fed Business Conditions (840070003); Philadelphia Fed Prices Paid (840070004); Philadelphia Fed New Orders (840070005); Philadelphia Fed Capex Index (840070006); Initial Jobless Claims (840140001); Continuing Jobless Claims (840140002); Initial Jobless Claims 4-Week Average (840140003); Foreign Securities Purchases (124010019); Foreign Securities Purchases by Canadians (124010020),Missing numeric actual or forecast value on headline or core CPI.
1480523400,2016.11.30 16:30:00,2016,PCE_ONLY,,,,,,,,,,,,Core PCE Price Index m/m (840010001); Core PCE Price Index y/y (840010002); PCE Price Index m/m (840010003); PCE Price Index y/y (840010004); Personal Spending m/m (840010005); Personal Income m/m (840010006); Real PCE m/m (840010014); GDP m/m (124010021); GDP q/q (124010022); GDP Implicit Price Index q/q (124010023); IPPI m/m (124010024); IPPI y/y (124010025); RMPI m/m (124010026); RMPI y/y (124010027); GDP Annualized q/q (124010036),Core PCE only release (event 840010001); headline/core CPI absent.
1481819400,2016.12.15 16:30:00,2016,MISSING_AF,,0.2,,,0.2,,,,,,,Current Account (840010015); CPI y/y (840030007); Core CPI y/y (840030008); CPI n.s.a. (840030009); Core CPI (840030010); Real Earnings m/m (840030030); CPI n.s.a. m/m (840030033); Core CPI n.s.a. m/m (840030034); CPI (840030035); Core CPI n.s.a. (840030036); Philadelphia Fed Manufacturing Index (840070001); Philadelphia Fed Employment (840070002); Philadelphia Fed Business Conditions (840070003); Philadelphia Fed Prices Paid (840070004); Philadelphia Fed New Orders (840070005); Philadelphia Fed Capex Index (840070006); Initial Jobless Claims (840140001); Continuing Jobless Claims (840140002); Initial Jobless Claims 4-Week Average (840140003); NY Fed Empire State Manufacturing Index (840230001); Manufacturing Sales m/m (124010029),Missing numeric actual or forecast value on headline or core CPI.
1482429600,2016.12.22 18:00:00,2016,PCE_ONLY,,,,,,,,,,,,Core PCE Price Index m/m (840010001); Core PCE Price Index y/y (840010002); PCE Price Index m/m (840010003); PCE Price Index y/y (840010004); Personal Spending m/m (840010005); Personal Income m/m (840010006); Real PCE m/m (840010014); CB Leading Economic Index m/m (840180001),Core PCE only release (event 840010001); headline/core CPI absent.
1484757000,2017.01.18 16:30:00,2017,MISSING_AF,,0.3,,,0.2,,,,,,,CPI y/y (840030007); Core CPI y/y (840030008); CPI n.s.a. (840030009); Core CPI (840030010); Real Earnings m/m (840030030); CPI n.s.a. m/m (840030033); Core CPI n.s.a. m/m (840030034); CPI (840030035); Core CPI n.s.a. (840030036),Missing numeric actual or forecast value on headline or core CPI.
1485793800,2017.01.30 16:30:00,2017,PCE_ONLY,,,,,,,,,,,,Core PCE Price Index m/m (840010001); Core PCE Price Index y/y (840010002); PCE Price Index m/m (840010003); PCE Price Index y/y (840010004); Personal Spending m/m (840010005); Personal Income m/m (840010006); Real PCE m/m (840010014),Core PCE only release (event 840010001); headline/core CPI absent.
1487176200,2017.02.15 16:30:00,2017,SHARED_COLLISION,,0.6,,,0.3,,,,,,,Retail Sales m/m (840020010); Core Retail Sales m/m (840020011); Retail Control m/m (840020012); Retail Sales excl. Autos and Gas m/m (840020021); Retail Sales y/y (840020025); CPI y/y (840030007); Core CPI y/y (840030008); CPI n.s.a. (840030009); Core CPI (840030010); Real Earnings m/m (840030030); CPI n.s.a. m/m (840030033); Core CPI n.s.a. m/m (840030034); CPI (840030035); Core CPI n.s.a. (840030036); NY Fed Empire State Manufacturing Index (840230001); Manufacturing Sales m/m (124010029),Coincident timestamp with US Retail Sales (events 840020010/840020011).
1488385800,2017.03.01 16:30:00,2017,PCE_ONLY,,,,,,,,,,,,Core PCE Price Index m/m (840010001); Core PCE Price Index y/y (840010002); PCE Price Index m/m (840010003); PCE Price Index y/y (840010004); Personal Spending m/m (840010005); Personal Income m/m (840010006); Real PCE m/m (840010014); Current Account (124010010),Core PCE only release (event 840010001); headline/core CPI absent.
1489591800,2017.03.15 15:30:00,2017,SHARED_COLLISION,,0.1,,,0.2,,,,,,,Retail Sales m/m (840020010); Core Retail Sales m/m (840020011); Retail Control m/m (840020012); Retail Sales excl. Autos and Gas m/m (840020021); Retail Sales y/y (840020025); CPI y/y (840030007); Core CPI y/y (840030008); CPI n.s.a. (840030009); Core CPI (840030010); Real Earnings m/m (840030030); CPI n.s.a. m/m (840030033); Core CPI n.s.a. m/m (840030034); CPI (840030035); Core CPI n.s.a. (840030036); NY Fed Empire State Manufacturing Index (840230001),Coincident timestamp with US Retail Sales (events 840020010/840020011).
1490974200,2017.03.31 15:30:00,2017,PCE_ONLY,,,,,,,,,,,,Core PCE Price Index m/m (840010001); Core PCE Price Index y/y (840010002); PCE Price Index m/m (840010003); PCE Price Index y/y (840010004); Personal Spending m/m (840010005); Personal Income m/m (840010006); Real PCE m/m (840010014); GDP m/m (124010021); GDP y/y (124010035),Core PCE only release (event 840010001); headline/core CPI absent.
1492183800,2017.04.14 15:30:00,2017,SHARED_COLLISION,,-0.3,,,-0.1,,,,,,,Retail Sales m/m (840020010); Core Retail Sales m/m (840020011); Retail Control m/m (840020012); Retail Sales excl. Autos and Gas m/m (840020021); Retail Sales y/y (840020025); CPI y/y (840030007); Core CPI y/y (840030008); CPI n.s.a. (840030009); Core CPI (840030010); Real Earnings m/m (840030030); CPI n.s.a. m/m (840030033); Core CPI n.s.a. m/m (840030034); CPI (840030035); Core CPI n.s.a. (840030036),Coincident timestamp with US Retail Sales (events 840020010/840020011).
1493652600,2017.05.01 15:30:00,2017,PCE_ONLY,,,,,,,,,,,,Core PCE Price Index m/m (840010001); Core PCE Price Index y/y (840010002); PCE Price Index m/m (840010003); PCE Price Index y/y (840010004); Personal Spending m/m (840010005); Personal Income m/m (840010006); Real PCE m/m (840010014),Core PCE only release (event 840010001); headline/core CPI absent.
1494603000,2017.05.12 15:30:00,2017,SHARED_COLLISION,,0.2,-0.1,,0.1,0.2,,,,,,Retail Sales m/m (840020010); Core Retail Sales m/m (840020011); Retail Control m/m (840020012); Retail Sales excl. Autos and Gas m/m (840020021); Retail Sales y/y (840020025); CPI y/y (840030007); Core CPI y/y (840030008); CPI n.s.a. (840030009); Core CPI (840030010); Real Earnings m/m (840030030); CPI n.s.a. m/m (840030033); Core CPI n.s.a. m/m (840030034); CPI (840030035); Core CPI n.s.a. (840030036),Coincident timestamp with US Retail Sales (events 840020010/840020011).
1496158200,2017.05.30 15:30:00,2017,PCE_ONLY,,,,,,,,,,,,Core PCE Price Index m/m (840010001); Core PCE Price Index y/y (840010002); PCE Price Index m/m (840010003); PCE Price Index y/y (840010004); Personal Spending m/m (840010005); Personal Income m/m (840010006); Real PCE m/m (840010014); Current Account (124010010); IPPI m/m (124010024); IPPI y/y (124010025); RMPI m/m (124010026); RMPI y/y (124010027),Core PCE only release (event 840010001); headline/core CPI absent.
1497454200,2017.06.14 15:30:00,2017,SHARED_COLLISION,,-0.1,0.0,,0.1,0.1,,,,,,Retail Sales m/m (840020010); Core Retail Sales m/m (840020011); Retail Control m/m (840020012); Retail Sales excl. Autos and Gas m/m (840020021); Retail Sales y/y (840020025); CPI y/y (840030007); Core CPI y/y (840030008); CPI n.s.a. (840030009); Core CPI (840030010); Real Earnings m/m (840030030); CPI n.s.a. m/m (840030033); Core CPI n.s.a. m/m (840030034); CPI (840030035); Core CPI n.s.a. (840030036),Coincident timestamp with US Retail Sales (events 840020010/840020011).
1498836600,2017.06.30 15:30:00,2017,PCE_ONLY,,,,,,,,,,,,Core PCE Price Index m/m (840010001); Core PCE Price Index y/y (840010002); PCE Price Index m/m (840010003); PCE Price Index y/y (840010004); Personal Spending m/m (840010005); Personal Income m/m (840010006); Real PCE m/m (840010014); GDP m/m (124010021); IPPI m/m (124010024); IPPI y/y (124010025); RMPI m/m (124010026); RMPI y/y (124010027); GDP y/y (124010035),Core PCE only release (event 840010001); headline/core CPI absent.
1500046200,2017.07.14 15:30:00,2017,SHARED_COLLISION,,0.0,-0.2,,0.1,0.1,,,,,,Retail Sales m/m (840020010); Core Retail Sales m/m (840020011); Retail Control m/m (840020012); Retail Sales excl. Autos and Gas m/m (840020021); Retail Sales y/y (840020025); CPI y/y (840030007); Core CPI y/y (840030008); CPI n.s.a. (840030009); Core CPI (840030010); Real Earnings m/m (840030030); CPI n.s.a. m/m (840030033); Core CPI n.s.a. m/m (840030034); CPI (840030035); Core CPI n.s.a. (840030036),Coincident timestamp with US Retail Sales (events 840020010/840020011).
1501601400,2017.08.01 15:30:00,2017,PCE_ONLY,,,,,,,,,,,,Core PCE Price Index m/m (840010001); Core PCE Price Index y/y (840010002); PCE Price Index m/m (840010003); PCE Price Index y/y (840010004); Personal Spending m/m (840010005); Personal Income m/m (840010006); Real PCE m/m (840010014),Core PCE only release (event 840010001); headline/core CPI absent.
1502465400,2017.08.11 15:30:00,2017,MIXED_ZERO,,0.1,-0.1,+0.2,0.1,0.1,+0.0,,,,,CPI y/y (840030007); Core CPI y/y (840030008); CPI n.s.a. (840030009); Core CPI (840030010); Real Earnings m/m (840030030); CPI n.s.a. m/m (840030033); Core CPI n.s.a. m/m (840030034); CPI (840030035); Core CPI n.s.a. (840030036),Discordant or zero surprise between headline and core CPI -> NO TRADE.
1504193400,2017.08.31 15:30:00,2017,PCE_ONLY,,,,,,,,,,,,Core PCE Price Index m/m (840010001); Core PCE Price Index y/y (840010002); PCE Price Index m/m (840010003); PCE Price Index y/y (840010004); Personal Spending m/m (840010005); Personal Income m/m (840010006); Real PCE m/m (840010014); Initial Jobless Claims (840140001); Continuing Jobless Claims (840140002); Initial Jobless Claims 4-Week Average (840140003); GDP m/m (124010021); GDP q/q (124010022); GDP Implicit Price Index q/q (124010023); GDP y/y (124010035); GDP Annualized q/q (124010036),Core PCE only release (event 840010001); headline/core CPI absent.
1505403000,2017.09.14 15:30:00,2017,CANDIDATE_TRADE,SHORT,0.4,0.0,+0.4,0.2,0.1,+0.1,+1.50,+20.4,1,TARGET,CPI y/y (840030007); Core CPI y/y (840030008); CPI n.s.a. (840030009); Core CPI (840030010); Real Earnings m/m (840030030); CPI n.s.a. m/m (840030033); Core CPI n.s.a. m/m (840030034); CPI (840030035); Core CPI n.s.a. (840030036); Initial Jobless Claims (840140001); Continuing Jobless Claims (840140002); Initial Jobless Claims 4-Week Average (840140003); New Housing Price Index m/m (124010030),Concordant surprise (SHORT) -> Trade executed.
1506699000,2017.09.29 15:30:00,2017,PCE_ONLY,,,,,,,,,,,,Core PCE Price Index m/m (840010001); Core PCE Price Index y/y (840010002); PCE Price Index m/m (840010003); PCE Price Index y/y (840010004); Personal Spending m/m (840010005); Personal Income m/m (840010006); Real PCE m/m (840010014); BoE Deputy Governor Monetary Policy Broadbent Speech (826020002); GDP m/m (124010021); IPPI m/m (124010024); IPPI y/y (124010025); RMPI m/m (124010026); RMPI y/y (124010027); GDP y/y (124010035),Core PCE only release (event 840010001); headline/core CPI absent.
1507908600,2017.10.13 15:30:00,2017,SHARED_COLLISION,,0.5,0.1,,0.1,0.2,,,,,,Retail Sales m/m (840020010); Core Retail Sales m/m (840020011); Retail Control m/m (840020012); Retail Sales excl. Autos and Gas m/m (840020021); Retail Sales y/y (840020025); CPI y/y (840030007); Core CPI y/y (840030008); CPI n.s.a. (840030009); Core CPI (840030010); Real Earnings m/m (840030030); CPI n.s.a. m/m (840030033); Core CPI n.s.a. m/m (840030034); CPI (840030035); Core CPI n.s.a. (840030036); FOMC Member Rosengren Speech (840270001),Coincident timestamp with US Retail Sales (events 840020010/840020011).
1509377400,2017.10.30 15:30:00,2017,PCE_ONLY,,,,,,,,,,,,Core PCE Price Index m/m (840010001); Core PCE Price Index y/y (840010002); PCE Price Index m/m (840010003); PCE Price Index y/y (840010004); Personal Spending m/m (840010005); Personal Income m/m (840010006); Real PCE m/m (840010014),Core PCE only release (event 840010001); headline/core CPI absent.
1510763400,2017.11.15 16:30:00,2017,SHARED_COLLISION,,0.1,0.1,,0.2,0.2,,,,,,Retail Sales m/m (840020010); Core Retail Sales m/m (840020011); Retail Control m/m (840020012); Retail Sales excl. Autos and Gas m/m (840020021); Retail Sales y/y (840020025); CPI y/y (840030007); Core CPI y/y (840030008); CPI n.s.a. (840030009); Core CPI (840030010); Real Earnings m/m (840030030); CPI n.s.a. m/m (840030033); Core CPI n.s.a. m/m (840030034); CPI (840030035); Core CPI n.s.a. (840030036); NY Fed Empire State Manufacturing Index (840230001),Coincident timestamp with US Retail Sales (events 840020010/840020011).
1512059400,2017.11.30 16:30:00,2017,PCE_ONLY,,,,,,,,,,,,Core PCE Price Index m/m (840010001); Core PCE Price Index y/y (840010002); PCE Price Index m/m (840010003); PCE Price Index y/y (840010004); Personal Spending m/m (840010005); Personal Income m/m (840010006); Real PCE m/m (840010014); Initial Jobless Claims (840140001); Continuing Jobless Claims (840140002); Initial Jobless Claims 4-Week Average (840140003); Current Account (124010010),Core PCE only release (event 840010001); headline/core CPI absent.
1513182600,2017.12.13 16:30:00,2017,MIXED_ZERO,,0.4,0.2,+0.2,0.1,0.2,-0.1,,,,,CPI y/y (840030007); Core CPI y/y (840030008); CPI n.s.a. (840030009); Core CPI (840030010); Real Earnings m/m (840030030); CPI n.s.a. m/m (840030033); Core CPI n.s.a. m/m (840030034); CPI (840030035); Core CPI n.s.a. (840030036),Discordant or zero surprise between headline and core CPI -> NO TRADE.
1513960200,2017.12.22 16:30:00,2017,PCE_ONLY,,,,,,,,,,,,Core PCE Price Index m/m (840010001); Core PCE Price Index y/y (840010002); PCE Price Index m/m (840010003); PCE Price Index y/y (840010004); Personal Spending m/m (840010005); Personal Income m/m (840010006); Real PCE m/m (840010014); Durable Goods Orders m/m (840020013); Core Durable Goods Orders m/m (840020014); Durable Goods Orders excl. Defense m/m (840020017); Nondefense Capital Goods Orders excl. Aircraft m/m (840020018); GDP m/m (124010021); GDP y/y (124010035),Core PCE only release (event 840010001); headline/core CPI absent.
1515774600,2018.01.12 16:30:00,2018,SHARED_COLLISION,,0.1,0.2,,0.3,0.1,,,,,,Retail Sales m/m (840020010); Core Retail Sales m/m (840020011); Retail Control m/m (840020012); Retail Sales excl. Autos and Gas m/m (840020021); Retail Sales y/y (840020025); CPI y/y (840030007); Core CPI y/y (840030008); CPI n.s.a. (840030009); Core CPI (840030010); Real Earnings m/m (840030030); CPI n.s.a. m/m (840030033); Core CPI n.s.a. m/m (840030034); CPI (840030035); Core CPI n.s.a. (840030036),Coincident timestamp with US Retail Sales (events 840020010/840020011).
1517243400,2018.01.29 16:30:00,2018,PCE_ONLY,,,,,,,,,,,,Core PCE Price Index m/m (840010001); Core PCE Price Index y/y (840010002); PCE Price Index m/m (840010003); PCE Price Index y/y (840010004); Personal Spending m/m (840010005); Personal Income m/m (840010006); Real PCE m/m (840010014),Core PCE only release (event 840010001); headline/core CPI absent.
1518625800,2018.02.14 16:30:00,2018,SHARED_COLLISION,,0.5,0.1,,0.3,0.1,,,,,,Retail Sales m/m (840020010); Core Retail Sales m/m (840020011); Retail Control m/m (840020012); Retail Sales excl. Autos and Gas m/m (840020021); Retail Sales y/y (840020025); CPI y/y (840030007); Core CPI y/y (840030008); CPI n.s.a. (840030009); Core CPI (840030010); Real Earnings m/m (840030030); CPI n.s.a. m/m (840030033); Core CPI n.s.a. m/m (840030034); CPI (840030035); Core CPI n.s.a. (840030036),Coincident timestamp with US Retail Sales (events 840020010/840020011).
1519921800,2018.03.01 16:30:00,2018,PCE_ONLY,,,,,,,,,,,,Core PCE Price Index m/m (840010001); Core PCE Price Index y/y (840010002); PCE Price Index m/m (840010003); PCE Price Index y/y (840010004); Personal Spending m/m (840010005); Personal Income m/m (840010006); Real PCE m/m (840010014); Initial Jobless Claims (840140001); Continuing Jobless Claims (840140002); Initial Jobless Claims 4-Week Average (840140003); Current Account (124010010),Core PCE only release (event 840010001); headline/core CPI absent.
1520955000,2018.03.13 15:30:00,2018,CANDIDATE_TRADE,SHORT,0.2,0.1,+0.1,0.2,0.1,+0.1,+1.50,+21.6,1,TARGET,CPI y/y (840030007); Core CPI y/y (840030008); CPI n.s.a. (840030009); Core CPI (840030010); Real Earnings m/m (840030030); CPI n.s.a. m/m (840030033); Core CPI n.s.a. m/m (840030034); CPI (840030035); Core CPI n.s.a. (840030036); Spring Forecast Statement (826100003),Concordant surprise (SHORT) -> Trade executed.
1522337400,2018.03.29 15:30:00,2018,PCE_ONLY,,,,,,,,,,,,Core PCE Price Index m/m (840010001); Core PCE Price Index y/y (840010002); PCE Price Index m/m (840010003); PCE Price Index y/y (840010004); Personal Spending m/m (840010005); Personal Income m/m (840010006); Real PCE m/m (840010014); Initial Jobless Claims (840140001); Continuing Jobless Claims (840140002); Initial Jobless Claims 4-Week Average (840140003); GDP m/m (124010021); IPPI m/m (124010024); IPPI y/y (124010025); RMPI m/m (124010026); RMPI y/y (124010027); GDP y/y (124010035),Core PCE only release (event 840010001); headline/core CPI absent.
1523460600,2018.04.11 15:30:00,2018,MIXED_ZERO,,-0.1,0.1,-0.2,0.2,0.1,+0.1,,,,,CPI y/y (840030007); Core CPI y/y (840030008); CPI n.s.a. (840030009); Core CPI (840030010); Real Earnings m/m (840030030); CPI n.s.a. m/m (840030033); Core CPI n.s.a. m/m (840030034); CPI (840030035); Core CPI n.s.a. (840030036),Discordant or zero surprise between headline and core CPI -> NO TRADE.
1525102200,2018.04.30 15:30:00,2018,PCE_ONLY,,,,,,,,,,,,Core PCE Price Index m/m (840010001); Core PCE Price Index y/y (840010002); PCE Price Index m/m (840010003); PCE Price Index y/y (840010004); Personal Spending m/m (840010005); Personal Income m/m (840010006); Real PCE m/m (840010014); IPPI m/m (124010024); IPPI y/y (124010025); RMPI m/m (124010026); RMPI y/y (124010027),Core PCE only release (event 840010001); headline/core CPI absent.
1525966200,2018.05.10 15:30:00,2018,MIXED_ZERO,,0.2,0.0,+0.2,0.1,0.2,-0.1,,,,,CPI y/y (840030007); Core CPI y/y (840030008); CPI n.s.a. (840030009); Core CPI (840030010); Real Earnings m/m (840030030); CPI n.s.a. m/m (840030033); Core CPI n.s.a. m/m (840030034); CPI (840030035); Core CPI n.s.a. (840030036); Initial Jobless Claims (840140001); Continuing Jobless Claims (840140002); Initial Jobless Claims 4-Week Average (840140003); New Housing Price Index m/m (124010030),Discordant or zero surprise between headline and core CPI -> NO TRADE.
1527780600,2018.05.31 15:30:00,2018,PCE_ONLY,,,,,,,,,,,,Core PCE Price Index m/m (840010001); Core PCE Price Index y/y (840010002); PCE Price Index m/m (840010003); PCE Price Index y/y (840010004); Personal Spending m/m (840010005); Personal Income m/m (840010006); Real PCE m/m (840010014); Initial Jobless Claims (840140001); Continuing Jobless Claims (840140002); Initial Jobless Claims 4-Week Average (840140003); GDP m/m (124010021); GDP q/q (124010022); GDP Implicit Price Index q/q (124010023); GDP y/y (124010035); GDP Annualized q/q (124010036),Core PCE only release (event 840010001); headline/core CPI absent.
1528817400,2018.06.12 15:30:00,2018,MIXED_ZERO,,0.2,0.0,+0.2,0.2,0.2,+0.0,,,,,CPI y/y (840030007); Core CPI y/y (840030008); CPI n.s.a. (840030009); Core CPI (840030010); Real Earnings m/m (840030030); CPI n.s.a. m/m (840030033); Core CPI n.s.a. m/m (840030034); CPI (840030035); Core CPI n.s.a. (840030036),Discordant or zero surprise between headline and core CPI -> NO TRADE.
1530286200,2018.06.29 15:30:00,2018,PCE_ONLY,,,,,,,,,,,,Core PCE Price Index m/m (840010001); Core PCE Price Index y/y (840010002); PCE Price Index m/m (840010003); PCE Price Index y/y (840010004); Personal Spending m/m (840010005); Personal Income m/m (840010006); Real PCE m/m (840010014); GDP m/m (124010021); IPPI m/m (124010024); IPPI y/y (124010025); RMPI m/m (124010026); RMPI y/y (124010027); GDP y/y (124010035),Core PCE only release (event 840010001); headline/core CPI absent.
1531409400,2018.07.12 15:30:00,2018,MIXED_ZERO,,0.1,0.0,+0.1,0.2,0.2,+0.0,,,,,CPI y/y (840030007); Core CPI y/y (840030008); CPI n.s.a. (840030009); Core CPI (840030010); Real Earnings m/m (840030030); CPI n.s.a. m/m (840030033); Core CPI n.s.a. m/m (840030034); CPI (840030035); Core CPI n.s.a. (840030036); Initial Jobless Claims (840140001); Continuing Jobless Claims (840140002); Initial Jobless Claims 4-Week Average (840140003); FOMC Member Kashkari Speech (840250001); New Housing Price Index m/m (124010030),Discordant or zero surprise between headline and core CPI -> NO TRADE.
1533051000,2018.07.31 15:30:00,2018,PCE_ONLY,,,,,,,,,,,,Core PCE Price Index m/m (840010001); Core PCE Price Index y/y (840010002); PCE Price Index m/m (840010003); PCE Price Index y/y (840010004); Personal Spending m/m (840010005); Personal Income m/m (840010006); Real PCE m/m (840010014); Employment Cost Index q/q (840030025); Employment Benefits q/q (840030026); Employment Wages q/q (840030027); GDP m/m (124010021); IPPI m/m (124010024); IPPI y/y (124010025); RMPI m/m (124010026); RMPI y/y (124010027); GDP y/y (124010035),Core PCE only release (event 840010001); headline/core CPI absent.
1533915000,2018.08.10 15:30:00,2018,MIXED_ZERO,,0.2,0.0,+0.2,0.2,0.2,+0.0,,,,,CPI y/y (840030007); Core CPI y/y (840030008); CPI n.s.a. (840030009); Core CPI (840030010); Real Earnings m/m (840030030); CPI n.s.a. m/m (840030033); Core CPI n.s.a. m/m (840030034); CPI (840030035); Core CPI n.s.a. (840030036); Employment Change (124010011); Full-Time Employment Change (124010012); Part-Time Employment Change (124010013); Unemployment Rate (124010014); Participation Rate (124010015),Discordant or zero surprise between headline and core CPI -> NO TRADE.
1535643000,2018.08.30 15:30:00,2018,PCE_ONLY,,,,,,,,,,,,Core PCE Price Index m/m (840010001); Core PCE Price Index y/y (840010002); PCE Price Index m/m (840010003); PCE Price Index y/y (840010004); Personal Spending m/m (840010005); Personal Income m/m (840010006); Real PCE m/m (840010014); Initial Jobless Claims (840140001); Continuing Jobless Claims (840140002); Initial Jobless Claims 4-Week Average (840140003); GDP m/m (124010021); GDP q/q (124010022); GDP Implicit Price Index q/q (124010023); GDP y/y (124010035); GDP Annualized q/q (124010036),Core PCE only release (event 840010001); headline/core CPI absent.
1536852600,2018.09.13 15:30:00,2018,MIXED_ZERO,,0.2,0.1,+0.1,0.1,0.2,-0.1,,,,,CPI y/y (840030007); Core CPI y/y (840030008); CPI n.s.a. (840030009); Core CPI (840030010); Real Earnings m/m (840030030); CPI n.s.a. m/m (840030033); Core CPI n.s.a. m/m (840030034); CPI (840030035); Core CPI n.s.a. (840030036); Initial Jobless Claims (840140001); Continuing Jobless Claims (840140002); Initial Jobless Claims 4-Week Average (840140003); ECB Monetary Policy Press Conference (999010003); New Housing Price Index m/m (124010030),Discordant or zero surprise between headline and core CPI -> NO TRADE.
1538148600,2018.09.28 15:30:00,2018,PCE_ONLY,,,,,,,,,,,,Core PCE Price Index m/m (840010001); Core PCE Price Index y/y (840010002); PCE Price Index m/m (840010003); PCE Price Index y/y (840010004); Personal Spending m/m (840010005); Personal Income m/m (840010006); Real PCE m/m (840010014); FOMC Member Barkin Speech (840290001); GDP m/m (124010021); IPPI m/m (124010024); IPPI y/y (124010025); RMPI m/m (124010026); RMPI y/y (124010027); GDP y/y (124010035),Core PCE only release (event 840010001); headline/core CPI absent.
1539271800,2018.10.11 15:30:00,2018,CANDIDATE_TRADE,LONG,0.1,0.2,-0.1,0.1,0.2,-0.1,-1.00,-15.3,2,STOP,CPI y/y (840030007); Core CPI y/y (840030008); CPI n.s.a. (840030009); Core CPI (840030010); Real Earnings m/m (840030030); CPI n.s.a. m/m (840030033); Core CPI n.s.a. m/m (840030034); CPI (840030035); Core CPI n.s.a. (840030036); Initial Jobless Claims (840140001); Continuing Jobless Claims (840140002); Initial Jobless Claims 4-Week Average (840140003); New Housing Price Index m/m (124010030),Concordant surprise (LONG) -> Trade executed.
1540827000,2018.10.29 15:30:00,2018,PCE_ONLY,,,,,,,,,,,,Core PCE Price Index m/m (840010001); Core PCE Price Index y/y (840010002); PCE Price Index m/m (840010003); PCE Price Index y/y (840010004); Personal Spending m/m (840010005); Personal Income m/m (840010006); Real PCE m/m (840010014); Annual Budget (826100001),Core PCE only release (event 840010001); headline/core CPI absent.
1542213000,2018.11.14 16:30:00,2018,MIXED_ZERO,,0.3,0.2,+0.1,0.2,0.2,+0.0,,,,,CPI y/y (840030007); Core CPI y/y (840030008); CPI n.s.a. (840030009); Core CPI (840030010); Real Earnings m/m (840030030); CPI n.s.a. m/m (840030033); Core CPI n.s.a. m/m (840030034); CPI (840030035); Core CPI n.s.a. (840030036),Discordant or zero surprise between headline and core CPI -> NO TRADE.
1543509000,2018.11.29 16:30:00,2018,PCE_ONLY,,,,,,,,,,,,Core PCE Price Index m/m (840010001); Core PCE Price Index y/y (840010002); PCE Price Index m/m (840010003); PCE Price Index y/y (840010004); Personal Spending m/m (840010005); Personal Income m/m (840010006); Real PCE m/m (840010014); Initial Jobless Claims (840140001); Continuing Jobless Claims (840140002); Initial Jobless Claims 4-Week Average (840140003); Current Account (124010010),Core PCE only release (event 840010001); headline/core CPI absent.
1544632200,2018.12.12 16:30:00,2018,MIXED_ZERO,,0.0,0.1,-0.1,0.2,0.2,+0.0,,,,,CPI y/y (840030007); Core CPI y/y (840030008); CPI n.s.a. (840030009); Core CPI (840030010); Real Earnings m/m (840030030); CPI n.s.a. m/m (840030033); Core CPI n.s.a. m/m (840030034); CPI (840030035); Core CPI n.s.a. (840030036); Capacity Utilization Rate (124010002),Discordant or zero surprise between headline and core CPI -> NO TRADE.
1545415200,2018.12.21 18:00:00,2018,PCE_ONLY,,,,,,,,,,,,Core PCE Price Index m/m (840010001); Core PCE Price Index y/y (840010002); PCE Price Index m/m (840010003); PCE Price Index y/y (840010004); Personal Spending m/m (840010005); Personal Income m/m (840010006); Real PCE m/m (840010014); BoC Business Outlook Survey (124040001),Core PCE only release (event 840010001); headline/core CPI absent.
1547224200,2019.01.11 16:30:00,2019,MIXED_ZERO,,-0.1,0.1,-0.2,0.2,0.2,+0.0,,,,,CPI y/y (840030007); Core CPI y/y (840030008); CPI n.s.a. (840030009); Core CPI (840030010); Real Earnings m/m (840030030); CPI n.s.a. m/m (840030033); Core CPI n.s.a. m/m (840030034); CPI (840030035); Core CPI n.s.a. (840030036),Discordant or zero surprise between headline and core CPI -> NO TRADE.
1550075400,2019.02.13 16:30:00,2019,MIXED_ZERO,,0.0,0.1,-0.1,0.2,0.2,+0.0,,,,,CPI y/y (840030007); Core CPI y/y (840030008); CPI n.s.a. (840030009); Core CPI (840030010); Real Earnings m/m (840030030); CPI n.s.a. m/m (840030033); Core CPI n.s.a. m/m (840030034); CPI (840030035); Core CPI n.s.a. (840030036),Discordant or zero surprise between headline and core CPI -> NO TRADE.
1551457800,2019.03.01 16:30:00,2019,PCE_ONLY,,,,,,,,,,,,Core PCE Price Index m/m (840010001); Core PCE Price Index y/y (840010002); PCE Price Index m/m (840010003); PCE Price Index y/y (840010004); Personal Spending m/m (840010005); Personal Income m/m (840010006); Personal Income m/m (840010006); Real PCE m/m (840010014); GDP m/m (124010021); GDP q/q (124010022); GDP Implicit Price Index q/q (124010023); GDP y/y (124010035); GDP Annualized q/q (124010036),Core PCE only release (event 840010001); headline/core CPI absent.
1552404600,2019.03.12 15:30:00,2019,MIXED_ZERO,,0.2,0.0,+0.2,0.1,0.2,-0.1,,,,,CPI y/y (840030007); Core CPI y/y (840030008); CPI n.s.a. (840030009); Core CPI (840030010); Real Earnings m/m (840030030); CPI n.s.a. m/m (840030033); Core CPI n.s.a. m/m (840030034); CPI (840030035); Core CPI n.s.a. (840030036),Discordant or zero surprise between headline and core CPI -> NO TRADE.
1553873400,2019.03.29 15:30:00,2019,PCE_ONLY,,,,,,,,,,,,Core PCE Price Index m/m (840010001); Core PCE Price Index y/y (840010002); PCE Price Index m/m (840010003); PCE Price Index y/y (840010004); Personal Spending m/m (840010005); Personal Income m/m (840010006); Real PCE m/m (840010014); GDP m/m (124010021); IPPI m/m (124010024); IPPI y/y (124010025); RMPI m/m (124010026); RMPI y/y (124010027); GDP y/y (124010035),Core PCE only release (event 840010001); headline/core CPI absent.
1554910200,2019.04.10 15:30:00,2019,MIXED_ZERO,,0.4,0.1,+0.3,0.1,0.2,-0.1,,,,,CPI y/y (840030007); Core CPI y/y (840030008); CPI n.s.a. (840030009); Core CPI (840030010); Real Earnings m/m (840030030); CPI n.s.a. m/m (840030033); Core CPI n.s.a. m/m (840030034); CPI (840030035); Core CPI n.s.a. (840030036); ECB Monetary Policy Press Conference (999010003),Discordant or zero surprise between headline and core CPI -> NO TRADE.
1556551800,2019.04.29 15:30:00,2019,PCE_ONLY,,,,,,,,,,,,Core PCE Price Index m/m (840010001); Core PCE Price Index m/m (840010001); Core PCE Price Index y/y (840010002); Core PCE Price Index y/y (840010002); PCE Price Index m/m (840010003); PCE Price Index m/m (840010003); PCE Price Index y/y (840010004); PCE Price Index y/y (840010004); Personal Spending m/m (840010005); Personal Spending m/m (840010005); Personal Income m/m (840010006); Real PCE m/m (840010014); Real PCE m/m (840010014),Core PCE only release (event 840010001); headline/core CPI absent.
1557502200,2019.05.10 15:30:00,2019,MIXED_ZERO,,0.3,0.2,+0.1,0.1,0.2,-0.1,,,,,CPI y/y (840030007); Core CPI y/y (840030008); CPI n.s.a. (840030009); Core CPI (840030010); Real Earnings m/m (840030030); CPI n.s.a. m/m (840030033); Core CPI n.s.a. m/m (840030034); CPI (840030035); Core CPI n.s.a. (840030036); Fed Governor Brainard Speech (840050009); Building Permits m/m (124010001); Employment Change (124010011); Full-Time Employment Change (124010012); Part-Time Employment Change (124010013); Unemployment Rate (124010014); Participation Rate (124010015),Discordant or zero surprise between headline and core CPI -> NO TRADE.
1559316600,2019.05.31 15:30:00,2019,PCE_ONLY,,,,,,,,,,,,Core PCE Price Index m/m (840010001); Core PCE Price Index y/y (840010002); PCE Price Index m/m (840010003); PCE Price Index y/y (840010004); Personal Spending m/m (840010005); Personal Income m/m (840010006); Real PCE m/m (840010014); GDP m/m (124010021); GDP q/q (124010022); GDP Implicit Price Index q/q (124010023); IPPI m/m (124010024); IPPI y/y (124010025); RMPI m/m (124010026); RMPI y/y (124010027); GDP y/y (124010035); GDP Annualized q/q (124010036),Core PCE only release (event 840010001); headline/core CPI absent.
1560353400,2019.06.12 15:30:00,2019,CANDIDATE_TRADE,LONG,0.1,0.3,-0.2,0.1,0.2,-0.1,-1.00,-7.8,1,STOP,CPI y/y (840030007); Core CPI y/y (840030008); CPI n.s.a. (840030009); Core CPI (840030010); Real Earnings m/m (840030030); CPI n.s.a. m/m (840030033); Core CPI n.s.a. m/m (840030034); CPI (840030035); Core CPI n.s.a. (840030036),Concordant surprise (LONG) -> Trade executed.
1561735800,2019.06.28 15:30:00,2019,PCE_ONLY,,,,,,,,,,,,Core PCE Price Index m/m (840010001); Core PCE Price Index y/y (840010002); PCE Price Index m/m (840010003); PCE Price Index y/y (840010004); Personal Spending m/m (840010005); Personal Income m/m (840010006); Real PCE m/m (840010014); GDP m/m (124010021); IPPI m/m (124010024); IPPI y/y (124010025); RMPI m/m (124010026); RMPI y/y (124010027); GDP y/y (124010035),Core PCE only release (event 840010001); headline/core CPI absent.
1562859000,2019.07.11 15:30:00,2019,MIXED_ZERO,,0.1,0.2,-0.1,0.3,0.1,+0.2,,,,,CPI y/y (840030007); Core CPI y/y (840030008); CPI n.s.a. (840030009); Core CPI (840030010); Real Earnings m/m (840030030); CPI n.s.a. m/m (840030033); Core CPI n.s.a. m/m (840030034); CPI (840030035); Core CPI n.s.a. (840030036); Initial Jobless Claims (840140001); Continuing Jobless Claims (840140002); Initial Jobless Claims 4-Week Average (840140003); New Housing Price Index m/m (124010030),Discordant or zero surprise between headline and core CPI -> NO TRADE.
1564500600,2019.07.30 15:30:00,2019,PCE_ONLY,,,,,,,,,,,,Core PCE Price Index m/m (840010001); Core PCE Price Index y/y (840010002); PCE Price Index m/m (840010003); PCE Price Index y/y (840010004); Personal Spending m/m (840010005); Personal Income m/m (840010006); Real PCE m/m (840010014),Core PCE only release (event 840010001); headline/core CPI absent.
1565710200,2019.08.13 15:30:00,2019,CANDIDATE_TRADE,SHORT,0.3,0.2,+0.1,0.3,0.2,+0.1,+1.50,+16.1,1,TARGET,CPI y/y (840030007); Core CPI y/y (840030008); CPI n.s.a. (840030009); Core CPI (840030010); Real Earnings m/m (840030030); CPI n.s.a. m/m (840030033); Core CPI n.s.a. m/m (840030034); CPI (840030035); Core CPI n.s.a. (840030036),Concordant surprise (SHORT) -> Trade executed.
1567179000,2019.08.30 15:30:00,2019,PCE_ONLY,,,,,,,,,,,,Core PCE Price Index m/m (840010001); Core PCE Price Index y/y (840010002); PCE Price Index m/m (840010003); PCE Price Index y/y (840010004); Personal Spending m/m (840010005); Personal Income m/m (840010006); Real PCE m/m (840010014); GDP m/m (124010021); GDP q/q (124010022); GDP Implicit Price Index q/q (124010023); IPPI m/m (124010024); IPPI y/y (124010025); RMPI m/m (124010026); RMPI y/y (124010027); GDP y/y (124010035); GDP Annualized q/q (124010036),Core PCE only release (event 840010001); headline/core CPI absent.
1568302200,2019.09.12 15:30:00,2019,MIXED_ZERO,,0.1,0.1,+0.0,0.3,0.2,+0.1,,,,,CPI y/y (840030007); Core CPI y/y (840030008); CPI n.s.a. (840030009); Core CPI (840030010); Real Earnings m/m (840030030); CPI n.s.a. m/m (840030033); Core CPI n.s.a. m/m (840030034); CPI (840030035); Core CPI n.s.a. (840030036); Initial Jobless Claims (840140001); Continuing Jobless Claims (840140002); Initial Jobless Claims 4-Week Average (840140003); ECB Monetary Policy Press Conference (999010003); New Housing Price Index m/m (124010030),Discordant or zero surprise between headline and core CPI -> NO TRADE.
1569598200,2019.09.27 15:30:00,2019,PCE_ONLY,,,,,,,,,,,,Core PCE Price Index m/m (840010001); Core PCE Price Index y/y (840010002); PCE Price Index m/m (840010003); PCE Price Index y/y (840010004); Personal Spending m/m (840010005); Personal Income m/m (840010006); Real PCE m/m (840010014); Durable Goods Orders m/m (840020013); Core Durable Goods Orders m/m (840020014); Durable Goods Orders excl. Defense m/m (840020017); Nondefense Capital Goods Orders excl. Aircraft m/m (840020018); Fed Governor Quarles Speech (840050020); ECB Executive Board Member Lane Speech (999010020),Core PCE only release (event 840010001); headline/core CPI absent.
1570721400,2019.10.10 15:30:00,2019,CANDIDATE_TRADE,LONG,0.0,0.1,-0.1,0.1,0.2,-0.1,-1.00,-10.4,2,STOP,CPI y/y (840030007); Core CPI y/y (840030008); CPI n.s.a. (840030009); Core CPI (840030010); Real Earnings m/m (840030030); CPI n.s.a. m/m (840030033); Core CPI n.s.a. m/m (840030034); CPI (840030035); Core CPI n.s.a. (840030036); Initial Jobless Claims (840140001); Continuing Jobless Claims (840140002); Initial Jobless Claims 4-Week Average (840140003); New Housing Price Index m/m (124010030),Concordant surprise (LONG) -> Trade executed.
1572535800,2019.10.31 15:30:00,2019,PCE_ONLY,,,,,,,,,,,,Core PCE Price Index m/m (840010001); Core PCE Price Index y/y (840010002); PCE Price Index m/m (840010003); PCE Price Index y/y (840010004); Personal Spending m/m (840010005); Personal Income m/m (840010006); Real PCE m/m (840010014); Employment Cost Index q/q (840030025); Employment Benefits q/q (840030026); Employment Wages q/q (840030027); Initial Jobless Claims (840140001); Continuing Jobless Claims (840140002); Initial Jobless Claims 4-Week Average (840140003); GDP m/m (124010021); IPPI m/m (124010024); IPPI y/y (124010025); RMPI m/m (124010026); RMPI y/y (124010027); GDP y/y (124010035),Core PCE only release (event 840010001); headline/core CPI absent.
1573662600,2019.11.13 16:30:00,2019,MIXED_ZERO,,0.4,0.1,+0.3,0.2,0.2,+0.0,,,,,CPI y/y (840030007); Core CPI y/y (840030008); CPI n.s.a. (840030009); Core CPI (840030010); Real Earnings m/m (840030030); CPI n.s.a. m/m (840030033); Core CPI n.s.a. m/m (840030034); CPI (840030035); Core CPI n.s.a. (840030036),Discordant or zero surprise between headline and core CPI -> NO TRADE.
1574877600,2019.11.27 18:00:00,2019,PCE_ONLY,,,,,,,,,,,,Core PCE Price Index m/m (840010001); Core PCE Price Index y/y (840010002); PCE Price Index m/m (840010003); PCE Price Index y/y (840010004); Personal Spending m/m (840010005); Personal Income m/m (840010006); Real PCE m/m (840010014); Pending Home Sales m/m (840120003); Pending Home Sales y/y (840120004); Pending Home Sales Index (840120005); 4-Week Bill Auction (840220007); 8-Week Bill Auction (840220008),Core PCE only release (event 840010001); headline/core CPI absent.
1576081800,2019.12.11 16:30:00,2019,MIXED_ZERO,,0.3,0.1,+0.2,0.2,0.2,+0.0,,,,,CPI y/y (840030007); Core CPI y/y (840030008); CPI n.s.a. (840030009); Core CPI (840030010); Real Earnings m/m (840030030); CPI n.s.a. m/m (840030033); Core CPI n.s.a. m/m (840030034); CPI (840030035); Core CPI n.s.a. (840030036); Capacity Utilization Rate (124010002),Discordant or zero surprise between headline and core CPI -> NO TRADE.
1576864800,2019.12.20 18:00:00,2019,PCE_ONLY,,,,,,,,,,,,Core PCE Price Index m/m (840010001); Core PCE Price Index y/y (840010002); PCE Price Index m/m (840010003); PCE Price Index y/y (840010004); Personal Spending m/m (840010005); Personal Income m/m (840010006); Real PCE m/m (840010014),Core PCE only release (event 840010001); headline/core CPI absent.
1579019400,2020.01.14 16:30:00,2020,MIXED_ZERO,,0.2,0.2,+0.0,0.1,0.2,-0.1,,,,,CPI y/y (840030007); Core CPI y/y (840030008); CPI n.s.a. (840030009); Core CPI (840030010); Real Earnings m/m (840030030); CPI n.s.a. m/m (840030033); Core CPI n.s.a. m/m (840030034); CPI (840030035); Core CPI n.s.a. (840030036),Discordant or zero surprise between headline and core CPI -> NO TRADE.
1580488200,2020.01.31 16:30:00,2020,PCE_ONLY,,,,,,,,,,,,Core PCE Price Index m/m (840010001); Core PCE Price Index y/y (840010002); PCE Price Index m/m (840010003); PCE Price Index y/y (840010004); Personal Spending m/m (840010005); Personal Income m/m (840010006); Real PCE m/m (840010014); Employment Cost Index q/q (840030025); Employment Benefits q/q (840030026); Employment Wages q/q (840030027); GDP m/m (124010021); IPPI m/m (124010024); IPPI y/y (124010025); RMPI m/m (124010026); RMPI y/y (124010027); GDP y/y (124010035),Core PCE only release (event 840010001); headline/core CPI absent.
1581611400,2020.02.13 16:30:00,2020,MIXED_ZERO,,0.1,0.2,-0.1,0.2,0.1,+0.1,,,,,CPI y/y (840030007); Core CPI y/y (840030008); CPI n.s.a. (840030009); Core CPI (840030010); Real Earnings m/m (840030030); CPI n.s.a. m/m (840030033); Core CPI n.s.a. m/m (840030034); CPI (840030035); Core CPI n.s.a. (840030036); Initial Jobless Claims (840140001); Continuing Jobless Claims (840140002); Initial Jobless Claims 4-Week Average (840140003),Discordant or zero surprise between headline and core CPI -> NO TRADE.
1582907400,2020.02.28 16:30:00,2020,PCE_ONLY,,,,,,,,,,,,Core PCE Price Index m/m (840010001); Core PCE Price Index y/y (840010002); PCE Price Index m/m (840010003); PCE Price Index y/y (840010004); Personal Spending m/m (840010005); Personal Income m/m (840010006); Real PCE m/m (840010014); Goods Trade Balance (840020019); GDP m/m (124010021); GDP q/q (124010022); GDP Implicit Price Index q/q (124010023); IPPI m/m (124010024); IPPI y/y (124010025); RMPI m/m (124010026); RMPI y/y (124010027); GDP y/y (124010035); GDP Annualized q/q (124010036),Core PCE only release (event 840010001); headline/core CPI absent.
1583940600,2020.03.11 15:30:00,2020,MIXED_ZERO,,0.1,0.2,-0.1,0.2,0.2,+0.0,,,,,CPI y/y (840030007); Core CPI y/y (840030008); CPI n.s.a. (840030009); Core CPI (840030010); Real Earnings m/m (840030030); CPI n.s.a. m/m (840030033); Core CPI n.s.a. m/m (840030034); CPI (840030035); Core CPI n.s.a. (840030036); Annual Budget (826100001); Capacity Utilization Rate (124010002),Discordant or zero surprise between headline and core CPI -> NO TRADE.
1585323000,2020.03.27 15:30:00,2020,PCE_ONLY,,,,,,,,,,,,Core PCE Price Index m/m (840010001); Core PCE Price Index y/y (840010002); PCE Price Index m/m (840010003); PCE Price Index y/y (840010004); Personal Spending m/m (840010005); Personal Income m/m (840010006); Real PCE m/m (840010014),Core PCE only release (event 840010001); headline/core CPI absent.
1586532600,2020.04.10 15:30:00,2020,CANDIDATE_TRADE,LONG,-0.4,0.1,-0.5,-0.1,0.2,-0.3,-1.00,-10.3,5,STOP,CPI y/y (840030007); Core CPI y/y (840030008); CPI n.s.a. (840030009); Core CPI (840030010); Real Earnings m/m (840030030); CPI n.s.a. m/m (840030033); Core CPI n.s.a. m/m (840030034); CPI (840030035); Core CPI n.s.a. (840030036),Concordant surprise (LONG) -> Trade executed.
1588260600,2020.04.30 15:30:00,2020,PCE_ONLY,,,,,,,,,,,,Core PCE Price Index m/m (840010001); Core PCE Price Index y/y (840010002); PCE Price Index m/m (840010003); PCE Price Index y/y (840010004); Personal Spending m/m (840010005); Personal Income m/m (840010006); Real PCE m/m (840010014); Employment Cost Index q/q (840030025); Employment Benefits q/q (840030026); Employment Wages q/q (840030027); Initial Jobless Claims (840140001); Continuing Jobless Claims (840140002); Initial Jobless Claims 4-Week Average (840140003); ECB Monetary Policy Press Conference (999010003); GDP m/m (124010021); IPPI m/m (124010024); IPPI y/y (124010025); RMPI m/m (124010026); RMPI y/y (124010027); GDP y/y (124010035),Core PCE only release (event 840010001); headline/core CPI absent.
1589297400,2020.05.12 15:30:00,2020,CANDIDATE_TRADE,LONG,-0.8,0.0,-0.8,-0.4,0.2,-0.6,+1.50,+19.9,1,TARGET,CPI y/y (840030007); Core CPI y/y (840030008); CPI n.s.a. (840030009); Core CPI (840030010); Real Earnings m/m (840030030); CPI n.s.a. m/m (840030033); Core CPI n.s.a. m/m (840030034); CPI (840030035); Core CPI n.s.a. (840030036),Concordant surprise (LONG) -> Trade executed.
1590766200,2020.05.29 15:30:00,2020,PCE_ONLY,,,,,,,,,,,,Core PCE Price Index m/m (840010001); Core PCE Price Index y/y (840010002); PCE Price Index m/m (840010003); PCE Price Index y/y (840010004); Personal Spending m/m (840010005); Personal Income m/m (840010006); Real PCE m/m (840010014); Goods Trade Balance (840020019); GDP m/m (124010021); GDP q/q (124010022); GDP Implicit Price Index q/q (124010023); IPPI m/m (124010024); IPPI y/y (124010025); RMPI m/m (124010026); RMPI y/y (124010027); GDP y/y (124010035); GDP Annualized q/q (124010036),Core PCE only release (event 840010001); headline/core CPI absent.
1591803000,2020.06.10 15:30:00,2020,CANDIDATE_TRADE,SHORT,-0.1,-0.2,+0.1,-0.1,-0.2,+0.1,+1.50,+21.6,2,TARGET,CPI y/y (840030007); Core CPI y/y (840030008); CPI n.s.a. (840030009); Core CPI (840030010); Real Earnings m/m (840030030); CPI n.s.a. m/m (840030033); Core CPI n.s.a. m/m (840030034); CPI (840030035); Core CPI n.s.a. (840030036),Concordant surprise (SHORT) -> Trade executed.
1593185400,2020.06.26 15:30:00,2020,PCE_ONLY,,,,,,,,,,,,Core PCE Price Index m/m (840010001); Core PCE Price Index y/y (840010002); PCE Price Index m/m (840010003); PCE Price Index y/y (840010004); Personal Spending m/m (840010005); Personal Income m/m (840010006); Real PCE m/m (840010014),Core PCE only release (event 840010001); headline/core CPI absent.
1594740600,2020.07.14 15:30:00,2020,CANDIDATE_TRADE,SHORT,0.6,-0.2,+0.8,0.2,0.1,+0.1,-1.00,-12.8,1,STOP,CPI y/y (840030007); Core CPI y/y (840030008); CPI n.s.a. (840030009); Core CPI (840030010); Real Earnings m/m (840030030); CPI n.s.a. m/m (840030033); Core CPI n.s.a. m/m (840030034); CPI (840030035); Core CPI n.s.a. (840030036),Concordant surprise (SHORT) -> Trade executed.
1596209400,2020.07.31 15:30:00,2020,PCE_ONLY,,,,,,,,,,,,Core PCE Price Index m/m (840010001); Core PCE Price Index y/y (840010002); PCE Price Index m/m (840010003); PCE Price Index y/y (840010004); Personal Spending m/m (840010005); Personal Income m/m (840010006); Real PCE m/m (840010014); Employment Cost Index q/q (840030025); Employment Benefits q/q (840030026); Employment Wages q/q (840030027); Building Permits m/m (124010001); GDP m/m (124010021); IPPI m/m (124010024); IPPI y/y (124010025); RMPI m/m (124010026); RMPI y/y (124010027); GDP y/y (124010035),Core PCE only release (event 840010001); headline/core CPI absent.
1597246200,2020.08.12 15:30:00,2020,CANDIDATE_TRADE,SHORT,0.6,0.3,+0.3,0.6,0.0,+0.6,-1.00,-16.1,2,STOP,CPI y/y (840030007); Core CPI y/y (840030008); CPI n.s.a. (840030009); Core CPI (840030010); Real Earnings m/m (840030030); CPI n.s.a. m/m (840030033); Core CPI n.s.a. m/m (840030034); CPI (840030035); Core CPI n.s.a. (840030036),Concordant surprise (SHORT) -> Trade executed.
1598628600,2020.08.28 15:30:00,2020,PCE_ONLY,,,,,,,,,,,,Core PCE Price Index m/m (840010001); Core PCE Price Index y/y (840010002); PCE Price Index m/m (840010003); PCE Price Index y/y (840010004); Personal Spending m/m (840010005); Personal Income m/m (840010006); Real PCE m/m (840010014); Goods Trade Balance (840020019); GDP m/m (124010021); GDP q/q (124010022); GDP Implicit Price Index q/q (124010023); GDP y/y (124010035); GDP Annualized q/q (124010036),Core PCE only release (event 840010001); headline/core CPI absent.
1599838200,2020.09.11 15:30:00,2020,MIXED_ZERO,,0.4,0.6,-0.2,0.4,0.4,+0.0,,,,,CPI y/y (840030007); Core CPI y/y (840030008); CPI n.s.a. (840030009); Core CPI (840030010); Real Earnings m/m (840030030); CPI n.s.a. m/m (840030033); Core CPI n.s.a. m/m (840030034); CPI (840030035); Core CPI n.s.a. (840030036); ECB Executive Board Member Schnabel Speech (999010033); Capacity Utilization Rate (124010002),Discordant or zero surprise between headline and core CPI -> NO TRADE.
1601566200,2020.10.01 15:30:00,2020,PCE_ONLY,,,,,,,,,,,,Core PCE Price Index m/m (840010001); Core PCE Price Index y/y (840010002); PCE Price Index m/m (840010003); PCE Price Index y/y (840010004); Personal Spending m/m (840010005); Personal Income m/m (840010006); Real PCE m/m (840010014); Initial Jobless Claims (840140001); Continuing Jobless Claims (840140002); Initial Jobless Claims 4-Week Average (840140003); Building Permits m/m (124010001),Core PCE only release (event 840010001); headline/core CPI absent.
1602603000,2020.10.13 15:30:00,2020,MIXED_ZERO,,0.2,0.5,-0.3,0.2,0.2,+0.0,,,,,CPI y/y (840030007); Core CPI y/y (840030008); CPI n.s.a. (840030009); Core CPI (840030010); Real Earnings m/m (840030030); CPI n.s.a. m/m (840030033); Core CPI n.s.a. m/m (840030034); CPI (840030035); Core CPI n.s.a. (840030036),Discordant or zero surprise between headline and core CPI -> NO TRADE.
1604071800,2020.10.30 15:30:00,2020,PCE_ONLY,,,,,,,,,,,,Core PCE Price Index m/m (840010001); Core PCE Price Index y/y (840010002); PCE Price Index m/m (840010003); PCE Price Index y/y (840010004); Personal Spending m/m (840010005); Personal Income m/m (840010006); Real PCE m/m (840010014); Employment Cost Index q/q (840030025); Employment Benefits q/q (840030026); Employment Wages q/q (840030027); GDP m/m (124010021); IPPI m/m (124010024); IPPI y/y (124010025); RMPI m/m (124010026); RMPI y/y (124010027); GDP y/y (124010035),Core PCE only release (event 840010001); headline/core CPI absent.
1605198600,2020.11.12 16:30:00,2020,CANDIDATE_TRADE,LONG,0.0,0.2,-0.2,0.0,0.2,-0.2,+1.50,+21.7,18,TARGET,CPI y/y (840030007); Core CPI y/y (840030008); CPI n.s.a. (840030009); Core CPI (840030010); Real Earnings m/m (840030030); CPI n.s.a. m/m (840030033); Core CPI n.s.a. m/m (840030034); CPI (840030035); Core CPI n.s.a. (840030036); Initial Jobless Claims (840140001); Continuing Jobless Claims (840140002); Initial Jobless Claims 4-Week Average (840140003),Concordant surprise (LONG) -> Trade executed.
1606327200,2020.11.25 18:00:00,2020,PCE_ONLY,,,,,,,,,,,,Core PCE Price Index m/m (840010001); Core PCE Price Index y/y (840010002); PCE Price Index m/m (840010003); PCE Price Index y/y (840010004); Personal Spending m/m (840010005); Personal Income m/m (840010006); Real PCE m/m (840010014); New Home Sales (840020008); New Home Sales m/m (840020009); 4-Week Bill Auction (840220007); 8-Week Bill Auction (840220008),Core PCE only release (event 840010001); headline/core CPI absent.
1607617800,2020.12.10 16:30:00,2020,CANDIDATE_TRADE,SHORT,0.2,0.0,+0.2,0.2,0.0,+0.2,+1.50,+21.3,1,TARGET,CPI y/y (840030007); Core CPI y/y (840030008); CPI n.s.a. (840030009); Core CPI (840030010); Real Earnings m/m (840030030); CPI n.s.a. m/m (840030033); Core CPI n.s.a. m/m (840030034); CPI (840030035); Core CPI n.s.a. (840030036); Initial Jobless Claims (840140001); Continuing Jobless Claims (840140002); Initial Jobless Claims 4-Week Average (840140003); ECB Monetary Policy Press Conference (999010003),Concordant surprise (SHORT) -> Trade executed.
1608741000,2020.12.23 16:30:00,2020,PCE_ONLY,,,,,,,,,,,,Core PCE Price Index m/m (840010001); Core PCE Price Index y/y (840010002); PCE Price Index m/m (840010003); PCE Price Index y/y (840010004); Personal Spending m/m (840010005); Personal Income m/m (840010006); Real PCE m/m (840010014); Durable Goods Orders m/m (840020013); Core Durable Goods Orders m/m (840020014); Durable Goods Orders excl. Defense m/m (840020017); Nondefense Capital Goods Orders excl. Aircraft m/m (840020018); Initial Jobless Claims (840140001); Continuing Jobless Claims (840140002); Initial Jobless Claims 4-Week Average (840140003); GDP m/m (124010021); GDP y/y (124010035),Core PCE only release (event 840010001); headline/core CPI absent.
1610555400,2021.01.13 16:30:00,2021,MIXED_ZERO,,0.4,0.0,+0.4,0.1,0.5,-0.4,,,,,CPI y/y (840030007); Core CPI y/y (840030008); CPI n.s.a. (840030009); Core CPI (840030010); Real Earnings m/m (840030030); CPI n.s.a. m/m (840030033); Core CPI n.s.a. m/m (840030034); CPI (840030035); Core CPI n.s.a. (840030036),Discordant or zero surprise between headline and core CPI -> NO TRADE.
1611937800,2021.01.29 16:30:00,2021,PCE_ONLY,,,,,,,,,,,,Core PCE Price Index m/m (840010001); Core PCE Price Index y/y (840010002); PCE Price Index m/m (840010003); PCE Price Index y/y (840010004); Personal Spending m/m (840010005); Personal Income m/m (840010006); Real PCE m/m (840010014); Employment Cost Index q/q (840030025); Employment Benefits q/q (840030026); Employment Wages q/q (840030027); GDP m/m (124010021); IPPI m/m (124010024); IPPI y/y (124010025); RMPI m/m (124010026); RMPI y/y (124010027); GDP y/y (124010035),Core PCE only release (event 840010001); headline/core CPI absent.
1612974600,2021.02.10 16:30:00,2021,MIXED_ZERO,,0.3,0.2,+0.1,0.0,0.4,-0.4,,,,,CPI y/y (840030007); Core CPI y/y (840030008); CPI n.s.a. (840030009); Core CPI (840030010); Real Earnings m/m (840030030); CPI n.s.a. m/m (840030033); Core CPI n.s.a. m/m (840030034); CPI (840030035); Core CPI n.s.a. (840030036),Discordant or zero surprise between headline and core CPI -> NO TRADE.
1614357000,2021.02.26 16:30:00,2021,PCE_ONLY,,,,,,,,,,,,Core PCE Price Index m/m (840010001); Core PCE Price Index y/y (840010002); PCE Price Index m/m (840010003); PCE Price Index y/y (840010004); Personal Spending m/m (840010005); Personal Income m/m (840010006); Real PCE m/m (840010014); Goods Trade Balance (840020019); IPPI m/m (124010024); IPPI y/y (124010025); RMPI m/m (124010026); RMPI y/y (124010027),Core PCE only release (event 840010001); headline/core CPI absent.
1615393800,2021.03.10 16:30:00,2021,MIXED_ZERO,,0.4,0.4,+0.0,0.1,-0.1,+0.2,,,,,CPI y/y (840030007); Core CPI y/y (840030008); CPI n.s.a. (840030009); Core CPI (840030010); Real Earnings m/m (840030030); CPI n.s.a. m/m (840030033); Core CPI n.s.a. m/m (840030034); CPI (840030035); Core CPI n.s.a. (840030036),Discordant or zero surprise between headline and core CPI -> NO TRADE.
1616772600,2021.03.26 15:30:00,2021,PCE_ONLY,,,,,,,,,,,,Core PCE Price Index m/m (840010001); Core PCE Price Index y/y (840010002); PCE Price Index m/m (840010003); PCE Price Index y/y (840010004); Personal Spending m/m (840010005); Personal Income m/m (840010006); Real PCE m/m (840010014); Goods Trade Balance (840020019),Core PCE only release (event 840010001); headline/core CPI absent.
1618327800,2021.04.13 15:30:00,2021,MIXED_ZERO,,0.6,0.4,+0.2,0.3,0.3,+0.0,,,,,CPI y/y (840030007); Core CPI y/y (840030008); CPI n.s.a. (840030009); Core CPI (840030010); Real Earnings m/m (840030030); CPI n.s.a. m/m (840030033); Core CPI n.s.a. m/m (840030034); CPI (840030035); Core CPI n.s.a. (840030036),Discordant or zero surprise between headline and core CPI -> NO TRADE.
1619796600,2021.04.30 15:30:00,2021,PCE_ONLY,,,,,,,,,,,,Core PCE Price Index m/m (840010001); Core PCE Price Index y/y (840010002); PCE Price Index m/m (840010003); PCE Price Index y/y (840010004); Personal Spending m/m (840010005); Personal Income m/m (840010006); Real PCE m/m (840010014); Employment Cost Index q/q (840030025); Employment Benefits q/q (840030026); Employment Wages q/q (840030027); GDP m/m (124010021); IPPI m/m (124010024); IPPI y/y (124010025); RMPI m/m (124010026); RMPI y/y (124010027); GDP y/y (124010035),Core PCE only release (event 840010001); headline/core CPI absent.
1620833400,2021.05.12 15:30:00,2021,CANDIDATE_TRADE,SHORT,0.8,0.2,+0.6,0.9,0.0,+0.9,-1.00,-10.5,1,STOP,CPI y/y (840030007); Core CPI y/y (840030008); CPI n.s.a. (840030009); Core CPI (840030010); Real Earnings m/m (840030030); CPI n.s.a. m/m (840030033); Core CPI n.s.a. m/m (840030034); CPI (840030035); Core CPI n.s.a. (840030036),Concordant surprise (SHORT) -> Trade executed.
1622215800,2021.05.28 15:30:00,2021,PCE_ONLY,,,,,,,,,,,,Core PCE Price Index m/m (840010001); Core PCE Price Index y/y (840010002); PCE Price Index m/m (840010003); PCE Price Index y/y (840010004); Personal Spending m/m (840010005); Personal Income m/m (840010006); Real PCE m/m (840010014); Goods Trade Balance (840020019),Core PCE only release (event 840010001); headline/core CPI absent.
1623339000,2021.06.10 15:30:00,2021,MIXED_ZERO,,0.6,0.3,+0.3,0.7,1.0,-0.3,,,,,CPI y/y (840030007); Core CPI y/y (840030008); CPI n.s.a. (840030009); Core CPI (840030010); Real Earnings m/m (840030030); CPI n.s.a. m/m (840030033); Core CPI n.s.a. m/m (840030034); CPI (840030035); Core CPI n.s.a. (840030036); Initial Jobless Claims (840140001); Continuing Jobless Claims (840140002); Initial Jobless Claims 4-Week Average (840140003); ECB Monetary Policy Press Conference (999010003),Discordant or zero surprise between headline and core CPI -> NO TRADE.
1624635000,2021.06.25 15:30:00,2021,PCE_ONLY,,,,,,,,,,,,Core PCE Price Index m/m (840010001); Core PCE Price Index y/y (840010002); PCE Price Index m/m (840010003); PCE Price Index y/y (840010004); Personal Spending m/m (840010005); Personal Income m/m (840010006); Real PCE m/m (840010014),Core PCE only release (event 840010001); headline/core CPI absent.
1626190200,2021.07.13 15:30:00,2021,CANDIDATE_TRADE,SHORT,0.9,0.1,+0.8,0.9,0.4,+0.5,-1.00,-9.7,1,STOP,CPI y/y (840030007); Core CPI y/y (840030008); CPI n.s.a. (840030009); Core CPI (840030010); Real Earnings m/m (840030030); CPI n.s.a. m/m (840030033); Core CPI n.s.a. m/m (840030034); CPI (840030035); Core CPI n.s.a. (840030036),Concordant surprise (SHORT) -> Trade executed.
1627659000,2021.07.30 15:30:00,2021,PCE_ONLY,,,,,,,,,,,,Core PCE Price Index m/m (840010001); Core PCE Price Index y/y (840010002); PCE Price Index m/m (840010003); PCE Price Index y/y (840010004); Personal Spending m/m (840010005); Personal Income m/m (840010006); Real PCE m/m (840010014); Employment Cost Index q/q (840030025); Employment Benefits q/q (840030026); Employment Wages q/q (840030027); GDP m/m (124010021); IPPI m/m (124010024); IPPI y/y (124010025); RMPI m/m (124010026); RMPI y/y (124010027); GDP y/y (124010035),Core PCE only release (event 840010001); headline/core CPI absent.
1628695800,2021.08.11 15:30:00,2021,MIXED_ZERO,,0.5,0.4,+0.1,0.3,1.2,-0.9,,,,,CPI y/y (840030007); Core CPI y/y (840030008); CPI n.s.a. (840030009); Core CPI (840030010); Real Earnings m/m (840030030); CPI n.s.a. m/m (840030033); Core CPI n.s.a. m/m (840030034); CPI (840030035); Core CPI n.s.a. (840030036),Discordant or zero surprise between headline and core CPI -> NO TRADE.
1630078200,2021.08.27 15:30:00,2021,PCE_ONLY,,,,,,,,,,,,Core PCE Price Index m/m (840010001); Core PCE Price Index y/y (840010002); PCE Price Index m/m (840010003); PCE Price Index y/y (840010004); Personal Spending m/m (840010005); Personal Income m/m (840010006); Real PCE m/m (840010014); Goods Trade Balance (840020019); IPPI m/m (124010024); IPPI y/y (124010025); RMPI m/m (124010026); RMPI y/y (124010027),Core PCE only release (event 840010001); headline/core CPI absent.
1631633400,2021.09.14 15:30:00,2021,CANDIDATE_TRADE,LONG,0.3,0.4,-0.1,0.1,0.3,-0.2,-1.00,-8.5,1,STOP,CPI y/y (840030007); Core CPI y/y (840030008); CPI n.s.a. (840030009); Core CPI (840030010); Real Earnings m/m (840030030); CPI n.s.a. m/m (840030033); Core CPI n.s.a. m/m (840030034); CPI (840030035); Core CPI n.s.a. (840030036); Manufacturing Sales m/m (124010029),Concordant surprise (LONG) -> Trade executed.
1633102200,2021.10.01 15:30:00,2021,PCE_ONLY,,,,,,,,,,,,Core PCE Price Index m/m (840010001); Core PCE Price Index y/y (840010002); PCE Price Index m/m (840010003); PCE Price Index y/y (840010004); Personal Spending m/m (840010005); Personal Income m/m (840010006); Real PCE m/m (840010014); GDP m/m (124010021); GDP y/y (124010035),Core PCE only release (event 840010001); headline/core CPI absent.
1634139000,2021.10.13 15:30:00,2021,MIXED_ZERO,,0.4,0.4,+0.0,0.2,0.2,+0.0,,,,,CPI y/y (840030007); Core CPI y/y (840030008); CPI n.s.a. (840030009); Core CPI (840030010); Real Earnings m/m (840030030); CPI n.s.a. m/m (840030033); Core CPI n.s.a. m/m (840030034); CPI (840030035); Core CPI n.s.a. (840030036),Discordant or zero surprise between headline and core CPI -> NO TRADE.
1635521400,2021.10.29 15:30:00,2021,PCE_ONLY,,,,,,,,,,,,Core PCE Price Index m/m (840010001); Core PCE Price Index y/y (840010002); PCE Price Index m/m (840010003); PCE Price Index y/y (840010004); Personal Spending m/m (840010005); Personal Income m/m (840010006); Real PCE m/m (840010014); Employment Cost Index q/q (840030025); Employment Benefits q/q (840030026); Employment Wages q/q (840030027); GDP m/m (124010021); IPPI m/m (124010024); IPPI y/y (124010025); RMPI m/m (124010026); RMPI y/y (124010027); GDP y/y (124010035),Core PCE only release (event 840010001); headline/core CPI absent.
1636561800,2021.11.10 16:30:00,2021,CANDIDATE_TRADE,SHORT,0.9,0.5,+0.4,0.6,0.5,+0.1,+1.50,+19.3,1,TARGET,CPI y/y (840030007); Core CPI y/y (840030008); CPI n.s.a. (840030009); Core CPI (840030010); Real Earnings m/m (840030030); CPI n.s.a. m/m (840030033); Core CPI n.s.a. m/m (840030034); CPI (840030035); Core CPI n.s.a. (840030036); Initial Jobless Claims (840140001); Continuing Jobless Claims (840140002); Initial Jobless Claims 4-Week Average (840140003),Concordant surprise (SHORT) -> Trade executed.
1637776800,2021.11.24 18:00:00,2021,PCE_ONLY,,,,,,,,,,,,Core PCE Price Index m/m (840010001); Core PCE Price Index y/y (840010002); PCE Price Index m/m (840010003); PCE Price Index y/y (840010004); Personal Spending m/m (840010005); Personal Income m/m (840010006); Real PCE m/m (840010014); New Home Sales (840020008); New Home Sales m/m (840020009); 4-Week Bill Auction (840220007); 8-Week Bill Auction (840220008); ECB Supervisory Board Member McCaul Speech (999010034),Core PCE only release (event 840010001); headline/core CPI absent.
1639153800,2021.12.10 16:30:00,2021,MIXED_ZERO,,0.8,0.5,+0.3,0.5,1.0,-0.5,,,,,CPI y/y (840030007); Core CPI y/y (840030008); CPI n.s.a. (840030009); Core CPI (840030010); Real Earnings m/m (840030030); CPI n.s.a. m/m (840030033); Core CPI n.s.a. m/m (840030034); CPI (840030035); Core CPI n.s.a. (840030036); Capacity Utilization Rate (124010002),Discordant or zero surprise between headline and core CPI -> NO TRADE.
1640277000,2021.12.23 16:30:00,2021,PCE_ONLY,,,,,,,,,,,,Core PCE Price Index m/m (840010001); Core PCE Price Index y/y (840010002); PCE Price Index m/m (840010003); PCE Price Index y/y (840010004); Personal Spending m/m (840010005); Personal Income m/m (840010006); Real PCE m/m (840010014); Durable Goods Orders m/m (840020013); Core Durable Goods Orders m/m (840020014); Durable Goods Orders excl. Defense m/m (840020017); Nondefense Capital Goods Orders excl. Aircraft m/m (840020018); Initial Jobless Claims (840140001); Continuing Jobless Claims (840140002); Initial Jobless Claims 4-Week Average (840140003); GDP m/m (124010021); GDP y/y (124010035),Core PCE only release (event 840010001); headline/core CPI absent.
1642005000,2022.01.12 16:30:00,2022,CANDIDATE_TRADE,LONG,0.5,0.7,-0.2,0.6,0.9,-0.3,+1.50,+17.8,3,TARGET,CPI y/y (840030007); Core CPI y/y (840030008); CPI n.s.a. (840030009); Core CPI (840030010); Real Earnings m/m (840030030); CPI n.s.a. m/m (840030033); Core CPI n.s.a. m/m (840030034); CPI (840030035); Core CPI n.s.a. (840030036),Concordant surprise (LONG) -> Trade executed.
1643387400,2022.01.28 16:30:00,2022,PCE_ONLY,,,,,,,,,,,,Core PCE Price Index m/m (840010001); Core PCE Price Index y/y (840010002); PCE Price Index m/m (840010003); PCE Price Index y/y (840010004); Personal Spending m/m (840010005); Personal Income m/m (840010006); Real PCE m/m (840010014); Employment Cost Index q/q (840030025); Employment Benefits q/q (840030026); Employment Wages q/q (840030027),Core PCE only release (event 840010001); headline/core CPI absent.
1644510600,2022.02.10 16:30:00,2022,CANDIDATE_TRADE,SHORT,0.6,0.3,+0.3,0.6,0.4,+0.2,-1.00,-12.4,1,STOP,CPI y/y (840030007); Core CPI y/y (840030008); CPI n.s.a. (840030009); Core CPI (840030010); Real Earnings m/m (840030030); CPI n.s.a. m/m (840030033); Core CPI n.s.a. m/m (840030034); CPI (840030035); Core CPI n.s.a. (840030036); Initial Jobless Claims (840140001); Continuing Jobless Claims (840140002); Initial Jobless Claims 4-Week Average (840140003),Concordant surprise (SHORT) -> Trade executed.
1645806600,2022.02.25 16:30:00,2022,PCE_ONLY,,,,,,,,,,,,Core PCE Price Index m/m (840010001); Core PCE Price Index y/y (840010002); PCE Price Index m/m (840010003); PCE Price Index y/y (840010004); Personal Spending m/m (840010005); Personal Income m/m (840010006); Real PCE m/m (840010014); Durable Goods Orders m/m (840020013); Core Durable Goods Orders m/m (840020014); Durable Goods Orders excl. Defense m/m (840020017); Nondefense Capital Goods Orders excl. Aircraft m/m (840020018),Core PCE only release (event 840010001); headline/core CPI absent.
1646929800,2022.03.10 16:30:00,2022,MIXED_ZERO,,0.8,0.2,+0.6,0.5,0.5,+0.0,,,,,CPI y/y (840030007); Core CPI y/y (840030008); CPI n.s.a. (840030009); Core CPI (840030010); Real Earnings m/m (840030030); CPI n.s.a. m/m (840030033); Core CPI n.s.a. m/m (840030034); CPI (840030035); Core CPI n.s.a. (840030036); Initial Jobless Claims (840140001); Continuing Jobless Claims (840140002); Initial Jobless Claims 4-Week Average (840140003); ECB Monetary Policy Press Conference (999010003),Discordant or zero surprise between headline and core CPI -> NO TRADE.
1648740600,2022.03.31 15:30:00,2022,PCE_ONLY,,,,,,,,,,,,Core PCE Price Index m/m (840010001); Core PCE Price Index y/y (840010002); PCE Price Index m/m (840010003); PCE Price Index y/y (840010004); Personal Spending m/m (840010005); Personal Income m/m (840010006); Real PCE m/m (840010014); Initial Jobless Claims (840140001); Continuing Jobless Claims (840140002); Initial Jobless Claims 4-Week Average (840140003); GDP m/m (124010021); GDP y/y (124010035),Core PCE only release (event 840010001); headline/core CPI absent.
1649777400,2022.04.12 15:30:00,2022,MIXED_ZERO,,1.2,0.7,+0.5,0.3,0.5,-0.2,,,,,CPI y/y (840030007); Core CPI y/y (840030008); CPI n.s.a. (840030009); Core CPI (840030010); Real Earnings m/m (840030030); CPI n.s.a. m/m (840030033); Core CPI n.s.a. m/m (840030034); CPI (840030035); Core CPI n.s.a. (840030036),Discordant or zero surprise between headline and core CPI -> NO TRADE.
1651246200,2022.04.29 15:30:00,2022,PCE_ONLY,,,,,,,,,,,,Core PCE Price Index m/m (840010001); Core PCE Price Index y/y (840010002); PCE Price Index m/m (840010003); PCE Price Index y/y (840010004); Personal Spending m/m (840010005); Personal Income m/m (840010006); Real PCE m/m (840010014); Employment Cost Index q/q (840030025); Employment Benefits q/q (840030026); Employment Wages q/q (840030027); GDP m/m (124010021); GDP y/y (124010035),Core PCE only release (event 840010001); headline/core CPI absent.
1652283000,2022.05.11 15:30:00,2022,MIXED_ZERO,,0.3,1.3,-1.0,0.6,0.5,+0.1,,,,,CPI y/y (840030007); Core CPI y/y (840030008); CPI n.s.a. (840030009); Core CPI (840030010); Real Earnings m/m (840030030); CPI n.s.a. m/m (840030033); Core CPI n.s.a. m/m (840030034); CPI (840030035); Core CPI n.s.a. (840030036),Discordant or zero surprise between headline and core CPI -> NO TRADE.
1653665400,2022.05.27 15:30:00,2022,PCE_ONLY,,,,,,,,,,,,Core PCE Price Index m/m (840010001); Core PCE Price Index y/y (840010002); PCE Price Index m/m (840010003); PCE Price Index y/y (840010004); Personal Spending m/m (840010005); Personal Income m/m (840010006); Real PCE m/m (840010014); Goods Trade Balance (840020019),Core PCE only release (event 840010001); headline/core CPI absent.
1654875000,2022.06.10 15:30:00,2022,CANDIDATE_TRADE,SHORT,1.0,0.7,+0.3,0.6,0.5,+0.1,-1.00,-14.6,1,STOP,CPI y/y (840030007); Core CPI y/y (840030008); CPI n.s.a. (840030009); Core CPI (840030010); Real Earnings m/m (840030030); CPI n.s.a. m/m (840030033); Core CPI n.s.a. m/m (840030034); CPI (840030035); Core CPI n.s.a. (840030036); Capacity Utilization Rate (124010002); Employment Change (124010011); Full-Time Employment Change (124010012); Part-Time Employment Change (124010013); Unemployment Rate (124010014); Participation Rate (124010015),Concordant surprise (SHORT) -> Trade executed.
1656603000,2022.06.30 15:30:00,2022,PCE_ONLY,,,,,,,,,,,,Core PCE Price Index m/m (840010001); Core PCE Price Index y/y (840010002); PCE Price Index m/m (840010003); PCE Price Index y/y (840010004); Personal Spending m/m (840010005); Personal Income m/m (840010006); Real PCE m/m (840010014); Initial Jobless Claims (840140001); Continuing Jobless Claims (840140002); Initial Jobless Claims 4-Week Average (840140003); GDP m/m (124010021); GDP y/y (124010035),Core PCE only release (event 840010001); headline/core CPI absent.
1657726200,2022.07.13 15:30:00,2022,CANDIDATE_TRADE,SHORT,1.3,0.8,+0.5,0.7,0.5,+0.2,-1.00,-18.3,1,STOP,CPI y/y (840030007); Core CPI y/y (840030008); CPI n.s.a. (840030009); Core CPI (840030010); Real Earnings m/m (840030030); CPI n.s.a. m/m (840030033); Core CPI n.s.a. m/m (840030034); CPI (840030035); Core CPI n.s.a. (840030036),Concordant surprise (SHORT) -> Trade executed.
1659108600,2022.07.29 15:30:00,2022,PCE_ONLY,,,,,,,,,,,,Core PCE Price Index m/m (840010001); Core PCE Price Index y/y (840010002); PCE Price Index m/m (840010003); PCE Price Index y/y (840010004); Personal Spending m/m (840010005); Personal Income m/m (840010006); Real PCE m/m (840010014); Employment Cost Index q/q (840030025); Employment Benefits q/q (840030026); Employment Wages q/q (840030027); GDP m/m (124010021); GDP y/y (124010035),Core PCE only release (event 840010001); headline/core CPI absent.
1660145400,2022.08.10 15:30:00,2022,CANDIDATE_TRADE,LONG,0.0,0.9,-0.9,0.3,0.6,-0.3,-1.00,-11.6,1,STOP,CPI y/y (840030007); Core CPI y/y (840030008); CPI n.s.a. (840030009); Core CPI (840030010); Real Earnings m/m (840030030); CPI n.s.a. m/m (840030033); Core CPI n.s.a. m/m (840030034); CPI (840030035); Core CPI n.s.a. (840030036),Concordant surprise (LONG) -> Trade executed.
1661527800,2022.08.26 15:30:00,2022,PCE_ONLY,,,,,,,,,,,,Core PCE Price Index m/m (840010001); Core PCE Price Index y/y (840010002); PCE Price Index m/m (840010003); PCE Price Index y/y (840010004); Personal Spending m/m (840010005); Personal Income m/m (840010006); Real PCE m/m (840010014); Goods Trade Balance (840020019),Core PCE only release (event 840010001); headline/core CPI absent.
1663083000,2022.09.13 15:30:00,2022,MIXED_ZERO,,0.1,0.6,-0.5,0.6,0.6,+0.0,,,,,CPI y/y (840030007); Core CPI y/y (840030008); CPI n.s.a. (840030009); Core CPI (840030010); Real Earnings m/m (840030030); CPI n.s.a. m/m (840030033); Core CPI n.s.a. m/m (840030034); CPI (840030035); Core CPI n.s.a. (840030036),Discordant or zero surprise between headline and core CPI -> NO TRADE.
1664551800,2022.09.30 15:30:00,2022,PCE_ONLY,,,,,,,,,,,,Core PCE Price Index m/m (840010001); Core PCE Price Index y/y (840010002); PCE Price Index m/m (840010003); PCE Price Index y/y (840010004); Personal Spending m/m (840010005); Personal Income m/m (840010006); Real PCE m/m (840010014),Core PCE only release (event 840010001); headline/core CPI absent.
1665675000,2022.10.13 15:30:00,2022,MIXED_ZERO,,0.4,0.7,-0.3,0.6,0.6,+0.0,,,,,CPI y/y (840030007); Core CPI y/y (840030008); CPI n.s.a. (840030009); Core CPI (840030010); Real Earnings m/m (840030030); CPI n.s.a. m/m (840030033); Core CPI n.s.a. m/m (840030034); CPI (840030035); Core CPI n.s.a. (840030036); Initial Jobless Claims (840140001); Continuing Jobless Claims (840140002); Initial Jobless Claims 4-Week Average (840140003),Discordant or zero surprise between headline and core CPI -> NO TRADE.
1666971000,2022.10.28 15:30:00,2022,PCE_ONLY,,,,,,,,,,,,Core PCE Price Index m/m (840010001); Core PCE Price Index y/y (840010002); PCE Price Index m/m (840010003); PCE Price Index y/y (840010004); Personal Spending m/m (840010005); Personal Income m/m (840010006); Real PCE m/m (840010014); Employment Cost Index q/q (840030025); Employment Benefits q/q (840030026); Employment Wages q/q (840030027); GDP m/m (124010021); GDP y/y (124010035),Core PCE only release (event 840010001); headline/core CPI absent.
1668097800,2022.11.10 16:30:00,2022,CANDIDATE_TRADE,LONG,0.4,0.6,-0.2,0.3,0.6,-0.3,-1.00,-32.9,3,STOP,CPI y/y (840030007); Core CPI y/y (840030008); CPI n.s.a. (840030009); Core CPI (840030010); Real Earnings m/m (840030030); CPI n.s.a. m/m (840030033); Core CPI n.s.a. m/m (840030034); CPI (840030035); Core CPI n.s.a. (840030036); Initial Jobless Claims (840140001); Continuing Jobless Claims (840140002); Initial Jobless Claims 4-Week Average (840140003),Concordant surprise (LONG) -> Trade executed.
1669912200,2022.12.01 16:30:00,2022,PCE_ONLY,,,,,,,,,,,,Core PCE Price Index m/m (840010001); Core PCE Price Index y/y (840010002); PCE Price Index m/m (840010003); PCE Price Index y/y (840010004); Personal Spending m/m (840010005); Personal Income m/m (840010006); Real PCE m/m (840010014); Initial Jobless Claims (840140001); Continuing Jobless Claims (840140002); Initial Jobless Claims 4-Week Average (840140003); Labor Productivity q/q (124010028),Core PCE only release (event 840010001); headline/core CPI absent.
1670949000,2022.12.13 16:30:00,2022,CANDIDATE_TRADE,LONG,0.1,0.5,-0.4,0.2,0.6,-0.4,-1.00,-22.1,1,STOP,CPI y/y (840030007); Core CPI y/y (840030008); CPI n.s.a. (840030009); Core CPI (840030010); Real Earnings m/m (840030030); CPI n.s.a. m/m (840030033); Core CPI n.s.a. m/m (840030034); CPI (840030035); Core CPI n.s.a. (840030036),Concordant surprise (LONG) -> Trade executed.
1671813000,2022.12.23 16:30:00,2022,PCE_ONLY,,,,,,,,,,,,Core PCE Price Index m/m (840010001); Core PCE Price Index y/y (840010002); PCE Price Index m/m (840010003); PCE Price Index y/y (840010004); Personal Spending m/m (840010005); Personal Income m/m (840010006); Real PCE m/m (840010014); Durable Goods Orders m/m (840020013); Core Durable Goods Orders m/m (840020014); Durable Goods Orders excl. Defense m/m (840020017); Nondefense Capital Goods Orders excl. Aircraft m/m (840020018); GDP m/m (124010021); GDP y/y (124010035),Core PCE only release (event 840010001); headline/core CPI absent.
1673541000,2023.01.12 16:30:00,2023,CANDIDATE_TRADE,LONG,-0.1,0.4,-0.5,0.3,0.5,-0.2,+1.50,+29.5,1,TARGET,CPI y/y (840030007); Core CPI y/y (840030008); CPI n.s.a. (840030009); Core CPI (840030010); Real Earnings m/m (840030030); CPI n.s.a. m/m (840030033); Core CPI n.s.a. m/m (840030034); CPI (840030035); Core CPI n.s.a. (840030036); Initial Jobless Claims (840140001); Continuing Jobless Claims (840140002); Initial Jobless Claims 4-Week Average (840140003),Concordant surprise (LONG) -> Trade executed.
1674837000,2023.01.27 16:30:00,2023,PCE_ONLY,,,,,,,,,,,,Core PCE Price Index m/m (840010001); Core PCE Price Index y/y (840010002); PCE Price Index m/m (840010003); PCE Price Index y/y (840010004); Personal Spending m/m (840010005); Personal Income m/m (840010006); Real PCE m/m (840010014),Core PCE only release (event 840010001); headline/core CPI absent.
1676392200,2023.02.14 16:30:00,2023,MIXED_ZERO,,0.5,0.3,+0.2,0.4,0.5,-0.1,,,,,CPI y/y (840030007); Core CPI y/y (840030008); CPI n.s.a. (840030009); Core CPI (840030010); Real Earnings m/m (840030030); CPI n.s.a. m/m (840030033); Core CPI n.s.a. m/m (840030034); CPI (840030035); Core CPI n.s.a. (840030036),Discordant or zero surprise between headline and core CPI -> NO TRADE.
1677256200,2023.02.24 16:30:00,2023,PCE_ONLY,,,,,,,,,,,,Core PCE Price Index m/m (840010001); Core PCE Price Index y/y (840010002); PCE Price Index m/m (840010003); PCE Price Index y/y (840010004); Personal Spending m/m (840010005); Personal Income m/m (840010006); Real PCE m/m (840010014),Core PCE only release (event 840010001); headline/core CPI absent.
1678807800,2023.03.14 15:30:00,2023,MIXED_ZERO,,0.4,0.2,+0.2,0.5,0.5,+0.0,,,,,CPI y/y (840030007); Core CPI y/y (840030008); CPI n.s.a. (840030009); Core CPI (840030010); Real Earnings m/m (840030030); CPI n.s.a. m/m (840030033); Core CPI n.s.a. m/m (840030034); CPI (840030035); Core CPI n.s.a. (840030036); Manufacturing Sales m/m (124010029),Discordant or zero surprise between headline and core CPI -> NO TRADE.
1680276600,2023.03.31 15:30:00,2023,PCE_ONLY,,,,,,,,,,,,Core PCE Price Index m/m (840010001); Core PCE Price Index y/y (840010002); PCE Price Index m/m (840010003); PCE Price Index y/y (840010004); Personal Spending m/m (840010005); Personal Income m/m (840010006); Real PCE m/m (840010014); GDP m/m (124010021); GDP y/y (124010035),Core PCE only release (event 840010001); headline/core CPI absent.
1681313400,2023.04.12 15:30:00,2023,CANDIDATE_TRADE,LONG,0.1,0.2,-0.1,0.4,0.5,-0.1,+1.50,+15.5,1,TARGET,CPI y/y (840030007); Core CPI y/y (840030008); CPI n.s.a. (840030009); Core CPI (840030010); Real Earnings m/m (840030030); CPI n.s.a. m/m (840030033); Core CPI n.s.a. m/m (840030034); CPI (840030035); Core CPI n.s.a. (840030036); ECB Vice President de Guindos Speech (999010014),Concordant surprise (LONG) -> Trade executed.
1682695800,2023.04.28 15:30:00,2023,PCE_ONLY,,,,,,,,,,,,Core PCE Price Index m/m (840010001); Core PCE Price Index y/y (840010002); PCE Price Index m/m (840010003); PCE Price Index y/y (840010004); Personal Spending m/m (840010005); Personal Income m/m (840010006); Real PCE m/m (840010014); Employment Cost Index q/q (840030025); Employment Benefits q/q (840030026); Employment Wages q/q (840030027); Bbk Executive Board Member Wuermeling Speech (276050005); GDP m/m (124010021); GDP y/y (124010035),Core PCE only release (event 840010001); headline/core CPI absent.
1683732600,2023.05.10 15:30:00,2023,MIXED_ZERO,,0.4,0.2,+0.2,0.4,0.5,-0.1,,,,,CPI y/y (840030007); Core CPI y/y (840030008); CPI n.s.a. (840030009); Core CPI (840030010); Real Earnings m/m (840030030); CPI n.s.a. m/m (840030033); Core CPI n.s.a. m/m (840030034); CPI (840030035); Core CPI n.s.a. (840030036); Building Permits m/m (124010001),Discordant or zero surprise between headline and core CPI -> NO TRADE.
1685115000,2023.05.26 15:30:00,2023,PCE_ONLY,,,,,,,,,,,,Core PCE Price Index m/m (840010001); Core PCE Price Index y/y (840010002); PCE Price Index m/m (840010003); PCE Price Index y/y (840010004); Personal Spending m/m (840010005); Personal Income m/m (840010006); Real PCE m/m (840010014); Durable Goods Orders m/m (840020013); Core Durable Goods Orders m/m (840020014); Durable Goods Orders excl. Defense m/m (840020017); Nondefense Capital Goods Orders excl. Aircraft m/m (840020018); Goods Trade Balance (840020019),Core PCE only release (event 840010001); headline/core CPI absent.
1686670200,2023.06.13 15:30:00,2023,MIXED_ZERO,,0.1,0.2,-0.1,0.4,0.4,+0.0,,,,,CPI y/y (840030007); Core CPI y/y (840030008); CPI n.s.a. (840030009); Core CPI (840030010); Real Earnings m/m (840030030); CPI n.s.a. m/m (840030033); Core CPI n.s.a. m/m (840030034); CPI (840030035); Core CPI n.s.a. (840030036),Discordant or zero surprise between headline and core CPI -> NO TRADE.
1688139000,2023.06.30 15:30:00,2023,PCE_ONLY,,,,,,,,,,,,Core PCE Price Index m/m (840010001); Core PCE Price Index y/y (840010002); PCE Price Index m/m (840010003); PCE Price Index y/y (840010004); Personal Spending m/m (840010005); Personal Income m/m (840010006); Real PCE m/m (840010014); GDP m/m (124010021); GDP y/y (124010035),Core PCE only release (event 840010001); headline/core CPI absent.
1689175800,2023.07.12 15:30:00,2023,MIXED_ZERO,,0.2,0.2,+0.0,0.2,0.4,-0.2,,,,,CPI y/y (840030007); Core CPI y/y (840030008); CPI n.s.a. (840030009); Core CPI (840030010); Real Earnings m/m (840030030); CPI n.s.a. m/m (840030033); Core CPI n.s.a. m/m (840030034); CPI (840030035); Core CPI n.s.a. (840030036),Discordant or zero surprise between headline and core CPI -> NO TRADE.
1690558200,2023.07.28 15:30:00,2023,PCE_ONLY,,,,,,,,,,,,Core PCE Price Index m/m (840010001); Core PCE Price Index y/y (840010002); PCE Price Index m/m (840010003); PCE Price Index y/y (840010004); Personal Spending m/m (840010005); Personal Income m/m (840010006); Real PCE m/m (840010014); Employment Cost Index q/q (840030025); Employment Benefits q/q (840030026); Employment Wages q/q (840030027); GDP m/m (124010021); GDP y/y (124010035),Core PCE only release (event 840010001); headline/core CPI absent.
1691681400,2023.08.10 15:30:00,2023,MIXED_ZERO,,0.2,0.2,+0.0,0.2,0.4,-0.2,,,,,CPI y/y (840030007); Core CPI y/y (840030008); CPI n.s.a. (840030009); Core CPI (840030010); Real Earnings m/m (840030030); CPI n.s.a. m/m (840030033); Core CPI n.s.a. m/m (840030034); CPI (840030035); Core CPI n.s.a. (840030036); Initial Jobless Claims (840140001); Continuing Jobless Claims (840140002); Initial Jobless Claims 4-Week Average (840140003),Discordant or zero surprise between headline and core CPI -> NO TRADE.
1693495800,2023.08.31 15:30:00,2023,PCE_ONLY,,,,,,,,,,,,Core PCE Price Index m/m (840010001); Core PCE Price Index y/y (840010002); PCE Price Index m/m (840010003); PCE Price Index y/y (840010004); Personal Spending m/m (840010005); Personal Income m/m (840010006); Real PCE m/m (840010014); Initial Jobless Claims (840140001); Continuing Jobless Claims (840140002); Initial Jobless Claims 4-Week Average (840140003); Current Account (124010010),Core PCE only release (event 840010001); headline/core CPI absent.
1694619000,2023.09.13 15:30:00,2023,MIXED_ZERO,,0.6,0.2,+0.4,0.3,0.4,-0.1,,,,,CPI y/y (840030007); Core CPI y/y (840030008); CPI n.s.a. (840030009); Core CPI (840030010); Real Earnings m/m (840030030); CPI n.s.a. m/m (840030033); Core CPI n.s.a. m/m (840030034); CPI (840030035); Core CPI n.s.a. (840030036),Discordant or zero surprise between headline and core CPI -> NO TRADE.
1696001400,2023.09.29 15:30:00,2023,PCE_ONLY,,,,,,,,,,,,Core PCE Price Index m/m (840010001); Core PCE Price Index y/y (840010002); PCE Price Index m/m (840010003); PCE Price Index y/y (840010004); Personal Spending m/m (840010005); Personal Income m/m (840010006); Real PCE m/m (840010014); Goods Trade Balance (840020019); GDP m/m (124010021); GDP y/y (124010035),Core PCE only release (event 840010001); headline/core CPI absent.
1697124600,2023.10.12 15:30:00,2023,MIXED_ZERO,,0.4,0.2,+0.2,0.3,0.4,-0.1,,,,,CPI y/y (840030007); Core CPI y/y (840030008); CPI n.s.a. (840030009); Core CPI (840030010); Real Earnings m/m (840030030); CPI n.s.a. m/m (840030033); Core CPI n.s.a. m/m (840030034); CPI (840030035); Core CPI n.s.a. (840030036); Initial Jobless Claims (840140001); Continuing Jobless Claims (840140002); Initial Jobless Claims 4-Week Average (840140003); Current Account n.s.a. (276010024),Discordant or zero surprise between headline and core CPI -> NO TRADE.
1698420600,2023.10.27 15:30:00,2023,PCE_ONLY,,,,,,,,,,,,Core PCE Price Index m/m (840010001); Core PCE Price Index y/y (840010002); PCE Price Index m/m (840010003); PCE Price Index y/y (840010004); Personal Spending m/m (840010005); Personal Income m/m (840010006); Real PCE m/m (840010014),Core PCE only release (event 840010001); headline/core CPI absent.
1699979400,2023.11.14 16:30:00,2023,CANDIDATE_TRADE,LONG,0.0,0.2,-0.2,0.2,0.3,-0.1,+1.50,+21.8,2,TARGET,CPI y/y (840030007); Core CPI y/y (840030008); CPI n.s.a. (840030009); Core CPI (840030010); Real Earnings m/m (840030030); CPI n.s.a. m/m (840030033); Core CPI n.s.a. m/m (840030034); CPI (840030035); Core CPI n.s.a. (840030036),Concordant surprise (LONG) -> Trade executed.
1701361800,2023.11.30 16:30:00,2023,PCE_ONLY,,,,,,,,,,,,Core PCE Price Index m/m (840010001); Core PCE Price Index y/y (840010002); PCE Price Index m/m (840010003); PCE Price Index y/y (840010004); Personal Spending m/m (840010005); Personal Income m/m (840010006); Real PCE m/m (840010014); Initial Jobless Claims (840140001); Continuing Jobless Claims (840140002); Initial Jobless Claims 4-Week Average (840140003); ECB President Lagarde Speech (999010029); GDP m/m (124010021); GDP q/q (124010022); GDP Implicit Price Index q/q (124010023); GDP y/y (124010035); GDP Annualized q/q (124010036),Core PCE only release (event 840010001); headline/core CPI absent.
1702398600,2023.12.12 16:30:00,2023,MIXED_ZERO,,0.1,0.2,-0.1,0.3,0.3,+0.0,,,,,CPI y/y (840030007); Core CPI y/y (840030008); CPI n.s.a. (840030009); Core CPI (840030010); Real Earnings m/m (840030030); CPI n.s.a. m/m (840030033); Core CPI n.s.a. m/m (840030034); CPI (840030035); Core CPI n.s.a. (840030036); ECB Supervisory Board Member McCaul Speech (999010034),Discordant or zero surprise between headline and core CPI -> NO TRADE.
1703262600,2023.12.22 16:30:00,2023,PCE_ONLY,,,,,,,,,,,,Core PCE Price Index m/m (840010001); Core PCE Price Index y/y (840010002); PCE Price Index m/m (840010003); PCE Price Index y/y (840010004); Personal Spending m/m (840010005); Personal Income m/m (840010006); Real PCE m/m (840010014); Durable Goods Orders m/m (840020013); Core Durable Goods Orders m/m (840020014); Durable Goods Orders excl. Defense m/m (840020017); Nondefense Capital Goods Orders excl. Aircraft m/m (840020018); GDP m/m (124010021); GDP y/y (124010035),Core PCE only release (event 840010001); headline/core CPI absent.
1704990600,2024.01.11 16:30:00,2024,MIXED_ZERO,,0.3,0.2,+0.1,0.3,0.3,+0.0,,,,,CPI y/y (840030007); Core CPI y/y (840030008); CPI n.s.a. (840030009); Core CPI (840030010); Real Earnings m/m (840030030); CPI n.s.a. m/m (840030033); Core CPI n.s.a. m/m (840030034); CPI (840030035); Core CPI n.s.a. (840030036); Initial Jobless Claims (840140001); Continuing Jobless Claims (840140002); Initial Jobless Claims 4-Week Average (840140003); Current Account n.s.a. (276010024),Discordant or zero surprise between headline and core CPI -> NO TRADE.
1706283000,2024.01.26 15:30:00,2024,PCE_ONLY,,,,,,,,,,,,Core PCE Price Index m/m (840010001); Core PCE Price Index y/y (840010002); PCE Price Index m/m (840010003); PCE Price Index y/y (840010004); Personal Spending m/m (840010005); Personal Income m/m (840010006); Real PCE m/m (840010014),Core PCE only release (event 840010001); headline/core CPI absent.
1707841800,2024.02.13 16:30:00,2024,MIXED_ZERO,,0.3,0.3,+0.0,0.4,0.2,+0.2,,,,,CPI y/y (840030007); Core CPI y/y (840030008); CPI n.s.a. (840030009); Core CPI (840030010); Real Earnings m/m (840030030); CPI n.s.a. m/m (840030033); Core CPI n.s.a. m/m (840030034); CPI (840030035); Core CPI n.s.a. (840030036); Current Account n.s.a. (276010024),Discordant or zero surprise between headline and core CPI -> NO TRADE.
1709220600,2024.02.29 15:30:00,2024,PCE_ONLY,,,,,,,,,,,,Core PCE Price Index m/m (840010001); Core PCE Price Index y/y (840010002); PCE Price Index m/m (840010003); PCE Price Index y/y (840010004); Personal Spending m/m (840010005); Personal Income m/m (840010006); Real PCE m/m (840010014),Core PCE only release (event 840010001); headline/core CPI absent.
1710257400,2024.03.12 15:30:00,2024,CANDIDATE_TRADE,SHORT,0.4,0.2,+0.2,0.4,0.3,+0.1,-1.00,-8.7,1,STOP,CPI y/y (840030007); Core CPI y/y (840030008); CPI n.s.a. (840030009); Core CPI (840030010); Real Earnings m/m (840030030); CPI n.s.a. m/m (840030033); Core CPI n.s.a. m/m (840030034); CPI (840030035); Core CPI n.s.a. (840030036),Concordant surprise (SHORT) -> Trade executed.
1711726200,2024.03.29 15:30:00,2024,PCE_ONLY,,,,,,,,,,,,Core PCE Price Index m/m (840010001); Core PCE Price Index y/y (840010002); PCE Price Index m/m (840010003); PCE Price Index y/y (840010004); Personal Spending m/m (840010005); Personal Income m/m (840010006); Real PCE m/m (840010014); Goods Trade Balance (840020019),Core PCE only release (event 840010001); headline/core CPI absent.
1712763000,2024.04.10 15:30:00,2024,CANDIDATE_TRADE,SHORT,0.4,0.2,+0.2,0.4,0.3,+0.1,+1.50,+8.3,1,TARGET,CPI y/y (840030007); Core CPI y/y (840030008); CPI n.s.a. (840030009); Core CPI (840030010); Real Earnings m/m (840030030); CPI n.s.a. m/m (840030033); Core CPI n.s.a. m/m (840030034); CPI (840030035); Core CPI n.s.a. (840030036); Building Permits m/m (124010001),Concordant surprise (SHORT) -> Trade executed.
1714145400,2024.04.26 15:30:00,2024,PCE_ONLY,,,,,,,,,,,,Core PCE Price Index m/m (840010001); Core PCE Price Index y/y (840010002); PCE Price Index m/m (840010003); PCE Price Index y/y (840010004); Personal Spending m/m (840010005); Personal Income m/m (840010006); Real PCE m/m (840010014),Core PCE only release (event 840010001); headline/core CPI absent.
1715787000,2024.05.15 15:30:00,2024,SHARED_COLLISION,,0.3,0.2,,0.3,0.3,,,,,,Retail Sales m/m (840020010); Core Retail Sales m/m (840020011); Retail Control m/m (840020012); Retail Sales excl. Autos and Gas m/m (840020021); Retail Sales y/y (840020025); CPI y/y (840030007); Core CPI y/y (840030008); CPI n.s.a. (840030009); Core CPI (840030010); Real Earnings m/m (840030030); CPI n.s.a. m/m (840030033); Core CPI n.s.a. m/m (840030034); CPI (840030035); Core CPI n.s.a. (840030036); NY Fed Empire State Manufacturing Index (840230001); Manufacturing Sales m/m (124010029),Coincident timestamp with US Retail Sales (events 840020010/840020011).
1717169400,2024.05.31 15:30:00,2024,PCE_ONLY,,,,,,,,,,,,Core PCE Price Index m/m (840010001); Core PCE Price Index y/y (840010002); PCE Price Index m/m (840010003); PCE Price Index y/y (840010004); Personal Spending m/m (840010005); Personal Income m/m (840010006); Real PCE m/m (840010014); GDP m/m (124010021); GDP q/q (124010022); GDP Implicit Price Index q/q (124010023); GDP y/y (124010035); GDP Annualized q/q (124010036),Core PCE only release (event 840010001); headline/core CPI absent.
1718206200,2024.06.12 15:30:00,2024,MIXED_ZERO,,0.0,0.2,-0.2,0.2,0.2,+0.0,,,,,CPI y/y (840030007); Core CPI y/y (840030008); CPI n.s.a. (840030009); Core CPI (840030010); Real Earnings m/m (840030030); CPI n.s.a. m/m (840030033); Core CPI n.s.a. m/m (840030034); CPI (840030035); Core CPI n.s.a. (840030036); Current Account n.s.a. (276010024),Discordant or zero surprise between headline and core CPI -> NO TRADE.
1719588600,2024.06.28 15:30:00,2024,PCE_ONLY,,,,,,,,,,,,Core PCE Price Index m/m (840010001); Core PCE Price Index y/y (840010002); PCE Price Index m/m (840010003); PCE Price Index y/y (840010004); Personal Spending m/m (840010005); Personal Income m/m (840010006); Real PCE m/m (840010014); GDP m/m (124010021); GDP y/y (124010035),Core PCE only release (event 840010001); headline/core CPI absent.
1720711800,2024.07.11 15:30:00,2024,CANDIDATE_TRADE,LONG,-0.1,0.1,-0.2,0.1,0.2,-0.1,-1.00,-6.1,1,STOP,CPI y/y (840030007); Core CPI y/y (840030008); CPI n.s.a. (840030009); Core CPI (840030010); Real Earnings m/m (840030030); CPI n.s.a. m/m (840030033); Core CPI n.s.a. m/m (840030034); CPI (840030035); Core CPI n.s.a. (840030036); Initial Jobless Claims (840140001); Continuing Jobless Claims (840140002); Initial Jobless Claims 4-Week Average (840140003),Concordant surprise (LONG) -> Trade executed.
1722007800,2024.07.26 15:30:00,2024,PCE_ONLY,,,,,,,,,,,,Core PCE Price Index m/m (840010001); Core PCE Price Index y/y (840010002); PCE Price Index m/m (840010003); PCE Price Index y/y (840010004); Personal Spending m/m (840010005); Personal Income m/m (840010006); Real PCE m/m (840010014),Core PCE only release (event 840010001); headline/core CPI absent.
1723649400,2024.08.14 15:30:00,2024,MIXED_ZERO,,0.2,0.1,+0.1,0.2,0.2,+0.0,,,,,CPI y/y (840030007); Core CPI y/y (840030008); CPI n.s.a. (840030009); Core CPI (840030010); Real Earnings m/m (840030030); CPI n.s.a. m/m (840030033); Core CPI n.s.a. m/m (840030034); CPI (840030035); Core CPI n.s.a. (840030036),Discordant or zero surprise between headline and core CPI -> NO TRADE.
1725031800,2024.08.30 15:30:00,2024,PCE_ONLY,,,,,,,,,,,,Core PCE Price Index m/m (840010001); Core PCE Price Index y/y (840010002); PCE Price Index m/m (840010003); PCE Price Index y/y (840010004); Personal Spending m/m (840010005); Personal Income m/m (840010006); Real PCE m/m (840010014); GDP m/m (124010021); GDP q/q (124010022); GDP Implicit Price Index q/q (124010023); GDP y/y (124010035); GDP Annualized q/q (124010036),Core PCE only release (event 840010001); headline/core CPI absent.
1726068600,2024.09.11 15:30:00,2024,MIXED_ZERO,,0.2,0.3,-0.1,0.3,0.3,+0.0,,,,,CPI y/y (840030007); Core CPI y/y (840030008); CPI n.s.a. (840030009); Core CPI (840030010); Real Earnings m/m (840030030); CPI n.s.a. m/m (840030033); Core CPI n.s.a. m/m (840030034); CPI (840030035); Core CPI n.s.a. (840030036),Discordant or zero surprise between headline and core CPI -> NO TRADE.
1727451000,2024.09.27 15:30:00,2024,PCE_ONLY,,,,,,,,,,,,Core PCE Price Index m/m (840010001); Core PCE Price Index y/y (840010002); PCE Price Index m/m (840010003); PCE Price Index y/y (840010004); Personal Spending m/m (840010005); Personal Income m/m (840010006); Real PCE m/m (840010014); Goods Trade Balance (840020019); GDP m/m (124010021); GDP y/y (124010035),Core PCE only release (event 840010001); headline/core CPI absent.
1728574200,2024.10.10 15:30:00,2024,MIXED_ZERO,,0.2,0.1,+0.1,0.3,0.4,-0.1,,,,,CPI y/y (840030007); Core CPI y/y (840030008); CPI n.s.a. (840030009); Core CPI (840030010); Real Earnings m/m (840030030); CPI n.s.a. m/m (840030033); Core CPI n.s.a. m/m (840030034); CPI (840030035); Core CPI n.s.a. (840030036); Initial Jobless Claims (840140001); Continuing Jobless Claims (840140002); Initial Jobless Claims 4-Week Average (840140003),Discordant or zero surprise between headline and core CPI -> NO TRADE.
1730388600,2024.10.31 15:30:00,2024,PCE_ONLY,,,,,,,,,,,,Core PCE Price Index m/m (840010001); Core PCE Price Index y/y (840010002); PCE Price Index m/m (840010003); PCE Price Index y/y (840010004); Personal Spending m/m (840010005); Personal Income m/m (840010006); Real PCE m/m (840010014); Employment Cost Index q/q (840030025); Employment Benefits q/q (840030026); Employment Wages q/q (840030027); Initial Jobless Claims (840140001); Continuing Jobless Claims (840140002); Initial Jobless Claims 4-Week Average (840140003); GDP m/m (124010021); GDP y/y (124010035),Core PCE only release (event 840010001); headline/core CPI absent.
1731515400,2024.11.13 16:30:00,2024,MIXED_ZERO,,0.2,0.2,+0.0,0.3,0.4,-0.1,,,,,CPI y/y (840030007); Core CPI y/y (840030008); CPI n.s.a. (840030009); Core CPI (840030010); Real Earnings m/m (840030030); CPI n.s.a. m/m (840030033); Core CPI n.s.a. m/m (840030034); CPI (840030035); Core CPI n.s.a. (840030036),Discordant or zero surprise between headline and core CPI -> NO TRADE.
1732730400,2024.11.27 18:00:00,2024,PCE_ONLY,,,,,,,,,,,,Core PCE Price Index m/m (840010001); Core PCE Price Index y/y (840010002); PCE Price Index m/m (840010003); PCE Price Index y/y (840010004); Personal Spending m/m (840010005); Personal Income m/m (840010006); Real PCE m/m (840010014); Pending Home Sales m/m (840120003); Pending Home Sales y/y (840120004); Pending Home Sales Index (840120005); 4-Week Bill Auction (840220007); 8-Week Bill Auction (840220008),Core PCE only release (event 840010001); headline/core CPI absent.
1733934600,2024.12.11 16:30:00,2024,MIXED_ZERO,,0.3,0.2,+0.1,0.3,0.3,+0.0,,,,,CPI y/y (840030007); Core CPI y/y (840030008); CPI n.s.a. (840030009); Core CPI (840030010); Real Earnings m/m (840030030); CPI n.s.a. m/m (840030033); Core CPI n.s.a. m/m (840030034); CPI (840030035); Core CPI n.s.a. (840030036),Discordant or zero surprise between headline and core CPI -> NO TRADE.
1734712200,2024.12.20 16:30:00,2024,PCE_ONLY,,,,,,,,,,,,Core PCE Price Index m/m (840010001); Core PCE Price Index y/y (840010002); PCE Price Index m/m (840010003); PCE Price Index y/y (840010004); Personal Spending m/m (840010005); Personal Income m/m (840010006); Real PCE m/m (840010014); Retail Sales m/m (124010007); Core Retail Sales m/m (124010008),Core PCE only release (event 840010001); headline/core CPI absent.
1736958600,2025.01.15 16:30:00,2025,MIXED_ZERO,,0.4,0.3,+0.1,0.2,0.3,-0.1,,,,,CPI y/y (840030007); Core CPI y/y (840030008); CPI n.s.a. (840030009); Core CPI (840030010); Real Earnings m/m (840030030); CPI n.s.a. m/m (840030033); Core CPI n.s.a. m/m (840030034); CPI (840030035); Core CPI n.s.a. (840030036); NY Fed Empire State Manufacturing Index (840230001); Manufacturing Sales m/m (124010029); Wholesale Trade m/m (124010031),Discordant or zero surprise between headline and core CPI -> NO TRADE.
1738341000,2025.01.31 16:30:00,2025,PCE_ONLY,,,,,,,,,,,,Core PCE Price Index m/m (840010001); Core PCE Price Index y/y (840010002); PCE Price Index m/m (840010003); PCE Price Index y/y (840010004); Personal Spending m/m (840010005); Personal Income m/m (840010006); Real PCE m/m (840010014); Employment Cost Index q/q (840030025); Employment Benefits q/q (840030026); Employment Wages q/q (840030027); Fed Governor Bowman Speech (840050025); GDP m/m (124010021); GDP y/y (124010035),Core PCE only release (event 840010001); headline/core CPI absent.
1739377800,2025.02.12 16:30:00,2025,CANDIDATE_TRADE,SHORT,0.5,0.4,+0.1,0.4,0.2,+0.2,-1.00,-12.4,1,STOP,CPI y/y (840030007); Core CPI y/y (840030008); CPI n.s.a. (840030009); Core CPI (840030010); Real Earnings m/m (840030030); CPI n.s.a. m/m (840030033); Core CPI n.s.a. m/m (840030034); CPI (840030035); Core CPI n.s.a. (840030036); Current Account n.s.a. (276010024),Concordant surprise (SHORT) -> Trade executed.
1740760200,2025.02.28 16:30:00,2025,PCE_ONLY,,,,,,,,,,,,Core PCE Price Index m/m (840010001); Core PCE Price Index y/y (840010002); PCE Price Index m/m (840010003); PCE Price Index y/y (840010004); Personal Spending m/m (840010005); Personal Income m/m (840010006); Real PCE m/m (840010014); Goods Trade Balance (840020019); GDP m/m (124010021); GDP q/q (124010022); GDP Implicit Price Index q/q (124010023); GDP y/y (124010035); GDP Annualized q/q (124010036),Core PCE only release (event 840010001); headline/core CPI absent.
1741793400,2025.03.12 15:30:00,2025,CANDIDATE_TRADE,LONG,0.2,0.6,-0.4,0.2,0.4,-0.2,+1.50,+22.7,1,TARGET,CPI y/y (840030007); Core CPI y/y (840030008); CPI n.s.a. (840030009); Core CPI (840030010); Real Earnings m/m (840030030); CPI n.s.a. m/m (840030033); Core CPI n.s.a. m/m (840030034); CPI (840030035); Core CPI n.s.a. (840030036),Concordant surprise (LONG) -> Trade executed.
1743175800,2025.03.28 15:30:00,2025,PCE_ONLY,,,,,,,,,,,,Core PCE Price Index m/m (840010001); Core PCE Price Index y/y (840010002); PCE Price Index m/m (840010003); PCE Price Index y/y (840010004); Personal Spending m/m (840010005); Personal Income m/m (840010006); Real PCE m/m (840010014); GDP m/m (124010021); GDP y/y (124010035),Core PCE only release (event 840010001); headline/core CPI absent.
1744299000,2025.04.10 15:30:00,2025,CANDIDATE_TRADE,LONG,-0.1,0.4,-0.5,0.1,0.3,-0.2,+1.50,+36.8,1,TARGET,CPI y/y (840030007); Core CPI y/y (840030008); CPI n.s.a. (840030009); Core CPI (840030010); Real Earnings m/m (840030030); CPI n.s.a. m/m (840030033); Core CPI n.s.a. m/m (840030034); CPI (840030035); Core CPI n.s.a. (840030036); Initial Jobless Claims (840140001); Continuing Jobless Claims (840140002); Initial Jobless Claims 4-Week Average (840140003); Building Permits m/m (124010001),Concordant surprise (LONG) -> Trade executed.
1746032400,2025.04.30 17:00:00,2025,PCE_ONLY,,,,,,,,,,,,Core PCE Price Index m/m (840010001); Core PCE Price Index y/y (840010002); PCE Price Index m/m (840010003); PCE Price Index y/y (840010004); Personal Spending m/m (840010005); Personal Income m/m (840010006); Real PCE m/m (840010014); Pending Home Sales m/m (840120003); Pending Home Sales y/y (840120004); Pending Home Sales Index (840120005),Core PCE only release (event 840010001); headline/core CPI absent.
1747150200,2025.05.13 15:30:00,2025,CANDIDATE_TRADE,SHORT,0.2,-0.3,+0.5,0.2,0.1,+0.1,-1.00,-12.5,1,STOP,CPI y/y (840030007); Core CPI y/y (840030008); CPI n.s.a. (840030009); Core CPI (840030010); Real Earnings m/m (840030030); CPI n.s.a. m/m (840030033); Core CPI n.s.a. m/m (840030034); CPI (840030035); Core CPI n.s.a. (840030036); Current Account n.s.a. (276010024),Concordant surprise (SHORT) -> Trade executed.
1748619000,2025.05.30 15:30:00,2025,PCE_ONLY,,,,,,,,,,,,Core PCE Price Index m/m (840010001); Core PCE Price Index y/y (840010002); PCE Price Index m/m (840010003); PCE Price Index y/y (840010004); Personal Spending m/m (840010005); Personal Income m/m (840010006); Real PCE m/m (840010014); Goods Trade Balance (840020019); GDP m/m (124010021); GDP q/q (124010022); GDP Implicit Price Index q/q (124010023); GDP y/y (124010035); GDP Annualized q/q (124010036),Core PCE only release (event 840010001); headline/core CPI absent.
1749655800,2025.06.11 15:30:00,2025,MIXED_ZERO,,0.1,0.6,-0.5,0.1,0.1,+0.0,,,,,CPI y/y (840030007); Core CPI y/y (840030008); CPI n.s.a. (840030009); Core CPI (840030010); Real Earnings m/m (840030030); CPI n.s.a. m/m (840030033); Core CPI n.s.a. m/m (840030034); CPI (840030035); Core CPI n.s.a. (840030036); Building Permits m/m (124010001),Discordant or zero surprise between headline and core CPI -> NO TRADE.
1751038200,2025.06.27 15:30:00,2025,PCE_ONLY,,,,,,,,,,,,Core PCE Price Index m/m (840010001); Core PCE Price Index y/y (840010002); PCE Price Index m/m (840010003); PCE Price Index y/y (840010004); Personal Spending m/m (840010005); Personal Income m/m (840010006); Real PCE m/m (840010014); GDP m/m (124010021); GDP y/y (124010035),Core PCE only release (event 840010001); headline/core CPI absent.
1752593400,2025.07.15 15:30:00,2025,MIXED_ZERO,,0.3,-0.3,+0.6,0.2,0.2,+0.0,,,,,CPI y/y (840030007); Core CPI y/y (840030008); CPI n.s.a. (840030009); Core CPI (840030010); Real Earnings m/m (840030030); CPI n.s.a. m/m (840030033); Core CPI n.s.a. m/m (840030034); CPI (840030035); Core CPI n.s.a. (840030036); NY Fed Empire State Manufacturing Index (840230001); CPI m/m (124010003); CPI y/y (124010004); Core CPI m/m (124010005); Core CPI y/y (124010006); Manufacturing Sales m/m (124010029); Common CPI y/y (124010032); Median CPI y/y (124010033); Trimmed CPI y/y (124010034),Discordant or zero surprise between headline and core CPI -> NO TRADE.
1753975800,2025.07.31 15:30:00,2025,PCE_ONLY,,,,,,,,,,,,Core PCE Price Index m/m (840010001); Core PCE Price Index y/y (840010002); PCE Price Index m/m (840010003); PCE Price Index y/y (840010004); Personal Spending m/m (840010005); Personal Income m/m (840010006); Real PCE m/m (840010014); Employment Cost Index q/q (840030025); Employment Benefits q/q (840030026); Employment Wages q/q (840030027); Initial Jobless Claims (840140001); Continuing Jobless Claims (840140002); Initial Jobless Claims 4-Week Average (840140003); GDP m/m (124010021); GDP y/y (124010035),Core PCE only release (event 840010001); headline/core CPI absent.
1755012600,2025.08.12 15:30:00,2025,MIXED_ZERO,,0.2,0.6,-0.4,0.3,0.3,+0.0,,,,,CPI y/y (840030007); Core CPI y/y (840030008); CPI n.s.a. (840030009); Core CPI (840030010); Real Earnings m/m (840030030); CPI n.s.a. m/m (840030033); Core CPI n.s.a. m/m (840030034); CPI (840030035); Core CPI n.s.a. (840030036); Current Account n.s.a. (276010024); Building Permits m/m (124010001),Discordant or zero surprise between headline and core CPI -> NO TRADE.
1756481400,2025.08.29 15:30:00,2025,PCE_ONLY,,,,,,,,,,,,Core PCE Price Index m/m (840010001); Core PCE Price Index y/y (840010002); PCE Price Index m/m (840010003); PCE Price Index y/y (840010004); Personal Spending m/m (840010005); Personal Income m/m (840010006); Real PCE m/m (840010014); Goods Trade Balance (840020019); GDP m/m (124010021); GDP q/q (124010022); GDP Implicit Price Index q/q (124010023); GDP y/y (124010035); GDP Annualized q/q (124010036),Core PCE only release (event 840010001); headline/core CPI absent.
1757604600,2025.09.11 15:30:00,2025,MIXED_ZERO,,0.4,0.2,+0.2,0.3,0.3,+0.0,,,,,CPI y/y (840030007); Core CPI y/y (840030008); CPI n.s.a. (840030009); Core CPI (840030010); Real Earnings m/m (840030030); CPI n.s.a. m/m (840030033); Core CPI n.s.a. m/m (840030034); CPI (840030035); Core CPI n.s.a. (840030036); Initial Jobless Claims (840140001); Continuing Jobless Claims (840140002); Initial Jobless Claims 4-Week Average (840140003); Current Account n.s.a. (276010024),Discordant or zero surprise between headline and core CPI -> NO TRADE.
1758900600,2025.09.26 15:30:00,2025,PCE_ONLY,,,,,,,,,,,,Core PCE Price Index m/m (840010001); Core PCE Price Index y/y (840010002); PCE Price Index m/m (840010003); PCE Price Index y/y (840010004); Personal Spending m/m (840010005); Personal Income m/m (840010006); Real PCE m/m (840010014); GDP m/m (124010021); GDP y/y (124010035),Core PCE only release (event 840010001); headline/core CPI absent.
1761319800,2025.10.24 15:30:00,2025,MISSING_AF,,0.3,,,0.2,,,,,,,CPI y/y (840030007); Core CPI y/y (840030008); CPI n.s.a. (840030009); Core CPI (840030010); CPI n.s.a. m/m (840030033); Core CPI n.s.a. m/m (840030034); CPI (840030035); Core CPI n.s.a. (840030036); New Housing Price Index m/m (124010030),Missing numeric actual or forecast value on headline or core CPI.
1764957600,2025.12.05 18:00:00,2025,PCE_ONLY,,,,,,,,,,,,Core PCE Price Index m/m (840010001); Core PCE Price Index y/y (840010002); PCE Price Index m/m (840010003); PCE Price Index y/y (840010004); Personal Spending m/m (840010005); Personal Income m/m (840010006),Core PCE only release (event 840010001); headline/core CPI absent.
1768321800,2026.01.13 16:30:00,2026,MISSING_AF,,0.3,,,0.2,,,,,,,CPI y/y (840030007); Core CPI y/y (840030008); CPI n.s.a. (840030009); Core CPI (840030010); Real Earnings m/m (840030030); CPI n.s.a. m/m (840030033); Core CPI n.s.a. m/m (840030034); CPI (840030035); Core CPI n.s.a. (840030036); Building Permits m/m (124010001),Missing numeric actual or forecast value on headline or core CPI.
1769104800,2026.01.22 18:00:00,2026,PCE_ONLY,,,,,,,,,,,,Core PCE Price Index m/m (840010001); Core PCE Price Index y/y (840010002); PCE Price Index m/m (840010003); PCE Price Index y/y (840010004); Personal Spending m/m (840010005); Personal Income m/m (840010006); Real PCE m/m (840010014); Dallas Fed Trimmed Mean PCE Inflation Rate (840060005),Core PCE only release (event 840010001); headline/core CPI absent.
1771000200,2026.02.13 16:30:00,2026,MIXED_ZERO,,0.2,0.2,+0.0,0.3,0.1,+0.2,,,,,CPI y/y (840030007); Core CPI y/y (840030008); CPI n.s.a. (840030009); Core CPI (840030010); Real Earnings m/m (840030030); CPI n.s.a. m/m (840030033); Core CPI n.s.a. m/m (840030034); CPI (840030035); Core CPI n.s.a. (840030036),Discordant or zero surprise between headline and core CPI -> NO TRADE.
1771605000,2026.02.20 16:30:00,2026,PCE_ONLY,,,,,,,,,,,,Core PCE Price Index m/m (840010001); Core PCE Price Index y/y (840010002); PCE Price Index m/m (840010003); PCE Price Index y/y (840010004); Personal Spending m/m (840010005); Personal Income m/m (840010006); Real PCE m/m (840010014); Retail Sales m/m (124010007); Core Retail Sales m/m (124010008); IPPI m/m (124010024); IPPI y/y (124010025); RMPI m/m (124010026); RMPI y/y (124010027),Core PCE only release (event 840010001); headline/core CPI absent.
1773243000,2026.03.11 15:30:00,2026,MIXED_ZERO,,0.3,0.3,+0.0,0.2,0.2,+0.0,,,,,CPI y/y (840030007); Core CPI y/y (840030008); CPI n.s.a. (840030009); Core CPI (840030010); Real Earnings m/m (840030030); CPI n.s.a. m/m (840030033); Core CPI n.s.a. m/m (840030034); CPI (840030035); Core CPI n.s.a. (840030036); Fed Governor Bowman Speech (840050025); Bbk Executive Board Member Mauderer Speech (276050007),Discordant or zero surprise between headline and core CPI -> NO TRADE.
1773415800,2026.03.13 15:30:00,2026,PCE_ONLY,,,,,,,,,,,,Core PCE Price Index m/m (840010001); Core PCE Price Index y/y (840010002); PCE Price Index m/m (840010003); PCE Price Index y/y (840010004); Personal Spending m/m (840010005); Personal Income m/m (840010006); Real PCE m/m (840010014); Durable Goods Orders m/m (840020013); Core Durable Goods Orders m/m (840020014); Durable Goods Orders excl. Defense m/m (840020017); Nondefense Capital Goods Orders excl. Aircraft m/m (840020018); Capacity Utilization Rate (124010002); Employment Change (124010011); Full-Time Employment Change (124010012); Part-Time Employment Change (124010013); Unemployment Rate (124010014); Participation Rate (124010015); Manufacturing Sales m/m (124010029),Core PCE only release (event 840010001); headline/core CPI absent.
1775748600,2026.04.09 15:30:00,2026,PCE_ONLY,,,,,,,,,,,,Core PCE Price Index m/m (840010001); Core PCE Price Index y/y (840010002); PCE Price Index m/m (840010003); PCE Price Index y/y (840010004); Personal Spending m/m (840010005); Personal Income m/m (840010006); Real PCE m/m (840010014); Initial Jobless Claims (840140001); Continuing Jobless Claims (840140002); Initial Jobless Claims 4-Week Average (840140003),Core PCE only release (event 840010001); headline/core CPI absent.
1775835000,2026.04.10 15:30:00,2026,MIXED_ZERO,,0.9,0.3,+0.6,0.2,0.2,+0.0,,,,,CPI y/y (840030007); Core CPI y/y (840030008); CPI n.s.a. (840030009); Core CPI (840030010); Real Earnings m/m (840030030); CPI n.s.a. m/m (840030033); Core CPI n.s.a. m/m (840030034); CPI (840030035); Core CPI n.s.a. (840030036); Current Account n.s.a. (276010024); Employment Change (124010011); Full-Time Employment Change (124010012); Part-Time Employment Change (124010013); Unemployment Rate (124010014); Participation Rate (124010015),Discordant or zero surprise between headline and core CPI -> NO TRADE.
1777563000,2026.04.30 15:30:00,2026,PCE_ONLY,,,,,,,,,,,,Core PCE Price Index m/m (840010001); Core PCE Price Index y/y (840010002); PCE Price Index m/m (840010003); PCE Price Index y/y (840010004); Personal Spending m/m (840010005); Personal Income m/m (840010006); Real PCE m/m (840010014); Employment Cost Index q/q (840030025); Employment Benefits q/q (840030026); Employment Wages q/q (840030027); Initial Jobless Claims (840140001); Continuing Jobless Claims (840140002); Initial Jobless Claims 4-Week Average (840140003); GDP m/m (124010021); GDP y/y (124010035),Core PCE only release (event 840010001); headline/core CPI absent.
1778599800,2026.05.12 15:30:00,2026,MIXED_ZERO,,0.6,0.7,-0.1,0.4,0.1,+0.3,,,,,CPI y/y (840030007); Core CPI y/y (840030008); CPI n.s.a. (840030009); Core CPI (840030010); Real Earnings m/m (840030030); CPI n.s.a. m/m (840030033); Core CPI n.s.a. m/m (840030034); CPI (840030035); Core CPI n.s.a. (840030036),Discordant or zero surprise between headline and core CPI -> NO TRADE.
1779982200,2026.05.28 15:30:00,2026,PCE_ONLY,,,,,,,,,,,,Core PCE Price Index m/m (840010001); Core PCE Price Index y/y (840010002); PCE Price Index m/m (840010003); PCE Price Index y/y (840010004); Personal Spending m/m (840010005); Personal Income m/m (840010006); Real PCE m/m (840010014); Durable Goods Orders m/m (840020013); Core Durable Goods Orders m/m (840020014); Durable Goods Orders excl. Defense m/m (840020017); Nondefense Capital Goods Orders excl. Aircraft m/m (840020018); Initial Jobless Claims (840140001); Continuing Jobless Claims (840140002); Initial Jobless Claims 4-Week Average (840140003); Current Account (124010010),Core PCE only release (event 840010001); headline/core CPI absent.
1781105400,2026.06.10 15:30:00,2026,MIXED_ZERO,,0.5,0.5,+0.0,0.2,0.2,+0.0,,,,,CPI y/y (840030007); Core CPI y/y (840030008); CPI n.s.a. (840030009); Core CPI (840030010); Real Earnings m/m (840030030); CPI n.s.a. m/m (840030033); Core CPI n.s.a. m/m (840030034); CPI (840030035); Core CPI n.s.a. (840030036),Discordant or zero surprise between headline and core CPI -> NO TRADE.
1782401400,2026.06.25 15:30:00,2026,PCE_ONLY,,,,,,,,,,,,Core PCE Price Index m/m (840010001); Core PCE Price Index y/y (840010002); PCE Price Index m/m (840010003); PCE Price Index y/y (840010004); Personal Spending m/m (840010005); Personal Income m/m (840010006); Real PCE m/m (840010014); Durable Goods Orders m/m (840020013); Core Durable Goods Orders m/m (840020014); Durable Goods Orders excl. Defense m/m (840020017); Nondefense Capital Goods Orders excl. Aircraft m/m (840020018); Chicago Fed National Activity Index (840080001); Initial Jobless Claims (840140001); Continuing Jobless Claims (840140002); Initial Jobless Claims 4-Week Average (840140003),Core PCE only release (event 840010001); headline/core CPI absent.
1784043000,2026.07.14 15:30:00,2026,CANDIDATE_TRADE,LONG,-0.4,0.5,-0.9,0.0,0.2,-0.2,+1.50,+13.7,2,TARGET,CPI y/y (840030007); Core CPI y/y (840030008); CPI n.s.a. (840030009); Core CPI (840030010); Real Earnings m/m (840030030); CPI n.s.a. m/m (840030033); Core CPI n.s.a. m/m (840030034); CPI (840030035); Core CPI n.s.a. (840030036),Concordant surprise (LONG) -> Trade executed.
1785425400,2026.07.30 15:30:00,2026,PCE_ONLY,,,,,,,,,,,,Core PCE Price Index m/m (840010001); Core PCE Price Index y/y (840010002); PCE Price Index m/m (840010003); PCE Price Index y/y (840010004); Personal Spending m/m (840010005); Personal Income m/m (840010006); Real PCE m/m (840010014); Initial Jobless Claims (840140001); Continuing Jobless Claims (840140002); Initial Jobless Claims 4-Week Average (840140003),Core PCE only release (event 840010001); headline/core CPI absent.
1786548600,2026.08.12 15:30:00,2026,MIXED_ZERO,,0.1,0.2,-0.1,0.2,0.2,+0.0,,,,,CPI y/y (840030007); Core CPI y/y (840030008); CPI n.s.a. (840030009); Core CPI (840030010); Real Earnings m/m (840030030); CPI n.s.a. m/m (840030033); Core CPI n.s.a. m/m (840030034); CPI (840030035); Core CPI n.s.a. (840030036); Current Account n.s.a. (276010024); Building Permits m/m (124010001),Discordant or zero surprise between headline and core CPI -> NO TRADE.
1787758200,2026.08.26 15:30:00,2026,PCE_ONLY,,,,,,,,,,,,Core PCE Price Index m/m (840010001); Core PCE Price Index y/y (840010002); PCE Price Index m/m (840010003); PCE Price Index y/y (840010004); Personal Spending m/m (840010005); Personal Income m/m (840010006); Real PCE m/m (840010014); Durable Goods Orders m/m (840020013); Core Durable Goods Orders m/m (840020014); Durable Goods Orders excl. Defense m/m (840020017); Nondefense Capital Goods Orders excl. Aircraft m/m (840020018),Core PCE only release (event 840010001); headline/core CPI absent.
1789140600,2026.09.11 15:30:00,2026,CANDIDATE_TRADE,SHORT,0.4,0.0,+0.4,0.3,0.2,+0.1,-1.00,-6.9,1,STOP,CPI y/y (840030007); Core CPI y/y (840030008); CPI n.s.a. (840030009); Core CPI (840030010); Real Earnings m/m (840030030); CPI n.s.a. m/m (840030033); Core CPI n.s.a. m/m (840030034); CPI (840030035); Core CPI n.s.a. (840030036); Current Account n.s.a. (276010024),Concordant surprise (SHORT) -> Trade executed.
